language;allowance_id;theme;group_by;financing_category;financing_id;financing_label;financing_year;financing_type;budget_or_final;donor_type;allowance_label
fr;10;allowances;alphabetical;Financement des campagnes;1;22.10.2023 Élections au Conseil national 2023;2023;campaign_financing;Montants budgétés;personne physique;Donateur/trice: Hug Piero, Acteur/trice: Les VERT-E-S suisses, Berne
fr;1039;allowances;alphabetical;Financement des campagnes;8;09.06.2024 Loi fédérale du 29 septembre 2023 relative à un approvisionnement en électricité sûr reposant sur des énergies renouvelables (modification de la loi sur l’énergie et de la loi sur l’approvisionnement en électricité);;campaign_financing;Montants budgétés;personne physique;Donateur/trice: Schwander Achim, Acteur/trice: Sozialdemokratische Partei der Schweiz, Bern
fr;1042;allowances;alphabetical;Financement des campagnes;5;09.06.2024 Maximum 10 % du revenu pour les primes d’assurance-maladie (initiative d’allègement des primes);;campaign_financing;Montants budgétés;personne morale ou société de personnes;Donateur/trice: economiesuisse, Acteur/trice: Allianz 2x Nein zu den Gesundheitsinitiativen, Bern
fr;1045;allowances;alphabetical;Financement des campagnes;5;09.06.2024 Maximum 10 % du revenu pour les primes d’assurance-maladie (initiative d’allègement des primes);;campaign_financing;Montants budgétés;personne morale ou société de personnes;Donateur/trice: Zürcher Handelskammer, Acteur/trice: Allianz 2x Nein zu den Gesundheitsinitiativen, Bern
fr;1046;allowances;alphabetical;Financement des campagnes;5;09.06.2024 Maximum 10 % du revenu pour les primes d’assurance-maladie (initiative d’allègement des primes);;campaign_financing;Montants budgétés;personne morale ou société de personnes;Donateur/trice: KMU- und Gewerbeverband Kanton Zürich, Acteur/trice: Allianz 2x Nein zu den Gesundheitsinitiativen, Bern
fr;105;allowances;alphabetical;Financement des campagnes;1;22.10.2023 Élections au Conseil national 2023;2023;campaign_financing;Montants budgétés;personne morale ou société de personnes;Donateur/trice: Grünliberale Partei Schweiz, Acteur/trice: Grünliberale Kanton Thurgau, Frauenfeld
fr;1050;allowances;alphabetical;Financement des campagnes;5;09.06.2024 Maximum 10 % du revenu pour les primes d’assurance-maladie (initiative d’allègement des primes);;campaign_financing;Montants budgétés;personne morale ou société de personnes;Donateur/trice: Zürcher Handelskammer, Acteur/trice: Allianz 2x Nein zu den Gesundheitsinitiativen, Bern
fr;107;allowances;alphabetical;Financement des campagnes;1;22.10.2023 Élections au Conseil national 2023;2023;campaign_financing;Montants budgétés;personne morale ou société de personnes;Donateur/trice: Supporterclub der FDP.Die Liberalen Kanton Bern, Acteur/trice: FDP.Die Liberalen Kanton Bern, Bern
fr;1074;allowances;alphabetical;Financement des campagnes;8;09.06.2024 Loi fédérale du 29 septembre 2023 relative à un approvisionnement en électricité sûr reposant sur des énergies renouvelables (modification de la loi sur l’énergie et de la loi sur l’approvisionnement en électricité);;campaign_financing;Montants budgétés;personne morale ou société de personnes;Donateur/trice: WWF Schweiz, Acteur/trice: Fondation Suisse de l'Energie, Zurich
fr;1075;allowances;alphabetical;Financement des campagnes;8;09.06.2024 Loi fédérale du 29 septembre 2023 relative à un approvisionnement en électricité sûr reposant sur des énergies renouvelables (modification de la loi sur l’énergie et de la loi sur l’approvisionnement en électricité);;campaign_financing;Montants budgétés;personne morale ou société de personnes;Donateur/trice: Volkart Stiftung, Acteur/trice: Fondation Suisse de l'Energie, Zurich
fr;1076;allowances;alphabetical;Financement des campagnes;8;09.06.2024 Loi fédérale du 29 septembre 2023 relative à un approvisionnement en électricité sûr reposant sur des énergies renouvelables (modification de la loi sur l’énergie et de la loi sur l’approvisionnement en électricité);;campaign_financing;Montants budgétés;personne morale ou société de personnes;Donateur/trice: Clima Now, Acteur/trice: Fondation Suisse de l'Energie, Zurich
fr;1077;allowances;alphabetical;Financement des campagnes;8;09.06.2024 Loi fédérale du 29 septembre 2023 relative à un approvisionnement en électricité sûr reposant sur des énergies renouvelables (modification de la loi sur l’énergie et de la loi sur l’approvisionnement en électricité);;campaign_financing;Montants budgétés;personne morale ou société de personnes;Donateur/trice: Oak Foundation, Acteur/trice: Fondation Suisse de l'Energie, Zurich
fr;1078;allowances;alphabetical;Financement des campagnes;8;09.06.2024 Loi fédérale du 29 septembre 2023 relative à un approvisionnement en électricité sûr reposant sur des énergies renouvelables (modification de la loi sur l’énergie et de la loi sur l’approvisionnement en électricité);;campaign_financing;Montants budgétés;personne morale ou société de personnes;Donateur/trice: Greenpeace, Acteur/trice: Fondation Suisse de l'Energie, Zurich
fr;1079;allowances;alphabetical;Financement des campagnes;8;09.06.2024 Loi fédérale du 29 septembre 2023 relative à un approvisionnement en électricité sûr reposant sur des énergies renouvelables (modification de la loi sur l’énergie et de la loi sur l’approvisionnement en électricité);;campaign_financing;Montants budgétés;personne morale ou société de personnes;Donateur/trice: Solarspar, Acteur/trice: Fondation Suisse de l'Energie, Zurich
fr;108;allowances;alphabetical;Financement des campagnes;1;22.10.2023 Élections au Conseil national 2023;2023;campaign_financing;Montants budgétés;personne morale ou société de personnes;Donateur/trice: FDP Schweiz, Acteur/trice: FDP.Die Liberalen Kanton Bern, Bern
fr;1080;allowances;alphabetical;Financement des campagnes;8;09.06.2024 Loi fédérale du 29 septembre 2023 relative à un approvisionnement en électricité sûr reposant sur des énergies renouvelables (modification de la loi sur l’énergie et de la loi sur l’approvisionnement en électricité);;campaign_financing;Montants budgétés;personne morale ou société de personnes;Donateur/trice: Schweizerische Energiestiftung, Acteur/trice: Fondation Suisse de l'Energie, Zurich
fr;11;allowances;alphabetical;Financement des campagnes;1;22.10.2023 Élections au Conseil national 2023;2023;campaign_financing;Montants budgétés;personne morale ou société de personnes;Donateur/trice: Bären Club: Der Gönnerverein der SVP Kanton Bern, Acteur/trice: Überparteiliches Wahlkomitee Werner Salzmann in den Ständerat, Mülchi
fr;110;allowances;alphabetical;Financement des campagnes;1;22.10.2023 Élections au Conseil national 2023;2023;campaign_financing;Montants budgétés;personne morale ou société de personnes;Donateur/trice: Schweizerischer Gewerbeverband sgv, Acteur/trice: Schneeberger Daniela, Thürnen
fr;111;allowances;alphabetical;Financement des campagnes;1;22.10.2023 Élections au Conseil national 2023;2023;campaign_financing;Montants budgétés;personne morale ou société de personnes;Donateur/trice: Schweizerischer Gewerbeverband, Acteur/trice: Brunner Hansjörg, Wallenwil
fr;112;allowances;alphabetical;Financement des campagnes;1;22.10.2023 Élections au Conseil national 2023;2023;campaign_financing;Montants budgétés;personne morale ou société de personnes;Donateur/trice: Hauseigentümerverband Kanton Zürich, Acteur/trice: Rueff-Frenkel Sonja, Zürich
fr;1128;allowances;alphabetical;Financement des campagnes;3;03.03.2024 Mieux vivre à la retraite (initiative pour une 13e rente AVS);;campaign_financing;Montants finaux;personne morale ou société de personnes;"Donateur/trice: Zürcher Handelskammer, Acteur/trice: Allianz ""Nein zur 13. AHV-Rente"", Zürich"
fr;1129;allowances;alphabetical;Financement des campagnes;3;03.03.2024 Mieux vivre à la retraite (initiative pour une 13e rente AVS);;campaign_financing;Montants finaux;personne morale ou société de personnes;"Donateur/trice: Zürcher Handelskammer, Acteur/trice: Allianz ""Nein zur 13. AHV-Rente"", Zürich"
fr;113;allowances;alphabetical;Financement des campagnes;1;22.10.2023 Élections au Conseil national 2023;2023;campaign_financing;Montants budgétés;personne morale ou société de personnes;Donateur/trice: Schweizerischer Arbeitgeberverband, Acteur/trice: Grünliberale Partei Schweiz, Bern
fr;1130;allowances;alphabetical;Financement des campagnes;3;03.03.2024 Mieux vivre à la retraite (initiative pour une 13e rente AVS);;campaign_financing;Montants finaux;personne morale ou société de personnes;"Donateur/trice: economiesuisse, Acteur/trice: Allianz ""Nein zur 13. AHV-Rente"", Zürich"
fr;1131;allowances;alphabetical;Financement des campagnes;3;03.03.2024 Mieux vivre à la retraite (initiative pour une 13e rente AVS);;campaign_financing;Montants finaux;personne morale ou société de personnes;"Donateur/trice: Schweizerischer Gewerbeverband, Acteur/trice: Allianz ""Nein zur 13. AHV-Rente"", Zürich"
fr;1132;allowances;alphabetical;Financement des campagnes;3;03.03.2024 Mieux vivre à la retraite (initiative pour une 13e rente AVS);;campaign_financing;Montants finaux;personne morale ou société de personnes;"Donateur/trice: economiesuisse, Acteur/trice: Allianz ""Nein zur 13. AHV-Rente"", Zürich"
fr;1133;allowances;alphabetical;Financement des campagnes;3;03.03.2024 Mieux vivre à la retraite (initiative pour une 13e rente AVS);;campaign_financing;Montants finaux;personne morale ou société de personnes;"Donateur/trice: Schweizerischer Arbeitgeberverband, Acteur/trice: Allianz ""Nein zur 13. AHV-Rente"", Zürich"
fr;1134;allowances;alphabetical;Financement des campagnes;3;03.03.2024 Mieux vivre à la retraite (initiative pour une 13e rente AVS);;campaign_financing;Montants finaux;personne morale ou société de personnes;"Donateur/trice: Schweizerischer Gewerbeverband, Acteur/trice: Allianz ""Nein zur 13. AHV-Rente"", Zürich"
fr;1135;allowances;alphabetical;Financement des campagnes;3;03.03.2024 Mieux vivre à la retraite (initiative pour une 13e rente AVS);;campaign_financing;Montants finaux;personne morale ou société de personnes;"Donateur/trice: economiesuisse, Acteur/trice: Allianz ""Nein zur 13. AHV-Rente"", Zürich"
fr;1136;allowances;alphabetical;Financement des campagnes;3;03.03.2024 Mieux vivre à la retraite (initiative pour une 13e rente AVS);;campaign_financing;Montants finaux;personne morale ou société de personnes;"Donateur/trice: Schweizerischer Arbeitgeberverband, Acteur/trice: Allianz ""Nein zur 13. AHV-Rente"", Zürich"
fr;1137;allowances;alphabetical;Financement des campagnes;3;03.03.2024 Mieux vivre à la retraite (initiative pour une 13e rente AVS);;campaign_financing;Montants finaux;personne morale ou société de personnes;"Donateur/trice: Fédération des entreprises romandes Genève, Acteur/trice: Allianz ""Nein zur 13. AHV-Rente"", Zürich"
fr;1138;allowances;alphabetical;Financement des campagnes;3;03.03.2024 Mieux vivre à la retraite (initiative pour une 13e rente AVS);;campaign_financing;Montants finaux;personne morale ou société de personnes;"Donateur/trice: Fédération des entreprises romandes Genève, Acteur/trice: Allianz ""Nein zur 13. AHV-Rente"", Zürich"
fr;1139;allowances;alphabetical;Financement des campagnes;3;03.03.2024 Mieux vivre à la retraite (initiative pour une 13e rente AVS);;campaign_financing;Montants finaux;personne morale ou société de personnes;"Donateur/trice: Schweizerischer Gewerbeverband, Acteur/trice: Allianz ""Nein zur 13. AHV-Rente"", Zürich"
fr;114;allowances;alphabetical;Financement des campagnes;1;22.10.2023 Élections au Conseil national 2023;2023;campaign_financing;Montants budgétés;personne morale ou société de personnes;Donateur/trice: Nokté Média Sàrl, Acteur/trice: Association Nasrat Latif au Conseil national, Lausanne
fr;1140;allowances;alphabetical;Financement des campagnes;3;03.03.2024 Mieux vivre à la retraite (initiative pour une 13e rente AVS);;campaign_financing;Montants finaux;personne morale ou société de personnes;"Donateur/trice: economiesuisse, Acteur/trice: Allianz ""Nein zur 13. AHV-Rente"", Zürich"
fr;1141;allowances;alphabetical;Financement des campagnes;3;03.03.2024 Mieux vivre à la retraite (initiative pour une 13e rente AVS);;campaign_financing;Montants finaux;personne morale ou société de personnes;"Donateur/trice: Swissmem, Acteur/trice: Allianz ""Nein zur 13. AHV-Rente"", Zürich"
fr;1142;allowances;alphabetical;Financement des campagnes;3;03.03.2024 Mieux vivre à la retraite (initiative pour une 13e rente AVS);;campaign_financing;Montants finaux;personne morale ou société de personnes;"Donateur/trice: Swissmem, Acteur/trice: Allianz ""Nein zur 13. AHV-Rente"", Zürich"
fr;1143;allowances;alphabetical;Financement des campagnes;3;03.03.2024 Mieux vivre à la retraite (initiative pour une 13e rente AVS);;campaign_financing;Montants finaux;personne morale ou société de personnes;"Donateur/trice: Swissmem, Acteur/trice: Allianz ""Nein zur 13. AHV-Rente"", Zürich"
fr;1146;allowances;alphabetical;Financement des campagnes;4;03.03.2024 Pour une prévoyance vieillesse sûre et pérenne (initiative sur les rentes);;campaign_financing;Montants finaux;personne morale ou société de personnes;Donateur/trice: economiesuisse, Acteur/trice: Komitee Renteninitiative Ja, Zürich
fr;1147;allowances;alphabetical;Financement des campagnes;4;03.03.2024 Pour une prévoyance vieillesse sûre et pérenne (initiative sur les rentes);;campaign_financing;Montants finaux;personne morale ou société de personnes;Donateur/trice: Swiss Re Management Ltd., Acteur/trice: Komitee Renteninitiative Ja, Zürich
fr;1148;allowances;alphabetical;Financement des campagnes;4;03.03.2024 Pour une prévoyance vieillesse sûre et pérenne (initiative sur les rentes);;campaign_financing;Montants finaux;personne physique;Donateur/trice: Ehinger Oliver, Acteur/trice: Komitee Renteninitiative Ja, Zürich
fr;1149;allowances;alphabetical;Financement des campagnes;4;03.03.2024 Pour une prévoyance vieillesse sûre et pérenne (initiative sur les rentes);;campaign_financing;Montants finaux;personne morale ou société de personnes;Donateur/trice: Bonny Stiftung für Freiheit, Acteur/trice: Komitee Renteninitiative Ja, Zürich
fr;1150;allowances;alphabetical;Financement des campagnes;4;03.03.2024 Pour une prévoyance vieillesse sûre et pérenne (initiative sur les rentes);;campaign_financing;Montants finaux;personne morale ou société de personnes;Donateur/trice: Freunde der FDP, Acteur/trice: Komitee Renteninitiative Ja, Zürich
fr;1151;allowances;alphabetical;Financement des campagnes;4;03.03.2024 Pour une prévoyance vieillesse sûre et pérenne (initiative sur les rentes);;campaign_financing;Montants finaux;personne morale ou société de personnes;Donateur/trice: Stiftung Gambit, Acteur/trice: Komitee Renteninitiative Ja, Zürich
fr;1152;allowances;alphabetical;Financement des campagnes;4;03.03.2024 Pour une prévoyance vieillesse sûre et pérenne (initiative sur les rentes);;campaign_financing;Montants finaux;personne morale ou société de personnes;Donateur/trice: Zürcher Handelskammer, Acteur/trice: Komitee Renteninitiative Ja, Zürich
fr;1153;allowances;alphabetical;Financement des campagnes;4;03.03.2024 Pour une prévoyance vieillesse sûre et pérenne (initiative sur les rentes);;campaign_financing;Montants finaux;personne morale ou société de personnes;Donateur/trice: UBS AG, Acteur/trice: Komitee Renteninitiative Ja, Zürich
fr;1154;allowances;alphabetical;Financement des campagnes;4;03.03.2024 Pour une prévoyance vieillesse sûre et pérenne (initiative sur les rentes);;campaign_financing;Montants finaux;personne morale ou société de personnes;Donateur/trice: Swiss Re Management Ltd., Acteur/trice: Komitee Renteninitiative Ja, Zürich
fr;1155;allowances;alphabetical;Financement des campagnes;4;03.03.2024 Pour une prévoyance vieillesse sûre et pérenne (initiative sur les rentes);;campaign_financing;Montants finaux;personne morale ou société de personnes;Donateur/trice: Arbeitgeberverband der Banken in der Schweiz, Acteur/trice: Komitee Renteninitiative Ja, Zürich
fr;117;allowances;alphabetical;Financement des campagnes;1;22.10.2023 Élections au Conseil national 2023;2023;campaign_financing;Montants budgétés;personne morale ou société de personnes;Donateur/trice: Touring Club Schweiz, Acteur/trice: Richner Simone, Bern
fr;118;allowances;alphabetical;Financement des campagnes;1;22.10.2023 Élections au Conseil national 2023;2023;campaign_financing;Montants budgétés;personne morale ou société de personnes;Donateur/trice: TCS Sektion Wallis, Acteur/trice: Bregy Philipp Matthias, Naters
fr;119;allowances;alphabetical;Financement des campagnes;1;22.10.2023 Élections au Conseil national 2023;2023;campaign_financing;Montants budgétés;personne morale ou société de personnes;Donateur/trice: TCS Schweiz, Acteur/trice: Bregy Philipp Matthias, Naters
fr;1195;allowances;alphabetical;Financement des campagnes;3;03.03.2024 Mieux vivre à la retraite (initiative pour une 13e rente AVS);;campaign_financing;Montants finaux;personne morale ou société de personnes;Donateur/trice: Gewerkschaft des Verkehrspersonals SEV, Acteur/trice: Union syndicale suisse (USS), Berne
fr;1196;allowances;alphabetical;Financement des campagnes;3;03.03.2024 Mieux vivre à la retraite (initiative pour une 13e rente AVS);;campaign_financing;Montants finaux;personne morale ou société de personnes;Donateur/trice: Gewerkschaft syndicom, Acteur/trice: Union syndicale suisse (USS), Berne
fr;1197;allowances;alphabetical;Financement des campagnes;3;03.03.2024 Mieux vivre à la retraite (initiative pour une 13e rente AVS);;campaign_financing;Montants finaux;personne morale ou société de personnes;Donateur/trice: Gewerkschaft Unia, Acteur/trice: Union syndicale suisse (USS), Berne
fr;1198;allowances;alphabetical;Financement des campagnes;3;03.03.2024 Mieux vivre à la retraite (initiative pour une 13e rente AVS);;campaign_financing;Montants finaux;personne morale ou société de personnes;Donateur/trice: Verband öffentliches Personal VPOD, Acteur/trice: Union syndicale suisse (USS), Berne
fr;1199;allowances;alphabetical;Financement des campagnes;3;03.03.2024 Mieux vivre à la retraite (initiative pour une 13e rente AVS);;campaign_financing;Montants finaux;personne morale ou société de personnes;Donateur/trice: Syndicat interprofessionnel de travailleuses et travailleurs SIT, Acteur/trice: Union syndicale suisse (USS), Berne
fr;12;allowances;alphabetical;Financement des campagnes;1;22.10.2023 Élections au Conseil national 2023;2023;campaign_financing;Montants budgétés;personne morale ou société de personnes;Donateur/trice: Grünliberale Partei Schweiz, Acteur/trice: Grünliberale Partei des Kantons Solothurn, Solothurn
fr;1200;allowances;alphabetical;Financement des campagnes;3;03.03.2024 Mieux vivre à la retraite (initiative pour une 13e rente AVS);;campaign_financing;Montants finaux;personne morale ou société de personnes;Donateur/trice: PVB, Acteur/trice: Union syndicale suisse (USS), Berne
fr;1201;allowances;alphabetical;Financement des campagnes;3;03.03.2024 Mieux vivre à la retraite (initiative pour une 13e rente AVS);;campaign_financing;Montants finaux;personne morale ou société de personnes;Donateur/trice: SBPV, Acteur/trice: Union syndicale suisse (USS), Berne
fr;1202;allowances;alphabetical;Financement des campagnes;3;03.03.2024 Mieux vivre à la retraite (initiative pour une 13e rente AVS);;campaign_financing;Montants finaux;personne morale ou société de personnes;Donateur/trice: garanto, Acteur/trice: Union syndicale suisse (USS), Berne
fr;1203;allowances;alphabetical;Financement des campagnes;3;03.03.2024 Mieux vivre à la retraite (initiative pour une 13e rente AVS);;campaign_financing;Montants finaux;personne morale ou société de personnes;Donateur/trice: SSM, Acteur/trice: Union syndicale suisse (USS), Berne
fr;1204;allowances;alphabetical;Financement des campagnes;3;03.03.2024 Mieux vivre à la retraite (initiative pour une 13e rente AVS);;campaign_financing;Montants finaux;personne morale ou société de personnes;Donateur/trice: AvenirSocial, Acteur/trice: Union syndicale suisse (USS), Berne
fr;1205;allowances;alphabetical;Financement des campagnes;3;03.03.2024 Mieux vivre à la retraite (initiative pour une 13e rente AVS);;campaign_financing;Montants finaux;personne morale ou société de personnes;Donateur/trice: Kapers, Acteur/trice: Union syndicale suisse (USS), Berne
fr;1206;allowances;alphabetical;Financement des campagnes;3;03.03.2024 Mieux vivre à la retraite (initiative pour une 13e rente AVS);;campaign_financing;Montants finaux;personne morale ou société de personnes;Donateur/trice: SMV, Acteur/trice: Union syndicale suisse (USS), Berne
fr;1207;allowances;alphabetical;Financement des campagnes;3;03.03.2024 Mieux vivre à la retraite (initiative pour une 13e rente AVS);;campaign_financing;Montants finaux;personne morale ou société de personnes;Donateur/trice: SzeneSchweiz, Acteur/trice: Union syndicale suisse (USS), Berne
fr;1208;allowances;alphabetical;Financement des campagnes;3;03.03.2024 Mieux vivre à la retraite (initiative pour une 13e rente AVS);;campaign_financing;Montants finaux;personne morale ou société de personnes;Donateur/trice: Helvetica, Acteur/trice: Union syndicale suisse (USS), Berne
fr;1209;allowances;alphabetical;Financement des campagnes;3;03.03.2024 Mieux vivre à la retraite (initiative pour une 13e rente AVS);;campaign_financing;Montants finaux;personne morale ou société de personnes;Donateur/trice: Nautilus, Acteur/trice: Union syndicale suisse (USS), Berne
fr;1210;allowances;alphabetical;Financement des campagnes;3;03.03.2024 Mieux vivre à la retraite (initiative pour une 13e rente AVS);;campaign_financing;Montants finaux;personne morale ou société de personnes;Donateur/trice: ESPA, Acteur/trice: Union syndicale suisse (USS), Berne
fr;1211;allowances;alphabetical;Financement des campagnes;3;03.03.2024 Mieux vivre à la retraite (initiative pour une 13e rente AVS);;campaign_financing;Montants finaux;personne morale ou société de personnes;Donateur/trice: Association des Amis de Jost Steiger, Acteur/trice: Union syndicale suisse (USS), Berne
fr;1212;allowances;alphabetical;Financement des campagnes;3;03.03.2024 Mieux vivre à la retraite (initiative pour une 13e rente AVS);;campaign_financing;Montants finaux;personne morale ou société de personnes;Donateur/trice: SGB, Acteur/trice: Union syndicale suisse (USS), Berne
fr;122;allowances;alphabetical;Financement des campagnes;1;22.10.2023 Élections au Conseil national 2023;2023;campaign_financing;Montants budgétés;personne morale ou société de personnes;Donateur/trice: Walliser Gewerbeverband, Acteur/trice: Bregy Philipp Matthias, Naters
fr;1234;allowances;alphabetical;Financement des campagnes;6;09.06.2024 Pour des primes plus basses. Frein aux coûts dans le système de santé (initiative pour un frein aux coûts);;campaign_financing;Montants budgétés;personne morale ou société de personnes;Donateur/trice: economiesuisse, Acteur/trice: Allianz 2x Nein zu den Gesundheitsinitiativen, Bern
fr;1235;allowances;alphabetical;Financement des campagnes;6;09.06.2024 Pour des primes plus basses. Frein aux coûts dans le système de santé (initiative pour un frein aux coûts);;campaign_financing;Montants budgétés;personne morale ou société de personnes;Donateur/trice: Zürcher Handelskammer, Acteur/trice: Allianz 2x Nein zu den Gesundheitsinitiativen, Bern
fr;1236;allowances;alphabetical;Financement des campagnes;6;09.06.2024 Pour des primes plus basses. Frein aux coûts dans le système de santé (initiative pour un frein aux coûts);;campaign_financing;Montants budgétés;personne morale ou société de personnes;Donateur/trice: Zürcher Handelskammer, Acteur/trice: Allianz 2x Nein zu den Gesundheitsinitiativen, Bern
fr;1237;allowances;alphabetical;Financement des campagnes;6;09.06.2024 Pour des primes plus basses. Frein aux coûts dans le système de santé (initiative pour un frein aux coûts);;campaign_financing;Montants budgétés;personne morale ou société de personnes;Donateur/trice: KMU- und Gewerbeverband Kanton Zürich, Acteur/trice: Allianz 2x Nein zu den Gesundheitsinitiativen, Bern
fr;1238;allowances;alphabetical;Financement des campagnes;6;09.06.2024 Pour des primes plus basses. Frein aux coûts dans le système de santé (initiative pour un frein aux coûts);;campaign_financing;Montants budgétés;personne morale ou société de personnes;Donateur/trice: F. Hoffmann-La Roche AG, Acteur/trice: Allianz 2x Nein zu den Gesundheitsinitiativen, Bern
fr;124;allowances;alphabetical;Financement des campagnes;1;22.10.2023 Élections au Conseil national 2023;2023;campaign_financing;Montants budgétés;personne morale ou société de personnes;Donateur/trice: Schweizerischer Gewerbeverband, Acteur/trice: Bregy Philipp Matthias, Naters
fr;1242;allowances;alphabetical;Financement des campagnes;8;09.06.2024 Loi fédérale du 29 septembre 2023 relative à un approvisionnement en électricité sûr reposant sur des énergies renouvelables (modification de la loi sur l’énergie et de la loi sur l’approvisionnement en électricité);;campaign_financing;Montants budgétés;personne morale ou société de personnes;Donateur/trice: Freie Landschaft, Acteur/trice: Bündnis für Natur und Landschaft Schweiz, Bern
fr;1243;allowances;alphabetical;Financement des campagnes;8;09.06.2024 Loi fédérale du 29 septembre 2023 relative à un approvisionnement en électricité sûr reposant sur des énergies renouvelables (modification de la loi sur l’énergie et de la loi sur l’approvisionnement en électricité);;campaign_financing;Montants budgétés;personne physique;Donateur/trice: Famille Hug Piero, Acteur/trice: Bündnis für Natur und Landschaft Schweiz, Bern
fr;1244;allowances;alphabetical;Financement des campagnes;8;09.06.2024 Loi fédérale du 29 septembre 2023 relative à un approvisionnement en électricité sûr reposant sur des énergies renouvelables (modification de la loi sur l’énergie et de la loi sur l’approvisionnement en électricité);;campaign_financing;Montants budgétés;personne morale ou société de personnes;Donateur/trice: Alpiq SA, Acteur/trice: Allianz für eine sichere Stromversorgung, Bern
fr;1245;allowances;alphabetical;Financement des campagnes;8;09.06.2024 Loi fédérale du 29 septembre 2023 relative à un approvisionnement en électricité sûr reposant sur des énergies renouvelables (modification de la loi sur l’énergie et de la loi sur l’approvisionnement en électricité);;campaign_financing;Montants budgétés;personne morale ou société de personnes;Donateur/trice: Groupe E SA, Acteur/trice: Allianz für eine sichere Stromversorgung, Bern
fr;1246;allowances;alphabetical;Financement des campagnes;8;09.06.2024 Loi fédérale du 29 septembre 2023 relative à un approvisionnement en électricité sûr reposant sur des énergies renouvelables (modification de la loi sur l’énergie et de la loi sur l’approvisionnement en électricité);;campaign_financing;Montants budgétés;personne morale ou société de personnes;Donateur/trice: Romande Energie SA, Acteur/trice: Allianz für eine sichere Stromversorgung, Bern
fr;1247;allowances;alphabetical;Financement des campagnes;8;09.06.2024 Loi fédérale du 29 septembre 2023 relative à un approvisionnement en électricité sûr reposant sur des énergies renouvelables (modification de la loi sur l’énergie et de la loi sur l’approvisionnement en électricité);;campaign_financing;Montants budgétés;personne morale ou société de personnes;Donateur/trice: Ville de Lausanne, Acteur/trice: Allianz für eine sichere Stromversorgung, Bern
fr;1248;allowances;alphabetical;Financement des campagnes;8;09.06.2024 Loi fédérale du 29 septembre 2023 relative à un approvisionnement en électricité sûr reposant sur des énergies renouvelables (modification de la loi sur l’énergie et de la loi sur l’approvisionnement en électricité);;campaign_financing;Montants budgétés;personne morale ou société de personnes;Donateur/trice: Electricita svizzera italiana, Acteur/trice: Allianz für eine sichere Stromversorgung, Bern
fr;1249;allowances;alphabetical;Financement des campagnes;8;09.06.2024 Loi fédérale du 29 septembre 2023 relative à un approvisionnement en électricité sûr reposant sur des énergies renouvelables (modification de la loi sur l’énergie et de la loi sur l’approvisionnement en électricité);;campaign_financing;Montants budgétés;personne morale ou société de personnes;Donateur/trice: Verband Schweizerischer Elektrizitätsunternehmen VSE, Acteur/trice: Allianz für eine sichere Stromversorgung, Bern
fr;1250;allowances;alphabetical;Financement des campagnes;8;09.06.2024 Loi fédérale du 29 septembre 2023 relative à un approvisionnement en électricité sûr reposant sur des énergies renouvelables (modification de la loi sur l’énergie et de la loi sur l’approvisionnement en électricité);;campaign_financing;Montants budgétés;personne morale ou société de personnes;Donateur/trice: economiesuisse, Acteur/trice: Allianz für eine sichere Stromversorgung, Bern
fr;1251;allowances;alphabetical;Financement des campagnes;8;09.06.2024 Loi fédérale du 29 septembre 2023 relative à un approvisionnement en électricité sûr reposant sur des énergies renouvelables (modification de la loi sur l’énergie et de la loi sur l’approvisionnement en électricité);;campaign_financing;Montants budgétés;personne morale ou société de personnes;Donateur/trice: Schweizerisch-Lichtensteinischer Gebäudetechnikerverband (suissetec), Acteur/trice: Allianz für eine sichere Stromversorgung, Bern
fr;1252;allowances;alphabetical;Financement des campagnes;8;09.06.2024 Loi fédérale du 29 septembre 2023 relative à un approvisionnement en électricité sûr reposant sur des énergies renouvelables (modification de la loi sur l’énergie et de la loi sur l’approvisionnement en électricité);;campaign_financing;Montants budgétés;personne morale ou société de personnes;Donateur/trice: EBL (Genossenschaft Elektra Baselland), Acteur/trice: Allianz für eine sichere Stromversorgung, Bern
fr;1253;allowances;alphabetical;Financement des campagnes;8;09.06.2024 Loi fédérale du 29 septembre 2023 relative à un approvisionnement en électricité sûr reposant sur des énergies renouvelables (modification de la loi sur l’énergie et de la loi sur l’approvisionnement en électricité);;campaign_financing;Montants budgétés;personne morale ou société de personnes;Donateur/trice: FMV SA, Acteur/trice: Allianz für eine sichere Stromversorgung, Bern
fr;1254;allowances;alphabetical;Financement des campagnes;8;09.06.2024 Loi fédérale du 29 septembre 2023 relative à un approvisionnement en électricité sûr reposant sur des énergies renouvelables (modification de la loi sur l’énergie et de la loi sur l’approvisionnement en électricité);;campaign_financing;Montants budgétés;personne morale ou société de personnes;Donateur/trice: Axpo Holding AG, Acteur/trice: Allianz für eine sichere Stromversorgung, Bern
fr;1255;allowances;alphabetical;Financement des campagnes;8;09.06.2024 Loi fédérale du 29 septembre 2023 relative à un approvisionnement en électricité sûr reposant sur des énergies renouvelables (modification de la loi sur l’énergie et de la loi sur l’approvisionnement en électricité);;campaign_financing;Montants budgétés;personne morale ou société de personnes;Donateur/trice: auto-schweiz Vereinigung Schweizer Automobil-Importeure, Acteur/trice: Allianz für eine sichere Stromversorgung, Bern
fr;1256;allowances;alphabetical;Financement des campagnes;8;09.06.2024 Loi fédérale du 29 septembre 2023 relative à un approvisionnement en électricité sûr reposant sur des énergies renouvelables (modification de la loi sur l’énergie et de la loi sur l’approvisionnement en électricité);;campaign_financing;Montants budgétés;personne morale ou société de personnes;Donateur/trice: enalpin AG, Acteur/trice: Allianz für eine sichere Stromversorgung, Bern
fr;1257;allowances;alphabetical;Financement des campagnes;8;09.06.2024 Loi fédérale du 29 septembre 2023 relative à un approvisionnement en électricité sûr reposant sur des énergies renouvelables (modification de la loi sur l’énergie et de la loi sur l’approvisionnement en électricité);;campaign_financing;Montants budgétés;personne morale ou société de personnes;Donateur/trice: Avenergy Suisse, Acteur/trice: Allianz für eine sichere Stromversorgung, Bern
fr;1258;allowances;alphabetical;Financement des campagnes;8;09.06.2024 Loi fédérale du 29 septembre 2023 relative à un approvisionnement en électricité sûr reposant sur des énergies renouvelables (modification de la loi sur l’énergie et de la loi sur l’approvisionnement en électricité);;campaign_financing;Montants budgétés;personne morale ou société de personnes;Donateur/trice: Suisse Eole, Acteur/trice: Allianz für eine sichere Stromversorgung, Bern
fr;1259;allowances;alphabetical;Financement des campagnes;8;09.06.2024 Loi fédérale du 29 septembre 2023 relative à un approvisionnement en électricité sûr reposant sur des énergies renouvelables (modification de la loi sur l’énergie et de la loi sur l’approvisionnement en électricité);;campaign_financing;Montants budgétés;personne morale ou société de personnes;Donateur/trice: Swisspower AG, Acteur/trice: Allianz für eine sichere Stromversorgung, Bern
fr;1260;allowances;alphabetical;Financement des campagnes;8;09.06.2024 Loi fédérale du 29 septembre 2023 relative à un approvisionnement en électricité sûr reposant sur des énergies renouvelables (modification de la loi sur l’énergie et de la loi sur l’approvisionnement en électricité);;campaign_financing;Montants budgétés;personne morale ou société de personnes;Donateur/trice: Service Industriels de Genève, Acteur/trice: Allianz für eine sichere Stromversorgung, Bern
fr;1261;allowances;alphabetical;Financement des campagnes;8;09.06.2024 Loi fédérale du 29 septembre 2023 relative à un approvisionnement en électricité sûr reposant sur des énergies renouvelables (modification de la loi sur l’énergie et de la loi sur l’approvisionnement en électricité);;campaign_financing;Montants budgétés;personne morale ou société de personnes;Donateur/trice: BKW Management AG, Acteur/trice: Allianz für eine sichere Stromversorgung, Bern
fr;1262;allowances;alphabetical;Financement des campagnes;8;09.06.2024 Loi fédérale du 29 septembre 2023 relative à un approvisionnement en électricité sûr reposant sur des énergies renouvelables (modification de la loi sur l’énergie et de la loi sur l’approvisionnement en électricité);;campaign_financing;Montants budgétés;personne morale ou société de personnes;Donateur/trice: EKZ Elektrizitätswerke des Kantons Zürich, Acteur/trice: Allianz für eine sichere Stromversorgung, Bern
fr;1263;allowances;alphabetical;Financement des campagnes;8;09.06.2024 Loi fédérale du 29 septembre 2023 relative à un approvisionnement en électricité sûr reposant sur des énergies renouvelables (modification de la loi sur l’énergie et de la loi sur l’approvisionnement en électricité);;campaign_financing;Montants budgétés;personne morale ou société de personnes;Donateur/trice: Primeo Energie AG, Acteur/trice: Allianz für eine sichere Stromversorgung, Bern
fr;1264;allowances;alphabetical;Financement des campagnes;8;09.06.2024 Loi fédérale du 29 septembre 2023 relative à un approvisionnement en électricité sûr reposant sur des énergies renouvelables (modification de la loi sur l’énergie et de la loi sur l’approvisionnement en électricité);;campaign_financing;Montants budgétés;personne morale ou société de personnes;Donateur/trice: St. Gallisch-Appenzellische Kraftwerke AG, Acteur/trice: Allianz für eine sichere Stromversorgung, Bern
fr;1265;allowances;alphabetical;Financement des campagnes;8;09.06.2024 Loi fédérale du 29 septembre 2023 relative à un approvisionnement en électricité sûr reposant sur des énergies renouvelables (modification de la loi sur l’énergie et de la loi sur l’approvisionnement en électricité);;campaign_financing;Montants budgétés;personne morale ou société de personnes;Donateur/trice: aeesuisse, Acteur/trice: Allianz für eine sichere Stromversorgung, Bern
fr;1266;allowances;alphabetical;Financement des campagnes;8;09.06.2024 Loi fédérale du 29 septembre 2023 relative à un approvisionnement en électricité sûr reposant sur des énergies renouvelables (modification de la loi sur l’énergie et de la loi sur l’approvisionnement en électricité);;campaign_financing;Montants budgétés;personne morale ou société de personnes;Donateur/trice: Repower, Acteur/trice: Allianz für eine sichere Stromversorgung, Bern
fr;1267;allowances;alphabetical;Financement des campagnes;8;09.06.2024 Loi fédérale du 29 septembre 2023 relative à un approvisionnement en électricité sûr reposant sur des énergies renouvelables (modification de la loi sur l’énergie et de la loi sur l’approvisionnement en électricité);;campaign_financing;Montants budgétés;personne morale ou société de personnes;Donateur/trice: Avenergy Suisse, Acteur/trice: Allianz für eine sichere Stromversorgung, Bern
fr;1268;allowances;alphabetical;Financement des campagnes;8;09.06.2024 Loi fédérale du 29 septembre 2023 relative à un approvisionnement en électricité sûr reposant sur des énergies renouvelables (modification de la loi sur l’énergie et de la loi sur l’approvisionnement en électricité);;campaign_financing;Montants budgétés;personne morale ou société de personnes;Donateur/trice: Axpo Services AG, Acteur/trice: Allianz für eine sichere Stromversorgung, Bern
fr;1269;allowances;alphabetical;Financement des campagnes;8;09.06.2024 Loi fédérale du 29 septembre 2023 relative à un approvisionnement en électricité sûr reposant sur des énergies renouvelables (modification de la loi sur l’énergie et de la loi sur l’approvisionnement en électricité);;campaign_financing;Montants budgétés;personne morale ou société de personnes;Donateur/trice: Verband Schweizerischer Elektrizitätsunternehmen VSE, Acteur/trice: Allianz für eine sichere Stromversorgung, Bern
fr;127;allowances;alphabetical;Financement des campagnes;1;22.10.2023 Élections au Conseil national 2023;2023;campaign_financing;Montants budgétés;personne morale ou société de personnes;Donateur/trice: SP Kanton Bern, Acteur/trice: Jeunesse Socialiste du Canton de Berne, Berne
fr;1270;allowances;alphabetical;Financement des campagnes;8;09.06.2024 Loi fédérale du 29 septembre 2023 relative à un approvisionnement en électricité sûr reposant sur des énergies renouvelables (modification de la loi sur l’énergie et de la loi sur l’approvisionnement en électricité);;campaign_financing;Montants budgétés;personne morale ou société de personnes;Donateur/trice: Alpiq AG, Acteur/trice: Allianz für eine sichere Stromversorgung, Bern
fr;1271;allowances;alphabetical;Financement des campagnes;8;09.06.2024 Loi fédérale du 29 septembre 2023 relative à un approvisionnement en électricité sûr reposant sur des énergies renouvelables (modification de la loi sur l’énergie et de la loi sur l’approvisionnement en électricité);;campaign_financing;Montants budgétés;personne morale ou société de personnes;Donateur/trice: aeesuisse, Acteur/trice: Allianz für eine sichere Stromversorgung, Bern
fr;1272;allowances;alphabetical;Financement des campagnes;8;09.06.2024 Loi fédérale du 29 septembre 2023 relative à un approvisionnement en électricité sûr reposant sur des énergies renouvelables (modification de la loi sur l’énergie et de la loi sur l’approvisionnement en électricité);;campaign_financing;Montants budgétés;personne morale ou société de personnes;Donateur/trice: BKW Management AG, Acteur/trice: Allianz für eine sichere Stromversorgung, Bern
fr;1273;allowances;alphabetical;Financement des campagnes;8;09.06.2024 Loi fédérale du 29 septembre 2023 relative à un approvisionnement en électricité sûr reposant sur des énergies renouvelables (modification de la loi sur l’énergie et de la loi sur l’approvisionnement en électricité);;campaign_financing;Montants budgétés;personne morale ou société de personnes;Donateur/trice: Romande Energie SA, Acteur/trice: Allianz für eine sichere Stromversorgung, Bern
fr;1274;allowances;alphabetical;Financement des campagnes;8;09.06.2024 Loi fédérale du 29 septembre 2023 relative à un approvisionnement en électricité sûr reposant sur des énergies renouvelables (modification de la loi sur l’énergie et de la loi sur l’approvisionnement en électricité);;campaign_financing;Montants budgétés;personne morale ou société de personnes;Donateur/trice: Schweizerisch-Lichtensteinischer Gebäudetechnikerverband (suissetec), Acteur/trice: Allianz für eine sichere Stromversorgung, Bern
fr;1275;allowances;alphabetical;Financement des campagnes;8;09.06.2024 Loi fédérale du 29 septembre 2023 relative à un approvisionnement en électricité sûr reposant sur des énergies renouvelables (modification de la loi sur l’énergie et de la loi sur l’approvisionnement en électricité);;campaign_financing;Montants budgétés;personne morale ou société de personnes;Donateur/trice: Swissolar – Schweizerischer Fachverband für Sonnenenergie, Acteur/trice: Allianz für eine sichere Stromversorgung, Bern
fr;1276;allowances;alphabetical;Financement des campagnes;8;09.06.2024 Loi fédérale du 29 septembre 2023 relative à un approvisionnement en électricité sûr reposant sur des énergies renouvelables (modification de la loi sur l’énergie et de la loi sur l’approvisionnement en électricité);;campaign_financing;Montants budgétés;personne morale ou société de personnes;Donateur/trice: Grand Dixence SA, Acteur/trice: Allianz für eine sichere Stromversorgung, Bern
fr;1277;allowances;alphabetical;Financement des campagnes;8;09.06.2024 Loi fédérale du 29 septembre 2023 relative à un approvisionnement en électricité sûr reposant sur des énergies renouvelables (modification de la loi sur l’énergie et de la loi sur l’approvisionnement en électricité);;campaign_financing;Montants budgétés;personne morale ou société de personnes;Donateur/trice: aeesuisse, Acteur/trice: Allianz für eine sichere Stromversorgung, Bern
fr;1278;allowances;alphabetical;Financement des campagnes;8;09.06.2024 Loi fédérale du 29 septembre 2023 relative à un approvisionnement en électricité sûr reposant sur des énergies renouvelables (modification de la loi sur l’énergie et de la loi sur l’approvisionnement en électricité);;campaign_financing;Montants budgétés;personne morale ou société de personnes;Donateur/trice: Swisscleantech, Acteur/trice: Allianz für eine sichere Stromversorgung, Bern
fr;1279;allowances;alphabetical;Financement des campagnes;8;09.06.2024 Loi fédérale du 29 septembre 2023 relative à un approvisionnement en électricité sûr reposant sur des énergies renouvelables (modification de la loi sur l’énergie et de la loi sur l’approvisionnement en électricité);;campaign_financing;Montants budgétés;personne morale ou société de personnes;Donateur/trice: Zürcher Handelskammer, Acteur/trice: Allianz für eine sichere Stromversorgung, Bern
fr;128;allowances;alphabetical;Financement des campagnes;1;22.10.2023 Élections au Conseil national 2023;2023;campaign_financing;Montants budgétés;personne morale ou société de personnes;Donateur/trice: economiesuisse, Acteur/trice: IG der Wirtschaftsverbände, Zürich
fr;1280;allowances;alphabetical;Financement des campagnes;8;09.06.2024 Loi fédérale du 29 septembre 2023 relative à un approvisionnement en électricité sûr reposant sur des énergies renouvelables (modification de la loi sur l’énergie et de la loi sur l’approvisionnement en électricité);;campaign_financing;Montants budgétés;personne morale ou société de personnes;Donateur/trice: Energiedienst Holding AG, Acteur/trice: Allianz für eine sichere Stromversorgung, Bern
fr;129;allowances;alphabetical;Financement des campagnes;1;22.10.2023 Élections au Conseil national 2023;2023;campaign_financing;Montants budgétés;personne morale ou société de personnes;Donateur/trice: economiesuisse, Acteur/trice: IG der Wirtschaftsverbände, Zürich
fr;13;allowances;alphabetical;Financement des campagnes;1;22.10.2023 Élections au Conseil national 2023;2023;campaign_financing;Montants budgétés;personne morale ou société de personnes;Donateur/trice: Club Bürgerliche 100, Acteur/trice: Schweizerische Volkspartei Aargau, Staufen
fr;130;allowances;alphabetical;Financement des campagnes;1;22.10.2023 Élections au Conseil national 2023;2023;campaign_financing;Montants budgétés;personne morale ou société de personnes;Donateur/trice: Schweizerischer Gewerbeverband sgv, Acteur/trice: IG der Wirtschaftsverbände, Zürich
fr;131;allowances;alphabetical;Financement des campagnes;1;22.10.2023 Élections au Conseil national 2023;2023;campaign_financing;Montants budgétés;personne morale ou société de personnes;Donateur/trice: Schweizerischer Gewerbeverband sgv, Acteur/trice: IG der Wirtschaftsverbände, Zürich
fr;1312;allowances;alphabetical;Financement des campagnes;8;09.06.2024 Loi fédérale du 29 septembre 2023 relative à un approvisionnement en électricité sûr reposant sur des énergies renouvelables (modification de la loi sur l’énergie et de la loi sur l’approvisionnement en électricité);;campaign_financing;Montants budgétés;personne morale ou société de personnes;Donateur/trice: Stiftung für bürgerliche Politik, Acteur/trice: Allianz gegen das Stromgesetz, Zürich
fr;132;allowances;alphabetical;Financement des campagnes;1;22.10.2023 Élections au Conseil national 2023;2023;campaign_financing;Montants budgétés;personne morale ou société de personnes;Donateur/trice: Schweizerischer Arbeitgeberverband, Acteur/trice: IG der Wirtschaftsverbände, Zürich
fr;1327;allowances;alphabetical;Financement des campagnes;6;09.06.2024 Pour des primes plus basses. Frein aux coûts dans le système de santé (initiative pour un frein aux coûts);;campaign_financing;Montants budgétés;personne morale ou société de personnes;Donateur/trice: FMH Verbindung der Schweizer Ärztinnen und Ärzte, Acteur/trice: Gesundheitswesen mit Zukunft, Bern
fr;1328;allowances;alphabetical;Financement des campagnes;6;09.06.2024 Pour des primes plus basses. Frein aux coûts dans le système de santé (initiative pour un frein aux coûts);;campaign_financing;Montants budgétés;personne morale ou société de personnes;Donateur/trice: Ärztenetz Nordwest AG, Acteur/trice: Gesundheitswesen mit Zukunft, Bern
fr;1329;allowances;alphabetical;Financement des campagnes;6;09.06.2024 Pour des primes plus basses. Frein aux coûts dans le système de santé (initiative pour un frein aux coûts);;campaign_financing;Montants budgétés;personne morale ou société de personnes;Donateur/trice: medswissnet, Acteur/trice: Gesundheitswesen mit Zukunft, Bern
fr;133;allowances;alphabetical;Financement des campagnes;1;22.10.2023 Élections au Conseil national 2023;2023;campaign_financing;Montants budgétés;personne morale ou société de personnes;Donateur/trice: Schweizerischer Arbeitgeberverband, Acteur/trice: IG der Wirtschaftsverbände, Zürich
fr;1330;allowances;alphabetical;Financement des campagnes;6;09.06.2024 Pour des primes plus basses. Frein aux coûts dans le système de santé (initiative pour un frein aux coûts);;campaign_financing;Montants budgétés;personne morale ou société de personnes;Donateur/trice: ospita, Acteur/trice: Gesundheitswesen mit Zukunft, Bern
fr;1331;allowances;alphabetical;Financement des campagnes;6;09.06.2024 Pour des primes plus basses. Frein aux coûts dans le système de santé (initiative pour un frein aux coûts);;campaign_financing;Montants budgétés;personne morale ou société de personnes;Donateur/trice: AerzteGesellschaft des Kantons Zürich AGZ, Acteur/trice: Gesundheitswesen mit Zukunft, Bern
fr;1332;allowances;alphabetical;Financement des campagnes;6;09.06.2024 Pour des primes plus basses. Frein aux coûts dans le système de santé (initiative pour un frein aux coûts);;campaign_financing;Montants budgétés;personne morale ou société de personnes;Donateur/trice: Aargauischer Ärzteverband, Acteur/trice: Gesundheitswesen mit Zukunft, Bern
fr;1333;allowances;alphabetical;Financement des campagnes;6;09.06.2024 Pour des primes plus basses. Frein aux coûts dans le système de santé (initiative pour un frein aux coûts);;campaign_financing;Montants budgétés;personne morale ou société de personnes;Donateur/trice: FMH Verbindung der Schweizer Ärztinnen und Ärzte, Acteur/trice: Gesundheitswesen mit Zukunft, Bern
fr;1334;allowances;alphabetical;Financement des campagnes;6;09.06.2024 Pour des primes plus basses. Frein aux coûts dans le système de santé (initiative pour un frein aux coûts);;campaign_financing;Montants budgétés;personne morale ou société de personnes;Donateur/trice: AerzteGesellschaft des Kantons Zürich AGZ, Acteur/trice: Gesundheitswesen mit Zukunft, Bern
fr;1335;allowances;alphabetical;Financement des campagnes;6;09.06.2024 Pour des primes plus basses. Frein aux coûts dans le système de santé (initiative pour un frein aux coûts);;campaign_financing;Montants budgétés;personne morale ou société de personnes;Donateur/trice: Verband Schweizerischer Assistenz- und Oberärztinnen und -ärzte VSAO, Acteur/trice: Gesundheitswesen mit Zukunft, Bern
fr;1336;allowances;alphabetical;Financement des campagnes;6;09.06.2024 Pour des primes plus basses. Frein aux coûts dans le système de santé (initiative pour un frein aux coûts);;campaign_financing;Montants budgétés;personne morale ou société de personnes;Donateur/trice: Ärzte-Gesellschaft des Kantons Zug, Acteur/trice: Gesundheitswesen mit Zukunft, Bern
fr;1337;allowances;alphabetical;Financement des campagnes;6;09.06.2024 Pour des primes plus basses. Frein aux coûts dans le système de santé (initiative pour un frein aux coûts);;campaign_financing;Montants budgétés;personne morale ou société de personnes;Donateur/trice: Schweizerischer Apothekenverband (pharmaSuisse), Acteur/trice: Gesundheitswesen mit Zukunft, Bern
fr;136;allowances;alphabetical;Financement des campagnes;1;22.10.2023 Élections au Conseil national 2023;2023;campaign_financing;Montants budgétés;personne morale ou société de personnes;Donateur/trice: EVP Schweiz, Acteur/trice: Evangelische Volkspartei Kanton Bern, Bern
fr;137;allowances;alphabetical;Financement des campagnes;1;22.10.2023 Élections au Conseil national 2023;2023;campaign_financing;Montants budgétés;personne physique;Donateur/trice: Huber-Heusser Rosmarie, Acteur/trice: Prelicz-Huber Katharina, Zürich
fr;138;allowances;alphabetical;Financement des campagnes;1;22.10.2023 Élections au Conseil national 2023;2023;campaign_financing;Montants budgétés;personne physique;Donateur/trice: Ursprung Jasmin, Acteur/trice: Schweizerische Volkspartei Ortspartei Udligenswil, Udligenswil
fr;139;allowances;alphabetical;Financement des campagnes;1;22.10.2023 Élections au Conseil national 2023;2023;campaign_financing;Montants budgétés;personne morale ou société de personnes;Donateur/trice: Donatorenvereinigung FDP Luzern, Acteur/trice: FDP.Die Liberalen Luzern, Luzern
fr;14;allowances;alphabetical;Financement des campagnes;1;22.10.2023 Élections au Conseil national 2023;2023;campaign_financing;Montants budgétés;personne morale ou société de personnes;Donateur/trice: Hauseigentümerverband Stadt und Kanon Zürich, Acteur/trice: Freisinnig-Demokratische Partei der Stadt Zürich, Zürich
fr;141;allowances;alphabetical;Financement des campagnes;1;22.10.2023 Élections au Conseil national 2023;2023;campaign_financing;Montants budgétés;personne morale ou société de personnes;Donateur/trice: FDP Schweiz, Acteur/trice: Partito Liberale Radicale Ticinese, Bellinzona
fr;1423;allowances;alphabetical;Financement des partis politiques;9;2023;;party_financing;;personne physique;Donateur/trice: Hug Piero, Acteur/trice: Sozialdemokratische Partei der Schweiz, Bern
fr;1424;allowances;alphabetical;Financement des partis politiques;9;2023;;party_financing;;personne physique;Donateur/trice: Stuber Bongras sel. Sandra, Acteur/trice: Sozialdemokratische Partei der Schweiz, Bern
fr;1425;allowances;alphabetical;Financement des partis politiques;9;2023;;party_financing;;personne morale ou société de personnes;Donateur/trice: Raiffeisen Schweiz Genossenschaft, Acteur/trice: Sozialdemokratische Partei der Schweiz, Bern
fr;1426;allowances;alphabetical;Financement des partis politiques;9;2023;;party_financing;;personne morale ou société de personnes;Donateur/trice: Schweizerische Mobiliar Versicherungsgesellschaft AG, Acteur/trice: Sozialdemokratische Partei der Schweiz, Bern
fr;148;allowances;alphabetical;Financement des campagnes;1;22.10.2023 Élections au Conseil national 2023;2023;campaign_financing;Montants budgétés;personne morale ou société de personnes;Donateur/trice: Zürcher Bankenverband, Acteur/trice: Portmann Hans-Peter, Rüschlikon
fr;15;allowances;alphabetical;Financement des campagnes;1;22.10.2023 Élections au Conseil national 2023;2023;campaign_financing;Montants budgétés;personne physique;Donateur/trice: Schmid Sascha, Acteur/trice: Mike Egger und Sascha Schmid in den Nationalrat, Au
fr;1546;allowances;alphabetical;Financement des campagnes;8;09.06.2024 Loi fédérale du 29 septembre 2023 relative à un approvisionnement en électricité sûr reposant sur des énergies renouvelables (modification de la loi sur l’énergie et de la loi sur l’approvisionnement en électricité);;campaign_financing;Montants finaux;personne morale ou société de personnes;Donateur/trice: Alpiq SA, Acteur/trice: Allianz für eine sichere Stromversorgung, Bern
fr;1547;allowances;alphabetical;Financement des campagnes;8;09.06.2024 Loi fédérale du 29 septembre 2023 relative à un approvisionnement en électricité sûr reposant sur des énergies renouvelables (modification de la loi sur l’énergie et de la loi sur l’approvisionnement en électricité);;campaign_financing;Montants finaux;personne morale ou société de personnes;Donateur/trice: Groupe E SA, Acteur/trice: Allianz für eine sichere Stromversorgung, Bern
fr;1548;allowances;alphabetical;Financement des campagnes;8;09.06.2024 Loi fédérale du 29 septembre 2023 relative à un approvisionnement en électricité sûr reposant sur des énergies renouvelables (modification de la loi sur l’énergie et de la loi sur l’approvisionnement en électricité);;campaign_financing;Montants finaux;personne morale ou société de personnes;Donateur/trice: Romande Energie SA, Acteur/trice: Allianz für eine sichere Stromversorgung, Bern
fr;1549;allowances;alphabetical;Financement des campagnes;8;09.06.2024 Loi fédérale du 29 septembre 2023 relative à un approvisionnement en électricité sûr reposant sur des énergies renouvelables (modification de la loi sur l’énergie et de la loi sur l’approvisionnement en électricité);;campaign_financing;Montants finaux;personne morale ou société de personnes;Donateur/trice: Ville de Lausanne, Acteur/trice: Allianz für eine sichere Stromversorgung, Bern
fr;155;allowances;alphabetical;Financement des campagnes;1;22.10.2023 Élections au Conseil national 2023;2023;campaign_financing;Montants budgétés;personne morale ou société de personnes;Donateur/trice: Churfirsten-Club, Acteur/trice: Schweizerische Volkspartei des Kantons St. Gallen, St. Gallen
fr;1550;allowances;alphabetical;Financement des campagnes;8;09.06.2024 Loi fédérale du 29 septembre 2023 relative à un approvisionnement en électricité sûr reposant sur des énergies renouvelables (modification de la loi sur l’énergie et de la loi sur l’approvisionnement en électricité);;campaign_financing;Montants finaux;personne morale ou société de personnes;Donateur/trice: Electricita svizzera italiana, Acteur/trice: Allianz für eine sichere Stromversorgung, Bern
fr;1551;allowances;alphabetical;Financement des campagnes;8;09.06.2024 Loi fédérale du 29 septembre 2023 relative à un approvisionnement en électricité sûr reposant sur des énergies renouvelables (modification de la loi sur l’énergie et de la loi sur l’approvisionnement en électricité);;campaign_financing;Montants finaux;personne morale ou société de personnes;Donateur/trice: Verband Schweizerischer Elektrizitätsunternehmen VSE, Acteur/trice: Allianz für eine sichere Stromversorgung, Bern
fr;1552;allowances;alphabetical;Financement des campagnes;8;09.06.2024 Loi fédérale du 29 septembre 2023 relative à un approvisionnement en électricité sûr reposant sur des énergies renouvelables (modification de la loi sur l’énergie et de la loi sur l’approvisionnement en électricité);;campaign_financing;Montants finaux;personne morale ou société de personnes;Donateur/trice: economiesuisse, Acteur/trice: Allianz für eine sichere Stromversorgung, Bern
fr;1553;allowances;alphabetical;Financement des campagnes;8;09.06.2024 Loi fédérale du 29 septembre 2023 relative à un approvisionnement en électricité sûr reposant sur des énergies renouvelables (modification de la loi sur l’énergie et de la loi sur l’approvisionnement en électricité);;campaign_financing;Montants finaux;personne morale ou société de personnes;Donateur/trice: Schweizerisch-Lichtensteinischer Gebäudetechnikerverband (suissetec), Acteur/trice: Allianz für eine sichere Stromversorgung, Bern
fr;1554;allowances;alphabetical;Financement des campagnes;8;09.06.2024 Loi fédérale du 29 septembre 2023 relative à un approvisionnement en électricité sûr reposant sur des énergies renouvelables (modification de la loi sur l’énergie et de la loi sur l’approvisionnement en électricité);;campaign_financing;Montants finaux;personne morale ou société de personnes;Donateur/trice: EBL (Genossenschaft Elektra Baselland), Acteur/trice: Allianz für eine sichere Stromversorgung, Bern
fr;1555;allowances;alphabetical;Financement des campagnes;8;09.06.2024 Loi fédérale du 29 septembre 2023 relative à un approvisionnement en électricité sûr reposant sur des énergies renouvelables (modification de la loi sur l’énergie et de la loi sur l’approvisionnement en électricité);;campaign_financing;Montants finaux;personne morale ou société de personnes;Donateur/trice: FMV SA, Acteur/trice: Allianz für eine sichere Stromversorgung, Bern
fr;1556;allowances;alphabetical;Financement des campagnes;8;09.06.2024 Loi fédérale du 29 septembre 2023 relative à un approvisionnement en électricité sûr reposant sur des énergies renouvelables (modification de la loi sur l’énergie et de la loi sur l’approvisionnement en électricité);;campaign_financing;Montants finaux;personne morale ou société de personnes;Donateur/trice: Axpo Holding AG, Acteur/trice: Allianz für eine sichere Stromversorgung, Bern
fr;1557;allowances;alphabetical;Financement des campagnes;8;09.06.2024 Loi fédérale du 29 septembre 2023 relative à un approvisionnement en électricité sûr reposant sur des énergies renouvelables (modification de la loi sur l’énergie et de la loi sur l’approvisionnement en électricité);;campaign_financing;Montants finaux;personne morale ou société de personnes;Donateur/trice: auto-schweiz Vereinigung Schweizer Automobil-Importeure, Acteur/trice: Allianz für eine sichere Stromversorgung, Bern
fr;1558;allowances;alphabetical;Financement des campagnes;8;09.06.2024 Loi fédérale du 29 septembre 2023 relative à un approvisionnement en électricité sûr reposant sur des énergies renouvelables (modification de la loi sur l’énergie et de la loi sur l’approvisionnement en électricité);;campaign_financing;Montants finaux;personne morale ou société de personnes;Donateur/trice: enalpin AG, Acteur/trice: Allianz für eine sichere Stromversorgung, Bern
fr;1559;allowances;alphabetical;Financement des campagnes;8;09.06.2024 Loi fédérale du 29 septembre 2023 relative à un approvisionnement en électricité sûr reposant sur des énergies renouvelables (modification de la loi sur l’énergie et de la loi sur l’approvisionnement en électricité);;campaign_financing;Montants finaux;personne morale ou société de personnes;Donateur/trice: Avenergy Suisse, Acteur/trice: Allianz für eine sichere Stromversorgung, Bern
fr;156;allowances;alphabetical;Financement des campagnes;1;22.10.2023 Élections au Conseil national 2023;2023;campaign_financing;Montants budgétés;personne morale ou société de personnes;Donateur/trice: Comité de soutien de Pascal Broulis, Acteur/trice: Broulis Pascal, Sainte-Croix
fr;1560;allowances;alphabetical;Financement des campagnes;8;09.06.2024 Loi fédérale du 29 septembre 2023 relative à un approvisionnement en électricité sûr reposant sur des énergies renouvelables (modification de la loi sur l’énergie et de la loi sur l’approvisionnement en électricité);;campaign_financing;Montants finaux;personne morale ou société de personnes;Donateur/trice: Suisse Eole, Acteur/trice: Allianz für eine sichere Stromversorgung, Bern
fr;1561;allowances;alphabetical;Financement des campagnes;8;09.06.2024 Loi fédérale du 29 septembre 2023 relative à un approvisionnement en électricité sûr reposant sur des énergies renouvelables (modification de la loi sur l’énergie et de la loi sur l’approvisionnement en électricité);;campaign_financing;Montants finaux;personne morale ou société de personnes;Donateur/trice: Swisspower AG, Acteur/trice: Allianz für eine sichere Stromversorgung, Bern
fr;1562;allowances;alphabetical;Financement des campagnes;8;09.06.2024 Loi fédérale du 29 septembre 2023 relative à un approvisionnement en électricité sûr reposant sur des énergies renouvelables (modification de la loi sur l’énergie et de la loi sur l’approvisionnement en électricité);;campaign_financing;Montants finaux;personne morale ou société de personnes;Donateur/trice: Service Industriels de Genève, Acteur/trice: Allianz für eine sichere Stromversorgung, Bern
fr;1563;allowances;alphabetical;Financement des campagnes;8;09.06.2024 Loi fédérale du 29 septembre 2023 relative à un approvisionnement en électricité sûr reposant sur des énergies renouvelables (modification de la loi sur l’énergie et de la loi sur l’approvisionnement en électricité);;campaign_financing;Montants finaux;personne morale ou société de personnes;Donateur/trice: BKW Management AG, Acteur/trice: Allianz für eine sichere Stromversorgung, Bern
fr;1564;allowances;alphabetical;Financement des campagnes;8;09.06.2024 Loi fédérale du 29 septembre 2023 relative à un approvisionnement en électricité sûr reposant sur des énergies renouvelables (modification de la loi sur l’énergie et de la loi sur l’approvisionnement en électricité);;campaign_financing;Montants finaux;personne morale ou société de personnes;Donateur/trice: EKZ Elektrizitätswerke des Kantons Zürich, Acteur/trice: Allianz für eine sichere Stromversorgung, Bern
fr;1565;allowances;alphabetical;Financement des campagnes;8;09.06.2024 Loi fédérale du 29 septembre 2023 relative à un approvisionnement en électricité sûr reposant sur des énergies renouvelables (modification de la loi sur l’énergie et de la loi sur l’approvisionnement en électricité);;campaign_financing;Montants finaux;personne morale ou société de personnes;Donateur/trice: Primeo Energie AG, Acteur/trice: Allianz für eine sichere Stromversorgung, Bern
fr;1566;allowances;alphabetical;Financement des campagnes;8;09.06.2024 Loi fédérale du 29 septembre 2023 relative à un approvisionnement en électricité sûr reposant sur des énergies renouvelables (modification de la loi sur l’énergie et de la loi sur l’approvisionnement en électricité);;campaign_financing;Montants finaux;personne morale ou société de personnes;Donateur/trice: St. Gallisch-Appenzellische Kraftwerke AG, Acteur/trice: Allianz für eine sichere Stromversorgung, Bern
fr;1567;allowances;alphabetical;Financement des campagnes;8;09.06.2024 Loi fédérale du 29 septembre 2023 relative à un approvisionnement en électricité sûr reposant sur des énergies renouvelables (modification de la loi sur l’énergie et de la loi sur l’approvisionnement en électricité);;campaign_financing;Montants finaux;personne morale ou société de personnes;Donateur/trice: aeesuisse, Acteur/trice: Allianz für eine sichere Stromversorgung, Bern
fr;1568;allowances;alphabetical;Financement des campagnes;8;09.06.2024 Loi fédérale du 29 septembre 2023 relative à un approvisionnement en électricité sûr reposant sur des énergies renouvelables (modification de la loi sur l’énergie et de la loi sur l’approvisionnement en électricité);;campaign_financing;Montants finaux;personne morale ou société de personnes;Donateur/trice: Repower, Acteur/trice: Allianz für eine sichere Stromversorgung, Bern
fr;1569;allowances;alphabetical;Financement des campagnes;8;09.06.2024 Loi fédérale du 29 septembre 2023 relative à un approvisionnement en électricité sûr reposant sur des énergies renouvelables (modification de la loi sur l’énergie et de la loi sur l’approvisionnement en électricité);;campaign_financing;Montants finaux;personne morale ou société de personnes;Donateur/trice: Avenergy Suisse, Acteur/trice: Allianz für eine sichere Stromversorgung, Bern
fr;1570;allowances;alphabetical;Financement des campagnes;8;09.06.2024 Loi fédérale du 29 septembre 2023 relative à un approvisionnement en électricité sûr reposant sur des énergies renouvelables (modification de la loi sur l’énergie et de la loi sur l’approvisionnement en électricité);;campaign_financing;Montants finaux;personne morale ou société de personnes;Donateur/trice: Axpo Services AG, Acteur/trice: Allianz für eine sichere Stromversorgung, Bern
fr;1571;allowances;alphabetical;Financement des campagnes;8;09.06.2024 Loi fédérale du 29 septembre 2023 relative à un approvisionnement en électricité sûr reposant sur des énergies renouvelables (modification de la loi sur l’énergie et de la loi sur l’approvisionnement en électricité);;campaign_financing;Montants finaux;personne morale ou société de personnes;Donateur/trice: Verband Schweizerischer Elektrizitätsunternehmen VSE, Acteur/trice: Allianz für eine sichere Stromversorgung, Bern
fr;1572;allowances;alphabetical;Financement des campagnes;8;09.06.2024 Loi fédérale du 29 septembre 2023 relative à un approvisionnement en électricité sûr reposant sur des énergies renouvelables (modification de la loi sur l’énergie et de la loi sur l’approvisionnement en électricité);;campaign_financing;Montants finaux;personne morale ou société de personnes;Donateur/trice: Alpiq AG, Acteur/trice: Allianz für eine sichere Stromversorgung, Bern
fr;1573;allowances;alphabetical;Financement des campagnes;8;09.06.2024 Loi fédérale du 29 septembre 2023 relative à un approvisionnement en électricité sûr reposant sur des énergies renouvelables (modification de la loi sur l’énergie et de la loi sur l’approvisionnement en électricité);;campaign_financing;Montants finaux;personne morale ou société de personnes;Donateur/trice: aeesuisse, Acteur/trice: Allianz für eine sichere Stromversorgung, Bern
fr;1574;allowances;alphabetical;Financement des campagnes;8;09.06.2024 Loi fédérale du 29 septembre 2023 relative à un approvisionnement en électricité sûr reposant sur des énergies renouvelables (modification de la loi sur l’énergie et de la loi sur l’approvisionnement en électricité);;campaign_financing;Montants finaux;personne morale ou société de personnes;Donateur/trice: BKW Management AG, Acteur/trice: Allianz für eine sichere Stromversorgung, Bern
fr;1575;allowances;alphabetical;Financement des campagnes;8;09.06.2024 Loi fédérale du 29 septembre 2023 relative à un approvisionnement en électricité sûr reposant sur des énergies renouvelables (modification de la loi sur l’énergie et de la loi sur l’approvisionnement en électricité);;campaign_financing;Montants finaux;personne morale ou société de personnes;Donateur/trice: Romande Energie SA, Acteur/trice: Allianz für eine sichere Stromversorgung, Bern
fr;1576;allowances;alphabetical;Financement des campagnes;8;09.06.2024 Loi fédérale du 29 septembre 2023 relative à un approvisionnement en électricité sûr reposant sur des énergies renouvelables (modification de la loi sur l’énergie et de la loi sur l’approvisionnement en électricité);;campaign_financing;Montants finaux;personne morale ou société de personnes;Donateur/trice: Schweizerisch-Lichtensteinischer Gebäudetechnikerverband (suissetec), Acteur/trice: Allianz für eine sichere Stromversorgung, Bern
fr;1577;allowances;alphabetical;Financement des campagnes;8;09.06.2024 Loi fédérale du 29 septembre 2023 relative à un approvisionnement en électricité sûr reposant sur des énergies renouvelables (modification de la loi sur l’énergie et de la loi sur l’approvisionnement en électricité);;campaign_financing;Montants finaux;personne morale ou société de personnes;Donateur/trice: Swissolar – Schweizerischer Fachverband für Sonnenenergie, Acteur/trice: Allianz für eine sichere Stromversorgung, Bern
fr;1578;allowances;alphabetical;Financement des campagnes;8;09.06.2024 Loi fédérale du 29 septembre 2023 relative à un approvisionnement en électricité sûr reposant sur des énergies renouvelables (modification de la loi sur l’énergie et de la loi sur l’approvisionnement en électricité);;campaign_financing;Montants finaux;personne morale ou société de personnes;Donateur/trice: Grand Dixence SA, Acteur/trice: Allianz für eine sichere Stromversorgung, Bern
fr;1579;allowances;alphabetical;Financement des campagnes;8;09.06.2024 Loi fédérale du 29 septembre 2023 relative à un approvisionnement en électricité sûr reposant sur des énergies renouvelables (modification de la loi sur l’énergie et de la loi sur l’approvisionnement en électricité);;campaign_financing;Montants finaux;personne morale ou société de personnes;Donateur/trice: aeesuisse, Acteur/trice: Allianz für eine sichere Stromversorgung, Bern
fr;158;allowances;alphabetical;Financement des campagnes;1;22.10.2023 Élections au Conseil national 2023;2023;campaign_financing;Montants budgétés;personne morale ou société de personnes;Donateur/trice: SSIC TI, Acteur/trice: Farinelli Alex, Comano
fr;1580;allowances;alphabetical;Financement des campagnes;8;09.06.2024 Loi fédérale du 29 septembre 2023 relative à un approvisionnement en électricité sûr reposant sur des énergies renouvelables (modification de la loi sur l’énergie et de la loi sur l’approvisionnement en électricité);;campaign_financing;Montants finaux;personne morale ou société de personnes;Donateur/trice: Swisscleantech, Acteur/trice: Allianz für eine sichere Stromversorgung, Bern
fr;1581;allowances;alphabetical;Financement des campagnes;8;09.06.2024 Loi fédérale du 29 septembre 2023 relative à un approvisionnement en électricité sûr reposant sur des énergies renouvelables (modification de la loi sur l’énergie et de la loi sur l’approvisionnement en électricité);;campaign_financing;Montants finaux;personne morale ou société de personnes;Donateur/trice: Zürcher Handelskammer, Acteur/trice: Allianz für eine sichere Stromversorgung, Bern
fr;1582;allowances;alphabetical;Financement des campagnes;8;09.06.2024 Loi fédérale du 29 septembre 2023 relative à un approvisionnement en électricité sûr reposant sur des énergies renouvelables (modification de la loi sur l’énergie et de la loi sur l’approvisionnement en électricité);;campaign_financing;Montants finaux;personne morale ou société de personnes;Donateur/trice: Energiedienst Holding AG, Acteur/trice: Allianz für eine sichere Stromversorgung, Bern
fr;1583;allowances;alphabetical;Financement des campagnes;8;09.06.2024 Loi fédérale du 29 septembre 2023 relative à un approvisionnement en électricité sûr reposant sur des énergies renouvelables (modification de la loi sur l’énergie et de la loi sur l’approvisionnement en électricité);;campaign_financing;Montants finaux;personne morale ou société de personnes;Donateur/trice: Stiftung für bürgerliche Politik, Acteur/trice: Allianz gegen das Stromgesetz, Zürich
fr;1587;allowances;alphabetical;Financement des partis politiques;9;2023;;party_financing;;personne physique;Donateur/trice: Gobbi Norman, Acteur/trice: Lega dei Ticinesi, Lugano
fr;1588;allowances;alphabetical;Financement des partis politiques;9;2023;;party_financing;;personne morale ou société de personnes;Donateur/trice: Raiffeisen Schweiz, Acteur/trice: Les VERT-E-S suisses, Berne
fr;1589;allowances;alphabetical;Financement des partis politiques;9;2023;;party_financing;;personne morale ou société de personnes;Donateur/trice: AXA Versicherungen AG, Acteur/trice: Les VERT-E-S suisses, Berne
fr;159;allowances;alphabetical;Financement des campagnes;1;22.10.2023 Élections au Conseil national 2023;2023;campaign_financing;Montants budgétés;personne morale ou société de personnes;Donateur/trice: UDC Vaud, Acteur/trice: Alliance Vaudoise, Lausanne
fr;1590;allowances;alphabetical;Financement des partis politiques;9;2023;;party_financing;;personne morale ou société de personnes;Donateur/trice: Schweizerische Mobiliar Versicherungsgesellschaft AG, Acteur/trice: Les VERT-E-S suisses, Berne
fr;1591;allowances;alphabetical;Financement des partis politiques;9;2023;;party_financing;;personne morale ou société de personnes;Donateur/trice: Fondation Groupe Mutuel, Acteur/trice: Les VERT-E-S suisses, Berne
fr;1592;allowances;alphabetical;Financement des partis politiques;9;2023;;party_financing;;personne morale ou société de personnes;Donateur/trice: Schweizerische Bankiervereinigung, Acteur/trice: Les VERT-E-S suisses, Berne
fr;1593;allowances;alphabetical;Financement des partis politiques;9;2023;;party_financing;;personne morale ou société de personnes;Donateur/trice: Helvetia Schweiz. Versicherung, Acteur/trice: Les VERT-E-S suisses, Berne
fr;1594;allowances;alphabetical;Financement des partis politiques;9;2023;;party_financing;;personne physique;Donateur/trice: Burkard Carmita, Acteur/trice: Les VERT-E-S suisses, Berne
fr;1595;allowances;alphabetical;Financement des partis politiques;9;2023;;party_financing;;personne physique;Donateur/trice: Stuber Bongras Sandra, Acteur/trice: Les VERT-E-S suisses, Berne
fr;1596;allowances;alphabetical;Financement des partis politiques;9;2023;;party_financing;;personne physique;Donateur/trice: Hug Piero, Acteur/trice: Les VERT-E-S suisses, Berne
fr;1597;allowances;alphabetical;Financement des partis politiques;9;2023;;party_financing;;personne physique;Donateur/trice: Jean-Louis Reymond, Acteur/trice: Les VERT-E-S suisses, Berne
fr;1598;allowances;alphabetical;Financement des partis politiques;9;2023;;party_financing;;personne physique;Donateur/trice: Hans Rüegg, Acteur/trice: Les VERT-E-S suisses, Berne
fr;16;allowances;alphabetical;Financement des campagnes;1;22.10.2023 Élections au Conseil national 2023;2023;campaign_financing;Montants budgétés;personne physique;Donateur/trice: Töngi Michael, Acteur/trice: Grüne Kanton Luzern, Luzern
fr;160;allowances;alphabetical;Financement des campagnes;1;22.10.2023 Élections au Conseil national 2023;2023;campaign_financing;Montants budgétés;personne morale ou société de personnes;Donateur/trice: PLR Vaud, Acteur/trice: Alliance Vaudoise, Lausanne
fr;161;allowances;alphabetical;Financement des campagnes;1;22.10.2023 Élections au Conseil national 2023;2023;campaign_financing;Montants budgétés;personne morale ou société de personnes;Donateur/trice: Comité de soutien de Pascal Broulis, Acteur/trice: Alliance Vaudoise, Lausanne
fr;162;allowances;alphabetical;Financement des campagnes;1;22.10.2023 Élections au Conseil national 2023;2023;campaign_financing;Montants budgétés;personne morale ou société de personnes;Donateur/trice: Comité de soutien de Pascal Broulis, Acteur/trice: PLR.Les Libéraux-Radicaux Vaud, Lausanne
fr;163;allowances;alphabetical;Financement des campagnes;1;22.10.2023 Élections au Conseil national 2023;2023;campaign_financing;Montants budgétés;personne morale ou société de personnes;Donateur/trice: WWF Schweiz, Acteur/trice: Umweltallianz, Zürich
fr;165;allowances;alphabetical;Financement des campagnes;1;22.10.2023 Élections au Conseil national 2023;2023;campaign_financing;Montants budgétés;personne morale ou société de personnes;Donateur/trice: Bären-Club der SVP Kanton Bern, Acteur/trice: Union Démocratique du Centre du Canton de Berne, Berne
fr;1668;allowances;alphabetical;Financement des partis politiques;9;2023;;party_financing;;personne morale ou société de personnes;Donateur/trice: Zürich Versicherung, Acteur/trice: Grünliberale Partei Schweiz, Bern
fr;1669;allowances;alphabetical;Financement des partis politiques;9;2023;;party_financing;;personne morale ou société de personnes;Donateur/trice: Interpharma, Acteur/trice: Grünliberale Partei Schweiz, Bern
fr;1670;allowances;alphabetical;Financement des partis politiques;9;2023;;party_financing;;personne morale ou société de personnes;Donateur/trice: Novartis International AG, Acteur/trice: Grünliberale Partei Schweiz, Bern
fr;1671;allowances;alphabetical;Financement des partis politiques;9;2023;;party_financing;;personne morale ou société de personnes;Donateur/trice: Swiss Life AG, Acteur/trice: Grünliberale Partei Schweiz, Bern
fr;1672;allowances;alphabetical;Financement des partis politiques;9;2023;;party_financing;;personne morale ou société de personnes;Donateur/trice: Schweizerischer Versicherungsverband, Acteur/trice: Grünliberale Partei Schweiz, Bern
fr;1673;allowances;alphabetical;Financement des partis politiques;9;2023;;party_financing;;personne morale ou société de personnes;Donateur/trice: Swiss Re, Acteur/trice: Grünliberale Partei Schweiz, Bern
fr;1674;allowances;alphabetical;Financement des partis politiques;9;2023;;party_financing;;personne morale ou société de personnes;Donateur/trice: Schweizerische Mobiliar Versicherungsgesellschaft AG, Acteur/trice: Grünliberale Partei Schweiz, Bern
fr;1675;allowances;alphabetical;Financement des partis politiques;9;2023;;party_financing;;personne morale ou société de personnes;Donateur/trice: UBS AG, Acteur/trice: Grünliberale Partei Schweiz, Bern
fr;1676;allowances;alphabetical;Financement des partis politiques;9;2023;;party_financing;;personne morale ou société de personnes;Donateur/trice: Schindler Aufzüge AG, Acteur/trice: Grünliberale Partei Schweiz, Bern
fr;1677;allowances;alphabetical;Financement des partis politiques;9;2023;;party_financing;;personne morale ou société de personnes;Donateur/trice: Roche Holding AG, Acteur/trice: Grünliberale Partei Schweiz, Bern
fr;1678;allowances;alphabetical;Financement des partis politiques;9;2023;;party_financing;;personne morale ou société de personnes;Donateur/trice: Credit Suisse AG, Acteur/trice: Grünliberale Partei Schweiz, Bern
fr;1679;allowances;alphabetical;Financement des partis politiques;9;2023;;party_financing;;personne morale ou société de personnes;Donateur/trice: Schweizerische Bankiervereinigung, Acteur/trice: Grünliberale Partei Schweiz, Bern
fr;1680;allowances;alphabetical;Financement des partis politiques;9;2023;;party_financing;;personne morale ou société de personnes;Donateur/trice: Schweizerischer Arbeitgeberverband, Acteur/trice: Grünliberale Partei Schweiz, Bern
fr;1681;allowances;alphabetical;Financement des partis politiques;9;2023;;party_financing;;personne morale ou société de personnes;Donateur/trice: Economiesuisse, Acteur/trice: Grünliberale Partei Schweiz, Bern
fr;17;allowances;alphabetical;Financement des campagnes;1;22.10.2023 Élections au Conseil national 2023;2023;campaign_financing;Montants budgétés;personne physique;Donateur/trice: Schlepfer Thom, Acteur/trice: Grüne Kanton Luzern, Luzern
fr;170;allowances;alphabetical;Financement des campagnes;1;22.10.2023 Élections au Conseil national 2023;2023;campaign_financing;Montants budgétés;personne morale ou société de personnes;Donateur/trice: WWF Schweiz, Acteur/trice: Umweltallianz, Zürich
fr;1764;allowances;alphabetical;Financement des campagnes;8;09.06.2024 Loi fédérale du 29 septembre 2023 relative à un approvisionnement en électricité sûr reposant sur des énergies renouvelables (modification de la loi sur l’énergie et de la loi sur l’approvisionnement en électricité);;campaign_financing;Montants finaux;personne physique;Donateur/trice: Schwander Achim, Acteur/trice: Sozialdemokratische Partei der Schweiz, Bern
fr;1765;allowances;alphabetical;Financement des campagnes;10;22.09.2024 Pour l’avenir de notre nature et de notre paysage (Initiative biodiversité);;campaign_financing;Montants budgétés;personne morale ou société de personnes;Donateur/trice: Schweizer Zucker AG, Acteur/trice: Union Suisse des Paysans (USP), Brugg
fr;1766;allowances;alphabetical;Financement des campagnes;10;22.09.2024 Pour l’avenir de notre nature et de notre paysage (Initiative biodiversité);;campaign_financing;Montants budgétés;personne morale ou société de personnes;Donateur/trice: Gallosuisse, Acteur/trice: Union Suisse des Paysans (USP), Brugg
fr;1767;allowances;alphabetical;Financement des campagnes;10;22.09.2024 Pour l’avenir de notre nature et de notre paysage (Initiative biodiversité);;campaign_financing;Montants budgétés;personne morale ou société de personnes;Donateur/trice: Suisseporcs, Acteur/trice: Union Suisse des Paysans (USP), Brugg
fr;1768;allowances;alphabetical;Financement des campagnes;10;22.09.2024 Pour l’avenir de notre nature et de notre paysage (Initiative biodiversité);;campaign_financing;Montants budgétés;personne morale ou société de personnes;Donateur/trice: Schweizer Obstverband, Acteur/trice: Union Suisse des Paysans (USP), Brugg
fr;1769;allowances;alphabetical;Financement des campagnes;10;22.09.2024 Pour l’avenir de notre nature et de notre paysage (Initiative biodiversité);;campaign_financing;Montants budgétés;personne morale ou société de personnes;Donateur/trice: Vereinigung Schweizer Kartoffelproduzenten, Acteur/trice: Union Suisse des Paysans (USP), Brugg
fr;177;allowances;alphabetical;Financement des campagnes;1;22.10.2023 Élections au Conseil national 2023;2023;campaign_financing;Montants budgétés;personne morale ou société de personnes;Donateur/trice: PCS Holding AG, Acteur/trice: Schweizerische Volkspartei des Kantons Thurgau, Mettlen
fr;1770;allowances;alphabetical;Financement des campagnes;10;22.09.2024 Pour l’avenir de notre nature et de notre paysage (Initiative biodiversité);;campaign_financing;Montants budgétés;personne morale ou société de personnes;Donateur/trice: Schweizer Milchproduzenten, Acteur/trice: Union Suisse des Paysans (USP), Brugg
fr;1771;allowances;alphabetical;Financement des campagnes;10;22.09.2024 Pour l’avenir de notre nature et de notre paysage (Initiative biodiversité);;campaign_financing;Montants budgétés;personne morale ou société de personnes;Donateur/trice: Verband Schweizerischer Elektrizitätsunternehmen, Acteur/trice: Union Suisse des Paysans (USP), Brugg
fr;1772;allowances;alphabetical;Financement des campagnes;10;22.09.2024 Pour l’avenir de notre nature et de notre paysage (Initiative biodiversité);;campaign_financing;Montants budgétés;personne morale ou société de personnes;Donateur/trice: Swiss Granum, Acteur/trice: Union Suisse des Paysans (USP), Brugg
fr;1773;allowances;alphabetical;Financement des campagnes;10;22.09.2024 Pour l’avenir de notre nature et de notre paysage (Initiative biodiversité);;campaign_financing;Montants budgétés;personne morale ou société de personnes;Donateur/trice: Landtechnik Schweiz, Acteur/trice: Union Suisse des Paysans (USP), Brugg
fr;1774;allowances;alphabetical;Financement des campagnes;10;22.09.2024 Pour l’avenir de notre nature et de notre paysage (Initiative biodiversité);;campaign_financing;Montants budgétés;personne morale ou société de personnes;Donateur/trice: Schweizer Bauernverband, Acteur/trice: Union Suisse des Paysans (USP), Brugg
fr;1775;allowances;alphabetical;Financement des campagnes;10;22.09.2024 Pour l’avenir de notre nature et de notre paysage (Initiative biodiversité);;campaign_financing;Montants budgétés;personne physique;Donateur/trice: Brunner Daniel, Acteur/trice: Ja zu mehr Natur, Landschaft und Baukultur, Basel
fr;1776;allowances;alphabetical;Financement des campagnes;10;22.09.2024 Pour l’avenir de notre nature et de notre paysage (Initiative biodiversité);;campaign_financing;Montants budgétés;personne morale ou société de personnes;Donateur/trice: Pro Natura, Acteur/trice: Ja zu mehr Natur, Landschaft und Baukultur, Basel
fr;1777;allowances;alphabetical;Financement des campagnes;10;22.09.2024 Pour l’avenir de notre nature et de notre paysage (Initiative biodiversité);;campaign_financing;Montants budgétés;personne morale ou société de personnes;Donateur/trice: BirdLife Schweiz, Acteur/trice: Ja zu mehr Natur, Landschaft und Baukultur, Basel
fr;1778;allowances;alphabetical;Financement des campagnes;10;22.09.2024 Pour l’avenir de notre nature et de notre paysage (Initiative biodiversité);;campaign_financing;Montants budgétés;personne morale ou société de personnes;Donateur/trice: Stiftung Landschaftsschutz (SL), Acteur/trice: Ja zu mehr Natur, Landschaft und Baukultur, Basel
fr;1779;allowances;alphabetical;Financement des campagnes;10;22.09.2024 Pour l’avenir de notre nature et de notre paysage (Initiative biodiversité);;campaign_financing;Montants budgétés;personne morale ou société de personnes;Donateur/trice: Schweizer Heimatschutz (SHS), Acteur/trice: Ja zu mehr Natur, Landschaft und Baukultur, Basel
fr;1784;allowances;alphabetical;Financement des campagnes;6;09.06.2024 Pour des primes plus basses. Frein aux coûts dans le système de santé (initiative pour un frein aux coûts);;campaign_financing;Montants finaux;personne morale ou société de personnes;Donateur/trice: FMH Verbindung der Schweizer Ärztinnen und Ärzte, Acteur/trice: Gesundheitswesen mit Zukunft, Bern
fr;1785;allowances;alphabetical;Financement des campagnes;6;09.06.2024 Pour des primes plus basses. Frein aux coûts dans le système de santé (initiative pour un frein aux coûts);;campaign_financing;Montants finaux;personne morale ou société de personnes;Donateur/trice: Ärztenetz Nordwest AG, Acteur/trice: Gesundheitswesen mit Zukunft, Bern
fr;1786;allowances;alphabetical;Financement des campagnes;6;09.06.2024 Pour des primes plus basses. Frein aux coûts dans le système de santé (initiative pour un frein aux coûts);;campaign_financing;Montants finaux;personne morale ou société de personnes;Donateur/trice: medswissnet, Acteur/trice: Gesundheitswesen mit Zukunft, Bern
fr;1787;allowances;alphabetical;Financement des campagnes;6;09.06.2024 Pour des primes plus basses. Frein aux coûts dans le système de santé (initiative pour un frein aux coûts);;campaign_financing;Montants finaux;personne morale ou société de personnes;Donateur/trice: ospita, Acteur/trice: Gesundheitswesen mit Zukunft, Bern
fr;1788;allowances;alphabetical;Financement des campagnes;6;09.06.2024 Pour des primes plus basses. Frein aux coûts dans le système de santé (initiative pour un frein aux coûts);;campaign_financing;Montants finaux;personne morale ou société de personnes;Donateur/trice: AerzteGesellschaft des Kantons Zürich AGZ, Acteur/trice: Gesundheitswesen mit Zukunft, Bern
fr;1789;allowances;alphabetical;Financement des campagnes;6;09.06.2024 Pour des primes plus basses. Frein aux coûts dans le système de santé (initiative pour un frein aux coûts);;campaign_financing;Montants finaux;personne morale ou société de personnes;Donateur/trice: Aargauischer Ärzteverband, Acteur/trice: Gesundheitswesen mit Zukunft, Bern
fr;179;allowances;alphabetical;Financement des campagnes;1;22.10.2023 Élections au Conseil national 2023;2023;campaign_financing;Montants budgétés;personne morale ou société de personnes;Donateur/trice: Kuratorium Thurgau, Acteur/trice: Schweizerische Volkspartei des Kantons Thurgau, Mettlen
fr;1790;allowances;alphabetical;Financement des campagnes;6;09.06.2024 Pour des primes plus basses. Frein aux coûts dans le système de santé (initiative pour un frein aux coûts);;campaign_financing;Montants finaux;personne morale ou société de personnes;Donateur/trice: FMH Verbindung der Schweizer Ärztinnen und Ärzte, Acteur/trice: Gesundheitswesen mit Zukunft, Bern
fr;1791;allowances;alphabetical;Financement des campagnes;6;09.06.2024 Pour des primes plus basses. Frein aux coûts dans le système de santé (initiative pour un frein aux coûts);;campaign_financing;Montants finaux;personne morale ou société de personnes;Donateur/trice: AerzteGesellschaft des Kantons Zürich AGZ, Acteur/trice: Gesundheitswesen mit Zukunft, Bern
fr;1792;allowances;alphabetical;Financement des campagnes;6;09.06.2024 Pour des primes plus basses. Frein aux coûts dans le système de santé (initiative pour un frein aux coûts);;campaign_financing;Montants finaux;personne morale ou société de personnes;Donateur/trice: Verband Schweizerischer Assistenz- und Oberärztinnen und -ärzte VSAO, Acteur/trice: Gesundheitswesen mit Zukunft, Bern
fr;1793;allowances;alphabetical;Financement des campagnes;6;09.06.2024 Pour des primes plus basses. Frein aux coûts dans le système de santé (initiative pour un frein aux coûts);;campaign_financing;Montants finaux;personne morale ou société de personnes;Donateur/trice: Ärzte-Gesellschaft des Kantons Zug, Acteur/trice: Gesundheitswesen mit Zukunft, Bern
fr;1794;allowances;alphabetical;Financement des campagnes;6;09.06.2024 Pour des primes plus basses. Frein aux coûts dans le système de santé (initiative pour un frein aux coûts);;campaign_financing;Montants finaux;personne morale ou société de personnes;Donateur/trice: Schweizerischer Apothekenverband (pharmaSuisse), Acteur/trice: Gesundheitswesen mit Zukunft, Bern
fr;1795;allowances;alphabetical;Financement des campagnes;6;09.06.2024 Pour des primes plus basses. Frein aux coûts dans le système de santé (initiative pour un frein aux coûts);;campaign_financing;Montants finaux;personne morale ou société de personnes;Donateur/trice: FMH Verbindung der Schweizer Ärztinnen und Ärzte, Acteur/trice: Gesundheitswesen mit Zukunft, Bern
fr;1796;allowances;alphabetical;Financement des campagnes;6;09.06.2024 Pour des primes plus basses. Frein aux coûts dans le système de santé (initiative pour un frein aux coûts);;campaign_financing;Montants finaux;personne morale ou société de personnes;Donateur/trice: Société Médicale de la Suisse Romande (SMSR), Acteur/trice: Gesundheitswesen mit Zukunft, Bern
fr;1797;allowances;alphabetical;Financement des campagnes;10;22.09.2024 Pour l’avenir de notre nature et de notre paysage (Initiative biodiversité);;campaign_financing;Montants budgétés;personne morale ou société de personnes;Donateur/trice: BirdLife Schweiz, Acteur/trice: Ja zu mehr Natur, Landschaft und Baukultur, Basel
fr;1798;allowances;alphabetical;Financement des campagnes;10;22.09.2024 Pour l’avenir de notre nature et de notre paysage (Initiative biodiversité);;campaign_financing;Montants budgétés;personne morale ou société de personnes;Donateur/trice: Pro Natura, Acteur/trice: Ja zu mehr Natur, Landschaft und Baukultur, Basel
fr;18;allowances;alphabetical;Financement des campagnes;1;22.10.2023 Élections au Conseil national 2023;2023;campaign_financing;Montants budgétés;personne physique;Donateur/trice: Egger Mike, Acteur/trice: Mike Egger und Sascha Schmid in den Nationalrat, Au
fr;180;allowances;alphabetical;Financement des campagnes;1;22.10.2023 Élections au Conseil national 2023;2023;campaign_financing;Montants budgétés;personne morale ou société de personnes;Donateur/trice: Greenpeace Schweiz, Acteur/trice: Umweltallianz, Zürich
fr;1806;allowances;alphabetical;Financement des partis politiques;9;2023;;party_financing;;personne morale ou société de personnes;Donateur/trice: Schweiz. Arbeitgeberverband, Acteur/trice: Union Démocratique du Centre (UDC), Bern
fr;1807;allowances;alphabetical;Financement des partis politiques;9;2023;;party_financing;;personne physique;Donateur/trice: Martullo Blocher Magdalena Silvia, Acteur/trice: Union Démocratique du Centre (UDC), Bern
fr;1808;allowances;alphabetical;Financement des partis politiques;9;2023;;party_financing;;personne morale ou société de personnes;Donateur/trice: Philip Morris Switzerland Sarl, Acteur/trice: Union Démocratique du Centre (UDC), Bern
fr;1809;allowances;alphabetical;Financement des partis politiques;9;2023;;party_financing;;personne physique;Donateur/trice: Matter Thomas, Acteur/trice: Union Démocratique du Centre (UDC), Bern
fr;1810;allowances;alphabetical;Financement des partis politiques;9;2023;;party_financing;;personne physique;Donateur/trice: Frey Walter, Acteur/trice: Union Démocratique du Centre (UDC), Bern
fr;1811;allowances;alphabetical;Financement des partis politiques;9;2023;;party_financing;;personne morale ou société de personnes;Donateur/trice: AUTO-Schweiz Vereinigung, Acteur/trice: Union Démocratique du Centre (UDC), Bern
fr;1812;allowances;alphabetical;Financement des partis politiques;9;2023;;party_financing;;personne morale ou société de personnes;Donateur/trice: Schweizerische Bankiervereinigung, Acteur/trice: Union Démocratique du Centre (UDC), Bern
fr;1813;allowances;alphabetical;Financement des partis politiques;9;2023;;party_financing;;personne morale ou société de personnes;Donateur/trice: Roche Holding AG, Acteur/trice: Union Démocratique du Centre (UDC), Bern
fr;1814;allowances;alphabetical;Financement des partis politiques;9;2023;;party_financing;;personne morale ou société de personnes;Donateur/trice: AXA Versicherungen AG, Acteur/trice: Union Démocratique du Centre (UDC), Bern
fr;1815;allowances;alphabetical;Financement des partis politiques;9;2023;;party_financing;;personne morale ou société de personnes;Donateur/trice: Baloise Versicherung AG, Acteur/trice: Union Démocratique du Centre (UDC), Bern
fr;1816;allowances;alphabetical;Financement des partis politiques;9;2023;;party_financing;;personne morale ou société de personnes;Donateur/trice: Holcim (Schweiz) AG, Acteur/trice: Union Démocratique du Centre (UDC), Bern
fr;1817;allowances;alphabetical;Financement des partis politiques;9;2023;;party_financing;;personne morale ou société de personnes;Donateur/trice: Credit Suisse AG, Acteur/trice: Union Démocratique du Centre (UDC), Bern
fr;1818;allowances;alphabetical;Financement des partis politiques;9;2023;;party_financing;;personne physique;Donateur/trice: Dörig Rolf, Acteur/trice: Union Démocratique du Centre (UDC), Bern
fr;1819;allowances;alphabetical;Financement des partis politiques;9;2023;;party_financing;;personne morale ou société de personnes;Donateur/trice: economiesuisse, Acteur/trice: Union Démocratique du Centre (UDC), Bern
fr;1820;allowances;alphabetical;Financement des partis politiques;9;2023;;party_financing;;personne morale ou société de personnes;Donateur/trice: Fondation Groupe Mutuel, Acteur/trice: Union Démocratique du Centre (UDC), Bern
fr;1821;allowances;alphabetical;Financement des partis politiques;9;2023;;party_financing;;personne morale ou société de personnes;Donateur/trice: Helvetia Schweiz. Versicherung, Acteur/trice: Union Démocratique du Centre (UDC), Bern
fr;1822;allowances;alphabetical;Financement des partis politiques;9;2023;;party_financing;;personne morale ou société de personnes;Donateur/trice: Interpharma, Acteur/trice: Union Démocratique du Centre (UDC), Bern
fr;1823;allowances;alphabetical;Financement des partis politiques;9;2023;;party_financing;;personne morale ou société de personnes;Donateur/trice: Bank Julius Baer and Co. Ltd, Acteur/trice: Union Démocratique du Centre (UDC), Bern
fr;1825;allowances;alphabetical;Financement des partis politiques;9;2023;;party_financing;;personne morale ou société de personnes;Donateur/trice: Schweizerische Mobiliar, Acteur/trice: Union Démocratique du Centre (UDC), Bern
fr;1826;allowances;alphabetical;Financement des partis politiques;9;2023;;party_financing;;personne physique;Donateur/trice: Neise Christian, Acteur/trice: Union Démocratique du Centre (UDC), Bern
fr;1827;allowances;alphabetical;Financement des partis politiques;9;2023;;party_financing;;personne morale ou société de personnes;Donateur/trice: Nestle S.A., Acteur/trice: Union Démocratique du Centre (UDC), Bern
fr;1828;allowances;alphabetical;Financement des partis politiques;9;2023;;party_financing;;personne morale ou société de personnes;Donateur/trice: Novartis International AG, Acteur/trice: Union Démocratique du Centre (UDC), Bern
fr;1829;allowances;alphabetical;Financement des partis politiques;9;2023;;party_financing;;personne morale ou société de personnes;Donateur/trice: Raiffeisen Schweiz Genossenschaft, Acteur/trice: Union Démocratique du Centre (UDC), Bern
fr;1830;allowances;alphabetical;Financement des partis politiques;9;2023;;party_financing;;personne morale ou société de personnes;Donateur/trice: Schindler Aufzüge AG, Acteur/trice: Union Démocratique du Centre (UDC), Bern
fr;1831;allowances;alphabetical;Financement des partis politiques;9;2023;;party_financing;;personne morale ou société de personnes;Donateur/trice: Schweizerischer Versicherungsverband SVV, Acteur/trice: Union Démocratique du Centre (UDC), Bern
fr;1832;allowances;alphabetical;Financement des partis politiques;9;2023;;party_financing;;personne morale ou société de personnes;Donateur/trice: Swiss International Air Lines AG, Acteur/trice: Union Démocratique du Centre (UDC), Bern
fr;1833;allowances;alphabetical;Financement des partis politiques;9;2023;;party_financing;;personne morale ou société de personnes;Donateur/trice: Swiss Reinsurance Company Limited, Acteur/trice: Union Démocratique du Centre (UDC), Bern
fr;1834;allowances;alphabetical;Financement des partis politiques;9;2023;;party_financing;;personne morale ou société de personnes;Donateur/trice: Swiss Life AG, Acteur/trice: Union Démocratique du Centre (UDC), Bern
fr;1835;allowances;alphabetical;Financement des partis politiques;9;2023;;party_financing;;personne morale ou société de personnes;Donateur/trice: UBS AG, Acteur/trice: Union Démocratique du Centre (UDC), Bern
fr;1836;allowances;alphabetical;Financement des partis politiques;9;2023;;party_financing;;personne morale ou société de personnes;Donateur/trice: Stiftung für bürgerliche Politik, Acteur/trice: Union Démocratique du Centre (UDC), Bern
fr;1837;allowances;alphabetical;Financement des campagnes;11;22.09.2024 Loi fédérale sur la prévoyance professionnelle vieillesse, survivants et invalidité (LPP) (Réforme de la prévoyance professionnelle);;campaign_financing;Montants budgétés;personne morale ou société de personnes;"Donateur/trice: GastroSuisse, Acteur/trice: Wirtschaftsallianz ""NEIN zur BVG-Scheinreform"", Zürich"
fr;1838;allowances;alphabetical;Financement des campagnes;11;22.09.2024 Loi fédérale sur la prévoyance professionnelle vieillesse, survivants et invalidité (LPP) (Réforme de la prévoyance professionnelle);;campaign_financing;Montants budgétés;personne morale ou société de personnes;"Donateur/trice: Centre Patronal, Acteur/trice: Wirtschaftsallianz ""NEIN zur BVG-Scheinreform"", Zürich"
fr;1839;allowances;alphabetical;Financement des campagnes;11;22.09.2024 Loi fédérale sur la prévoyance professionnelle vieillesse, survivants et invalidité (LPP) (Réforme de la prévoyance professionnelle);;campaign_financing;Montants budgétés;personne morale ou société de personnes;"Donateur/trice: Verband der Tankstellenshop-Betreiber der Schweiz VTSS, Acteur/trice: Wirtschaftsallianz ""NEIN zur BVG-Scheinreform"", Zürich"
fr;184;allowances;alphabetical;Financement des campagnes;1;22.10.2023 Élections au Conseil national 2023;2023;campaign_financing;Montants budgétés;personne morale ou société de personnes;Donateur/trice: FDP.Die Liberalen Schweiz, Acteur/trice: FDP.Die Liberalen Frauen Schweiz, St. Gallen
fr;1855;allowances;alphabetical;Financement des campagnes;11;22.09.2024 Loi fédérale sur la prévoyance professionnelle vieillesse, survivants et invalidité (LPP) (Réforme de la prévoyance professionnelle);;campaign_financing;Montants budgétés;personne morale ou société de personnes;Donateur/trice: Travail.Suisse, Acteur/trice: Travail.Suisse, Bern
fr;1856;allowances;alphabetical;Financement des campagnes;8;09.06.2024 Loi fédérale du 29 septembre 2023 relative à un approvisionnement en électricité sûr reposant sur des énergies renouvelables (modification de la loi sur l’énergie et de la loi sur l’approvisionnement en électricité);;campaign_financing;Montants finaux;personne morale ou société de personnes;Donateur/trice: Freie Landschaft, Acteur/trice: Bündnis für Natur und Landschaft Schweiz, Bern
fr;1857;allowances;alphabetical;Financement des campagnes;8;09.06.2024 Loi fédérale du 29 septembre 2023 relative à un approvisionnement en électricité sûr reposant sur des énergies renouvelables (modification de la loi sur l’énergie et de la loi sur l’approvisionnement en électricité);;campaign_financing;Montants finaux;personne physique;Donateur/trice: Hug Piero, Acteur/trice: Bündnis für Natur und Landschaft Schweiz, Bern
fr;1858;allowances;alphabetical;Financement des campagnes;6;09.06.2024 Pour des primes plus basses. Frein aux coûts dans le système de santé (initiative pour un frein aux coûts);;campaign_financing;Montants finaux;personne morale ou société de personnes;Donateur/trice: FMH Verbindung der Schweizer Ärztinnen und Ärzte, Acteur/trice: Gesundheitswesen mit Zukunft, Bern
fr;1859;allowances;alphabetical;Financement des partis politiques;9;2023;;party_financing;;personne morale ou société de personnes;Donateur/trice: Klimaschutz Schweiz (Abstimmungskampagne 2023), Acteur/trice: Le Centre, Bern
fr;1860;allowances;alphabetical;Financement des partis politiques;9;2023;;party_financing;;personne morale ou société de personnes;Donateur/trice: Schweiz. Arbeitgeberverband (Wahlen 2023), Acteur/trice: Le Centre, Bern
fr;1861;allowances;alphabetical;Financement des partis politiques;9;2023;;party_financing;;personne morale ou société de personnes;Donateur/trice: Zürich Versicherungs Gesellschaft AG (Unterstützungsbeitrag 2023), Acteur/trice: Le Centre, Bern
fr;1862;allowances;alphabetical;Financement des partis politiques;9;2023;;party_financing;;personne morale ou société de personnes;Donateur/trice: Economiesuisse (Abstimmungskampagne 2022), Acteur/trice: Le Centre, Bern
fr;1863;allowances;alphabetical;Financement des partis politiques;9;2023;;party_financing;;personne morale ou société de personnes;Donateur/trice: Axa Versicherungen AG (Unterstützungsbeitrag 2023), Acteur/trice: Le Centre, Bern
fr;1864;allowances;alphabetical;Financement des partis politiques;9;2023;;party_financing;;personne morale ou société de personnes;Donateur/trice: Schweizerische Mobiliar Versicherungsgesellschaft AG (Unterstützungsbeitrag 2023), Acteur/trice: Le Centre, Bern
fr;1865;allowances;alphabetical;Financement des partis politiques;9;2023;;party_financing;;personne morale ou société de personnes;Donateur/trice: Raiffeisen Schweiz Genossenschaft (Unterstützungsbeitrag 2023), Acteur/trice: Le Centre, Bern
fr;1866;allowances;alphabetical;Financement des partis politiques;9;2023;;party_financing;;personne morale ou société de personnes;Donateur/trice: UBS AG (Unterstützungsbeitrag 2023), Acteur/trice: Le Centre, Bern
fr;1867;allowances;alphabetical;Financement des partis politiques;9;2023;;party_financing;;personne morale ou société de personnes;Donateur/trice: Helvetia Versicherungen (Unterstützungsbeitrag 2023), Acteur/trice: Le Centre, Bern
fr;1868;allowances;alphabetical;Financement des partis politiques;9;2023;;party_financing;;personne morale ou société de personnes;Donateur/trice: Schweizerischer Versicherungsverband ASA/SVV (Unterstützungsbeitrag 2023), Acteur/trice: Le Centre, Bern
fr;1869;allowances;alphabetical;Financement des partis politiques;9;2023;;party_financing;;personne morale ou société de personnes;Donateur/trice: Interpharma (Unterstützungsbeitrag 2023), Acteur/trice: Le Centre, Bern
fr;1870;allowances;alphabetical;Financement des partis politiques;9;2023;;party_financing;;personne morale ou société de personnes;Donateur/trice: Nestlé S.A. (Unterstützungsbeitrag 2023), Acteur/trice: Le Centre, Bern
fr;1871;allowances;alphabetical;Financement des partis politiques;9;2023;;party_financing;;personne morale ou société de personnes;Donateur/trice: Holcim Ltd. (Wahlen 2023), Acteur/trice: Le Centre, Bern
fr;1872;allowances;alphabetical;Financement des partis politiques;9;2023;;party_financing;;personne morale ou société de personnes;Donateur/trice: Groupe Mutuel (Unterstützungsbeitrag 2023), Acteur/trice: Le Centre, Bern
fr;1873;allowances;alphabetical;Financement des partis politiques;9;2023;;party_financing;;personne morale ou société de personnes;Donateur/trice: Banque Lombard Odier & Cie SA (Unterstützungsbeitrag 2023), Acteur/trice: Le Centre, Bern
fr;1874;allowances;alphabetical;Financement des partis politiques;9;2023;;party_financing;;personne morale ou société de personnes;Donateur/trice: Economiesuisse (Abstimmungskampagne 2023), Acteur/trice: Le Centre, Bern
fr;1875;allowances;alphabetical;Financement des partis politiques;9;2023;;party_financing;;personne morale ou société de personnes;Donateur/trice: Economiesuisse (Abstimmungskampagne 2023), Acteur/trice: Le Centre, Bern
fr;1876;allowances;alphabetical;Financement des partis politiques;9;2023;;party_financing;;personne morale ou société de personnes;Donateur/trice: Swiss Life AG (Unterstützungsbeitrag 2023), Acteur/trice: Le Centre, Bern
fr;1877;allowances;alphabetical;Financement des partis politiques;9;2023;;party_financing;;personne morale ou société de personnes;Donateur/trice: Economiesuisse (Unterstützungsbeitrag 2023), Acteur/trice: Le Centre, Bern
fr;1878;allowances;alphabetical;Financement des partis politiques;9;2023;;party_financing;;personne morale ou société de personnes;Donateur/trice: Schindler Management Ltd. (Unterstützungsbeitrag 2023), Acteur/trice: Le Centre, Bern
fr;1879;allowances;alphabetical;Financement des partis politiques;9;2023;;party_financing;;personne morale ou société de personnes;Donateur/trice: Roche Holding AG (Unterstützungsbeitrag 2023), Acteur/trice: Le Centre, Bern
fr;1880;allowances;alphabetical;Financement des partis politiques;9;2023;;party_financing;;personne morale ou société de personnes;Donateur/trice: Credit Suisse, Acteur/trice: Le Centre, Bern
fr;1881;allowances;alphabetical;Financement des partis politiques;9;2023;;party_financing;;personne morale ou société de personnes;Donateur/trice: auto-schweiz (Unterstützungsbeitrag 2023), Acteur/trice: Le Centre, Bern
fr;1882;allowances;alphabetical;Financement des partis politiques;9;2023;;party_financing;;personne morale ou société de personnes;Donateur/trice: Swiss International Air Lines Ltd. (Unterstützungsbeitrag 2023), Acteur/trice: Le Centre, Bern
fr;1883;allowances;alphabetical;Financement des partis politiques;9;2023;;party_financing;;personne morale ou société de personnes;Donateur/trice: Novartis International AG (Unterstützungsbeitrag 2023), Acteur/trice: Le Centre, Bern
fr;1884;allowances;alphabetical;Financement des partis politiques;9;2023;;party_financing;;personne morale ou société de personnes;Donateur/trice: Schweizerische Bankiervereinigung SBVg (Unterstützungsbeitrag 2023), Acteur/trice: Le Centre, Bern
fr;1885;allowances;alphabetical;Financement des partis politiques;9;2023;;party_financing;;personne morale ou société de personnes;Donateur/trice: DIE MITTE-FRAKTION. DIE MITTE. EVP. (Sonderbeitrag Wahlen 2023), Acteur/trice: Le Centre, Bern
fr;1886;allowances;alphabetical;Financement des partis politiques;9;2023;;party_financing;;personne morale ou société de personnes;Donateur/trice: Die Mitte Nidwalden (Kantonalbeitrag 2023), Acteur/trice: Le Centre, Bern
fr;1887;allowances;alphabetical;Financement des partis politiques;9;2023;;party_financing;;personne morale ou société de personnes;Donateur/trice: Le Centre Jura (Kantonalbeitrag 2023), Acteur/trice: Le Centre, Bern
fr;1888;allowances;alphabetical;Financement des partis politiques;9;2023;;party_financing;;personne morale ou société de personnes;Donateur/trice: Die Mitte Appenzell Ausserrhoden (Kantonalbeitrag 2023), Acteur/trice: Le Centre, Bern
fr;1889;allowances;alphabetical;Financement des partis politiques;9;2023;;party_financing;;personne morale ou société de personnes;Donateur/trice: Le Centre Genève (Kantonalbeitrag 2023), Acteur/trice: Le Centre, Bern
fr;1890;allowances;alphabetical;Financement des partis politiques;9;2023;;party_financing;;personne morale ou société de personnes;Donateur/trice: Die Mitte Basel-Stadt (Kantonalbeitrag 2023), Acteur/trice: Le Centre, Bern
fr;1891;allowances;alphabetical;Financement des partis politiques;9;2023;;party_financing;;personne morale ou société de personnes;Donateur/trice: Die Mitte Kanton Zürich (Kantonalbeitrag 2023), Acteur/trice: Le Centre, Bern
fr;1892;allowances;alphabetical;Financement des partis politiques;9;2023;;party_financing;;personne morale ou société de personnes;Donateur/trice: Die Mitte Graubünden (Kantonalbeitrag 2023), Acteur/trice: Le Centre, Bern
fr;1893;allowances;alphabetical;Financement des partis politiques;9;2023;;party_financing;;personne morale ou société de personnes;Donateur/trice: Die Mitte Solothurn (Kantonalbeitrag 2023), Acteur/trice: Le Centre, Bern
fr;1894;allowances;alphabetical;Financement des partis politiques;9;2023;;party_financing;;personne morale ou société de personnes;Donateur/trice: Die Mitte Aargau (Kantonalbeitrag 2023), Acteur/trice: Le Centre, Bern
fr;1895;allowances;alphabetical;Financement des partis politiques;9;2023;;party_financing;;personne morale ou société de personnes;Donateur/trice: neo - Die sozialliberale Mitte (Kantonalbeitrag 2023), Acteur/trice: Le Centre, Bern
fr;1896;allowances;alphabetical;Financement des partis politiques;9;2023;;party_financing;;personne morale ou société de personnes;Donateur/trice: die Mitte Kanton St. Gallen (Kantonalbeitrag 2023), Acteur/trice: Le Centre, Bern
fr;1897;allowances;alphabetical;Financement des partis politiques;9;2023;;party_financing;;personne morale ou société de personnes;Donateur/trice: CVP-Die Mitte Uri (Kantonalbeitrag 2023), Acteur/trice: Le Centre, Bern
fr;1898;allowances;alphabetical;Financement des partis politiques;9;2023;;party_financing;;personne morale ou société de personnes;Donateur/trice: Die Mitte Schwyz, Acteur/trice: Le Centre, Bern
fr;1899;allowances;alphabetical;Financement des partis politiques;9;2023;;party_financing;;personne morale ou société de personnes;Donateur/trice: Die Mitte Sense (Kantonalbeitrag 2023), Acteur/trice: Le Centre, Bern
fr;19;allowances;alphabetical;Financement des campagnes;1;22.10.2023 Élections au Conseil national 2023;2023;campaign_financing;Montants budgétés;personne morale ou société de personnes;Donateur/trice: Supporter-Club der FDP Graubünden, Acteur/trice: Freisinnig-Demokratische Partei Graubünden, Chur
fr;1900;allowances;alphabetical;Financement des partis politiques;9;2023;;party_financing;;personne morale ou société de personnes;Donateur/trice: Die Mitte Appenzell Innerrhoden (Kantonalbeitrag 2023), Acteur/trice: Le Centre, Bern
fr;1901;allowances;alphabetical;Financement des partis politiques;9;2023;;party_financing;;personne morale ou société de personnes;Donateur/trice: Die Mitte Glarus (Kantonalbeitrag 2023), Acteur/trice: Le Centre, Bern
fr;1902;allowances;alphabetical;Financement des partis politiques;9;2023;;party_financing;;personne morale ou société de personnes;Donateur/trice: Die Mitte Kanton Zug (Kantonalbeitrag 2023), Acteur/trice: Le Centre, Bern
fr;1903;allowances;alphabetical;Financement des partis politiques;9;2023;;party_financing;;personne morale ou société de personnes;Donateur/trice: Le Centre Neuchâtel (Kantonalbeitrag 2023), Acteur/trice: Le Centre, Bern
fr;1904;allowances;alphabetical;Financement des partis politiques;9;2023;;party_financing;;personne morale ou société de personnes;Donateur/trice: Die Mitte Kanton Bern (Kantonalbeitrag 2023), Acteur/trice: Le Centre, Bern
fr;1905;allowances;alphabetical;Financement des partis politiques;9;2023;;party_financing;;personne morale ou société de personnes;Donateur/trice: Die Mitte Thurgau (Kantonalbeitrag 2023), Acteur/trice: Le Centre, Bern
fr;1906;allowances;alphabetical;Financement des partis politiques;9;2023;;party_financing;;personne morale ou société de personnes;Donateur/trice: Die Mitte Oberwallis (Kantonalbeitrag 2023), Acteur/trice: Le Centre, Bern
fr;1907;allowances;alphabetical;Financement des partis politiques;9;2023;;party_financing;;personne morale ou société de personnes;Donateur/trice: Le Centre Fribourg (Kantonalbeitrag 2023), Acteur/trice: Le Centre, Bern
fr;1908;allowances;alphabetical;Financement des partis politiques;9;2023;;party_financing;;personne morale ou société de personnes;Donateur/trice: Le Centre Valais romand (Kantonalbeitrag 2023), Acteur/trice: Le Centre, Bern
fr;1909;allowances;alphabetical;Financement des partis politiques;9;2023;;party_financing;;personne morale ou société de personnes;Donateur/trice: Die Mitte Kanton Luzern (Kantonalbeitrag 2023), Acteur/trice: Le Centre, Bern
fr;1910;allowances;alphabetical;Financement des partis politiques;9;2023;;party_financing;;personne morale ou société de personnes;Donateur/trice: CVP-Die Mitte Obwalden (Kantonalbeitrag 2023), Acteur/trice: Le Centre, Bern
fr;1911;allowances;alphabetical;Financement des partis politiques;9;2023;;party_financing;;personne morale ou société de personnes;Donateur/trice: Die Mitte Basel-Landschaft (Kantonalbeitrag 2023), Acteur/trice: Le Centre, Bern
fr;1912;allowances;alphabetical;Financement des partis politiques;9;2023;;party_financing;;personne morale ou société de personnes;Donateur/trice: Die Mitte Schaffhausen (Kantonalbeitrag 2023), Acteur/trice: Le Centre, Bern
fr;1913;allowances;alphabetical;Financement des partis politiques;9;2023;;party_financing;;personne morale ou société de personnes;Donateur/trice: Le Centre Vaud (Kantonalbeitrag 2023), Acteur/trice: Le Centre, Bern
fr;1914;allowances;alphabetical;Financement des partis politiques;9;2023;;party_financing;;personne morale ou société de personnes;Donateur/trice: il Centro (Kantonalbeitrag 2023), Acteur/trice: Le Centre, Bern
fr;1923;allowances;alphabetical;Financement des campagnes;8;09.06.2024 Loi fédérale du 29 septembre 2023 relative à un approvisionnement en électricité sûr reposant sur des énergies renouvelables (modification de la loi sur l’énergie et de la loi sur l’approvisionnement en électricité);;campaign_financing;Montants finaux;personne morale ou société de personnes;Donateur/trice: WWF Schweiz, Acteur/trice: Fondation Suisse de l'Energie, Zurich
fr;1924;allowances;alphabetical;Financement des campagnes;8;09.06.2024 Loi fédérale du 29 septembre 2023 relative à un approvisionnement en électricité sûr reposant sur des énergies renouvelables (modification de la loi sur l’énergie et de la loi sur l’approvisionnement en électricité);;campaign_financing;Montants finaux;personne morale ou société de personnes;Donateur/trice: Volkart Stiftung, Acteur/trice: Fondation Suisse de l'Energie, Zurich
fr;1925;allowances;alphabetical;Financement des campagnes;8;09.06.2024 Loi fédérale du 29 septembre 2023 relative à un approvisionnement en électricité sûr reposant sur des énergies renouvelables (modification de la loi sur l’énergie et de la loi sur l’approvisionnement en électricité);;campaign_financing;Montants finaux;personne morale ou société de personnes;Donateur/trice: Clima Now, Acteur/trice: Fondation Suisse de l'Energie, Zurich
fr;1926;allowances;alphabetical;Financement des campagnes;8;09.06.2024 Loi fédérale du 29 septembre 2023 relative à un approvisionnement en électricité sûr reposant sur des énergies renouvelables (modification de la loi sur l’énergie et de la loi sur l’approvisionnement en électricité);;campaign_financing;Montants finaux;personne morale ou société de personnes;Donateur/trice: Oak Foundation, Acteur/trice: Fondation Suisse de l'Energie, Zurich
fr;1927;allowances;alphabetical;Financement des campagnes;8;09.06.2024 Loi fédérale du 29 septembre 2023 relative à un approvisionnement en électricité sûr reposant sur des énergies renouvelables (modification de la loi sur l’énergie et de la loi sur l’approvisionnement en électricité);;campaign_financing;Montants finaux;personne morale ou société de personnes;Donateur/trice: Greenpeace, Acteur/trice: Fondation Suisse de l'Energie, Zurich
fr;1928;allowances;alphabetical;Financement des campagnes;8;09.06.2024 Loi fédérale du 29 septembre 2023 relative à un approvisionnement en électricité sûr reposant sur des énergies renouvelables (modification de la loi sur l’énergie et de la loi sur l’approvisionnement en électricité);;campaign_financing;Montants finaux;personne morale ou société de personnes;Donateur/trice: Solarspar, Acteur/trice: Fondation Suisse de l'Energie, Zurich
fr;1929;allowances;alphabetical;Financement des campagnes;8;09.06.2024 Loi fédérale du 29 septembre 2023 relative à un approvisionnement en électricité sûr reposant sur des énergies renouvelables (modification de la loi sur l’énergie et de la loi sur l’approvisionnement en électricité);;campaign_financing;Montants finaux;personne morale ou société de personnes;Donateur/trice: Schweizerische Energiestiftung, Acteur/trice: Fondation Suisse de l'Energie, Zurich
fr;1946;allowances;alphabetical;Financement des campagnes;11;22.09.2024 Loi fédérale sur la prévoyance professionnelle vieillesse, survivants et invalidité (LPP) (Réforme de la prévoyance professionnelle);;campaign_financing;Montants budgétés;personne morale ou société de personnes;"Donateur/trice: economiesuisse, Acteur/trice: Allianz ""Ja zur BVG-Reform"", Zürich"
fr;1947;allowances;alphabetical;Financement des campagnes;11;22.09.2024 Loi fédérale sur la prévoyance professionnelle vieillesse, survivants et invalidité (LPP) (Réforme de la prévoyance professionnelle);;campaign_financing;Montants budgétés;personne morale ou société de personnes;"Donateur/trice: Schweizerischer Versicherungsverband, Acteur/trice: Allianz ""Ja zur BVG-Reform"", Zürich"
fr;1948;allowances;alphabetical;Financement des campagnes;11;22.09.2024 Loi fédérale sur la prévoyance professionnelle vieillesse, survivants et invalidité (LPP) (Réforme de la prévoyance professionnelle);;campaign_financing;Montants budgétés;personne morale ou société de personnes;"Donateur/trice: AXA Versicherungen, Acteur/trice: Allianz ""Ja zur BVG-Reform"", Zürich"
fr;1949;allowances;alphabetical;Financement des campagnes;11;22.09.2024 Loi fédérale sur la prévoyance professionnelle vieillesse, survivants et invalidité (LPP) (Réforme de la prévoyance professionnelle);;campaign_financing;Montants budgétés;personne morale ou société de personnes;"Donateur/trice: Asset Management Association Switzerland, Acteur/trice: Allianz ""Ja zur BVG-Reform"", Zürich"
fr;1950;allowances;alphabetical;Financement des campagnes;11;22.09.2024 Loi fédérale sur la prévoyance professionnelle vieillesse, survivants et invalidité (LPP) (Réforme de la prévoyance professionnelle);;campaign_financing;Montants budgétés;personne morale ou société de personnes;"Donateur/trice: Zürcher Handelskammer, Acteur/trice: Allianz ""Ja zur BVG-Reform"", Zürich"
fr;1951;allowances;alphabetical;Financement des campagnes;11;22.09.2024 Loi fédérale sur la prévoyance professionnelle vieillesse, survivants et invalidité (LPP) (Réforme de la prévoyance professionnelle);;campaign_financing;Montants budgétés;personne morale ou société de personnes;"Donateur/trice: Zürcher Handelskammer, Acteur/trice: Allianz ""Ja zur BVG-Reform"", Zürich"
fr;1952;allowances;alphabetical;Financement des campagnes;11;22.09.2024 Loi fédérale sur la prévoyance professionnelle vieillesse, survivants et invalidité (LPP) (Réforme de la prévoyance professionnelle);;campaign_financing;Montants budgétés;personne morale ou société de personnes;"Donateur/trice: Schweizerischer Arbeitgeberverband, Acteur/trice: Allianz ""Ja zur BVG-Reform"", Zürich"
fr;1953;allowances;alphabetical;Financement des campagnes;11;22.09.2024 Loi fédérale sur la prévoyance professionnelle vieillesse, survivants et invalidité (LPP) (Réforme de la prévoyance professionnelle);;campaign_financing;Montants budgétés;personne morale ou société de personnes;Donateur/trice: UNIA, Acteur/trice: Union syndicale suisse (USS), Berne
fr;1954;allowances;alphabetical;Financement des campagnes;11;22.09.2024 Loi fédérale sur la prévoyance professionnelle vieillesse, survivants et invalidité (LPP) (Réforme de la prévoyance professionnelle);;campaign_financing;Montants budgétés;personne morale ou société de personnes;Donateur/trice: SEV, Acteur/trice: Union syndicale suisse (USS), Berne
fr;1955;allowances;alphabetical;Financement des campagnes;11;22.09.2024 Loi fédérale sur la prévoyance professionnelle vieillesse, survivants et invalidité (LPP) (Réforme de la prévoyance professionnelle);;campaign_financing;Montants budgétés;personne morale ou société de personnes;Donateur/trice: Syndicom, Acteur/trice: Union syndicale suisse (USS), Berne
fr;1956;allowances;alphabetical;Financement des campagnes;11;22.09.2024 Loi fédérale sur la prévoyance professionnelle vieillesse, survivants et invalidité (LPP) (Réforme de la prévoyance professionnelle);;campaign_financing;Montants budgétés;personne morale ou société de personnes;Donateur/trice: VPOD, Acteur/trice: Union syndicale suisse (USS), Berne
fr;1957;allowances;alphabetical;Financement des campagnes;11;22.09.2024 Loi fédérale sur la prévoyance professionnelle vieillesse, survivants et invalidité (LPP) (Réforme de la prévoyance professionnelle);;campaign_financing;Montants budgétés;personne morale ou société de personnes;"Donateur/trice: Schweizerischer Versicherungsverband, Acteur/trice: Allianz ""Ja zur BVG-Reform"", Zürich"
fr;1958;allowances;alphabetical;Financement des campagnes;11;22.09.2024 Loi fédérale sur la prévoyance professionnelle vieillesse, survivants et invalidité (LPP) (Réforme de la prévoyance professionnelle);;campaign_financing;Montants budgétés;personne morale ou société de personnes;"Donateur/trice: AXA Versicherungen, Acteur/trice: Allianz ""Ja zur BVG-Reform"", Zürich"
fr;196;allowances;alphabetical;Financement des campagnes;1;22.10.2023 Élections au Conseil national 2023;2023;campaign_financing;Montants budgétés;personne morale ou société de personnes;Donateur/trice: SP Schweiz, Acteur/trice: Sozialdemokratische Partei des Kantons Zürich, Zürich
fr;197;allowances;alphabetical;Financement des campagnes;1;22.10.2023 Élections au Conseil national 2023;2023;campaign_financing;Montants budgétés;personne morale ou société de personnes;Donateur/trice: SP Schweiz, Acteur/trice: Sozialdemokratische Partei des Kantons Zürich, Zürich
fr;198;allowances;alphabetical;Financement des campagnes;1;22.10.2023 Élections au Conseil national 2023;2023;campaign_financing;Montants budgétés;personne morale ou société de personnes;Donateur/trice: SP Schweiz, Acteur/trice: Sozialdemokratische Partei des Kantons Zürich, Zürich
fr;1980;allowances;alphabetical;Financement des campagnes;13;24.11.2024 Modification du 29 septembre 2023 du code des obligations (droit du bail: sous-location);;campaign_financing;Montants budgétés;personne morale ou société de personnes;Donateur/trice: Hauseigentümerverband Schweiz, Acteur/trice: Hauseigentümerverband Aargau, Baden
fr;1986;allowances;alphabetical;Financement des campagnes;14;24.11.2024 Modification du 29 septembre 2023 du code des obligations (droit du bail: résiliation pour besoin propre);;campaign_financing;Montants budgétés;personne morale ou société de personnes;Donateur/trice: Hauseigentümerverband Schweiz, Acteur/trice: Hauseigentümerverband Aargau, Baden
fr;1987;allowances;alphabetical;Financement des campagnes;12;24.11.2024 Arrêté fédéral 29 septembre 2023 sur l’étape d’aménagement 2023 des routes nationales;2024;campaign_financing;Montants budgétés;personne physique;Donateur/trice: Werenfels Christine, Acteur/trice: Greenpeace Suisse, Zürich
fr;199;allowances;alphabetical;Financement des campagnes;1;22.10.2023 Élections au Conseil national 2023;2023;campaign_financing;Montants budgétés;personne physique;Donateur/trice: Burkhard Kroeber Carmita, Acteur/trice: Les Vert-e-s neuchâtelois-es, Neuchâtel
fr;2;allowances;alphabetical;Financement des campagnes;1;22.10.2023 Élections au Conseil national 2023;2023;campaign_financing;Montants budgétés;personne morale ou société de personnes;Donateur/trice: SP Kanton Zürich, Acteur/trice: Jungsozialist*innen des Kantons Zürich, Zürich
fr;20;allowances;alphabetical;Financement des campagnes;1;22.10.2023 Élections au Conseil national 2023;2023;campaign_financing;Montants budgétés;personne morale ou société de personnes;Donateur/trice: Supporter-Club der FDP Graubünden, Acteur/trice: Freisinnig-Demokratische Partei Graubünden, Chur
fr;200;allowances;alphabetical;Financement des campagnes;1;22.10.2023 Élections au Conseil national 2023;2023;campaign_financing;Montants budgétés;personne morale ou société de personnes;Donateur/trice: Gönnervereinigung der Mitte Kanton Bern, Acteur/trice: Die Mitte Kanton Bern, Bern
fr;201;allowances;alphabetical;Financement des campagnes;1;22.10.2023 Élections au Conseil national 2023;2023;campaign_financing;Montants budgétés;personne physique;Donateur/trice: Burkard Carmita, Acteur/trice: Grüne Aargau, Aarau
fr;2016;allowances;alphabetical;Financement des campagnes;15;24.11.2024 Modification du 22 décembre 2023 de la loi fédérale sur l’assurance-maladie (financement uniforme des prestations);;campaign_financing;Montants budgétés;personne morale ou société de personnes;Donateur/trice: VPOD - Verband des Personals öffentlicher Dienste, Acteur/trice: Union syndicale suisse (USS), Berne
fr;2017;allowances;alphabetical;Financement des campagnes;15;24.11.2024 Modification du 22 décembre 2023 de la loi fédérale sur l’assurance-maladie (financement uniforme des prestations);;campaign_financing;Montants budgétés;personne morale ou société de personnes;Donateur/trice: UNIA, Acteur/trice: Union syndicale suisse (USS), Berne
fr;2018;allowances;alphabetical;Financement des campagnes;15;24.11.2024 Modification du 22 décembre 2023 de la loi fédérale sur l’assurance-maladie (financement uniforme des prestations);;campaign_financing;Montants budgétés;personne morale ou société de personnes;Donateur/trice: SEV, Acteur/trice: Union syndicale suisse (USS), Berne
fr;2019;allowances;alphabetical;Financement des campagnes;15;24.11.2024 Modification du 22 décembre 2023 de la loi fédérale sur l’assurance-maladie (financement uniforme des prestations);;campaign_financing;Montants budgétés;personne morale ou société de personnes;Donateur/trice: Syndicom, Acteur/trice: Union syndicale suisse (USS), Berne
fr;202;allowances;alphabetical;Financement des campagnes;1;22.10.2023 Élections au Conseil national 2023;2023;campaign_financing;Montants budgétés;personne morale ou société de personnes;Donateur/trice: Greenpeace Schweiz, Acteur/trice: Umweltallianz, Zürich
fr;2020;allowances;alphabetical;Financement des campagnes;15;24.11.2024 Modification du 22 décembre 2023 de la loi fédérale sur l’assurance-maladie (financement uniforme des prestations);;campaign_financing;Montants budgétés;personne morale ou société de personnes;Donateur/trice: SGB - Schweizerischer Gewerkschaftsbund, Acteur/trice: Union syndicale suisse (USS), Berne
fr;203;allowances;alphabetical;Financement des campagnes;1;22.10.2023 Élections au Conseil national 2023;2023;campaign_financing;Montants budgétés;personne morale ou société de personnes;Donateur/trice: Pro Natura, Acteur/trice: Umweltallianz, Zürich
fr;204;allowances;alphabetical;Financement des campagnes;1;22.10.2023 Élections au Conseil national 2023;2023;campaign_financing;Montants budgétés;personne morale ou société de personnes;Donateur/trice: Pro Natura, Acteur/trice: Umweltallianz, Zürich
fr;2045;allowances;alphabetical;Financement des campagnes;15;24.11.2024 Modification du 22 décembre 2023 de la loi fédérale sur l’assurance-maladie (financement uniforme des prestations);;campaign_financing;Montants budgétés;personne morale ou société de personnes;Donateur/trice: Schweizerischer Verband der Personals öffentlicher Dienste, Acteur/trice: Syndicat suisse des services publics (SSP), Zurich
fr;2047;allowances;alphabetical;Financement des campagnes;14;24.11.2024 Modification du 29 septembre 2023 du code des obligations (droit du bail: résiliation pour besoin propre);;campaign_financing;Montants budgétés;personne morale ou société de personnes;Donateur/trice: Hauseigentümerverband Schweiz, Acteur/trice: HEV Kanton Zürich, Zürich
fr;2048;allowances;alphabetical;Financement des campagnes;13;24.11.2024 Modification du 29 septembre 2023 du code des obligations (droit du bail: sous-location);;campaign_financing;Montants budgétés;personne morale ou société de personnes;Donateur/trice: Hauseigentümerverband Schweiz, Acteur/trice: HEV Kanton Zürich, Zürich
fr;2049;allowances;alphabetical;Financement des campagnes;12;24.11.2024 Arrêté fédéral 29 septembre 2023 sur l’étape d’aménagement 2023 des routes nationales;2024;campaign_financing;Montants budgétés;personne morale ou société de personnes;"Donateur/trice: KGV St.Gallen, Acteur/trice: Überparteiliches Komitee ""Ja zur Sicherung der Nationalstrassen SG/TG"", St. Gallen"
fr;205;allowances;alphabetical;Financement des campagnes;1;22.10.2023 Élections au Conseil national 2023;2023;campaign_financing;Montants budgétés;personne morale ou société de personnes;Donateur/trice: VCS Verkehrs-Club der Schweiz, Acteur/trice: Umweltallianz, Zürich
fr;2050;allowances;alphabetical;Financement des campagnes;12;24.11.2024 Arrêté fédéral 29 septembre 2023 sur l’étape d’aménagement 2023 des routes nationales;2024;campaign_financing;Montants budgétés;personne morale ou société de personnes;"Donateur/trice: IG Engpassbeseitigung, Acteur/trice: Überparteiliches Komitee ""Ja zur Sicherung der Nationalstrassen SG/TG"", St. Gallen"
fr;2051;allowances;alphabetical;Financement des campagnes;12;24.11.2024 Arrêté fédéral 29 septembre 2023 sur l’étape d’aménagement 2023 des routes nationales;2024;campaign_financing;Montants budgétés;personne morale ou société de personnes;"Donateur/trice: Thurgauer Gewerbeverband TGV, Acteur/trice: Überparteiliches Komitee ""Ja zur Sicherung der Nationalstrassen SG/TG"", St. Gallen"
fr;2052;allowances;alphabetical;Financement des campagnes;12;24.11.2024 Arrêté fédéral 29 septembre 2023 sur l’étape d’aménagement 2023 des routes nationales;2024;campaign_financing;Montants budgétés;personne morale ou société de personnes;"Donateur/trice: TCS St.Gallen-Appenzell AI, Acteur/trice: Überparteiliches Komitee ""Ja zur Sicherung der Nationalstrassen SG/TG"", St. Gallen"
fr;2053;allowances;alphabetical;Financement des campagnes;12;24.11.2024 Arrêté fédéral 29 septembre 2023 sur l’étape d’aménagement 2023 des routes nationales;2024;campaign_financing;Montants budgétés;personne morale ou société de personnes;"Donateur/trice: ACS St.Gallen, Acteur/trice: Überparteiliches Komitee ""Ja zur Sicherung der Nationalstrassen SG/TG"", St. Gallen"
fr;2054;allowances;alphabetical;Financement des campagnes;12;24.11.2024 Arrêté fédéral 29 septembre 2023 sur l’étape d’aménagement 2023 des routes nationales;2024;campaign_financing;Montants budgétés;personne morale ou société de personnes;"Donateur/trice: AGVS SG-AR-AI-FL, Acteur/trice: Überparteiliches Komitee ""Ja zur Sicherung der Nationalstrassen SG/TG"", St. Gallen"
fr;2055;allowances;alphabetical;Financement des campagnes;12;24.11.2024 Arrêté fédéral 29 septembre 2023 sur l’étape d’aménagement 2023 des routes nationales;2024;campaign_financing;Montants budgétés;personne morale ou société de personnes;"Donateur/trice: Gewerbe Stadt St.Gallen, Acteur/trice: Überparteiliches Komitee ""Ja zur Sicherung der Nationalstrassen SG/TG"", St. Gallen"
fr;2056;allowances;alphabetical;Financement des campagnes;12;24.11.2024 Arrêté fédéral 29 septembre 2023 sur l’étape d’aménagement 2023 des routes nationales;2024;campaign_financing;Montants budgétés;personne morale ou société de personnes;"Donateur/trice: Wirtschaftregion St.Gallen WISG, Acteur/trice: Überparteiliches Komitee ""Ja zur Sicherung der Nationalstrassen SG/TG"", St. Gallen"
fr;2057;allowances;alphabetical;Financement des campagnes;12;24.11.2024 Arrêté fédéral 29 septembre 2023 sur l’étape d’aménagement 2023 des routes nationales;2024;campaign_financing;Montants budgétés;personne morale ou société de personnes;"Donateur/trice: HEV Stadt St.Gallen, Acteur/trice: Überparteiliches Komitee ""Ja zur Sicherung der Nationalstrassen SG/TG"", St. Gallen"
fr;2058;allowances;alphabetical;Financement des campagnes;13;24.11.2024 Modification du 29 septembre 2023 du code des obligations (droit du bail: sous-location);;campaign_financing;Montants budgétés;personne morale ou société de personnes;Donateur/trice: Hauseigentümerverband Schweiz, Acteur/trice: Hauseigentümerverband Kanton Bern, Bern
fr;2059;allowances;alphabetical;Financement des campagnes;14;24.11.2024 Modification du 29 septembre 2023 du code des obligations (droit du bail: résiliation pour besoin propre);;campaign_financing;Montants budgétés;personne morale ou société de personnes;Donateur/trice: Hauseigentümerverband Schweiz, Acteur/trice: Hauseigentümerverband Kanton Bern, Bern
fr;206;allowances;alphabetical;Financement des campagnes;1;22.10.2023 Élections au Conseil national 2023;2023;campaign_financing;Montants budgétés;personne morale ou société de personnes;Donateur/trice: VCS Verkehrs-Club der Schweiz, Acteur/trice: Umweltallianz, Zürich
fr;2060;allowances;alphabetical;Financement des campagnes;12;24.11.2024 Arrêté fédéral 29 septembre 2023 sur l’étape d’aménagement 2023 des routes nationales;2024;campaign_financing;Montants budgétés;personne morale ou société de personnes;Donateur/trice: umverkehR, Acteur/trice: actif-trafiC, Zurich
fr;207;allowances;alphabetical;Financement des campagnes;1;22.10.2023 Élections au Conseil national 2023;2023;campaign_financing;Montants budgétés;personne morale ou société de personnes;Donateur/trice: WWF Schweiz, Acteur/trice: WWF Suisse, Zurich
fr;208;allowances;alphabetical;Financement des campagnes;1;22.10.2023 Élections au Conseil national 2023;2023;campaign_financing;Montants budgétés;personne morale ou société de personnes;Donateur/trice: Arbeitgeberverband Region Basel, Acteur/trice: Schenker Saskia, Itingen
fr;209;allowances;alphabetical;Financement des campagnes;1;22.10.2023 Élections au Conseil national 2023;2023;campaign_financing;Montants budgétés;personne morale ou société de personnes;Donateur/trice: Treffpunkt AR plus, Acteur/trice: Schweizerische Volkspartei von Appenzell Ausserrhoden, Schönengrund
fr;211;allowances;alphabetical;Financement des campagnes;1;22.10.2023 Élections au Conseil national 2023;2023;campaign_financing;Montants budgétés;personne morale ou société de personnes;Donateur/trice: SUITO 1833, Acteur/trice: FDP.Die Liberalen Kanton Schwyz, Gersau
fr;212;allowances;alphabetical;Financement des campagnes;1;22.10.2023 Élections au Conseil national 2023;2023;campaign_financing;Montants budgétés;personne morale ou société de personnes;Donateur/trice: Schweizerischer Gewerbeverband, Acteur/trice: Schweizerische Volkspartei von Appenzell Ausserrhoden, Schönengrund
fr;213;allowances;alphabetical;Financement des campagnes;1;22.10.2023 Élections au Conseil national 2023;2023;campaign_financing;Montants budgétés;personne morale ou société de personnes;Donateur/trice: Freunde der FDP des Kantons Schwyz, Acteur/trice: FDP.Die Liberalen Kanton Schwyz, Gersau
fr;217;allowances;alphabetical;Financement des campagnes;1;22.10.2023 Élections au Conseil national 2023;2023;campaign_financing;Montants budgétés;personne physique;Donateur/trice: Burkard Carmita, Acteur/trice: Les Vert.e.s, mouvement écologiste vaudois, Lausanne
fr;22;allowances;alphabetical;Financement des campagnes;1;22.10.2023 Élections au Conseil national 2023;2023;campaign_financing;Montants budgétés;personne morale ou société de personnes;Donateur/trice: Evangelische Volkspartei der Schweiz, Acteur/trice: Evangelische Volkspartei des Kantons Aargau, Aarau
fr;221;allowances;alphabetical;Financement des campagnes;1;22.10.2023 Élections au Conseil national 2023;2023;campaign_financing;Montants budgétés;personne physique;Donateur/trice: Vietze Kristiane, Acteur/trice: Kris nach Bern, Frauenfeld
fr;2214;allowances;alphabetical;Financement des campagnes;12;24.11.2024 Arrêté fédéral 29 septembre 2023 sur l’étape d’aménagement 2023 des routes nationales;2024;campaign_financing;Montants budgétés;personne morale ou société de personnes;Donateur/trice: TCS Sektion Zürich, Acteur/trice: KMU- und Gewerbeverband Kanton Zürich, Zürich
fr;222;allowances;alphabetical;Financement des campagnes;1;22.10.2023 Élections au Conseil national 2023;2023;campaign_financing;Montants budgétés;personne morale ou société de personnes;Donateur/trice: COMITE DE COORDINATION DES ASSOCIATIONS ECONOMIQUES GENEVE, Acteur/trice: Union Démocratique du Centre, Genève, Les Acacias
fr;2220;allowances;alphabetical;Financement des campagnes;12;24.11.2024 Arrêté fédéral 29 septembre 2023 sur l’étape d’aménagement 2023 des routes nationales;2024;campaign_financing;Montants budgétés;personne morale ou société de personnes;Donateur/trice: Centre Patronal, Acteur/trice: Oui à la troisième voie – Assurer le futur des routes nationales, Paudex
fr;2221;allowances;alphabetical;Financement des campagnes;12;24.11.2024 Arrêté fédéral 29 septembre 2023 sur l’étape d’aménagement 2023 des routes nationales;2024;campaign_financing;Montants budgétés;personne morale ou société de personnes;Donateur/trice: FER-Genève, Acteur/trice: Oui à la troisième voie – Assurer le futur des routes nationales, Paudex
fr;2222;allowances;alphabetical;Financement des campagnes;12;24.11.2024 Arrêté fédéral 29 septembre 2023 sur l’étape d’aménagement 2023 des routes nationales;2024;campaign_financing;Montants budgétés;personne morale ou société de personnes;Donateur/trice: CCIG, Acteur/trice: Oui à la troisième voie – Assurer le futur des routes nationales, Paudex
fr;2223;allowances;alphabetical;Financement des campagnes;12;24.11.2024 Arrêté fédéral 29 septembre 2023 sur l’étape d’aménagement 2023 des routes nationales;2024;campaign_financing;Montants budgétés;personne morale ou société de personnes;Donateur/trice: CVCI, Acteur/trice: Oui à la troisième voie – Assurer le futur des routes nationales, Paudex
fr;2224;allowances;alphabetical;Financement des campagnes;12;24.11.2024 Arrêté fédéral 29 septembre 2023 sur l’étape d’aménagement 2023 des routes nationales;2024;campaign_financing;Montants budgétés;personne morale ou société de personnes;Donateur/trice: FVE (fédération vaudoise des entrepreneurs), Acteur/trice: Oui à la troisième voie – Assurer le futur des routes nationales, Paudex
fr;2235;allowances;alphabetical;Financement des campagnes;12;24.11.2024 Arrêté fédéral 29 septembre 2023 sur l’étape d’aménagement 2023 des routes nationales;2024;campaign_financing;Montants budgétés;personne morale ou société de personnes;Donateur/trice: TCS, Acteur/trice: Ja zur Sicherung der Nationalstrassen, Bern
fr;2236;allowances;alphabetical;Financement des campagnes;12;24.11.2024 Arrêté fédéral 29 septembre 2023 sur l’étape d’aménagement 2023 des routes nationales;2024;campaign_financing;Montants budgétés;personne morale ou société de personnes;Donateur/trice: auto schweiz, Acteur/trice: Ja zur Sicherung der Nationalstrassen, Bern
fr;2237;allowances;alphabetical;Financement des campagnes;12;24.11.2024 Arrêté fédéral 29 septembre 2023 sur l’étape d’aménagement 2023 des routes nationales;2024;campaign_financing;Montants budgétés;personne morale ou société de personnes;Donateur/trice: Astag, Acteur/trice: Ja zur Sicherung der Nationalstrassen, Bern
fr;2238;allowances;alphabetical;Financement des campagnes;12;24.11.2024 Arrêté fédéral 29 septembre 2023 sur l’étape d’aménagement 2023 des routes nationales;2024;campaign_financing;Montants budgétés;personne morale ou société de personnes;Donateur/trice: AGVS, Acteur/trice: Ja zur Sicherung der Nationalstrassen, Bern
fr;2239;allowances;alphabetical;Financement des campagnes;12;24.11.2024 Arrêté fédéral 29 septembre 2023 sur l’étape d’aménagement 2023 des routes nationales;2024;campaign_financing;Montants budgétés;personne morale ou société de personnes;Donateur/trice: Schweizerischer Baumeisterverband, Acteur/trice: Ja zur Sicherung der Nationalstrassen, Bern
fr;2240;allowances;alphabetical;Financement des campagnes;12;24.11.2024 Arrêté fédéral 29 septembre 2023 sur l’étape d’aménagement 2023 des routes nationales;2024;campaign_financing;Montants budgétés;personne morale ou société de personnes;Donateur/trice: strasseschweiz, Acteur/trice: Ja zur Sicherung der Nationalstrassen, Bern
fr;2241;allowances;alphabetical;Financement des campagnes;12;24.11.2024 Arrêté fédéral 29 septembre 2023 sur l’étape d’aménagement 2023 des routes nationales;2024;campaign_financing;Montants budgétés;personne morale ou société de personnes;Donateur/trice: Infra Suisse, Acteur/trice: Ja zur Sicherung der Nationalstrassen, Bern
fr;2242;allowances;alphabetical;Financement des campagnes;12;24.11.2024 Arrêté fédéral 29 septembre 2023 sur l’étape d’aménagement 2023 des routes nationales;2024;campaign_financing;Montants budgétés;personne morale ou société de personnes;Donateur/trice: ACS, Acteur/trice: Ja zur Sicherung der Nationalstrassen, Bern
fr;2243;allowances;alphabetical;Financement des campagnes;12;24.11.2024 Arrêté fédéral 29 septembre 2023 sur l’étape d’aménagement 2023 des routes nationales;2024;campaign_financing;Montants budgétés;personne morale ou société de personnes;Donateur/trice: Les Routiers Suisses, Acteur/trice: Ja zur Sicherung der Nationalstrassen, Bern
fr;2244;allowances;alphabetical;Financement des campagnes;12;24.11.2024 Arrêté fédéral 29 septembre 2023 sur l’étape d’aménagement 2023 des routes nationales;2024;campaign_financing;Montants budgétés;personne morale ou société de personnes;Donateur/trice: Fer Genève, Acteur/trice: Ja zur Sicherung der Nationalstrassen, Bern
fr;2245;allowances;alphabetical;Financement des campagnes;12;24.11.2024 Arrêté fédéral 29 septembre 2023 sur l’étape d’aménagement 2023 des routes nationales;2024;campaign_financing;Montants budgétés;personne morale ou société de personnes;Donateur/trice: economiesuisse, Acteur/trice: Ja zur Sicherung der Nationalstrassen, Bern
fr;2246;allowances;alphabetical;Financement des campagnes;12;24.11.2024 Arrêté fédéral 29 septembre 2023 sur l’étape d’aménagement 2023 des routes nationales;2024;campaign_financing;Montants budgétés;personne morale ou société de personnes;Donateur/trice: Centre Patronal, Acteur/trice: Ja zur Sicherung der Nationalstrassen, Bern
fr;2247;allowances;alphabetical;Financement des campagnes;12;24.11.2024 Arrêté fédéral 29 septembre 2023 sur l’étape d’aménagement 2023 des routes nationales;2024;campaign_financing;Montants budgétés;personne morale ou société de personnes;Donateur/trice: Scvhweizerischer Gewerbeverband sgv, Acteur/trice: Ja zur Sicherung der Nationalstrassen, Bern
fr;2248;allowances;alphabetical;Financement des campagnes;12;24.11.2024 Arrêté fédéral 29 septembre 2023 sur l’étape d’aménagement 2023 des routes nationales;2024;campaign_financing;Montants budgétés;personne morale ou société de personnes;Donateur/trice: TCS, Acteur/trice: Ja zur Sicherung der Nationalstrassen, Bern
fr;2249;allowances;alphabetical;Financement des campagnes;12;24.11.2024 Arrêté fédéral 29 septembre 2023 sur l’étape d’aménagement 2023 des routes nationales;2024;campaign_financing;Montants budgétés;personne morale ou société de personnes;Donateur/trice: auto-schweiz, Acteur/trice: Ja zur Sicherung der Nationalstrassen, Bern
fr;225;allowances;alphabetical;Financement des campagnes;1;22.10.2023 Élections au Conseil national 2023;2023;campaign_financing;Montants budgétés;personne morale ou société de personnes;Donateur/trice: Schweizerische Energiestiftung SES, Acteur/trice: Umweltallianz, Zürich
fr;2250;allowances;alphabetical;Financement des campagnes;12;24.11.2024 Arrêté fédéral 29 septembre 2023 sur l’étape d’aménagement 2023 des routes nationales;2024;campaign_financing;Montants budgétés;personne morale ou société de personnes;Donateur/trice: ASTAG, Acteur/trice: Ja zur Sicherung der Nationalstrassen, Bern
fr;2251;allowances;alphabetical;Financement des campagnes;12;24.11.2024 Arrêté fédéral 29 septembre 2023 sur l’étape d’aménagement 2023 des routes nationales;2024;campaign_financing;Montants budgétés;personne morale ou société de personnes;Donateur/trice: AGVS, Acteur/trice: Ja zur Sicherung der Nationalstrassen, Bern
fr;2252;allowances;alphabetical;Financement des campagnes;12;24.11.2024 Arrêté fédéral 29 septembre 2023 sur l’étape d’aménagement 2023 des routes nationales;2024;campaign_financing;Montants budgétés;personne morale ou société de personnes;Donateur/trice: strasseschweiz, Acteur/trice: Ja zur Sicherung der Nationalstrassen, Bern
fr;2253;allowances;alphabetical;Financement des campagnes;12;24.11.2024 Arrêté fédéral 29 septembre 2023 sur l’étape d’aménagement 2023 des routes nationales;2024;campaign_financing;Montants budgétés;personne morale ou société de personnes;Donateur/trice: ACS, Acteur/trice: Ja zur Sicherung der Nationalstrassen, Bern
fr;2254;allowances;alphabetical;Financement des campagnes;12;24.11.2024 Arrêté fédéral 29 septembre 2023 sur l’étape d’aménagement 2023 des routes nationales;2024;campaign_financing;Montants budgétés;personne morale ou société de personnes;Donateur/trice: Schweizerischer Gewerbeverband sgv, Acteur/trice: Ja zur Sicherung der Nationalstrassen, Bern
fr;2255;allowances;alphabetical;Financement des campagnes;12;24.11.2024 Arrêté fédéral 29 septembre 2023 sur l’étape d’aménagement 2023 des routes nationales;2024;campaign_financing;Montants budgétés;personne morale ou société de personnes;Donateur/trice: Handelskammer beider Basel, Acteur/trice: Ja zur Sicherung der Nationalstrassen, Bern
fr;2256;allowances;alphabetical;Financement des campagnes;12;24.11.2024 Arrêté fédéral 29 septembre 2023 sur l’étape d’aménagement 2023 des routes nationales;2024;campaign_financing;Montants budgétés;personne morale ou société de personnes;Donateur/trice: Handelskammer beider Basel, Acteur/trice: Ja zur Sicherung der Nationalstrassen, Bern
fr;2257;allowances;alphabetical;Financement des campagnes;12;24.11.2024 Arrêté fédéral 29 septembre 2023 sur l’étape d’aménagement 2023 des routes nationales;2024;campaign_financing;Montants budgétés;personne morale ou société de personnes;Donateur/trice: Wirtschaftskammer Baselland, Acteur/trice: Ja zur Sicherung der Nationalstrassen, Bern
fr;2258;allowances;alphabetical;Financement des campagnes;12;24.11.2024 Arrêté fédéral 29 septembre 2023 sur l’étape d’aménagement 2023 des routes nationales;2024;campaign_financing;Montants budgétés;personne morale ou société de personnes;Donateur/trice: Wirtschaftskammer Baselland, Acteur/trice: Ja zur Sicherung der Nationalstrassen, Bern
fr;2259;allowances;alphabetical;Financement des campagnes;12;24.11.2024 Arrêté fédéral 29 septembre 2023 sur l’étape d’aménagement 2023 des routes nationales;2024;campaign_financing;Montants budgétés;personne morale ou société de personnes;Donateur/trice: Bündner Gewerbeverband, Acteur/trice: Ja zur Sicherung der Nationalstrassen, Bern
fr;226;allowances;alphabetical;Financement des campagnes;1;22.10.2023 Élections au Conseil national 2023;2023;campaign_financing;Montants budgétés;personne morale ou société de personnes;Donateur/trice: Schweizerische Energiestiftung SES, Acteur/trice: Umweltallianz, Zürich
fr;2260;allowances;alphabetical;Financement des campagnes;12;24.11.2024 Arrêté fédéral 29 septembre 2023 sur l’étape d’aménagement 2023 des routes nationales;2024;campaign_financing;Montants budgétés;personne morale ou société de personnes;Donateur/trice: Bündener Gewerbeverbad, Acteur/trice: Ja zur Sicherung der Nationalstrassen, Bern
fr;2261;allowances;alphabetical;Financement des campagnes;12;24.11.2024 Arrêté fédéral 29 septembre 2023 sur l’étape d’aménagement 2023 des routes nationales;2024;campaign_financing;Montants budgétés;personne morale ou société de personnes;Donateur/trice: Freiburger Arbeitgeberverband, Acteur/trice: Ja zur Sicherung der Nationalstrassen, Bern
fr;2262;allowances;alphabetical;Financement des campagnes;12;24.11.2024 Arrêté fédéral 29 septembre 2023 sur l’étape d’aménagement 2023 des routes nationales;2024;campaign_financing;Montants budgétés;personne morale ou société de personnes;Donateur/trice: Freiburger Arbeitgeberverband, Acteur/trice: Ja zur Sicherung der Nationalstrassen, Bern
fr;2263;allowances;alphabetical;Financement des campagnes;12;24.11.2024 Arrêté fédéral 29 septembre 2023 sur l’étape d’aménagement 2023 des routes nationales;2024;campaign_financing;Montants budgétés;personne morale ou société de personnes;Donateur/trice: Unam, Acteur/trice: Ja zur Sicherung der Nationalstrassen, Bern
fr;2264;allowances;alphabetical;Financement des campagnes;12;24.11.2024 Arrêté fédéral 29 septembre 2023 sur l’étape d’aménagement 2023 des routes nationales;2024;campaign_financing;Montants budgétés;personne morale ou société de personnes;Donateur/trice: Unam, Acteur/trice: Ja zur Sicherung der Nationalstrassen, Bern
fr;2265;allowances;alphabetical;Financement des campagnes;12;24.11.2024 Arrêté fédéral 29 septembre 2023 sur l’étape d’aménagement 2023 des routes nationales;2024;campaign_financing;Montants budgétés;personne morale ou société de personnes;Donateur/trice: TCS Sektion Bern, Acteur/trice: Ja zur Sicherung der Nationalstrassen, Bern
fr;2266;allowances;alphabetical;Financement des campagnes;12;24.11.2024 Arrêté fédéral 29 septembre 2023 sur l’étape d’aménagement 2023 des routes nationales;2024;campaign_financing;Montants budgétés;personne morale ou société de personnes;Donateur/trice: Berner KMU, Acteur/trice: Ja zur Sicherung der Nationalstrassen, Bern
fr;2267;allowances;alphabetical;Financement des campagnes;12;24.11.2024 Arrêté fédéral 29 septembre 2023 sur l’étape d’aménagement 2023 des routes nationales;2024;campaign_financing;Montants budgétés;personne morale ou société de personnes;Donateur/trice: Berner KMU, Acteur/trice: Ja zur Sicherung der Nationalstrassen, Bern
fr;2268;allowances;alphabetical;Financement des campagnes;12;24.11.2024 Arrêté fédéral 29 septembre 2023 sur l’étape d’aménagement 2023 des routes nationales;2024;campaign_financing;Montants budgétés;personne morale ou société de personnes;Donateur/trice: HIV Bern, Acteur/trice: Ja zur Sicherung der Nationalstrassen, Bern
fr;2269;allowances;alphabetical;Financement des campagnes;12;24.11.2024 Arrêté fédéral 29 septembre 2023 sur l’étape d’aménagement 2023 des routes nationales;2024;campaign_financing;Montants budgétés;personne morale ou société de personnes;Donateur/trice: HIV Bern, Acteur/trice: Ja zur Sicherung der Nationalstrassen, Bern
fr;227;allowances;alphabetical;Financement des campagnes;1;22.10.2023 Élections au Conseil national 2023;2023;campaign_financing;Montants budgétés;personne morale ou société de personnes;Donateur/trice: BirdLife Schweiz, Acteur/trice: Umweltallianz, Zürich
fr;2270;allowances;alphabetical;Financement des campagnes;12;24.11.2024 Arrêté fédéral 29 septembre 2023 sur l’étape d’aménagement 2023 des routes nationales;2024;campaign_financing;Montants budgétés;personne morale ou société de personnes;Donateur/trice: HEV Bern, Acteur/trice: Ja zur Sicherung der Nationalstrassen, Bern
fr;2271;allowances;alphabetical;Financement des campagnes;12;24.11.2024 Arrêté fédéral 29 septembre 2023 sur l’étape d’aménagement 2023 des routes nationales;2024;campaign_financing;Montants budgétés;personne morale ou société de personnes;Donateur/trice: Avenergy suisse, Acteur/trice: Ja zur Sicherung der Nationalstrassen, Bern
fr;2272;allowances;alphabetical;Financement des partis politiques;9;2023;;party_financing;;personne physique;Donateur/trice: Albers Franz, Acteur/trice: PLR.Les Libéraux-Radicaux, Bern
fr;2273;allowances;alphabetical;Financement des partis politiques;9;2023;;party_financing;;personne morale ou société de personnes;Donateur/trice: Albert Brunner Erben, Acteur/trice: PLR.Les Libéraux-Radicaux, Bern
fr;2274;allowances;alphabetical;Financement des partis politiques;9;2023;;party_financing;;personne morale ou société de personnes;Donateur/trice: Auto-Schweiz Vereinigung, Acteur/trice: PLR.Les Libéraux-Radicaux, Bern
fr;2275;allowances;alphabetical;Financement des partis politiques;9;2023;;party_financing;;personne morale ou société de personnes;Donateur/trice: Auto-Schweiz Vereinigung, Acteur/trice: PLR.Les Libéraux-Radicaux, Bern
fr;2276;allowances;alphabetical;Financement des partis politiques;9;2023;;party_financing;;personne morale ou société de personnes;Donateur/trice: Avesco AG, Acteur/trice: PLR.Les Libéraux-Radicaux, Bern
fr;2277;allowances;alphabetical;Financement des partis politiques;9;2023;;party_financing;;personne morale ou société de personnes;Donateur/trice: Avesco AG, Acteur/trice: PLR.Les Libéraux-Radicaux, Bern
fr;2278;allowances;alphabetical;Financement des partis politiques;9;2023;;party_financing;;personne morale ou société de personnes;Donateur/trice: AXA Versicherungen AG, Acteur/trice: PLR.Les Libéraux-Radicaux, Bern
fr;2279;allowances;alphabetical;Financement des partis politiques;9;2023;;party_financing;;personne morale ou société de personnes;Donateur/trice: Baloise Versicherung AG, Acteur/trice: PLR.Les Libéraux-Radicaux, Bern
fr;228;allowances;alphabetical;Financement des campagnes;1;22.10.2023 Élections au Conseil national 2023;2023;campaign_financing;Montants budgétés;personne morale ou société de personnes;Donateur/trice: BirdLife Schweiz, Acteur/trice: Umweltallianz, Zürich
fr;2280;allowances;alphabetical;Financement des partis politiques;9;2023;;party_financing;;personne morale ou société de personnes;Donateur/trice: Bank Julius Bär and Co. Ltd., Acteur/trice: PLR.Les Libéraux-Radicaux, Bern
fr;2281;allowances;alphabetical;Financement des partis politiques;9;2023;;party_financing;;personne morale ou société de personnes;Donateur/trice: Bobst Mex SA, Acteur/trice: PLR.Les Libéraux-Radicaux, Bern
fr;2282;allowances;alphabetical;Financement des partis politiques;9;2023;;party_financing;;personne morale ou société de personnes;Donateur/trice: Bobst Mex SA, Acteur/trice: PLR.Les Libéraux-Radicaux, Bern
fr;2283;allowances;alphabetical;Financement des partis politiques;9;2023;;party_financing;;personne morale ou société de personnes;Donateur/trice: Bucher Industires AG, Acteur/trice: PLR.Les Libéraux-Radicaux, Bern
fr;2284;allowances;alphabetical;Financement des partis politiques;9;2023;;party_financing;;personne morale ou société de personnes;Donateur/trice: Credit Suisse AG, Acteur/trice: PLR.Les Libéraux-Radicaux, Bern
fr;2285;allowances;alphabetical;Financement des partis politiques;9;2023;;party_financing;;personne morale ou société de personnes;Donateur/trice: Credit Suisse AG, Acteur/trice: PLR.Les Libéraux-Radicaux, Bern
fr;2286;allowances;alphabetical;Financement des partis politiques;9;2023;;party_financing;;personne morale ou société de personnes;Donateur/trice: economiesuisse, Acteur/trice: PLR.Les Libéraux-Radicaux, Bern
fr;2287;allowances;alphabetical;Financement des partis politiques;9;2023;;party_financing;;personne morale ou société de personnes;Donateur/trice: economiesuisse, Acteur/trice: PLR.Les Libéraux-Radicaux, Bern
fr;2288;allowances;alphabetical;Financement des partis politiques;9;2023;;party_financing;;personne morale ou société de personnes;Donateur/trice: economiesuisse, Acteur/trice: PLR.Les Libéraux-Radicaux, Bern
fr;2289;allowances;alphabetical;Financement des partis politiques;9;2023;;party_financing;;personne morale ou société de personnes;Donateur/trice: economiesuisse, Acteur/trice: PLR.Les Libéraux-Radicaux, Bern
fr;2290;allowances;alphabetical;Financement des partis politiques;9;2023;;party_financing;;personne morale ou société de personnes;Donateur/trice: economiesuisse, Acteur/trice: PLR.Les Libéraux-Radicaux, Bern
fr;2291;allowances;alphabetical;Financement des partis politiques;9;2023;;party_financing;;personne morale ou société de personnes;Donateur/trice: Fondation Groupe Mutuel, Acteur/trice: PLR.Les Libéraux-Radicaux, Bern
fr;2292;allowances;alphabetical;Financement des partis politiques;9;2023;;party_financing;;personne morale ou société de personnes;Donateur/trice: Freunde der FDP, Acteur/trice: PLR.Les Libéraux-Radicaux, Bern
fr;2293;allowances;alphabetical;Financement des partis politiques;9;2023;;party_financing;;personne morale ou société de personnes;Donateur/trice: Helvetia Schweiz. Versicherung, Acteur/trice: PLR.Les Libéraux-Radicaux, Bern
fr;2294;allowances;alphabetical;Financement des partis politiques;9;2023;;party_financing;;personne morale ou société de personnes;Donateur/trice: Interpharma, Acteur/trice: PLR.Les Libéraux-Radicaux, Bern
fr;2295;allowances;alphabetical;Financement des partis politiques;9;2023;;party_financing;;personne physique;Donateur/trice: Kielholz Walter Bruno, Acteur/trice: PLR.Les Libéraux-Radicaux, Bern
fr;2296;allowances;alphabetical;Financement des partis politiques;9;2023;;party_financing;;personne physique;Donateur/trice: Kurer Peter, Acteur/trice: PLR.Les Libéraux-Radicaux, Bern
fr;2297;allowances;alphabetical;Financement des partis politiques;9;2023;;party_financing;;personne physique;Donateur/trice: Kurer Peter, Acteur/trice: PLR.Les Libéraux-Radicaux, Bern
fr;2298;allowances;alphabetical;Financement des partis politiques;9;2023;;party_financing;;personne physique;Donateur/trice: Kurer Peter, Acteur/trice: PLR.Les Libéraux-Radicaux, Bern
fr;2299;allowances;alphabetical;Financement des partis politiques;9;2023;;party_financing;;personne physique;Donateur/trice: Meier Robert, Acteur/trice: PLR.Les Libéraux-Radicaux, Bern
fr;23;allowances;alphabetical;Financement des campagnes;1;22.10.2023 Élections au Conseil national 2023;2023;campaign_financing;Montants budgétés;personne morale ou société de personnes;Donateur/trice: Raiffeisen Schweiz, Acteur/trice: Guggisberg Lars, Kirchlindach
fr;2300;allowances;alphabetical;Financement des partis politiques;9;2023;;party_financing;;personne physique;Donateur/trice: Meier Robert, Acteur/trice: PLR.Les Libéraux-Radicaux, Bern
fr;2301;allowances;alphabetical;Financement des partis politiques;9;2023;;party_financing;;personne physique;Donateur/trice: Mosimann Philip, Acteur/trice: PLR.Les Libéraux-Radicaux, Bern
fr;2302;allowances;alphabetical;Financement des partis politiques;9;2023;;party_financing;;personne physique;Donateur/trice: Mosimann Philip, Acteur/trice: PLR.Les Libéraux-Radicaux, Bern
fr;2303;allowances;alphabetical;Financement des partis politiques;9;2023;;party_financing;;personne physique;Donateur/trice: Mosimann Philip, Acteur/trice: PLR.Les Libéraux-Radicaux, Bern
fr;2304;allowances;alphabetical;Financement des partis politiques;9;2023;;party_financing;;personne physique;Donateur/trice: Mosimann Philip, Acteur/trice: PLR.Les Libéraux-Radicaux, Bern
fr;2305;allowances;alphabetical;Financement des partis politiques;9;2023;;party_financing;;personne morale ou société de personnes;Donateur/trice: Nestle S.A., Acteur/trice: PLR.Les Libéraux-Radicaux, Bern
fr;2306;allowances;alphabetical;Financement des partis politiques;9;2023;;party_financing;;personne morale ou société de personnes;Donateur/trice: Novartis International AG, Acteur/trice: PLR.Les Libéraux-Radicaux, Bern
fr;2307;allowances;alphabetical;Financement des partis politiques;9;2023;;party_financing;;personne morale ou société de personnes;Donateur/trice: Pema Holding AG, Acteur/trice: PLR.Les Libéraux-Radicaux, Bern
fr;2308;allowances;alphabetical;Financement des partis politiques;9;2023;;party_financing;;personne morale ou société de personnes;Donateur/trice: Philip Morris Switzerland Sàrl, Acteur/trice: PLR.Les Libéraux-Radicaux, Bern
fr;2309;allowances;alphabetical;Financement des partis politiques;9;2023;;party_financing;;personne morale ou société de personnes;Donateur/trice: Planzer Transport AG, Acteur/trice: PLR.Les Libéraux-Radicaux, Bern
fr;231;allowances;alphabetical;Financement des campagnes;1;22.10.2023 Élections au Conseil national 2023;2023;campaign_financing;Montants budgétés;personne physique;Donateur/trice: Syz Eric, Acteur/trice: Arbeitsgemeinschaft Wirtschaft und Gesellschaft des Kantons Zürich (AWG), Zürich
fr;2310;allowances;alphabetical;Financement des partis politiques;9;2023;;party_financing;;personne morale ou société de personnes;Donateur/trice: Raiffeisen Schweiz Genossenschaft, Acteur/trice: PLR.Les Libéraux-Radicaux, Bern
fr;2311;allowances;alphabetical;Financement des partis politiques;9;2023;;party_financing;;personne morale ou société de personnes;Donateur/trice: Roche Holding AG, Acteur/trice: PLR.Les Libéraux-Radicaux, Bern
fr;2312;allowances;alphabetical;Financement des partis politiques;9;2023;;party_financing;;personne morale ou société de personnes;Donateur/trice: Schelling AG, Acteur/trice: PLR.Les Libéraux-Radicaux, Bern
fr;2313;allowances;alphabetical;Financement des partis politiques;9;2023;;party_financing;;personne morale ou société de personnes;Donateur/trice: Schelling AG, Acteur/trice: PLR.Les Libéraux-Radicaux, Bern
fr;2314;allowances;alphabetical;Financement des partis politiques;9;2023;;party_financing;;personne morale ou société de personnes;Donateur/trice: Schelling AG, Acteur/trice: PLR.Les Libéraux-Radicaux, Bern
fr;2315;allowances;alphabetical;Financement des partis politiques;9;2023;;party_financing;;personne morale ou société de personnes;Donateur/trice: Schindler Aufzüge AG, Acteur/trice: PLR.Les Libéraux-Radicaux, Bern
fr;2316;allowances;alphabetical;Financement des partis politiques;9;2023;;party_financing;;personne physique;Donateur/trice: Schmidheiny Thomas, Acteur/trice: PLR.Les Libéraux-Radicaux, Bern
fr;2317;allowances;alphabetical;Financement des partis politiques;9;2023;;party_financing;;personne morale ou société de personnes;Donateur/trice: Schweizerische Bankiervereinigung, Acteur/trice: PLR.Les Libéraux-Radicaux, Bern
fr;2318;allowances;alphabetical;Financement des partis politiques;9;2023;;party_financing;;personne morale ou société de personnes;Donateur/trice: Schweizerische Mobiliar Versicherungsgesellschaft AG, Acteur/trice: PLR.Les Libéraux-Radicaux, Bern
fr;2319;allowances;alphabetical;Financement des partis politiques;9;2023;;party_financing;;personne morale ou société de personnes;Donateur/trice: Schweizerischer Arbeitgeberverband, Acteur/trice: PLR.Les Libéraux-Radicaux, Bern
fr;2320;allowances;alphabetical;Financement des partis politiques;9;2023;;party_financing;;personne morale ou société de personnes;Donateur/trice: Schweizerischer Versicherungsverband SVV, Acteur/trice: PLR.Les Libéraux-Radicaux, Bern
fr;2321;allowances;alphabetical;Financement des partis politiques;9;2023;;party_financing;;personne morale ou société de personnes;Donateur/trice: Sika AG, Acteur/trice: PLR.Les Libéraux-Radicaux, Bern
fr;2322;allowances;alphabetical;Financement des partis politiques;9;2023;;party_financing;;personne morale ou société de personnes;Donateur/trice: Six Group Services AG, Acteur/trice: PLR.Les Libéraux-Radicaux, Bern
fr;2323;allowances;alphabetical;Financement des partis politiques;9;2023;;party_financing;;personne morale ou société de personnes;Donateur/trice: Six Group Services AG, Acteur/trice: PLR.Les Libéraux-Radicaux, Bern
fr;2324;allowances;alphabetical;Financement des partis politiques;9;2023;;party_financing;;personne physique;Donateur/trice: Sprüngli Luzius, Acteur/trice: PLR.Les Libéraux-Radicaux, Bern
fr;2325;allowances;alphabetical;Financement des partis politiques;9;2023;;party_financing;;personne physique;Donateur/trice: Sprüngli Luzius, Acteur/trice: PLR.Les Libéraux-Radicaux, Bern
fr;2326;allowances;alphabetical;Financement des partis politiques;9;2023;;party_financing;;personne morale ou société de personnes;Donateur/trice: Sulzer Management AG, Acteur/trice: PLR.Les Libéraux-Radicaux, Bern
fr;2327;allowances;alphabetical;Financement des partis politiques;9;2023;;party_financing;;personne morale ou société de personnes;Donateur/trice: Swiss International Air Lines AG, Acteur/trice: PLR.Les Libéraux-Radicaux, Bern
fr;2328;allowances;alphabetical;Financement des partis politiques;9;2023;;party_financing;;personne morale ou société de personnes;Donateur/trice: Swiss Life AG, Acteur/trice: PLR.Les Libéraux-Radicaux, Bern
fr;2329;allowances;alphabetical;Financement des partis politiques;9;2023;;party_financing;;personne morale ou société de personnes;Donateur/trice: Swiss Re Management Ltd, Acteur/trice: PLR.Les Libéraux-Radicaux, Bern
fr;2330;allowances;alphabetical;Financement des partis politiques;9;2023;;party_financing;;personne morale ou société de personnes;Donateur/trice: Swiss Reinsurance Company Limited, Acteur/trice: PLR.Les Libéraux-Radicaux, Bern
fr;2331;allowances;alphabetical;Financement des partis politiques;9;2023;;party_financing;;personne physique;Donateur/trice: Syz David, Acteur/trice: PLR.Les Libéraux-Radicaux, Bern
fr;2332;allowances;alphabetical;Financement des partis politiques;9;2023;;party_financing;;personne morale ou société de personnes;Donateur/trice: UBS AG, Acteur/trice: PLR.Les Libéraux-Radicaux, Bern
fr;2333;allowances;alphabetical;Financement des partis politiques;9;2023;;party_financing;;personne physique;Donateur/trice: Vogt Valentin, Acteur/trice: PLR.Les Libéraux-Radicaux, Bern
fr;2334;allowances;alphabetical;Financement des partis politiques;9;2023;;party_financing;;personne physique;Donateur/trice: Vogt Valentin, Acteur/trice: PLR.Les Libéraux-Radicaux, Bern
fr;2335;allowances;alphabetical;Financement des partis politiques;9;2023;;party_financing;;personne physique;Donateur/trice: Wellauer Thomas u/o Marianne, Acteur/trice: PLR.Les Libéraux-Radicaux, Bern
fr;2336;allowances;alphabetical;Financement des partis politiques;9;2023;;party_financing;;personne morale ou société de personnes;Donateur/trice: Zuerich Versicherungsgesellschaft AG, Acteur/trice: PLR.Les Libéraux-Radicaux, Bern
fr;2337;allowances;alphabetical;Financement des partis politiques;9;2023;;party_financing;;personne morale ou société de personnes;Donateur/trice: Vereinigung zur Erhaltung und Verbreitung der freiheitichen Staatsauffassung, Acteur/trice: PLR.Les Libéraux-Radicaux, Bern
fr;2338;allowances;alphabetical;Financement des campagnes;5;09.06.2024 Maximum 10 % du revenu pour les primes d’assurance-maladie (initiative d’allègement des primes);;campaign_financing;Montants finaux;personne morale ou société de personnes;Donateur/trice: economiesuisse, Acteur/trice: Allianz 2x Nein zu den Gesundheitsinitiativen, Bern
fr;2339;allowances;alphabetical;Financement des campagnes;5;09.06.2024 Maximum 10 % du revenu pour les primes d’assurance-maladie (initiative d’allègement des primes);;campaign_financing;Montants finaux;personne morale ou société de personnes;Donateur/trice: Zürcher Handelskammer, Acteur/trice: Allianz 2x Nein zu den Gesundheitsinitiativen, Bern
fr;234;allowances;alphabetical;Financement des campagnes;1;22.10.2023 Élections au Conseil national 2023;2023;campaign_financing;Montants budgétés;personne morale ou société de personnes;Donateur/trice: Schweizerischer Gewerbeverband, Acteur/trice: Wahlkomitee Nationalratswahlen 2023 von Diana Gutjahr, Amriswil
fr;2340;allowances;alphabetical;Financement des campagnes;5;09.06.2024 Maximum 10 % du revenu pour les primes d’assurance-maladie (initiative d’allègement des primes);;campaign_financing;Montants finaux;personne morale ou société de personnes;Donateur/trice: KMU- und Gewerbeverband Kanton Zürich, Acteur/trice: Allianz 2x Nein zu den Gesundheitsinitiativen, Bern
fr;2341;allowances;alphabetical;Financement des campagnes;5;09.06.2024 Maximum 10 % du revenu pour les primes d’assurance-maladie (initiative d’allègement des primes);;campaign_financing;Montants finaux;personne morale ou société de personnes;Donateur/trice: Zürcher Handelskammer, Acteur/trice: Allianz 2x Nein zu den Gesundheitsinitiativen, Bern
fr;2342;allowances;alphabetical;Financement des campagnes;5;09.06.2024 Maximum 10 % du revenu pour les primes d’assurance-maladie (initiative d’allègement des primes);;campaign_financing;Montants finaux;personne morale ou société de personnes;Donateur/trice: economiesuisse, Acteur/trice: Allianz 2x Nein zu den Gesundheitsinitiativen, Bern
fr;2343;allowances;alphabetical;Financement des campagnes;5;09.06.2024 Maximum 10 % du revenu pour les primes d’assurance-maladie (initiative d’allègement des primes);;campaign_financing;Montants finaux;personne morale ou société de personnes;Donateur/trice: economiesuisse, Acteur/trice: Allianz 2x Nein zu den Gesundheitsinitiativen, Bern
fr;2344;allowances;alphabetical;Financement des campagnes;5;09.06.2024 Maximum 10 % du revenu pour les primes d’assurance-maladie (initiative d’allègement des primes);;campaign_financing;Montants finaux;personne morale ou société de personnes;Donateur/trice: economiesuisse, Acteur/trice: Allianz 2x Nein zu den Gesundheitsinitiativen, Bern
fr;2345;allowances;alphabetical;Financement des campagnes;6;09.06.2024 Pour des primes plus basses. Frein aux coûts dans le système de santé (initiative pour un frein aux coûts);;campaign_financing;Montants finaux;personne morale ou société de personnes;Donateur/trice: economiesuisse, Acteur/trice: Allianz 2x Nein zu den Gesundheitsinitiativen, Bern
fr;2346;allowances;alphabetical;Financement des campagnes;6;09.06.2024 Pour des primes plus basses. Frein aux coûts dans le système de santé (initiative pour un frein aux coûts);;campaign_financing;Montants finaux;personne morale ou société de personnes;Donateur/trice: Zürcher Handelskammer, Acteur/trice: Allianz 2x Nein zu den Gesundheitsinitiativen, Bern
fr;2347;allowances;alphabetical;Financement des campagnes;6;09.06.2024 Pour des primes plus basses. Frein aux coûts dans le système de santé (initiative pour un frein aux coûts);;campaign_financing;Montants finaux;personne morale ou société de personnes;Donateur/trice: Zürcher Handelskammer, Acteur/trice: Allianz 2x Nein zu den Gesundheitsinitiativen, Bern
fr;2348;allowances;alphabetical;Financement des campagnes;6;09.06.2024 Pour des primes plus basses. Frein aux coûts dans le système de santé (initiative pour un frein aux coûts);;campaign_financing;Montants finaux;personne morale ou société de personnes;Donateur/trice: KMU- und Gewerbeverband Kanton Zürich, Acteur/trice: Allianz 2x Nein zu den Gesundheitsinitiativen, Bern
fr;2349;allowances;alphabetical;Financement des campagnes;6;09.06.2024 Pour des primes plus basses. Frein aux coûts dans le système de santé (initiative pour un frein aux coûts);;campaign_financing;Montants finaux;personne morale ou société de personnes;Donateur/trice: economiesuisse, Acteur/trice: Allianz 2x Nein zu den Gesundheitsinitiativen, Bern
fr;235;allowances;alphabetical;Financement des campagnes;1;22.10.2023 Élections au Conseil national 2023;2023;campaign_financing;Montants budgétés;personne morale ou société de personnes;Donateur/trice: Raiffeisen Schweiz, Acteur/trice: Schilliger Peter, Udligenswil
fr;2350;allowances;alphabetical;Financement des campagnes;6;09.06.2024 Pour des primes plus basses. Frein aux coûts dans le système de santé (initiative pour un frein aux coûts);;campaign_financing;Montants finaux;personne morale ou société de personnes;Donateur/trice: economiesuisse, Acteur/trice: Allianz 2x Nein zu den Gesundheitsinitiativen, Bern
fr;2351;allowances;alphabetical;Financement des campagnes;6;09.06.2024 Pour des primes plus basses. Frein aux coûts dans le système de santé (initiative pour un frein aux coûts);;campaign_financing;Montants finaux;personne morale ou société de personnes;Donateur/trice: F. Hoffmann-La Roche AG, Acteur/trice: Allianz 2x Nein zu den Gesundheitsinitiativen, Bern
fr;2352;allowances;alphabetical;Financement des campagnes;6;09.06.2024 Pour des primes plus basses. Frein aux coûts dans le système de santé (initiative pour un frein aux coûts);;campaign_financing;Montants finaux;personne morale ou société de personnes;Donateur/trice: economiesuisse, Acteur/trice: Allianz 2x Nein zu den Gesundheitsinitiativen, Bern
fr;236;allowances;alphabetical;Financement des campagnes;1;22.10.2023 Élections au Conseil national 2023;2023;campaign_financing;Montants budgétés;personne morale ou société de personnes;Donateur/trice: TCS Schweiz und Sektion Waldstätte, Acteur/trice: Schilliger Peter, Udligenswil
fr;237;allowances;alphabetical;Financement des campagnes;1;22.10.2023 Élections au Conseil national 2023;2023;campaign_financing;Montants budgétés;personne morale ou société de personnes;Donateur/trice: Schweizerischer Gebäudetechnikverband - suissetec, Acteur/trice: Schilliger Peter, Udligenswil
fr;2372;allowances;alphabetical;Financement des campagnes;1;22.10.2023 Élections au Conseil national 2023;2023;campaign_financing;Montants finaux;personne physique;Donateur/trice: Albers Franz, Acteur/trice: PLR.Les Libéraux-Radicaux, Bern
fr;2373;allowances;alphabetical;Financement des campagnes;1;22.10.2023 Élections au Conseil national 2023;2023;campaign_financing;Montants finaux;personne physique;Donateur/trice: Kielholz Walter Bruno, Acteur/trice: PLR.Les Libéraux-Radicaux, Bern
fr;2374;allowances;alphabetical;Financement des campagnes;1;22.10.2023 Élections au Conseil national 2023;2023;campaign_financing;Montants finaux;personne physique;Donateur/trice: Kurer Peter, Acteur/trice: PLR.Les Libéraux-Radicaux, Bern
fr;2375;allowances;alphabetical;Financement des campagnes;1;22.10.2023 Élections au Conseil national 2023;2023;campaign_financing;Montants finaux;personne physique;Donateur/trice: Kurer Peter, Acteur/trice: PLR.Les Libéraux-Radicaux, Bern
fr;2376;allowances;alphabetical;Financement des campagnes;1;22.10.2023 Élections au Conseil national 2023;2023;campaign_financing;Montants finaux;personne physique;Donateur/trice: Meier Robert, Acteur/trice: PLR.Les Libéraux-Radicaux, Bern
fr;2377;allowances;alphabetical;Financement des campagnes;1;22.10.2023 Élections au Conseil national 2023;2023;campaign_financing;Montants finaux;personne physique;Donateur/trice: Meier Robert, Acteur/trice: PLR.Les Libéraux-Radicaux, Bern
fr;2378;allowances;alphabetical;Financement des campagnes;1;22.10.2023 Élections au Conseil national 2023;2023;campaign_financing;Montants finaux;personne physique;Donateur/trice: Mosimann Philip, Acteur/trice: PLR.Les Libéraux-Radicaux, Bern
fr;2379;allowances;alphabetical;Financement des campagnes;1;22.10.2023 Élections au Conseil national 2023;2023;campaign_financing;Montants finaux;personne physique;Donateur/trice: Mosimann Philip, Acteur/trice: PLR.Les Libéraux-Radicaux, Bern
fr;238;allowances;alphabetical;Financement des campagnes;1;22.10.2023 Élections au Conseil national 2023;2023;campaign_financing;Montants budgétés;personne morale ou société de personnes;Donateur/trice: Schweizerischer Gewerbeverband - SGV, Acteur/trice: Schilliger Peter, Udligenswil
fr;2380;allowances;alphabetical;Financement des campagnes;1;22.10.2023 Élections au Conseil national 2023;2023;campaign_financing;Montants finaux;personne physique;Donateur/trice: Mosimann Philip, Acteur/trice: PLR.Les Libéraux-Radicaux, Bern
fr;2381;allowances;alphabetical;Financement des campagnes;1;22.10.2023 Élections au Conseil national 2023;2023;campaign_financing;Montants finaux;personne physique;Donateur/trice: Schmidheiny Thomas, Acteur/trice: PLR.Les Libéraux-Radicaux, Bern
fr;2382;allowances;alphabetical;Financement des campagnes;1;22.10.2023 Élections au Conseil national 2023;2023;campaign_financing;Montants finaux;personne physique;Donateur/trice: Sprüngli Luzius, Acteur/trice: PLR.Les Libéraux-Radicaux, Bern
fr;2383;allowances;alphabetical;Financement des campagnes;1;22.10.2023 Élections au Conseil national 2023;2023;campaign_financing;Montants finaux;personne physique;Donateur/trice: Syz David, Acteur/trice: PLR.Les Libéraux-Radicaux, Bern
fr;2384;allowances;alphabetical;Financement des campagnes;1;22.10.2023 Élections au Conseil national 2023;2023;campaign_financing;Montants finaux;personne physique;Donateur/trice: Vogt Valentin, Acteur/trice: PLR.Les Libéraux-Radicaux, Bern
fr;2385;allowances;alphabetical;Financement des campagnes;1;22.10.2023 Élections au Conseil national 2023;2023;campaign_financing;Montants finaux;personne physique;Donateur/trice: Vogt Valentin, Acteur/trice: PLR.Les Libéraux-Radicaux, Bern
fr;2386;allowances;alphabetical;Financement des campagnes;1;22.10.2023 Élections au Conseil national 2023;2023;campaign_financing;Montants finaux;personne morale ou société de personnes;Donateur/trice: Philip Morris Switzerland Sàrl, Acteur/trice: PLR.Les Libéraux-Radicaux, Bern
fr;2387;allowances;alphabetical;Financement des campagnes;1;22.10.2023 Élections au Conseil national 2023;2023;campaign_financing;Montants finaux;personne morale ou société de personnes;Donateur/trice: Planzer Transport AG, Acteur/trice: PLR.Les Libéraux-Radicaux, Bern
fr;2388;allowances;alphabetical;Financement des campagnes;1;22.10.2023 Élections au Conseil national 2023;2023;campaign_financing;Montants finaux;personne morale ou société de personnes;Donateur/trice: Schweizerischer Arbeitgeberverband, Acteur/trice: PLR.Les Libéraux-Radicaux, Bern
fr;2389;allowances;alphabetical;Financement des campagnes;1;22.10.2023 Élections au Conseil national 2023;2023;campaign_financing;Montants finaux;personne morale ou société de personnes;Donateur/trice: Freunde der FDP, Acteur/trice: PLR.Les Libéraux-Radicaux, Bern
fr;239;allowances;alphabetical;Financement des campagnes;1;22.10.2023 Élections au Conseil national 2023;2023;campaign_financing;Montants budgétés;personne physique;Donateur/trice: Gugger Niklaus (Nik), Acteur/trice: Evangelische Volkspartei (EVP) des Kantons Zürich, Zürich
fr;2390;allowances;alphabetical;Financement des campagnes;11;22.09.2024 Loi fédérale sur la prévoyance professionnelle vieillesse, survivants et invalidité (LPP) (Réforme de la prévoyance professionnelle);;campaign_financing;Montants finaux;personne morale ou société de personnes;"Donateur/trice: GastroSuisse, Acteur/trice: Wirtschaftsallianz ""NEIN zur BVG-Scheinreform"", Zürich"
fr;2391;allowances;alphabetical;Financement des campagnes;11;22.09.2024 Loi fédérale sur la prévoyance professionnelle vieillesse, survivants et invalidité (LPP) (Réforme de la prévoyance professionnelle);;campaign_financing;Montants finaux;personne morale ou société de personnes;"Donateur/trice: Centre Patronal, Acteur/trice: Wirtschaftsallianz ""NEIN zur BVG-Scheinreform"", Zürich"
fr;2392;allowances;alphabetical;Financement des campagnes;11;22.09.2024 Loi fédérale sur la prévoyance professionnelle vieillesse, survivants et invalidité (LPP) (Réforme de la prévoyance professionnelle);;campaign_financing;Montants finaux;personne morale ou société de personnes;"Donateur/trice: Verband der Tankstellenshop-Betreiber der Schweiz VTSS, Acteur/trice: Wirtschaftsallianz ""NEIN zur BVG-Scheinreform"", Zürich"
fr;24;allowances;alphabetical;Financement des campagnes;1;22.10.2023 Élections au Conseil national 2023;2023;campaign_financing;Montants budgétés;personne morale ou société de personnes;Donateur/trice: TCS Schweiz, Sektion Bern, Region Bern-Mittelland, Acteur/trice: Guggisberg Lars, Kirchlindach
fr;240;allowances;alphabetical;Financement des campagnes;1;22.10.2023 Élections au Conseil national 2023;2023;campaign_financing;Montants budgétés;personne physique;Donateur/trice: Scognamiglio Donato Flavio (Donato), Acteur/trice: Evangelische Volkspartei (EVP) des Kantons Zürich, Zürich
fr;2404;allowances;alphabetical;Financement des campagnes;10;22.09.2024 Pour l’avenir de notre nature et de notre paysage (Initiative biodiversité);;campaign_financing;Montants finaux;personne morale ou société de personnes;Donateur/trice: Schweizer Zucker AG, Acteur/trice: Union Suisse des Paysans (USP), Brugg
fr;2405;allowances;alphabetical;Financement des campagnes;10;22.09.2024 Pour l’avenir de notre nature et de notre paysage (Initiative biodiversité);;campaign_financing;Montants finaux;personne morale ou société de personnes;Donateur/trice: Gallosuisse, Acteur/trice: Union Suisse des Paysans (USP), Brugg
fr;2406;allowances;alphabetical;Financement des campagnes;10;22.09.2024 Pour l’avenir de notre nature et de notre paysage (Initiative biodiversité);;campaign_financing;Montants finaux;personne morale ou société de personnes;Donateur/trice: Suisseporcs, Acteur/trice: Union Suisse des Paysans (USP), Brugg
fr;2407;allowances;alphabetical;Financement des campagnes;10;22.09.2024 Pour l’avenir de notre nature et de notre paysage (Initiative biodiversité);;campaign_financing;Montants finaux;personne morale ou société de personnes;Donateur/trice: Schweizer Obstverband, Acteur/trice: Union Suisse des Paysans (USP), Brugg
fr;2408;allowances;alphabetical;Financement des campagnes;10;22.09.2024 Pour l’avenir de notre nature et de notre paysage (Initiative biodiversité);;campaign_financing;Montants finaux;personne morale ou société de personnes;Donateur/trice: Vereinigung Schweizer Kartoffelproduzenten, Acteur/trice: Union Suisse des Paysans (USP), Brugg
fr;2409;allowances;alphabetical;Financement des campagnes;10;22.09.2024 Pour l’avenir de notre nature et de notre paysage (Initiative biodiversité);;campaign_financing;Montants finaux;personne morale ou société de personnes;Donateur/trice: Schweizer Milchproduzenten, Acteur/trice: Union Suisse des Paysans (USP), Brugg
fr;241;allowances;alphabetical;Financement des campagnes;1;22.10.2023 Élections au Conseil national 2023;2023;campaign_financing;Montants budgétés;personne morale ou société de personnes;Donateur/trice: Philip Morris Switzerland Sàrl, Acteur/trice: Union Démocratique du Centre (UDC), Bern
fr;2410;allowances;alphabetical;Financement des campagnes;10;22.09.2024 Pour l’avenir de notre nature et de notre paysage (Initiative biodiversité);;campaign_financing;Montants finaux;personne morale ou société de personnes;Donateur/trice: Verband Schweizerischer Elektrizitätsunternehmen, Acteur/trice: Union Suisse des Paysans (USP), Brugg
fr;2411;allowances;alphabetical;Financement des campagnes;10;22.09.2024 Pour l’avenir de notre nature et de notre paysage (Initiative biodiversité);;campaign_financing;Montants finaux;personne morale ou société de personnes;Donateur/trice: Swiss Granum, Acteur/trice: Union Suisse des Paysans (USP), Brugg
fr;2412;allowances;alphabetical;Financement des campagnes;10;22.09.2024 Pour l’avenir de notre nature et de notre paysage (Initiative biodiversité);;campaign_financing;Montants finaux;personne morale ou société de personnes;Donateur/trice: Landtechnik Schweiz, Acteur/trice: Union Suisse des Paysans (USP), Brugg
fr;2413;allowances;alphabetical;Financement des campagnes;10;22.09.2024 Pour l’avenir de notre nature et de notre paysage (Initiative biodiversité);;campaign_financing;Montants finaux;personne morale ou société de personnes;Donateur/trice: Schweizer Bauernverband, Acteur/trice: Union Suisse des Paysans (USP), Brugg
fr;2414;allowances;alphabetical;Financement des campagnes;10;22.09.2024 Pour l’avenir de notre nature et de notre paysage (Initiative biodiversité);;campaign_financing;Montants finaux;personne morale ou société de personnes;Donateur/trice: Prométerre, Acteur/trice: Union Suisse des Paysans (USP), Brugg
fr;242;allowances;alphabetical;Financement des campagnes;1;22.10.2023 Élections au Conseil national 2023;2023;campaign_financing;Montants budgétés;personne morale ou société de personnes;Donateur/trice: Stiftung für bürgerliche Politik, Acteur/trice: Union Démocratique du Centre (UDC), Bern
fr;243;allowances;alphabetical;Financement des campagnes;1;22.10.2023 Élections au Conseil national 2023;2023;campaign_financing;Montants budgétés;personne morale ou société de personnes;Donateur/trice: GRÜNE Basel-Stadt, Acteur/trice: Grünes Bündnis, Basel
fr;2436;allowances;alphabetical;Financement des campagnes;1;22.10.2023 Élections au Conseil national 2023;2023;campaign_financing;Montants finaux;personne morale ou société de personnes;Donateur/trice: Vereinigung zur Erhaltung und Verbreitung der freiheitlichen Staatsauffassung, Acteur/trice: PLR.Les Libéraux-Radicaux, Bern
fr;2437;allowances;alphabetical;Financement des campagnes;13;24.11.2024 Modification du 29 septembre 2023 du code des obligations (droit du bail: sous-location);;campaign_financing;Montants budgétés;personne morale ou société de personnes;Donateur/trice: HEV Schweiz, Acteur/trice: 2 x Ja zum Mietrecht / Bund für mehr Wohnraum, Zürich
fr;2438;allowances;alphabetical;Financement des campagnes;13;24.11.2024 Modification du 29 septembre 2023 du code des obligations (droit du bail: sous-location);;campaign_financing;Montants budgétés;personne morale ou société de personnes;Donateur/trice: CVI Chambre vaudoise immobilière, Acteur/trice: 2 x Ja zum Mietrecht / Bund für mehr Wohnraum, Zürich
fr;2439;allowances;alphabetical;Financement des campagnes;13;24.11.2024 Modification du 29 septembre 2023 du code des obligations (droit du bail: sous-location);;campaign_financing;Montants budgétés;personne morale ou société de personnes;Donateur/trice: FRI Fédération romande immobilière, Acteur/trice: 2 x Ja zum Mietrecht / Bund für mehr Wohnraum, Zürich
fr;244;allowances;alphabetical;Financement des campagnes;1;22.10.2023 Élections au Conseil national 2023;2023;campaign_financing;Montants budgétés;personne morale ou société de personnes;Donateur/trice: BastA!, Acteur/trice: Grünes Bündnis, Basel
fr;2440;allowances;alphabetical;Financement des campagnes;13;24.11.2024 Modification du 29 septembre 2023 du code des obligations (droit du bail: sous-location);;campaign_financing;Montants budgétés;personne morale ou société de personnes;Donateur/trice: Chambre genevoise immobilière, Acteur/trice: 2 x Ja zum Mietrecht / Bund für mehr Wohnraum, Zürich
fr;2441;allowances;alphabetical;Financement des campagnes;13;24.11.2024 Modification du 29 septembre 2023 du code des obligations (droit du bail: sous-location);;campaign_financing;Montants budgétés;personne morale ou société de personnes;Donateur/trice: SVIT Schweiz, Acteur/trice: 2 x Ja zum Mietrecht / Bund für mehr Wohnraum, Zürich
fr;2442;allowances;alphabetical;Financement des campagnes;13;24.11.2024 Modification du 29 septembre 2023 du code des obligations (droit du bail: sous-location);;campaign_financing;Montants budgétés;personne morale ou société de personnes;Donateur/trice: VIS Verband Immobilien Schweiz, Acteur/trice: 2 x Ja zum Mietrecht / Bund für mehr Wohnraum, Zürich
fr;2443;allowances;alphabetical;Financement des campagnes;13;24.11.2024 Modification du 29 septembre 2023 du code des obligations (droit du bail: sous-location);;campaign_financing;Montants budgétés;personne morale ou société de personnes;Donateur/trice: Centre Patronal, Acteur/trice: 2 x Ja zum Mietrecht / Bund für mehr Wohnraum, Zürich
fr;2444;allowances;alphabetical;Financement des campagnes;13;24.11.2024 Modification du 29 septembre 2023 du code des obligations (droit du bail: sous-location);;campaign_financing;Montants budgétés;personne morale ou société de personnes;Donateur/trice: SVIT Romandie, Acteur/trice: 2 x Ja zum Mietrecht / Bund für mehr Wohnraum, Zürich
fr;2445;allowances;alphabetical;Financement des campagnes;13;24.11.2024 Modification du 29 septembre 2023 du code des obligations (droit du bail: sous-location);;campaign_financing;Montants budgétés;personne morale ou société de personnes;Donateur/trice: USPI Suisse, Acteur/trice: 2 x Ja zum Mietrecht / Bund für mehr Wohnraum, Zürich
fr;2446;allowances;alphabetical;Financement des campagnes;13;24.11.2024 Modification du 29 septembre 2023 du code des obligations (droit du bail: sous-location);;campaign_financing;Montants budgétés;personne morale ou société de personnes;Donateur/trice: HEV Aargau, Acteur/trice: 2 x Ja zum Mietrecht / Bund für mehr Wohnraum, Zürich
fr;2447;allowances;alphabetical;Financement des campagnes;13;24.11.2024 Modification du 29 septembre 2023 du code des obligations (droit du bail: sous-location);;campaign_financing;Montants budgétés;personne morale ou société de personnes;Donateur/trice: HEV Schweiz, Acteur/trice: 2 x Ja zum Mietrecht / Bund für mehr Wohnraum, Zürich
fr;2448;allowances;alphabetical;Financement des campagnes;13;24.11.2024 Modification du 29 septembre 2023 du code des obligations (droit du bail: sous-location);;campaign_financing;Montants budgétés;personne morale ou société de personnes;Donateur/trice: USPI Vaud, Acteur/trice: 2 x Ja zum Mietrecht / Bund für mehr Wohnraum, Zürich
fr;2449;allowances;alphabetical;Financement des campagnes;14;24.11.2024 Modification du 29 septembre 2023 du code des obligations (droit du bail: résiliation pour besoin propre);;campaign_financing;Montants budgétés;personne morale ou société de personnes;Donateur/trice: HEV Schweiz, Acteur/trice: 2 x Ja zum Mietrecht / Bund für mehr Wohnraum, Zürich
fr;245;allowances;alphabetical;Financement des campagnes;1;22.10.2023 Élections au Conseil national 2023;2023;campaign_financing;Montants budgétés;personne physique;Donateur/trice: Candinas Martin, Acteur/trice: Die Mitte Graubünden, Chur
fr;2450;allowances;alphabetical;Financement des campagnes;14;24.11.2024 Modification du 29 septembre 2023 du code des obligations (droit du bail: résiliation pour besoin propre);;campaign_financing;Montants budgétés;personne morale ou société de personnes;Donateur/trice: CVI Chambre vaudoise immobilière, Acteur/trice: 2 x Ja zum Mietrecht / Bund für mehr Wohnraum, Zürich
fr;2451;allowances;alphabetical;Financement des campagnes;14;24.11.2024 Modification du 29 septembre 2023 du code des obligations (droit du bail: résiliation pour besoin propre);;campaign_financing;Montants budgétés;personne morale ou société de personnes;Donateur/trice: FRI Fédération romande immobilière, Acteur/trice: 2 x Ja zum Mietrecht / Bund für mehr Wohnraum, Zürich
fr;2452;allowances;alphabetical;Financement des campagnes;14;24.11.2024 Modification du 29 septembre 2023 du code des obligations (droit du bail: résiliation pour besoin propre);;campaign_financing;Montants budgétés;personne morale ou société de personnes;Donateur/trice: CGI Chambre genevoise imobilière, Acteur/trice: 2 x Ja zum Mietrecht / Bund für mehr Wohnraum, Zürich
fr;2453;allowances;alphabetical;Financement des campagnes;14;24.11.2024 Modification du 29 septembre 2023 du code des obligations (droit du bail: résiliation pour besoin propre);;campaign_financing;Montants budgétés;personne morale ou société de personnes;Donateur/trice: SVIT Schweiz, Acteur/trice: 2 x Ja zum Mietrecht / Bund für mehr Wohnraum, Zürich
fr;2454;allowances;alphabetical;Financement des campagnes;14;24.11.2024 Modification du 29 septembre 2023 du code des obligations (droit du bail: résiliation pour besoin propre);;campaign_financing;Montants budgétés;personne morale ou société de personnes;Donateur/trice: VIS Verband Immobilien Schweiz, Acteur/trice: 2 x Ja zum Mietrecht / Bund für mehr Wohnraum, Zürich
fr;2455;allowances;alphabetical;Financement des campagnes;14;24.11.2024 Modification du 29 septembre 2023 du code des obligations (droit du bail: résiliation pour besoin propre);;campaign_financing;Montants budgétés;personne morale ou société de personnes;Donateur/trice: Centre Patronal, Acteur/trice: 2 x Ja zum Mietrecht / Bund für mehr Wohnraum, Zürich
fr;2456;allowances;alphabetical;Financement des campagnes;14;24.11.2024 Modification du 29 septembre 2023 du code des obligations (droit du bail: résiliation pour besoin propre);;campaign_financing;Montants budgétés;personne morale ou société de personnes;Donateur/trice: SVIT Romandie, Acteur/trice: 2 x Ja zum Mietrecht / Bund für mehr Wohnraum, Zürich
fr;2457;allowances;alphabetical;Financement des campagnes;14;24.11.2024 Modification du 29 septembre 2023 du code des obligations (droit du bail: résiliation pour besoin propre);;campaign_financing;Montants budgétés;personne morale ou société de personnes;Donateur/trice: USPI Suisse, Acteur/trice: 2 x Ja zum Mietrecht / Bund für mehr Wohnraum, Zürich
fr;2458;allowances;alphabetical;Financement des campagnes;14;24.11.2024 Modification du 29 septembre 2023 du code des obligations (droit du bail: résiliation pour besoin propre);;campaign_financing;Montants budgétés;personne morale ou société de personnes;Donateur/trice: HEV Aargau, Acteur/trice: 2 x Ja zum Mietrecht / Bund für mehr Wohnraum, Zürich
fr;2459;allowances;alphabetical;Financement des campagnes;14;24.11.2024 Modification du 29 septembre 2023 du code des obligations (droit du bail: résiliation pour besoin propre);;campaign_financing;Montants budgétés;personne morale ou société de personnes;Donateur/trice: HEV Schweiz, Acteur/trice: 2 x Ja zum Mietrecht / Bund für mehr Wohnraum, Zürich
fr;246;allowances;alphabetical;Financement des campagnes;1;22.10.2023 Élections au Conseil national 2023;2023;campaign_financing;Montants budgétés;personne physique;Donateur/trice: Burkard Carmita, Acteur/trice: Jeunes Vert-e-s Suisse, Berne
fr;2460;allowances;alphabetical;Financement des campagnes;14;24.11.2024 Modification du 29 septembre 2023 du code des obligations (droit du bail: résiliation pour besoin propre);;campaign_financing;Montants budgétés;personne morale ou société de personnes;Donateur/trice: USPI Vaud, Acteur/trice: 2 x Ja zum Mietrecht / Bund für mehr Wohnraum, Zürich
fr;2461;allowances;alphabetical;Financement des campagnes;14;24.11.2024 Modification du 29 septembre 2023 du code des obligations (droit du bail: résiliation pour besoin propre);;campaign_financing;Montants budgétés;personne morale ou société de personnes;Donateur/trice: Chambre vaudoise immobilière, Acteur/trice: 2 x Ja zum Mietrecht / Bund für mehr Wohnraum, Zürich
fr;2462;allowances;alphabetical;Financement des campagnes;13;24.11.2024 Modification du 29 septembre 2023 du code des obligations (droit du bail: sous-location);;campaign_financing;Montants budgétés;personne morale ou société de personnes;Donateur/trice: Chambre vaudoise immobilière, Acteur/trice: 2 x Ja zum Mietrecht / Bund für mehr Wohnraum, Zürich
fr;247;allowances;alphabetical;Financement des campagnes;1;22.10.2023 Élections au Conseil national 2023;2023;campaign_financing;Montants budgétés;personne morale ou société de personnes;Donateur/trice: GRÜNE Schweiz, Acteur/trice: Jeunes Vert-e-s Suisse, Berne
fr;248;allowances;alphabetical;Financement des campagnes;1;22.10.2023 Élections au Conseil national 2023;2023;campaign_financing;Montants budgétés;personne physique;Donateur/trice: Thalmann Christian, Acteur/trice: EG Ankli, Bartholdi & Thalmann, Breitenbach
fr;249;allowances;alphabetical;Financement des campagnes;1;22.10.2023 Élections au Conseil national 2023;2023;campaign_financing;Montants budgétés;personne physique;Donateur/trice: Burkard Carmita, Acteur/trice: Grüne Kanton Solothurn, Solothurn
fr;2492;allowances;alphabetical;Financement des campagnes;11;22.09.2024 Loi fédérale sur la prévoyance professionnelle vieillesse, survivants et invalidité (LPP) (Réforme de la prévoyance professionnelle);;campaign_financing;Montants finaux;personne morale ou société de personnes;Donateur/trice: UNIA, Acteur/trice: Union syndicale suisse (USS), Berne
fr;2493;allowances;alphabetical;Financement des campagnes;11;22.09.2024 Loi fédérale sur la prévoyance professionnelle vieillesse, survivants et invalidité (LPP) (Réforme de la prévoyance professionnelle);;campaign_financing;Montants finaux;personne morale ou société de personnes;Donateur/trice: SEV, Acteur/trice: Union syndicale suisse (USS), Berne
fr;2494;allowances;alphabetical;Financement des campagnes;11;22.09.2024 Loi fédérale sur la prévoyance professionnelle vieillesse, survivants et invalidité (LPP) (Réforme de la prévoyance professionnelle);;campaign_financing;Montants finaux;personne morale ou société de personnes;Donateur/trice: Syndicom, Acteur/trice: Union syndicale suisse (USS), Berne
fr;2495;allowances;alphabetical;Financement des campagnes;11;22.09.2024 Loi fédérale sur la prévoyance professionnelle vieillesse, survivants et invalidité (LPP) (Réforme de la prévoyance professionnelle);;campaign_financing;Montants finaux;personne morale ou société de personnes;Donateur/trice: VPOD, Acteur/trice: Union syndicale suisse (USS), Berne
fr;2496;allowances;alphabetical;Financement des campagnes;11;22.09.2024 Loi fédérale sur la prévoyance professionnelle vieillesse, survivants et invalidité (LPP) (Réforme de la prévoyance professionnelle);;campaign_financing;Montants finaux;personne morale ou société de personnes;Donateur/trice: SGB - Schweizerischer Gewerkschaftsbund, Acteur/trice: Union syndicale suisse (USS), Berne
fr;25;allowances;alphabetical;Financement des campagnes;1;22.10.2023 Élections au Conseil national 2023;2023;campaign_financing;Montants budgétés;personne morale ou société de personnes;Donateur/trice: SP Schweiz, Acteur/trice: Sozialdemokratische Partei Kanton Baselland, Liestal
fr;250;allowances;alphabetical;Financement des campagnes;1;22.10.2023 Élections au Conseil national 2023;2023;campaign_financing;Montants budgétés;personne physique;Donateur/trice: Burkard Carmita, Acteur/trice: Verdi del Cantone Ticino, Bellinzona
fr;253;allowances;alphabetical;Financement des campagnes;1;22.10.2023 Élections au Conseil national 2023;2023;campaign_financing;Montants budgétés;personne physique;Donateur/trice: Gysin Greta, Acteur/trice: Verdi del Cantone Ticino, Bellinzona
fr;2533;allowances;alphabetical;Financement des campagnes;10;22.09.2024 Pour l’avenir de notre nature et de notre paysage (Initiative biodiversité);;campaign_financing;Montants finaux;personne physique;Donateur/trice: Brunner Daniel, Acteur/trice: Ja zu mehr Natur, Landschaft und Baukultur, Basel
fr;2534;allowances;alphabetical;Financement des campagnes;10;22.09.2024 Pour l’avenir de notre nature et de notre paysage (Initiative biodiversité);;campaign_financing;Montants finaux;personne morale ou société de personnes;Donateur/trice: Pro Natura, Acteur/trice: Ja zu mehr Natur, Landschaft und Baukultur, Basel
fr;2535;allowances;alphabetical;Financement des campagnes;10;22.09.2024 Pour l’avenir de notre nature et de notre paysage (Initiative biodiversité);;campaign_financing;Montants finaux;personne morale ou société de personnes;Donateur/trice: BirdLife Schweiz, Acteur/trice: Ja zu mehr Natur, Landschaft und Baukultur, Basel
fr;2536;allowances;alphabetical;Financement des campagnes;10;22.09.2024 Pour l’avenir de notre nature et de notre paysage (Initiative biodiversité);;campaign_financing;Montants finaux;personne morale ou société de personnes;Donateur/trice: Stiftung Landschaftsschutz (SL), Acteur/trice: Ja zu mehr Natur, Landschaft und Baukultur, Basel
fr;2537;allowances;alphabetical;Financement des campagnes;10;22.09.2024 Pour l’avenir de notre nature et de notre paysage (Initiative biodiversité);;campaign_financing;Montants finaux;personne morale ou société de personnes;Donateur/trice: Schweizer Heimatschutz (SHS), Acteur/trice: Ja zu mehr Natur, Landschaft und Baukultur, Basel
fr;2538;allowances;alphabetical;Financement des campagnes;10;22.09.2024 Pour l’avenir de notre nature et de notre paysage (Initiative biodiversité);;campaign_financing;Montants finaux;personne morale ou société de personnes;Donateur/trice: BirdLife Schweiz, Acteur/trice: Ja zu mehr Natur, Landschaft und Baukultur, Basel
fr;2539;allowances;alphabetical;Financement des campagnes;10;22.09.2024 Pour l’avenir de notre nature et de notre paysage (Initiative biodiversité);;campaign_financing;Montants finaux;personne morale ou société de personnes;Donateur/trice: Pro Natura, Acteur/trice: Ja zu mehr Natur, Landschaft und Baukultur, Basel
fr;254;allowances;alphabetical;Financement des campagnes;1;22.10.2023 Élections au Conseil national 2023;2023;campaign_financing;Montants budgétés;personne physique;Donateur/trice: Wettstein Felix, Acteur/trice: Grüne Kanton Solothurn, Solothurn
fr;2540;allowances;alphabetical;Financement des campagnes;10;22.09.2024 Pour l’avenir de notre nature et de notre paysage (Initiative biodiversité);;campaign_financing;Montants finaux;personne morale ou société de personnes;Donateur/trice: Schweizer Heimatschutz, Acteur/trice: Ja zu mehr Natur, Landschaft und Baukultur, Basel
fr;2541;allowances;alphabetical;Financement des campagnes;10;22.09.2024 Pour l’avenir de notre nature et de notre paysage (Initiative biodiversité);;campaign_financing;Montants finaux;personne morale ou société de personnes;Donateur/trice: Stiftung Landschaftsschutz Schweiz, Acteur/trice: Ja zu mehr Natur, Landschaft und Baukultur, Basel
fr;2542;allowances;alphabetical;Financement des campagnes;10;22.09.2024 Pour l’avenir de notre nature et de notre paysage (Initiative biodiversité);;campaign_financing;Montants finaux;personne morale ou société de personnes;Donateur/trice: Fondation Franz Weber, Acteur/trice: Ja zu mehr Natur, Landschaft und Baukultur, Basel
fr;255;allowances;alphabetical;Financement des campagnes;1;22.10.2023 Élections au Conseil national 2023;2023;campaign_financing;Montants budgétés;personne physique;Donateur/trice: Wettstein Felix, Acteur/trice: Grüne Kanton Solothurn, Solothurn
fr;256;allowances;alphabetical;Financement des campagnes;1;22.10.2023 Élections au Conseil national 2023;2023;campaign_financing;Montants budgétés;personne physique;Donateur/trice: Savary Josef, Acteur/trice: Verdi del Cantone Ticino, Bellinzona
fr;2561;allowances;alphabetical;Financement des campagnes;12;24.11.2024 Arrêté fédéral 29 septembre 2023 sur l’étape d’aménagement 2023 des routes nationales;2024;campaign_financing;Montants budgétés;personne morale ou société de personnes;Donateur/trice: Umverkehr, Acteur/trice: ATE Association transports et environnement, Berne
fr;2562;allowances;alphabetical;Financement des campagnes;12;24.11.2024 Arrêté fédéral 29 septembre 2023 sur l’étape d’aménagement 2023 des routes nationales;2024;campaign_financing;Montants budgétés;personne morale ou société de personnes;Donateur/trice: Pro Velo Schweiz, Acteur/trice: ATE Association transports et environnement, Berne
fr;2563;allowances;alphabetical;Financement des campagnes;12;24.11.2024 Arrêté fédéral 29 septembre 2023 sur l’étape d’aménagement 2023 des routes nationales;2024;campaign_financing;Montants budgétés;personne morale ou société de personnes;Donateur/trice: Pro Natura, Acteur/trice: ATE Association transports et environnement, Berne
fr;2564;allowances;alphabetical;Financement des campagnes;12;24.11.2024 Arrêté fédéral 29 septembre 2023 sur l’étape d’aménagement 2023 des routes nationales;2024;campaign_financing;Montants budgétés;personne morale ou société de personnes;Donateur/trice: VCS Verkehrs-Club der Schweiz, Acteur/trice: ATE Association transports et environnement, Berne
fr;2565;allowances;alphabetical;Financement des campagnes;12;24.11.2024 Arrêté fédéral 29 septembre 2023 sur l’étape d’aménagement 2023 des routes nationales;2024;campaign_financing;Montants budgétés;personne morale ou société de personnes;Donateur/trice: Asterito AG, Acteur/trice: ATE Association transports et environnement, Berne
fr;2566;allowances;alphabetical;Financement des campagnes;12;24.11.2024 Arrêté fédéral 29 septembre 2023 sur l’étape d’aménagement 2023 des routes nationales;2024;campaign_financing;Montants budgétés;personne morale ou société de personnes;Donateur/trice: Fondation Franz Weber, Acteur/trice: ATE Association transports et environnement, Berne
fr;2567;allowances;alphabetical;Financement des campagnes;12;24.11.2024 Arrêté fédéral 29 septembre 2023 sur l’étape d’aménagement 2023 des routes nationales;2024;campaign_financing;Montants budgétés;personne physique;Donateur/trice: Burkard Carmita, Acteur/trice: ATE Association transports et environnement, Berne
fr;2568;allowances;alphabetical;Financement des campagnes;12;24.11.2024 Arrêté fédéral 29 septembre 2023 sur l’étape d’aménagement 2023 des routes nationales;2024;campaign_financing;Montants budgétés;personne morale ou société de personnes;Donateur/trice: WWF Schweiz, Acteur/trice: ATE Association transports et environnement, Berne
fr;2569;allowances;alphabetical;Financement des campagnes;15;24.11.2024 Modification du 22 décembre 2023 de la loi fédérale sur l’assurance-maladie (financement uniforme des prestations);;campaign_financing;Montants budgétés;personne morale ou société de personnes;Donateur/trice: FMH Verbindung der Schweizer Ärztinnen und Ärzte, Acteur/trice: Gesundheitswesen mit Zukunft, Bern
fr;257;allowances;alphabetical;Financement des campagnes;1;22.10.2023 Élections au Conseil national 2023;2023;campaign_financing;Montants budgétés;personne physique;Donateur/trice: Majno-Hurst Pietro, Acteur/trice: Verdi del Cantone Ticino, Bellinzona
fr;2570;allowances;alphabetical;Financement des campagnes;15;24.11.2024 Modification du 22 décembre 2023 de la loi fédérale sur l’assurance-maladie (financement uniforme des prestations);;campaign_financing;Montants budgétés;personne morale ou société de personnes;Donateur/trice: curafutura, die innovativen Krankenversicherer, Acteur/trice: Gesundheitswesen mit Zukunft, Bern
fr;2571;allowances;alphabetical;Financement des campagnes;15;24.11.2024 Modification du 22 décembre 2023 de la loi fédérale sur l’assurance-maladie (financement uniforme des prestations);;campaign_financing;Montants budgétés;personne morale ou société de personnes;Donateur/trice: AerzteGesellschaft des Kantons Zürich AGZ, Acteur/trice: Gesundheitswesen mit Zukunft, Bern
fr;2572;allowances;alphabetical;Financement des campagnes;15;24.11.2024 Modification du 22 décembre 2023 de la loi fédérale sur l’assurance-maladie (financement uniforme des prestations);;campaign_financing;Montants budgétés;personne morale ou société de personnes;Donateur/trice: ARTISET / curaviva, Acteur/trice: Gesundheitswesen mit Zukunft, Bern
fr;2573;allowances;alphabetical;Financement des campagnes;15;24.11.2024 Modification du 22 décembre 2023 de la loi fédérale sur l’assurance-maladie (financement uniforme des prestations);;campaign_financing;Montants budgétés;personne morale ou société de personnes;Donateur/trice: Spitex Schweiz, Acteur/trice: Gesundheitswesen mit Zukunft, Bern
fr;2574;allowances;alphabetical;Financement des campagnes;15;24.11.2024 Modification du 22 décembre 2023 de la loi fédérale sur l’assurance-maladie (financement uniforme des prestations);;campaign_financing;Montants budgétés;personne morale ou société de personnes;Donateur/trice: Schweizerischer Apothekenverband (pharmaSuisse), Acteur/trice: Gesundheitswesen mit Zukunft, Bern
fr;2575;allowances;alphabetical;Financement des campagnes;15;24.11.2024 Modification du 22 décembre 2023 de la loi fédérale sur l’assurance-maladie (financement uniforme des prestations);;campaign_financing;Montants budgétés;personne morale ou société de personnes;Donateur/trice: Interpharma Verband der forschenden pharmazeutischen Firmen der Schweiz, Acteur/trice: Gesundheitswesen mit Zukunft, Bern
fr;2576;allowances;alphabetical;Financement des campagnes;15;24.11.2024 Modification du 22 décembre 2023 de la loi fédérale sur l’assurance-maladie (financement uniforme des prestations);;campaign_financing;Montants budgétés;personne morale ou société de personnes;Donateur/trice: H+ Die Schweizer Spitäler, Acteur/trice: Gesundheitswesen mit Zukunft, Bern
fr;2577;allowances;alphabetical;Financement des campagnes;15;24.11.2024 Modification du 22 décembre 2023 de la loi fédérale sur l’assurance-maladie (financement uniforme des prestations);;campaign_financing;Montants budgétés;personne morale ou société de personnes;Donateur/trice: Bündnis Freiheitliches Gesundheitswesen, Acteur/trice: Gesundheitswesen mit Zukunft, Bern
fr;2578;allowances;alphabetical;Financement des campagnes;15;24.11.2024 Modification du 22 décembre 2023 de la loi fédérale sur l’assurance-maladie (financement uniforme des prestations);;campaign_financing;Montants budgétés;personne morale ou société de personnes;Donateur/trice: medswissnet, Acteur/trice: Gesundheitswesen mit Zukunft, Bern
fr;2579;allowances;alphabetical;Financement des campagnes;15;24.11.2024 Modification du 22 décembre 2023 de la loi fédérale sur l’assurance-maladie (financement uniforme des prestations);;campaign_financing;Montants budgétés;personne morale ou société de personnes;Donateur/trice: SW!SS REHA, Acteur/trice: Gesundheitswesen mit Zukunft, Bern
fr;258;allowances;alphabetical;Financement des campagnes;1;22.10.2023 Élections au Conseil national 2023;2023;campaign_financing;Montants budgétés;personne morale ou société de personnes;Donateur/trice: HEV Zürich, Acteur/trice: Bourgeois Yasmine, Zürich
fr;2580;allowances;alphabetical;Financement des campagnes;15;24.11.2024 Modification du 22 décembre 2023 de la loi fédérale sur l’assurance-maladie (financement uniforme des prestations);;campaign_financing;Montants budgétés;personne morale ou société de personnes;Donateur/trice: Der Schweizerische Versicherungsverband SVV, Acteur/trice: Gesundheitswesen mit Zukunft, Bern
fr;2581;allowances;alphabetical;Financement des campagnes;15;24.11.2024 Modification du 22 décembre 2023 de la loi fédérale sur l’assurance-maladie (financement uniforme des prestations);;campaign_financing;Montants budgétés;personne morale ou société de personnes;Donateur/trice: Universitäre Medizin Schweiz, Unimedsuisse, Acteur/trice: Gesundheitswesen mit Zukunft, Bern
fr;2582;allowances;alphabetical;Financement des campagnes;15;24.11.2024 Modification du 22 décembre 2023 de la loi fédérale sur l’assurance-maladie (financement uniforme des prestations);;campaign_financing;Montants budgétés;personne morale ou société de personnes;Donateur/trice: Visana Beteiligungen AG, Acteur/trice: Gesundheitswesen mit Zukunft, Bern
fr;2583;allowances;alphabetical;Financement des campagnes;15;24.11.2024 Modification du 22 décembre 2023 de la loi fédérale sur l’assurance-maladie (financement uniforme des prestations);;campaign_financing;Montants budgétés;personne morale ou société de personnes;Donateur/trice: Aerztegesellschaft des Kantons Bern, Acteur/trice: Gesundheitswesen mit Zukunft, Bern
fr;2584;allowances;alphabetical;Financement des campagnes;15;24.11.2024 Modification du 22 décembre 2023 de la loi fédérale sur l’assurance-maladie (financement uniforme des prestations);;campaign_financing;Montants budgétés;personne morale ou société de personnes;Donateur/trice: Der Schweizerische Versicherungsverband SVV, Acteur/trice: Gesundheitswesen mit Zukunft, Bern
fr;2585;allowances;alphabetical;Financement des campagnes;15;24.11.2024 Modification du 22 décembre 2023 de la loi fédérale sur l’assurance-maladie (financement uniforme des prestations);;campaign_financing;Montants budgétés;personne morale ou société de personnes;Donateur/trice: economiesuisse, Acteur/trice: Gesundheitswesen mit Zukunft, Bern
fr;2586;allowances;alphabetical;Financement des campagnes;15;24.11.2024 Modification du 22 décembre 2023 de la loi fédérale sur l’assurance-maladie (financement uniforme des prestations);;campaign_financing;Montants budgétés;personne morale ou société de personnes;Donateur/trice: FMH Verbindung der Schweizer Ärztinnen und Ärzte, Acteur/trice: Gesundheitswesen mit Zukunft, Bern
fr;2587;allowances;alphabetical;Financement des campagnes;15;24.11.2024 Modification du 22 décembre 2023 de la loi fédérale sur l’assurance-maladie (financement uniforme des prestations);;campaign_financing;Montants budgétés;personne morale ou société de personnes;Donateur/trice: Ärzte-Gesellschaft des Kantons Zug, Acteur/trice: Gesundheitswesen mit Zukunft, Bern
fr;2588;allowances;alphabetical;Financement des campagnes;15;24.11.2024 Modification du 22 décembre 2023 de la loi fédérale sur l’assurance-maladie (financement uniforme des prestations);;campaign_financing;Montants budgétés;personne morale ou société de personnes;Donateur/trice: Schweizerischer Apothekenverband (pharmaSuisse), Acteur/trice: Gesundheitswesen mit Zukunft, Bern
fr;2589;allowances;alphabetical;Financement des campagnes;15;24.11.2024 Modification du 22 décembre 2023 de la loi fédérale sur l’assurance-maladie (financement uniforme des prestations);;campaign_financing;Montants budgétés;personne morale ou société de personnes;Donateur/trice: Spitex Schweiz, Acteur/trice: Gesundheitswesen mit Zukunft, Bern
fr;259;allowances;alphabetical;Financement des campagnes;1;22.10.2023 Élections au Conseil national 2023;2023;campaign_financing;Montants budgétés;personne morale ou société de personnes;Donateur/trice: Gemeinnützige Stiftung Gambit, Acteur/trice: Gössi Petra, Küssnacht am Rigi
fr;2590;allowances;alphabetical;Financement des campagnes;15;24.11.2024 Modification du 22 décembre 2023 de la loi fédérale sur l’assurance-maladie (financement uniforme des prestations);;campaign_financing;Montants budgétés;personne morale ou société de personnes;Donateur/trice: Intergenerika, Acteur/trice: Gesundheitswesen mit Zukunft, Bern
fr;2591;allowances;alphabetical;Financement des campagnes;15;24.11.2024 Modification du 22 décembre 2023 de la loi fédérale sur l’assurance-maladie (financement uniforme des prestations);;campaign_financing;Montants budgétés;personne morale ou société de personnes;Donateur/trice: Interpharma Verband der forschenden pharmazeutischen Firmen der Schweiz, Acteur/trice: Gesundheitswesen mit Zukunft, Bern
fr;2592;allowances;alphabetical;Financement des campagnes;15;24.11.2024 Modification du 22 décembre 2023 de la loi fédérale sur l’assurance-maladie (financement uniforme des prestations);;campaign_financing;Montants budgétés;personne morale ou société de personnes;Donateur/trice: Ärzte-Gesellschaft des Kantons Zug, Acteur/trice: Gesundheitswesen mit Zukunft, Bern
fr;2593;allowances;alphabetical;Financement des campagnes;15;24.11.2024 Modification du 22 décembre 2023 de la loi fédérale sur l’assurance-maladie (financement uniforme des prestations);;campaign_financing;Montants budgétés;personne morale ou société de personnes;Donateur/trice: curafutura, die innovativen Krankenversicherer, Acteur/trice: Gesundheitswesen mit Zukunft, Bern
fr;2594;allowances;alphabetical;Financement des campagnes;15;24.11.2024 Modification du 22 décembre 2023 de la loi fédérale sur l’assurance-maladie (financement uniforme des prestations);;campaign_financing;Montants budgétés;personne morale ou société de personnes;Donateur/trice: FMH Verbindung der Schweizer Ärztinnen und Ärzte, Acteur/trice: Gesundheitswesen mit Zukunft, Bern
fr;2595;allowances;alphabetical;Financement des campagnes;15;24.11.2024 Modification du 22 décembre 2023 de la loi fédérale sur l’assurance-maladie (financement uniforme des prestations);;campaign_financing;Montants budgétés;personne morale ou société de personnes;Donateur/trice: VEDAG Verband Deutschschweizer Ärztegesellschaft, Acteur/trice: Gesundheitswesen mit Zukunft, Bern
fr;2596;allowances;alphabetical;Financement des campagnes;15;24.11.2024 Modification du 22 décembre 2023 de la loi fédérale sur l’assurance-maladie (financement uniforme des prestations);;campaign_financing;Montants budgétés;personne morale ou société de personnes;Donateur/trice: Société Médicale de la Suisse Romande (SMSR), Acteur/trice: Gesundheitswesen mit Zukunft, Bern
fr;2597;allowances;alphabetical;Financement des campagnes;11;22.09.2024 Loi fédérale sur la prévoyance professionnelle vieillesse, survivants et invalidité (LPP) (Réforme de la prévoyance professionnelle);;campaign_financing;Montants finaux;personne morale ou société de personnes;"Donateur/trice: economiesuisse, Acteur/trice: Allianz ""Ja zur BVG-Reform"", Zürich"
fr;2598;allowances;alphabetical;Financement des campagnes;11;22.09.2024 Loi fédérale sur la prévoyance professionnelle vieillesse, survivants et invalidité (LPP) (Réforme de la prévoyance professionnelle);;campaign_financing;Montants finaux;personne morale ou société de personnes;"Donateur/trice: Schweizerischer Versicherungsverband, Acteur/trice: Allianz ""Ja zur BVG-Reform"", Zürich"
fr;2599;allowances;alphabetical;Financement des campagnes;11;22.09.2024 Loi fédérale sur la prévoyance professionnelle vieillesse, survivants et invalidité (LPP) (Réforme de la prévoyance professionnelle);;campaign_financing;Montants finaux;personne morale ou société de personnes;"Donateur/trice: AXA Versicherungen, Acteur/trice: Allianz ""Ja zur BVG-Reform"", Zürich"
fr;26;allowances;alphabetical;Financement des campagnes;1;22.10.2023 Élections au Conseil national 2023;2023;campaign_financing;Montants budgétés;personne morale ou société de personnes;Donateur/trice: SP Schweiz, Acteur/trice: Sozialdemokratische Partei Kanton Baselland, Liestal
fr;260;allowances;alphabetical;Financement des campagnes;1;22.10.2023 Élections au Conseil national 2023;2023;campaign_financing;Montants budgétés;personne morale ou société de personnes;Donateur/trice: Schweizer Gewerbeverband, Acteur/trice: Paganini Nicolò, Abtwil
fr;2600;allowances;alphabetical;Financement des campagnes;11;22.09.2024 Loi fédérale sur la prévoyance professionnelle vieillesse, survivants et invalidité (LPP) (Réforme de la prévoyance professionnelle);;campaign_financing;Montants finaux;personne morale ou société de personnes;"Donateur/trice: Asset Management Association Switzerland, Acteur/trice: Allianz ""Ja zur BVG-Reform"", Zürich"
fr;2601;allowances;alphabetical;Financement des campagnes;11;22.09.2024 Loi fédérale sur la prévoyance professionnelle vieillesse, survivants et invalidité (LPP) (Réforme de la prévoyance professionnelle);;campaign_financing;Montants finaux;personne morale ou société de personnes;"Donateur/trice: Zürcher Handelskammer, Acteur/trice: Allianz ""Ja zur BVG-Reform"", Zürich"
fr;2602;allowances;alphabetical;Financement des campagnes;11;22.09.2024 Loi fédérale sur la prévoyance professionnelle vieillesse, survivants et invalidité (LPP) (Réforme de la prévoyance professionnelle);;campaign_financing;Montants finaux;personne morale ou société de personnes;"Donateur/trice: Zürcher Handelskammer, Acteur/trice: Allianz ""Ja zur BVG-Reform"", Zürich"
fr;2603;allowances;alphabetical;Financement des campagnes;11;22.09.2024 Loi fédérale sur la prévoyance professionnelle vieillesse, survivants et invalidité (LPP) (Réforme de la prévoyance professionnelle);;campaign_financing;Montants finaux;personne morale ou société de personnes;"Donateur/trice: Schweizerischer Arbeitgeberverband, Acteur/trice: Allianz ""Ja zur BVG-Reform"", Zürich"
fr;2604;allowances;alphabetical;Financement des campagnes;11;22.09.2024 Loi fédérale sur la prévoyance professionnelle vieillesse, survivants et invalidité (LPP) (Réforme de la prévoyance professionnelle);;campaign_financing;Montants finaux;personne morale ou société de personnes;"Donateur/trice: Schweizerischer Versicherungsverband, Acteur/trice: Allianz ""Ja zur BVG-Reform"", Zürich"
fr;2605;allowances;alphabetical;Financement des campagnes;11;22.09.2024 Loi fédérale sur la prévoyance professionnelle vieillesse, survivants et invalidité (LPP) (Réforme de la prévoyance professionnelle);;campaign_financing;Montants finaux;personne morale ou société de personnes;"Donateur/trice: AXA Versicherungen, Acteur/trice: Allianz ""Ja zur BVG-Reform"", Zürich"
fr;2606;allowances;alphabetical;Financement des campagnes;10;22.09.2024 Pour l’avenir de notre nature et de notre paysage (Initiative biodiversité);;campaign_financing;Montants finaux;personne morale ou société de personnes;Donateur/trice: Luzerner Bäuerinnen- und Bauernverband, Acteur/trice: Luzerner Bäuerinnen- und Bauernverband, Sursee
fr;2607;allowances;alphabetical;Financement des campagnes;12;24.11.2024 Arrêté fédéral 29 septembre 2023 sur l’étape d’aménagement 2023 des routes nationales;2024;campaign_financing;Montants finaux;personne morale ou société de personnes;Donateur/trice: TCS Sektion Zürich, Acteur/trice: KMU- und Gewerbeverband Kanton Zürich, Zürich
fr;261;allowances;alphabetical;Financement des campagnes;1;22.10.2023 Élections au Conseil national 2023;2023;campaign_financing;Montants budgétés;personne morale ou société de personnes;Donateur/trice: eit.swiss, Acteur/trice: Jauslin Matthias Samuel, Wohlen
fr;2667;allowances;alphabetical;Financement des campagnes;16;09.02.2025 Pour une économie responsable respectant les limites planétaires (initiative pour la responsabilité environnementale);;campaign_financing;Montants budgétés;personne morale ou société de personnes;Donateur/trice: economiesuisse, Acteur/trice: PLR.Les Libéraux-Radicaux, Bern
fr;2668;allowances;alphabetical;Financement des campagnes;16;09.02.2025 Pour une économie responsable respectant les limites planétaires (initiative pour la responsabilité environnementale);;campaign_financing;Montants budgétés;personne morale ou société de personnes;Donateur/trice: HEV Schweiz, Acteur/trice: PLR.Les Libéraux-Radicaux, Bern
fr;2670;allowances;alphabetical;Financement des campagnes;16;09.02.2025 Pour une économie responsable respectant les limites planétaires (initiative pour la responsabilité environnementale);;campaign_financing;Montants budgétés;personne morale ou société de personnes;Donateur/trice: Schweizerischer Gewerbeverband sgv, Acteur/trice: PLR.Les Libéraux-Radicaux, Bern
fr;2672;allowances;alphabetical;Financement des campagnes;16;09.02.2025 Pour une économie responsable respectant les limites planétaires (initiative pour la responsabilité environnementale);;campaign_financing;Montants budgétés;personne morale ou société de personnes;Donateur/trice: GRÜNE Schweiz, Acteur/trice: Jeunes Vert-e-s Suisse, Berne
fr;2673;allowances;alphabetical;Financement des campagnes;16;09.02.2025 Pour une économie responsable respectant les limites planétaires (initiative pour la responsabilité environnementale);;campaign_financing;Montants budgétés;personne morale ou société de personnes;Donateur/trice: Junge Grüne Schweiz, Acteur/trice: Jeunes Vert-e-s Suisse, Berne
fr;2674;allowances;alphabetical;Financement des campagnes;13;24.11.2024 Modification du 29 septembre 2023 du code des obligations (droit du bail: sous-location);;campaign_financing;Montants finaux;personne morale ou société de personnes;Donateur/trice: HEV Schweiz, Acteur/trice: 2 x Ja zum Mietrecht / Bund für mehr Wohnraum, Zürich
fr;2675;allowances;alphabetical;Financement des campagnes;13;24.11.2024 Modification du 29 septembre 2023 du code des obligations (droit du bail: sous-location);;campaign_financing;Montants finaux;personne morale ou société de personnes;Donateur/trice: CVI Chambre vaudoise immobilière, Acteur/trice: 2 x Ja zum Mietrecht / Bund für mehr Wohnraum, Zürich
fr;2676;allowances;alphabetical;Financement des campagnes;13;24.11.2024 Modification du 29 septembre 2023 du code des obligations (droit du bail: sous-location);;campaign_financing;Montants finaux;personne morale ou société de personnes;Donateur/trice: FRI Fédération romande immobilière, Acteur/trice: 2 x Ja zum Mietrecht / Bund für mehr Wohnraum, Zürich
fr;2677;allowances;alphabetical;Financement des campagnes;13;24.11.2024 Modification du 29 septembre 2023 du code des obligations (droit du bail: sous-location);;campaign_financing;Montants finaux;personne morale ou société de personnes;Donateur/trice: Chambre genevoise immobilière, Acteur/trice: 2 x Ja zum Mietrecht / Bund für mehr Wohnraum, Zürich
fr;2678;allowances;alphabetical;Financement des campagnes;13;24.11.2024 Modification du 29 septembre 2023 du code des obligations (droit du bail: sous-location);;campaign_financing;Montants finaux;personne morale ou société de personnes;Donateur/trice: SVIT Schweiz, Acteur/trice: 2 x Ja zum Mietrecht / Bund für mehr Wohnraum, Zürich
fr;2679;allowances;alphabetical;Financement des campagnes;13;24.11.2024 Modification du 29 septembre 2023 du code des obligations (droit du bail: sous-location);;campaign_financing;Montants finaux;personne morale ou société de personnes;Donateur/trice: VIS Verband Immobilien Schweiz, Acteur/trice: 2 x Ja zum Mietrecht / Bund für mehr Wohnraum, Zürich
fr;2680;allowances;alphabetical;Financement des campagnes;13;24.11.2024 Modification du 29 septembre 2023 du code des obligations (droit du bail: sous-location);;campaign_financing;Montants finaux;personne morale ou société de personnes;Donateur/trice: Centre Patronal, Acteur/trice: 2 x Ja zum Mietrecht / Bund für mehr Wohnraum, Zürich
fr;2681;allowances;alphabetical;Financement des campagnes;13;24.11.2024 Modification du 29 septembre 2023 du code des obligations (droit du bail: sous-location);;campaign_financing;Montants finaux;personne morale ou société de personnes;Donateur/trice: SVIT Romandie, Acteur/trice: 2 x Ja zum Mietrecht / Bund für mehr Wohnraum, Zürich
fr;2682;allowances;alphabetical;Financement des campagnes;13;24.11.2024 Modification du 29 septembre 2023 du code des obligations (droit du bail: sous-location);;campaign_financing;Montants finaux;personne morale ou société de personnes;Donateur/trice: USPI Suisse, Acteur/trice: 2 x Ja zum Mietrecht / Bund für mehr Wohnraum, Zürich
fr;2683;allowances;alphabetical;Financement des campagnes;13;24.11.2024 Modification du 29 septembre 2023 du code des obligations (droit du bail: sous-location);;campaign_financing;Montants finaux;personne morale ou société de personnes;Donateur/trice: HEV Aargau, Acteur/trice: 2 x Ja zum Mietrecht / Bund für mehr Wohnraum, Zürich
fr;2684;allowances;alphabetical;Financement des campagnes;13;24.11.2024 Modification du 29 septembre 2023 du code des obligations (droit du bail: sous-location);;campaign_financing;Montants finaux;personne morale ou société de personnes;Donateur/trice: HEV Schweiz, Acteur/trice: 2 x Ja zum Mietrecht / Bund für mehr Wohnraum, Zürich
fr;2685;allowances;alphabetical;Financement des campagnes;13;24.11.2024 Modification du 29 septembre 2023 du code des obligations (droit du bail: sous-location);;campaign_financing;Montants finaux;personne morale ou société de personnes;Donateur/trice: USPI Vaud, Acteur/trice: 2 x Ja zum Mietrecht / Bund für mehr Wohnraum, Zürich
fr;2686;allowances;alphabetical;Financement des campagnes;13;24.11.2024 Modification du 29 septembre 2023 du code des obligations (droit du bail: sous-location);;campaign_financing;Montants finaux;personne morale ou société de personnes;Donateur/trice: Chambre vaudoise immobilière, Acteur/trice: 2 x Ja zum Mietrecht / Bund für mehr Wohnraum, Zürich
fr;2687;allowances;alphabetical;Financement des campagnes;14;24.11.2024 Modification du 29 septembre 2023 du code des obligations (droit du bail: résiliation pour besoin propre);;campaign_financing;Montants finaux;personne morale ou société de personnes;Donateur/trice: HEV Schweiz, Acteur/trice: 2 x Ja zum Mietrecht / Bund für mehr Wohnraum, Zürich
fr;2688;allowances;alphabetical;Financement des campagnes;14;24.11.2024 Modification du 29 septembre 2023 du code des obligations (droit du bail: résiliation pour besoin propre);;campaign_financing;Montants finaux;personne morale ou société de personnes;Donateur/trice: CVI Chambre vaudoise immobilière, Acteur/trice: 2 x Ja zum Mietrecht / Bund für mehr Wohnraum, Zürich
fr;2689;allowances;alphabetical;Financement des campagnes;14;24.11.2024 Modification du 29 septembre 2023 du code des obligations (droit du bail: résiliation pour besoin propre);;campaign_financing;Montants finaux;personne morale ou société de personnes;Donateur/trice: FRI Fédération romande immobilière, Acteur/trice: 2 x Ja zum Mietrecht / Bund für mehr Wohnraum, Zürich
fr;269;allowances;alphabetical;Financement des campagnes;1;22.10.2023 Élections au Conseil national 2023;2023;campaign_financing;Montants budgétés;personne morale ou société de personnes;Donateur/trice: Schweizerischer Gewerbeverband, Acteur/trice: Müller Leo, Ruswil
fr;2690;allowances;alphabetical;Financement des campagnes;14;24.11.2024 Modification du 29 septembre 2023 du code des obligations (droit du bail: résiliation pour besoin propre);;campaign_financing;Montants finaux;personne morale ou société de personnes;Donateur/trice: CGI Chambre genevoise imobilière, Acteur/trice: 2 x Ja zum Mietrecht / Bund für mehr Wohnraum, Zürich
fr;2691;allowances;alphabetical;Financement des campagnes;14;24.11.2024 Modification du 29 septembre 2023 du code des obligations (droit du bail: résiliation pour besoin propre);;campaign_financing;Montants finaux;personne morale ou société de personnes;Donateur/trice: SVIT Schweiz, Acteur/trice: 2 x Ja zum Mietrecht / Bund für mehr Wohnraum, Zürich
fr;2692;allowances;alphabetical;Financement des campagnes;14;24.11.2024 Modification du 29 septembre 2023 du code des obligations (droit du bail: résiliation pour besoin propre);;campaign_financing;Montants finaux;personne morale ou société de personnes;Donateur/trice: VIS Verband Immobilien Schweiz, Acteur/trice: 2 x Ja zum Mietrecht / Bund für mehr Wohnraum, Zürich
fr;2693;allowances;alphabetical;Financement des campagnes;14;24.11.2024 Modification du 29 septembre 2023 du code des obligations (droit du bail: résiliation pour besoin propre);;campaign_financing;Montants finaux;personne morale ou société de personnes;Donateur/trice: Centre Patronal, Acteur/trice: 2 x Ja zum Mietrecht / Bund für mehr Wohnraum, Zürich
fr;2694;allowances;alphabetical;Financement des campagnes;14;24.11.2024 Modification du 29 septembre 2023 du code des obligations (droit du bail: résiliation pour besoin propre);;campaign_financing;Montants finaux;personne morale ou société de personnes;Donateur/trice: SVIT Romandie, Acteur/trice: 2 x Ja zum Mietrecht / Bund für mehr Wohnraum, Zürich
fr;2695;allowances;alphabetical;Financement des campagnes;14;24.11.2024 Modification du 29 septembre 2023 du code des obligations (droit du bail: résiliation pour besoin propre);;campaign_financing;Montants finaux;personne morale ou société de personnes;Donateur/trice: USPI Suisse, Acteur/trice: 2 x Ja zum Mietrecht / Bund für mehr Wohnraum, Zürich
fr;2696;allowances;alphabetical;Financement des campagnes;14;24.11.2024 Modification du 29 septembre 2023 du code des obligations (droit du bail: résiliation pour besoin propre);;campaign_financing;Montants finaux;personne morale ou société de personnes;Donateur/trice: HEV Aargau, Acteur/trice: 2 x Ja zum Mietrecht / Bund für mehr Wohnraum, Zürich
fr;2697;allowances;alphabetical;Financement des campagnes;14;24.11.2024 Modification du 29 septembre 2023 du code des obligations (droit du bail: résiliation pour besoin propre);;campaign_financing;Montants finaux;personne morale ou société de personnes;Donateur/trice: HEV Schweiz, Acteur/trice: 2 x Ja zum Mietrecht / Bund für mehr Wohnraum, Zürich
fr;2698;allowances;alphabetical;Financement des campagnes;14;24.11.2024 Modification du 29 septembre 2023 du code des obligations (droit du bail: résiliation pour besoin propre);;campaign_financing;Montants finaux;personne morale ou société de personnes;Donateur/trice: USPI Vaud, Acteur/trice: 2 x Ja zum Mietrecht / Bund für mehr Wohnraum, Zürich
fr;2699;allowances;alphabetical;Financement des campagnes;14;24.11.2024 Modification du 29 septembre 2023 du code des obligations (droit du bail: résiliation pour besoin propre);;campaign_financing;Montants finaux;personne morale ou société de personnes;Donateur/trice: Chambre vaudoise immobilière, Acteur/trice: 2 x Ja zum Mietrecht / Bund für mehr Wohnraum, Zürich
fr;27;allowances;alphabetical;Financement des campagnes;1;22.10.2023 Élections au Conseil national 2023;2023;campaign_financing;Montants budgétés;personne morale ou société de personnes;Donateur/trice: SP Schweiz, Acteur/trice: Sozialdemokratische Partei Kanton Baselland, Liestal
fr;2710;allowances;alphabetical;Financement des campagnes;12;24.11.2024 Arrêté fédéral 29 septembre 2023 sur l’étape d’aménagement 2023 des routes nationales;2024;campaign_financing;Montants finaux;personne morale ou société de personnes;"Donateur/trice: KGV St.Gallen, Acteur/trice: Überparteiliches Komitee ""Ja zur Sicherung der Nationalstrassen SG/TG"", St. Gallen"
fr;2711;allowances;alphabetical;Financement des campagnes;12;24.11.2024 Arrêté fédéral 29 septembre 2023 sur l’étape d’aménagement 2023 des routes nationales;2024;campaign_financing;Montants finaux;personne morale ou société de personnes;"Donateur/trice: IG Engpassbeseitigung, Acteur/trice: Überparteiliches Komitee ""Ja zur Sicherung der Nationalstrassen SG/TG"", St. Gallen"
fr;2712;allowances;alphabetical;Financement des campagnes;12;24.11.2024 Arrêté fédéral 29 septembre 2023 sur l’étape d’aménagement 2023 des routes nationales;2024;campaign_financing;Montants finaux;personne morale ou société de personnes;"Donateur/trice: Thurgauer Gewerbeverband TGV, Acteur/trice: Überparteiliches Komitee ""Ja zur Sicherung der Nationalstrassen SG/TG"", St. Gallen"
fr;2713;allowances;alphabetical;Financement des campagnes;12;24.11.2024 Arrêté fédéral 29 septembre 2023 sur l’étape d’aménagement 2023 des routes nationales;2024;campaign_financing;Montants finaux;personne morale ou société de personnes;"Donateur/trice: TCS St.Gallen-Appenzell AI, Acteur/trice: Überparteiliches Komitee ""Ja zur Sicherung der Nationalstrassen SG/TG"", St. Gallen"
fr;2714;allowances;alphabetical;Financement des campagnes;12;24.11.2024 Arrêté fédéral 29 septembre 2023 sur l’étape d’aménagement 2023 des routes nationales;2024;campaign_financing;Montants finaux;personne morale ou société de personnes;"Donateur/trice: ACS St.Gallen, Acteur/trice: Überparteiliches Komitee ""Ja zur Sicherung der Nationalstrassen SG/TG"", St. Gallen"
fr;2715;allowances;alphabetical;Financement des campagnes;12;24.11.2024 Arrêté fédéral 29 septembre 2023 sur l’étape d’aménagement 2023 des routes nationales;2024;campaign_financing;Montants finaux;personne morale ou société de personnes;"Donateur/trice: AGVS SG-AR-AI-FL, Acteur/trice: Überparteiliches Komitee ""Ja zur Sicherung der Nationalstrassen SG/TG"", St. Gallen"
fr;2716;allowances;alphabetical;Financement des campagnes;12;24.11.2024 Arrêté fédéral 29 septembre 2023 sur l’étape d’aménagement 2023 des routes nationales;2024;campaign_financing;Montants finaux;personne morale ou société de personnes;"Donateur/trice: Gewerbe Stadt St.Gallen, Acteur/trice: Überparteiliches Komitee ""Ja zur Sicherung der Nationalstrassen SG/TG"", St. Gallen"
fr;2717;allowances;alphabetical;Financement des campagnes;12;24.11.2024 Arrêté fédéral 29 septembre 2023 sur l’étape d’aménagement 2023 des routes nationales;2024;campaign_financing;Montants finaux;personne morale ou société de personnes;"Donateur/trice: Wirtschaftregion St.Gallen WISG, Acteur/trice: Überparteiliches Komitee ""Ja zur Sicherung der Nationalstrassen SG/TG"", St. Gallen"
fr;2718;allowances;alphabetical;Financement des campagnes;12;24.11.2024 Arrêté fédéral 29 septembre 2023 sur l’étape d’aménagement 2023 des routes nationales;2024;campaign_financing;Montants finaux;personne morale ou société de personnes;"Donateur/trice: HEV Stadt St.Gallen, Acteur/trice: Überparteiliches Komitee ""Ja zur Sicherung der Nationalstrassen SG/TG"", St. Gallen"
fr;2719;allowances;alphabetical;Financement des campagnes;12;24.11.2024 Arrêté fédéral 29 septembre 2023 sur l’étape d’aménagement 2023 des routes nationales;2024;campaign_financing;Montants finaux;personne morale ou société de personnes;"Donateur/trice: HEV Kanton St.Gallen, Acteur/trice: Überparteiliches Komitee ""Ja zur Sicherung der Nationalstrassen SG/TG"", St. Gallen"
fr;2767;allowances;alphabetical;Financement des campagnes;12;24.11.2024 Arrêté fédéral 29 septembre 2023 sur l’étape d’aménagement 2023 des routes nationales;2024;campaign_financing;Montants finaux;personne physique;Donateur/trice: Werenfels Christine, Acteur/trice: Greenpeace Suisse, Zürich
fr;2769;allowances;alphabetical;Financement des campagnes;13;24.11.2024 Modification du 29 septembre 2023 du code des obligations (droit du bail: sous-location);;campaign_financing;Montants finaux;personne morale ou société de personnes;Donateur/trice: Hauseigentümerverband Schweiz, Acteur/trice: Hauseigentümerverband Kanton Bern, Bern
fr;2770;allowances;alphabetical;Financement des campagnes;14;24.11.2024 Modification du 29 septembre 2023 du code des obligations (droit du bail: résiliation pour besoin propre);;campaign_financing;Montants finaux;personne morale ou société de personnes;Donateur/trice: Hauseigentümerverband Schweiz, Acteur/trice: Hauseigentümerverband Kanton Bern, Bern
fr;2784;allowances;alphabetical;Financement des campagnes;12;24.11.2024 Arrêté fédéral 29 septembre 2023 sur l’étape d’aménagement 2023 des routes nationales;2024;campaign_financing;Montants finaux;personne morale ou société de personnes;Donateur/trice: Temperatio Stiftung, Acteur/trice: actif-trafiC, Zurich
fr;2785;allowances;alphabetical;Financement des campagnes;12;24.11.2024 Arrêté fédéral 29 septembre 2023 sur l’étape d’aménagement 2023 des routes nationales;2024;campaign_financing;Montants finaux;personne morale ou société de personnes;Donateur/trice: umverkehR, Acteur/trice: actif-trafiC, Zurich
fr;2787;allowances;alphabetical;Financement des campagnes;15;24.11.2024 Modification du 22 décembre 2023 de la loi fédérale sur l’assurance-maladie (financement uniforme des prestations);;campaign_financing;Montants finaux;personne morale ou société de personnes;Donateur/trice: Schweizerischer Verband der Personals öffentlicher Dienste, Acteur/trice: Syndicat suisse des services publics (SSP), Zurich
fr;2788;allowances;alphabetical;Financement des campagnes;15;24.11.2024 Modification du 22 décembre 2023 de la loi fédérale sur l’assurance-maladie (financement uniforme des prestations);;campaign_financing;Montants finaux;personne morale ou société de personnes;Donateur/trice: VPOD - Verband des Personals öffentlicher Dienste, Acteur/trice: Union syndicale suisse (USS), Berne
fr;2789;allowances;alphabetical;Financement des campagnes;15;24.11.2024 Modification du 22 décembre 2023 de la loi fédérale sur l’assurance-maladie (financement uniforme des prestations);;campaign_financing;Montants finaux;personne morale ou société de personnes;Donateur/trice: UNIA, Acteur/trice: Union syndicale suisse (USS), Berne
fr;2790;allowances;alphabetical;Financement des campagnes;15;24.11.2024 Modification du 22 décembre 2023 de la loi fédérale sur l’assurance-maladie (financement uniforme des prestations);;campaign_financing;Montants finaux;personne morale ou société de personnes;Donateur/trice: SEV, Acteur/trice: Union syndicale suisse (USS), Berne
fr;2791;allowances;alphabetical;Financement des campagnes;15;24.11.2024 Modification du 22 décembre 2023 de la loi fédérale sur l’assurance-maladie (financement uniforme des prestations);;campaign_financing;Montants finaux;personne morale ou société de personnes;Donateur/trice: Syndicom, Acteur/trice: Union syndicale suisse (USS), Berne
fr;2792;allowances;alphabetical;Financement des campagnes;15;24.11.2024 Modification du 22 décembre 2023 de la loi fédérale sur l’assurance-maladie (financement uniforme des prestations);;campaign_financing;Montants finaux;personne morale ou société de personnes;Donateur/trice: SGB - Schweizerischer Gewerkschaftsbund, Acteur/trice: Union syndicale suisse (USS), Berne
fr;28;allowances;alphabetical;Financement des campagnes;1;22.10.2023 Élections au Conseil national 2023;2023;campaign_financing;Montants budgétés;personne morale ou société de personnes;Donateur/trice: Grünliberale Partei Schweiz, Acteur/trice: Junge Grünliberale Partei Schweiz, Bern
fr;2832;allowances;alphabetical;Financement des campagnes;14;24.11.2024 Modification du 29 septembre 2023 du code des obligations (droit du bail: résiliation pour besoin propre);;campaign_financing;Montants finaux;personne morale ou société de personnes;Donateur/trice: Hauseigentümerverband Schweiz, Acteur/trice: HEV Kanton Zürich, Zürich
fr;2833;allowances;alphabetical;Financement des campagnes;13;24.11.2024 Modification du 29 septembre 2023 du code des obligations (droit du bail: sous-location);;campaign_financing;Montants finaux;personne morale ou société de personnes;Donateur/trice: Hauseigentümerverband Schweiz, Acteur/trice: HEV Kanton Zürich, Zürich
fr;2834;allowances;alphabetical;Financement des campagnes;14;24.11.2024 Modification du 29 septembre 2023 du code des obligations (droit du bail: résiliation pour besoin propre);;campaign_financing;Montants finaux;personne morale ou société de personnes;Donateur/trice: Hauseigentümerverband Schweiz, Acteur/trice: Hauseigentümerverband Aargau, Baden
fr;2835;allowances;alphabetical;Financement des campagnes;13;24.11.2024 Modification du 29 septembre 2023 du code des obligations (droit du bail: sous-location);;campaign_financing;Montants finaux;personne morale ou société de personnes;Donateur/trice: Hauseigentümerverband Schweiz, Acteur/trice: Hauseigentümerverband Aargau, Baden
fr;2836;allowances;alphabetical;Financement des campagnes;15;24.11.2024 Modification du 22 décembre 2023 de la loi fédérale sur l’assurance-maladie (financement uniforme des prestations);;campaign_financing;Montants finaux;personne morale ou société de personnes;Donateur/trice: FMH Verbindung der Schweizer Ärztinnen und Ärzte, Acteur/trice: Gesundheitswesen mit Zukunft, Bern
fr;2837;allowances;alphabetical;Financement des campagnes;15;24.11.2024 Modification du 22 décembre 2023 de la loi fédérale sur l’assurance-maladie (financement uniforme des prestations);;campaign_financing;Montants finaux;personne morale ou société de personnes;Donateur/trice: curafutura, die innovativen Krankenversicherer, Acteur/trice: Gesundheitswesen mit Zukunft, Bern
fr;2838;allowances;alphabetical;Financement des campagnes;15;24.11.2024 Modification du 22 décembre 2023 de la loi fédérale sur l’assurance-maladie (financement uniforme des prestations);;campaign_financing;Montants finaux;personne morale ou société de personnes;Donateur/trice: AerzteGesellschaft des Kantons Zürich AGZ, Acteur/trice: Gesundheitswesen mit Zukunft, Bern
fr;2839;allowances;alphabetical;Financement des campagnes;15;24.11.2024 Modification du 22 décembre 2023 de la loi fédérale sur l’assurance-maladie (financement uniforme des prestations);;campaign_financing;Montants finaux;personne morale ou société de personnes;Donateur/trice: ARTISET, Acteur/trice: Gesundheitswesen mit Zukunft, Bern
fr;2840;allowances;alphabetical;Financement des campagnes;15;24.11.2024 Modification du 22 décembre 2023 de la loi fédérale sur l’assurance-maladie (financement uniforme des prestations);;campaign_financing;Montants finaux;personne morale ou société de personnes;Donateur/trice: Spitex Schweiz, Acteur/trice: Gesundheitswesen mit Zukunft, Bern
fr;2841;allowances;alphabetical;Financement des campagnes;15;24.11.2024 Modification du 22 décembre 2023 de la loi fédérale sur l’assurance-maladie (financement uniforme des prestations);;campaign_financing;Montants finaux;personne morale ou société de personnes;Donateur/trice: Schweizerischer Apothekenverband (pharmaSuisse), Acteur/trice: Gesundheitswesen mit Zukunft, Bern
fr;2842;allowances;alphabetical;Financement des campagnes;15;24.11.2024 Modification du 22 décembre 2023 de la loi fédérale sur l’assurance-maladie (financement uniforme des prestations);;campaign_financing;Montants finaux;personne morale ou société de personnes;Donateur/trice: Interpharma Verband der forschenden pharmazeutischen Firmen der Schweiz, Acteur/trice: Gesundheitswesen mit Zukunft, Bern
fr;2843;allowances;alphabetical;Financement des campagnes;15;24.11.2024 Modification du 22 décembre 2023 de la loi fédérale sur l’assurance-maladie (financement uniforme des prestations);;campaign_financing;Montants finaux;personne morale ou société de personnes;Donateur/trice: H+ Die Schweizer Spitäler, Acteur/trice: Gesundheitswesen mit Zukunft, Bern
fr;2844;allowances;alphabetical;Financement des campagnes;15;24.11.2024 Modification du 22 décembre 2023 de la loi fédérale sur l’assurance-maladie (financement uniforme des prestations);;campaign_financing;Montants finaux;personne morale ou société de personnes;Donateur/trice: Bündnis Freiheitliches Gesundheitswesen, Acteur/trice: Gesundheitswesen mit Zukunft, Bern
fr;2845;allowances;alphabetical;Financement des campagnes;15;24.11.2024 Modification du 22 décembre 2023 de la loi fédérale sur l’assurance-maladie (financement uniforme des prestations);;campaign_financing;Montants finaux;personne morale ou société de personnes;Donateur/trice: medswiss.net, Acteur/trice: Gesundheitswesen mit Zukunft, Bern
fr;2846;allowances;alphabetical;Financement des campagnes;15;24.11.2024 Modification du 22 décembre 2023 de la loi fédérale sur l’assurance-maladie (financement uniforme des prestations);;campaign_financing;Montants finaux;personne morale ou société de personnes;Donateur/trice: SW!SS REHA, Acteur/trice: Gesundheitswesen mit Zukunft, Bern
fr;2847;allowances;alphabetical;Financement des campagnes;15;24.11.2024 Modification du 22 décembre 2023 de la loi fédérale sur l’assurance-maladie (financement uniforme des prestations);;campaign_financing;Montants finaux;personne morale ou société de personnes;Donateur/trice: Der Schweizerische Versicherungsverband SVV, Acteur/trice: Gesundheitswesen mit Zukunft, Bern
fr;2848;allowances;alphabetical;Financement des campagnes;15;24.11.2024 Modification du 22 décembre 2023 de la loi fédérale sur l’assurance-maladie (financement uniforme des prestations);;campaign_financing;Montants finaux;personne morale ou société de personnes;Donateur/trice: Universitäre Medizin Schweiz, Unimedsuisse, Acteur/trice: Gesundheitswesen mit Zukunft, Bern
fr;2849;allowances;alphabetical;Financement des campagnes;15;24.11.2024 Modification du 22 décembre 2023 de la loi fédérale sur l’assurance-maladie (financement uniforme des prestations);;campaign_financing;Montants finaux;personne morale ou société de personnes;Donateur/trice: Visana Beteiligungen AG, Acteur/trice: Gesundheitswesen mit Zukunft, Bern
fr;2850;allowances;alphabetical;Financement des campagnes;15;24.11.2024 Modification du 22 décembre 2023 de la loi fédérale sur l’assurance-maladie (financement uniforme des prestations);;campaign_financing;Montants finaux;personne morale ou société de personnes;Donateur/trice: Aerztegesellschaft des Kantons Bern, Acteur/trice: Gesundheitswesen mit Zukunft, Bern
fr;2851;allowances;alphabetical;Financement des campagnes;15;24.11.2024 Modification du 22 décembre 2023 de la loi fédérale sur l’assurance-maladie (financement uniforme des prestations);;campaign_financing;Montants finaux;personne morale ou société de personnes;Donateur/trice: economiesuisse, Acteur/trice: Gesundheitswesen mit Zukunft, Bern
fr;2852;allowances;alphabetical;Financement des campagnes;15;24.11.2024 Modification du 22 décembre 2023 de la loi fédérale sur l’assurance-maladie (financement uniforme des prestations);;campaign_financing;Montants finaux;personne morale ou société de personnes;Donateur/trice: Ärzte-Gesellschaft des Kantons Zug, Acteur/trice: Gesundheitswesen mit Zukunft, Bern
fr;2853;allowances;alphabetical;Financement des campagnes;15;24.11.2024 Modification du 22 décembre 2023 de la loi fédérale sur l’assurance-maladie (financement uniforme des prestations);;campaign_financing;Montants finaux;personne morale ou société de personnes;Donateur/trice: Intergenerika, Acteur/trice: Gesundheitswesen mit Zukunft, Bern
fr;2854;allowances;alphabetical;Financement des campagnes;15;24.11.2024 Modification du 22 décembre 2023 de la loi fédérale sur l’assurance-maladie (financement uniforme des prestations);;campaign_financing;Montants finaux;personne morale ou société de personnes;Donateur/trice: VEDAG Verband Deutschschweizer Ärztegesellschaft, Acteur/trice: Gesundheitswesen mit Zukunft, Bern
fr;2855;allowances;alphabetical;Financement des campagnes;15;24.11.2024 Modification du 22 décembre 2023 de la loi fédérale sur l’assurance-maladie (financement uniforme des prestations);;campaign_financing;Montants finaux;personne morale ou société de personnes;Donateur/trice: Société Médicale de la Suisse Romande (SMSR), Acteur/trice: Gesundheitswesen mit Zukunft, Bern
fr;287;allowances;alphabetical;Financement des campagnes;1;22.10.2023 Élections au Conseil national 2023;2023;campaign_financing;Montants budgétés;personne morale ou société de personnes;Donateur/trice: Gesellschaft zum Zytthurm, Acteur/trice: Die Mitte Kanton Zug, Rotkreuz
fr;288;allowances;alphabetical;Financement des campagnes;1;22.10.2023 Élections au Conseil national 2023;2023;campaign_financing;Montants budgétés;personne morale ou société de personnes;Donateur/trice: St. Martinsgesellschaft, Acteur/trice: Die Mitte Schwyz, Schwyz
fr;289;allowances;alphabetical;Financement des campagnes;1;22.10.2023 Élections au Conseil national 2023;2023;campaign_financing;Montants budgétés;personne morale ou société de personnes;Donateur/trice: Verein für lösungsorientierte Politik, Acteur/trice: Schneider-Schneiter Elisabeth, Biel-Benken
fr;2894;allowances;alphabetical;Financement des campagnes;12;24.11.2024 Arrêté fédéral 29 septembre 2023 sur l’étape d’aménagement 2023 des routes nationales;2024;campaign_financing;Montants finaux;personne morale ou société de personnes;Donateur/trice: Umverkehr, Acteur/trice: ATE Association transports et environnement, Berne
fr;2895;allowances;alphabetical;Financement des campagnes;12;24.11.2024 Arrêté fédéral 29 septembre 2023 sur l’étape d’aménagement 2023 des routes nationales;2024;campaign_financing;Montants finaux;personne morale ou société de personnes;Donateur/trice: Pro Velo Schweiz, Acteur/trice: ATE Association transports et environnement, Berne
fr;2896;allowances;alphabetical;Financement des campagnes;12;24.11.2024 Arrêté fédéral 29 septembre 2023 sur l’étape d’aménagement 2023 des routes nationales;2024;campaign_financing;Montants finaux;personne morale ou société de personnes;Donateur/trice: Pro Natura, Acteur/trice: ATE Association transports et environnement, Berne
fr;2897;allowances;alphabetical;Financement des campagnes;12;24.11.2024 Arrêté fédéral 29 septembre 2023 sur l’étape d’aménagement 2023 des routes nationales;2024;campaign_financing;Montants finaux;personne morale ou société de personnes;Donateur/trice: VCS Verkehrs-Club der Schweiz, Acteur/trice: ATE Association transports et environnement, Berne
fr;2898;allowances;alphabetical;Financement des campagnes;12;24.11.2024 Arrêté fédéral 29 septembre 2023 sur l’étape d’aménagement 2023 des routes nationales;2024;campaign_financing;Montants finaux;personne morale ou société de personnes;Donateur/trice: Asterito AG, Acteur/trice: ATE Association transports et environnement, Berne
fr;2899;allowances;alphabetical;Financement des campagnes;12;24.11.2024 Arrêté fédéral 29 septembre 2023 sur l’étape d’aménagement 2023 des routes nationales;2024;campaign_financing;Montants finaux;personne morale ou société de personnes;Donateur/trice: Fondation Franz Weber, Acteur/trice: ATE Association transports et environnement, Berne
fr;290;allowances;alphabetical;Financement des campagnes;1;22.10.2023 Élections au Conseil national 2023;2023;campaign_financing;Montants budgétés;personne morale ou société de personnes;Donateur/trice: Handelskammer beider Basel, Acteur/trice: Schneider-Schneiter Elisabeth, Biel-Benken
fr;2900;allowances;alphabetical;Financement des campagnes;12;24.11.2024 Arrêté fédéral 29 septembre 2023 sur l’étape d’aménagement 2023 des routes nationales;2024;campaign_financing;Montants finaux;personne physique;Donateur/trice: Burkard Carmita, Acteur/trice: ATE Association transports et environnement, Berne
fr;2901;allowances;alphabetical;Financement des campagnes;12;24.11.2024 Arrêté fédéral 29 septembre 2023 sur l’étape d’aménagement 2023 des routes nationales;2024;campaign_financing;Montants finaux;personne morale ou société de personnes;Donateur/trice: WWF Schweiz, Acteur/trice: ATE Association transports et environnement, Berne
fr;2902;allowances;alphabetical;Financement des campagnes;12;24.11.2024 Arrêté fédéral 29 septembre 2023 sur l’étape d’aménagement 2023 des routes nationales;2024;campaign_financing;Montants finaux;personne morale ou société de personnes;Donateur/trice: Grüne Schweiz, Acteur/trice: ATE Association transports et environnement, Berne
fr;291;allowances;alphabetical;Financement des campagnes;1;22.10.2023 Élections au Conseil national 2023;2023;campaign_financing;Montants budgétés;personne morale ou société de personnes;Donateur/trice: Die Mitte Basel-Landschaft, Acteur/trice: Schneider-Schneiter Elisabeth, Biel-Benken
fr;2918;allowances;alphabetical;Financement des campagnes;12;24.11.2024 Arrêté fédéral 29 septembre 2023 sur l’étape d’aménagement 2023 des routes nationales;2024;campaign_financing;Montants finaux;personne morale ou société de personnes;Donateur/trice: economiesuisse, Acteur/trice: Union suisse des arts et métiers, Berne
fr;2919;allowances;alphabetical;Financement des campagnes;12;24.11.2024 Arrêté fédéral 29 septembre 2023 sur l’étape d’aménagement 2023 des routes nationales;2024;campaign_financing;Montants finaux;personne morale ou société de personnes;Donateur/trice: strasseschweiz, Acteur/trice: Union suisse des arts et métiers, Berne
fr;292;allowances;alphabetical;Financement des campagnes;1;22.10.2023 Élections au Conseil national 2023;2023;campaign_financing;Montants budgétés;personne morale ou société de personnes;Donateur/trice: Raiffeisen Schweiz, Acteur/trice: Schneider-Schneiter Elisabeth, Biel-Benken
fr;2920;allowances;alphabetical;Financement des campagnes;12;24.11.2024 Arrêté fédéral 29 septembre 2023 sur l’étape d’aménagement 2023 des routes nationales;2024;campaign_financing;Montants finaux;personne morale ou société de personnes;Donateur/trice: Bund für mehr Wohnraum, Acteur/trice: Union suisse des arts et métiers, Berne
fr;2921;allowances;alphabetical;Financement des campagnes;13;24.11.2024 Modification du 29 septembre 2023 du code des obligations (droit du bail: sous-location);;campaign_financing;Montants finaux;personne morale ou société de personnes;Donateur/trice: economiesuisse, Acteur/trice: Union suisse des arts et métiers, Berne
fr;2922;allowances;alphabetical;Financement des campagnes;13;24.11.2024 Modification du 29 septembre 2023 du code des obligations (droit du bail: sous-location);;campaign_financing;Montants finaux;personne morale ou société de personnes;Donateur/trice: strasseschweiz, Acteur/trice: Union suisse des arts et métiers, Berne
fr;2923;allowances;alphabetical;Financement des campagnes;13;24.11.2024 Modification du 29 septembre 2023 du code des obligations (droit du bail: sous-location);;campaign_financing;Montants finaux;personne morale ou société de personnes;Donateur/trice: Bund für mehr Wohnraum, Acteur/trice: Union suisse des arts et métiers, Berne
fr;2924;allowances;alphabetical;Financement des campagnes;14;24.11.2024 Modification du 29 septembre 2023 du code des obligations (droit du bail: résiliation pour besoin propre);;campaign_financing;Montants finaux;personne morale ou société de personnes;Donateur/trice: economiesuisse, Acteur/trice: Union suisse des arts et métiers, Berne
fr;2925;allowances;alphabetical;Financement des campagnes;14;24.11.2024 Modification du 29 septembre 2023 du code des obligations (droit du bail: résiliation pour besoin propre);;campaign_financing;Montants finaux;personne morale ou société de personnes;Donateur/trice: strasseschweiz, Acteur/trice: Union suisse des arts et métiers, Berne
fr;2926;allowances;alphabetical;Financement des campagnes;14;24.11.2024 Modification du 29 septembre 2023 du code des obligations (droit du bail: résiliation pour besoin propre);;campaign_financing;Montants finaux;personne morale ou société de personnes;Donateur/trice: Bund für mehr Wohnraum, Acteur/trice: Union suisse des arts et métiers, Berne
fr;2927;allowances;alphabetical;Financement des campagnes;15;24.11.2024 Modification du 22 décembre 2023 de la loi fédérale sur l’assurance-maladie (financement uniforme des prestations);;campaign_financing;Montants finaux;personne morale ou société de personnes;Donateur/trice: economiesuisse, Acteur/trice: Union suisse des arts et métiers, Berne
fr;2928;allowances;alphabetical;Financement des campagnes;15;24.11.2024 Modification du 22 décembre 2023 de la loi fédérale sur l’assurance-maladie (financement uniforme des prestations);;campaign_financing;Montants finaux;personne morale ou société de personnes;Donateur/trice: strasseschweiz, Acteur/trice: Union suisse des arts et métiers, Berne
fr;2929;allowances;alphabetical;Financement des campagnes;15;24.11.2024 Modification du 22 décembre 2023 de la loi fédérale sur l’assurance-maladie (financement uniforme des prestations);;campaign_financing;Montants finaux;personne morale ou société de personnes;Donateur/trice: Bund für mehr Wohnraum, Acteur/trice: Union suisse des arts et métiers, Berne
fr;293;allowances;alphabetical;Financement des campagnes;1;22.10.2023 Élections au Conseil national 2023;2023;campaign_financing;Montants budgétés;personne morale ou société de personnes;"Donateur/trice: PAMAG Metallbau AG, Acteur/trice: Überparteiliches Komitee ""KR Paul Mayer in den Nationalrat"", Marthalen"
fr;2930;allowances;alphabetical;Financement des campagnes;12;24.11.2024 Arrêté fédéral 29 septembre 2023 sur l’étape d’aménagement 2023 des routes nationales;2024;campaign_financing;Montants finaux;personne morale ou société de personnes;Donateur/trice: TCS, Acteur/trice: Ja zur Sicherung der Nationalstrassen, Bern
fr;2931;allowances;alphabetical;Financement des campagnes;12;24.11.2024 Arrêté fédéral 29 septembre 2023 sur l’étape d’aménagement 2023 des routes nationales;2024;campaign_financing;Montants finaux;personne morale ou société de personnes;Donateur/trice: auto schweiz, Acteur/trice: Ja zur Sicherung der Nationalstrassen, Bern
fr;2932;allowances;alphabetical;Financement des campagnes;12;24.11.2024 Arrêté fédéral 29 septembre 2023 sur l’étape d’aménagement 2023 des routes nationales;2024;campaign_financing;Montants finaux;personne morale ou société de personnes;Donateur/trice: Astag, Acteur/trice: Ja zur Sicherung der Nationalstrassen, Bern
fr;2933;allowances;alphabetical;Financement des campagnes;12;24.11.2024 Arrêté fédéral 29 septembre 2023 sur l’étape d’aménagement 2023 des routes nationales;2024;campaign_financing;Montants finaux;personne morale ou société de personnes;Donateur/trice: AGVS, Acteur/trice: Ja zur Sicherung der Nationalstrassen, Bern
fr;2934;allowances;alphabetical;Financement des campagnes;12;24.11.2024 Arrêté fédéral 29 septembre 2023 sur l’étape d’aménagement 2023 des routes nationales;2024;campaign_financing;Montants finaux;personne morale ou société de personnes;Donateur/trice: Schweizerischer Baumeisterverband, Acteur/trice: Ja zur Sicherung der Nationalstrassen, Bern
fr;2935;allowances;alphabetical;Financement des campagnes;12;24.11.2024 Arrêté fédéral 29 septembre 2023 sur l’étape d’aménagement 2023 des routes nationales;2024;campaign_financing;Montants finaux;personne morale ou société de personnes;Donateur/trice: strasseschweiz, Acteur/trice: Ja zur Sicherung der Nationalstrassen, Bern
fr;2936;allowances;alphabetical;Financement des campagnes;12;24.11.2024 Arrêté fédéral 29 septembre 2023 sur l’étape d’aménagement 2023 des routes nationales;2024;campaign_financing;Montants finaux;personne morale ou société de personnes;Donateur/trice: Infra Suisse, Acteur/trice: Ja zur Sicherung der Nationalstrassen, Bern
fr;2937;allowances;alphabetical;Financement des campagnes;12;24.11.2024 Arrêté fédéral 29 septembre 2023 sur l’étape d’aménagement 2023 des routes nationales;2024;campaign_financing;Montants finaux;personne morale ou société de personnes;Donateur/trice: ACS, Acteur/trice: Ja zur Sicherung der Nationalstrassen, Bern
fr;2938;allowances;alphabetical;Financement des campagnes;12;24.11.2024 Arrêté fédéral 29 septembre 2023 sur l’étape d’aménagement 2023 des routes nationales;2024;campaign_financing;Montants finaux;personne morale ou société de personnes;Donateur/trice: Les Routiers Suisses, Acteur/trice: Ja zur Sicherung der Nationalstrassen, Bern
fr;2939;allowances;alphabetical;Financement des campagnes;12;24.11.2024 Arrêté fédéral 29 septembre 2023 sur l’étape d’aménagement 2023 des routes nationales;2024;campaign_financing;Montants finaux;personne morale ou société de personnes;Donateur/trice: economiesuisse, Acteur/trice: Ja zur Sicherung der Nationalstrassen, Bern
fr;294;allowances;alphabetical;Financement des campagnes;1;22.10.2023 Élections au Conseil national 2023;2023;campaign_financing;Montants budgétés;personne morale ou société de personnes;"Donateur/trice: PAMAG Konsolen & Montagen, Acteur/trice: Überparteiliches Komitee ""KR Paul Mayer in den Nationalrat"", Marthalen"
fr;2940;allowances;alphabetical;Financement des campagnes;12;24.11.2024 Arrêté fédéral 29 septembre 2023 sur l’étape d’aménagement 2023 des routes nationales;2024;campaign_financing;Montants finaux;personne morale ou société de personnes;Donateur/trice: Centre Patronal, Acteur/trice: Ja zur Sicherung der Nationalstrassen, Bern
fr;2941;allowances;alphabetical;Financement des campagnes;12;24.11.2024 Arrêté fédéral 29 septembre 2023 sur l’étape d’aménagement 2023 des routes nationales;2024;campaign_financing;Montants finaux;personne morale ou société de personnes;Donateur/trice: Scvhweizerischer Gewerbeverband sgv, Acteur/trice: Ja zur Sicherung der Nationalstrassen, Bern
fr;2942;allowances;alphabetical;Financement des campagnes;12;24.11.2024 Arrêté fédéral 29 septembre 2023 sur l’étape d’aménagement 2023 des routes nationales;2024;campaign_financing;Montants finaux;personne morale ou société de personnes;Donateur/trice: TCS, Acteur/trice: Ja zur Sicherung der Nationalstrassen, Bern
fr;2943;allowances;alphabetical;Financement des campagnes;12;24.11.2024 Arrêté fédéral 29 septembre 2023 sur l’étape d’aménagement 2023 des routes nationales;2024;campaign_financing;Montants finaux;personne morale ou société de personnes;Donateur/trice: auto-schweiz, Acteur/trice: Ja zur Sicherung der Nationalstrassen, Bern
fr;2944;allowances;alphabetical;Financement des campagnes;12;24.11.2024 Arrêté fédéral 29 septembre 2023 sur l’étape d’aménagement 2023 des routes nationales;2024;campaign_financing;Montants finaux;personne morale ou société de personnes;Donateur/trice: ASTAG, Acteur/trice: Ja zur Sicherung der Nationalstrassen, Bern
fr;2945;allowances;alphabetical;Financement des campagnes;12;24.11.2024 Arrêté fédéral 29 septembre 2023 sur l’étape d’aménagement 2023 des routes nationales;2024;campaign_financing;Montants finaux;personne morale ou société de personnes;Donateur/trice: AGVS, Acteur/trice: Ja zur Sicherung der Nationalstrassen, Bern
fr;2946;allowances;alphabetical;Financement des campagnes;12;24.11.2024 Arrêté fédéral 29 septembre 2023 sur l’étape d’aménagement 2023 des routes nationales;2024;campaign_financing;Montants finaux;personne morale ou société de personnes;Donateur/trice: strasseschweiz, Acteur/trice: Ja zur Sicherung der Nationalstrassen, Bern
fr;2947;allowances;alphabetical;Financement des campagnes;12;24.11.2024 Arrêté fédéral 29 septembre 2023 sur l’étape d’aménagement 2023 des routes nationales;2024;campaign_financing;Montants finaux;personne morale ou société de personnes;Donateur/trice: ACS, Acteur/trice: Ja zur Sicherung der Nationalstrassen, Bern
fr;2948;allowances;alphabetical;Financement des campagnes;12;24.11.2024 Arrêté fédéral 29 septembre 2023 sur l’étape d’aménagement 2023 des routes nationales;2024;campaign_financing;Montants finaux;personne morale ou société de personnes;Donateur/trice: Schweizerischer Gewerbeverband sgv, Acteur/trice: Ja zur Sicherung der Nationalstrassen, Bern
fr;2949;allowances;alphabetical;Financement des campagnes;12;24.11.2024 Arrêté fédéral 29 septembre 2023 sur l’étape d’aménagement 2023 des routes nationales;2024;campaign_financing;Montants finaux;personne morale ou société de personnes;Donateur/trice: Handelskammer beider Basel, Acteur/trice: Ja zur Sicherung der Nationalstrassen, Bern
fr;295;allowances;alphabetical;Financement des campagnes;1;22.10.2023 Élections au Conseil national 2023;2023;campaign_financing;Montants budgétés;personne physique;"Donateur/trice: Paul Mayer Paul, Acteur/trice: Überparteiliches Komitee ""KR Paul Mayer in den Nationalrat"", Marthalen"
fr;2950;allowances;alphabetical;Financement des campagnes;12;24.11.2024 Arrêté fédéral 29 septembre 2023 sur l’étape d’aménagement 2023 des routes nationales;2024;campaign_financing;Montants finaux;personne morale ou société de personnes;Donateur/trice: Handelskammer beider Basel, Acteur/trice: Ja zur Sicherung der Nationalstrassen, Bern
fr;2951;allowances;alphabetical;Financement des campagnes;12;24.11.2024 Arrêté fédéral 29 septembre 2023 sur l’étape d’aménagement 2023 des routes nationales;2024;campaign_financing;Montants finaux;personne morale ou société de personnes;Donateur/trice: Wirtschaftskammer Baselland, Acteur/trice: Ja zur Sicherung der Nationalstrassen, Bern
fr;2952;allowances;alphabetical;Financement des campagnes;12;24.11.2024 Arrêté fédéral 29 septembre 2023 sur l’étape d’aménagement 2023 des routes nationales;2024;campaign_financing;Montants finaux;personne morale ou société de personnes;Donateur/trice: Wirtschaftskammer Baselland, Acteur/trice: Ja zur Sicherung der Nationalstrassen, Bern
fr;2953;allowances;alphabetical;Financement des campagnes;12;24.11.2024 Arrêté fédéral 29 septembre 2023 sur l’étape d’aménagement 2023 des routes nationales;2024;campaign_financing;Montants finaux;personne morale ou société de personnes;Donateur/trice: Bündner Gewerbeverband, Acteur/trice: Ja zur Sicherung der Nationalstrassen, Bern
fr;2954;allowances;alphabetical;Financement des campagnes;12;24.11.2024 Arrêté fédéral 29 septembre 2023 sur l’étape d’aménagement 2023 des routes nationales;2024;campaign_financing;Montants finaux;personne morale ou société de personnes;Donateur/trice: Bündner Gewerbeverband, Acteur/trice: Ja zur Sicherung der Nationalstrassen, Bern
fr;2955;allowances;alphabetical;Financement des campagnes;12;24.11.2024 Arrêté fédéral 29 septembre 2023 sur l’étape d’aménagement 2023 des routes nationales;2024;campaign_financing;Montants finaux;personne morale ou société de personnes;Donateur/trice: Freiburger Arbeitgeberverband, Acteur/trice: Ja zur Sicherung der Nationalstrassen, Bern
fr;2956;allowances;alphabetical;Financement des campagnes;12;24.11.2024 Arrêté fédéral 29 septembre 2023 sur l’étape d’aménagement 2023 des routes nationales;2024;campaign_financing;Montants finaux;personne morale ou société de personnes;Donateur/trice: Unam, Acteur/trice: Ja zur Sicherung der Nationalstrassen, Bern
fr;2957;allowances;alphabetical;Financement des campagnes;12;24.11.2024 Arrêté fédéral 29 septembre 2023 sur l’étape d’aménagement 2023 des routes nationales;2024;campaign_financing;Montants finaux;personne morale ou société de personnes;Donateur/trice: Unam, Acteur/trice: Ja zur Sicherung der Nationalstrassen, Bern
fr;2958;allowances;alphabetical;Financement des campagnes;12;24.11.2024 Arrêté fédéral 29 septembre 2023 sur l’étape d’aménagement 2023 des routes nationales;2024;campaign_financing;Montants finaux;personne morale ou société de personnes;Donateur/trice: TCS Sektion Bern, Acteur/trice: Ja zur Sicherung der Nationalstrassen, Bern
fr;2959;allowances;alphabetical;Financement des campagnes;12;24.11.2024 Arrêté fédéral 29 septembre 2023 sur l’étape d’aménagement 2023 des routes nationales;2024;campaign_financing;Montants finaux;personne morale ou société de personnes;Donateur/trice: Berner KMU, Acteur/trice: Ja zur Sicherung der Nationalstrassen, Bern
fr;2960;allowances;alphabetical;Financement des campagnes;12;24.11.2024 Arrêté fédéral 29 septembre 2023 sur l’étape d’aménagement 2023 des routes nationales;2024;campaign_financing;Montants finaux;personne morale ou société de personnes;Donateur/trice: Berner KMU, Acteur/trice: Ja zur Sicherung der Nationalstrassen, Bern
fr;2961;allowances;alphabetical;Financement des campagnes;12;24.11.2024 Arrêté fédéral 29 septembre 2023 sur l’étape d’aménagement 2023 des routes nationales;2024;campaign_financing;Montants finaux;personne morale ou société de personnes;Donateur/trice: HIV Bern, Acteur/trice: Ja zur Sicherung der Nationalstrassen, Bern
fr;2962;allowances;alphabetical;Financement des campagnes;12;24.11.2024 Arrêté fédéral 29 septembre 2023 sur l’étape d’aménagement 2023 des routes nationales;2024;campaign_financing;Montants finaux;personne morale ou société de personnes;Donateur/trice: HIV Bern, Acteur/trice: Ja zur Sicherung der Nationalstrassen, Bern
fr;2963;allowances;alphabetical;Financement des campagnes;12;24.11.2024 Arrêté fédéral 29 septembre 2023 sur l’étape d’aménagement 2023 des routes nationales;2024;campaign_financing;Montants finaux;personne morale ou société de personnes;Donateur/trice: HEV Bern, Acteur/trice: Ja zur Sicherung der Nationalstrassen, Bern
fr;2964;allowances;alphabetical;Financement des campagnes;12;24.11.2024 Arrêté fédéral 29 septembre 2023 sur l’étape d’aménagement 2023 des routes nationales;2024;campaign_financing;Montants finaux;personne morale ou société de personnes;Donateur/trice: Avenergy suisse, Acteur/trice: Ja zur Sicherung der Nationalstrassen, Bern
fr;2965;allowances;alphabetical;Financement des campagnes;12;24.11.2024 Arrêté fédéral 29 septembre 2023 sur l’étape d’aménagement 2023 des routes nationales;2024;campaign_financing;Montants finaux;personne morale ou société de personnes;Donateur/trice: FER-Genève, Acteur/trice: Ja zur Sicherung der Nationalstrassen, Bern
fr;2966;allowances;alphabetical;Financement des campagnes;12;24.11.2024 Arrêté fédéral 29 septembre 2023 sur l’étape d’aménagement 2023 des routes nationales;2024;campaign_financing;Montants finaux;personne morale ou société de personnes;Donateur/trice: Schweizerischer Baumeisterverband, Acteur/trice: Ja zur Sicherung der Nationalstrassen, Bern
fr;2967;allowances;alphabetical;Financement des campagnes;13;24.11.2024 Modification du 29 septembre 2023 du code des obligations (droit du bail: sous-location);;campaign_financing;Montants finaux;personne morale ou société de personnes;Donateur/trice: SMV Schweizerischer Mieterinnen- und Mieterverband, Acteur/trice: ASLOCA Association suisse des locataires, Berne
fr;2968;allowances;alphabetical;Financement des campagnes;14;24.11.2024 Modification du 29 septembre 2023 du code des obligations (droit du bail: résiliation pour besoin propre);;campaign_financing;Montants finaux;personne morale ou société de personnes;Donateur/trice: SMV Schweizerischer Mieterinnen- und Mieterverband, Acteur/trice: ASLOCA Association suisse des locataires, Berne
fr;2969;allowances;alphabetical;Financement des campagnes;12;24.11.2024 Arrêté fédéral 29 septembre 2023 sur l’étape d’aménagement 2023 des routes nationales;2024;campaign_financing;Montants finaux;personne morale ou société de personnes;Donateur/trice: Centre Patronal, Acteur/trice: Oui à la troisième voie – Assurer le futur des routes nationales, Paudex
fr;2970;allowances;alphabetical;Financement des campagnes;12;24.11.2024 Arrêté fédéral 29 septembre 2023 sur l’étape d’aménagement 2023 des routes nationales;2024;campaign_financing;Montants finaux;personne morale ou société de personnes;Donateur/trice: FER-Genève, Acteur/trice: Oui à la troisième voie – Assurer le futur des routes nationales, Paudex
fr;2971;allowances;alphabetical;Financement des campagnes;12;24.11.2024 Arrêté fédéral 29 septembre 2023 sur l’étape d’aménagement 2023 des routes nationales;2024;campaign_financing;Montants finaux;personne morale ou société de personnes;Donateur/trice: CCIG, Acteur/trice: Oui à la troisième voie – Assurer le futur des routes nationales, Paudex
fr;2972;allowances;alphabetical;Financement des campagnes;12;24.11.2024 Arrêté fédéral 29 septembre 2023 sur l’étape d’aménagement 2023 des routes nationales;2024;campaign_financing;Montants finaux;personne morale ou société de personnes;Donateur/trice: CVCI, Acteur/trice: Oui à la troisième voie – Assurer le futur des routes nationales, Paudex
fr;2973;allowances;alphabetical;Financement des campagnes;12;24.11.2024 Arrêté fédéral 29 septembre 2023 sur l’étape d’aménagement 2023 des routes nationales;2024;campaign_financing;Montants finaux;personne morale ou société de personnes;Donateur/trice: FVE (fédération vaudoise des entrepreneurs), Acteur/trice: Oui à la troisième voie – Assurer le futur des routes nationales, Paudex
fr;2974;allowances;alphabetical;Financement des campagnes;12;24.11.2024 Arrêté fédéral 29 septembre 2023 sur l’étape d’aménagement 2023 des routes nationales;2024;campaign_financing;Montants finaux;personne morale ou société de personnes;Donateur/trice: Centre Patronal, Acteur/trice: Oui à la troisième voie – Assurer le futur des routes nationales, Paudex
fr;2975;allowances;alphabetical;Financement des campagnes;12;24.11.2024 Arrêté fédéral 29 septembre 2023 sur l’étape d’aménagement 2023 des routes nationales;2024;campaign_financing;Montants finaux;personne morale ou société de personnes;Donateur/trice: FER-Genève, Acteur/trice: Oui à la troisième voie – Assurer le futur des routes nationales, Paudex
fr;2976;allowances;alphabetical;Financement des campagnes;12;24.11.2024 Arrêté fédéral 29 septembre 2023 sur l’étape d’aménagement 2023 des routes nationales;2024;campaign_financing;Montants finaux;personne morale ou société de personnes;Donateur/trice: CCIG, Acteur/trice: Oui à la troisième voie – Assurer le futur des routes nationales, Paudex
fr;2977;allowances;alphabetical;Financement des campagnes;12;24.11.2024 Arrêté fédéral 29 septembre 2023 sur l’étape d’aménagement 2023 des routes nationales;2024;campaign_financing;Montants finaux;personne morale ou société de personnes;Donateur/trice: CVCI, Acteur/trice: Oui à la troisième voie – Assurer le futur des routes nationales, Paudex
fr;2978;allowances;alphabetical;Financement des campagnes;12;24.11.2024 Arrêté fédéral 29 septembre 2023 sur l’étape d’aménagement 2023 des routes nationales;2024;campaign_financing;Montants finaux;personne morale ou société de personnes;Donateur/trice: FVE (fédération vaudoise des entrepreneurs), Acteur/trice: Oui à la troisième voie – Assurer le futur des routes nationales, Paudex
fr;2979;allowances;alphabetical;Financement des campagnes;12;24.11.2024 Arrêté fédéral 29 septembre 2023 sur l’étape d’aménagement 2023 des routes nationales;2024;campaign_financing;Montants finaux;personne morale ou société de personnes;Donateur/trice: Centre Patronal, Acteur/trice: Oui à la troisième voie – Assurer le futur des routes nationales, Paudex
fr;2980;allowances;alphabetical;Financement des campagnes;12;24.11.2024 Arrêté fédéral 29 septembre 2023 sur l’étape d’aménagement 2023 des routes nationales;2024;campaign_financing;Montants finaux;personne morale ou société de personnes;Donateur/trice: FER-Genève, Acteur/trice: Oui à la troisième voie – Assurer le futur des routes nationales, Paudex
fr;2981;allowances;alphabetical;Financement des campagnes;12;24.11.2024 Arrêté fédéral 29 septembre 2023 sur l’étape d’aménagement 2023 des routes nationales;2024;campaign_financing;Montants finaux;personne morale ou société de personnes;Donateur/trice: CCIG, Acteur/trice: Oui à la troisième voie – Assurer le futur des routes nationales, Paudex
fr;2982;allowances;alphabetical;Financement des campagnes;12;24.11.2024 Arrêté fédéral 29 septembre 2023 sur l’étape d’aménagement 2023 des routes nationales;2024;campaign_financing;Montants finaux;personne morale ou société de personnes;Donateur/trice: CVCI, Acteur/trice: Oui à la troisième voie – Assurer le futur des routes nationales, Paudex
fr;2983;allowances;alphabetical;Financement des campagnes;12;24.11.2024 Arrêté fédéral 29 septembre 2023 sur l’étape d’aménagement 2023 des routes nationales;2024;campaign_financing;Montants finaux;personne morale ou société de personnes;Donateur/trice: FVE (fédération vaudoise des entrepreneurs), Acteur/trice: Oui à la troisième voie – Assurer le futur des routes nationales, Paudex
fr;2987;allowances;alphabetical;Financement des campagnes;16;09.02.2025 Pour une économie responsable respectant les limites planétaires (initiative pour la responsabilité environnementale);;campaign_financing;Montants finaux;personne morale ou société de personnes;Donateur/trice: economiesuisse, Acteur/trice: PLR.Les Libéraux-Radicaux, Bern
fr;2988;allowances;alphabetical;Financement des campagnes;16;09.02.2025 Pour une économie responsable respectant les limites planétaires (initiative pour la responsabilité environnementale);;campaign_financing;Montants finaux;personne morale ou société de personnes;Donateur/trice: HEV Schweiz, Acteur/trice: PLR.Les Libéraux-Radicaux, Bern
fr;2989;allowances;alphabetical;Financement des campagnes;16;09.02.2025 Pour une économie responsable respectant les limites planétaires (initiative pour la responsabilité environnementale);;campaign_financing;Montants finaux;personne morale ou société de personnes;Donateur/trice: Schweizerischer Gewerbeverband sgv, Acteur/trice: PLR.Les Libéraux-Radicaux, Bern
fr;2990;allowances;alphabetical;Financement des campagnes;16;09.02.2025 Pour une économie responsable respectant les limites planétaires (initiative pour la responsabilité environnementale);;campaign_financing;Montants finaux;personne morale ou société de personnes;Donateur/trice: GRÜNE Schweiz, Acteur/trice: Jeunes Vert-e-s Suisse, Berne
fr;2991;allowances;alphabetical;Financement des campagnes;16;09.02.2025 Pour une économie responsable respectant les limites planétaires (initiative pour la responsabilité environnementale);;campaign_financing;Montants finaux;personne morale ou société de personnes;Donateur/trice: Junge Grüne Schweiz, Acteur/trice: Jeunes Vert-e-s Suisse, Berne
fr;30;allowances;alphabetical;Financement des campagnes;1;22.10.2023 Élections au Conseil national 2023;2023;campaign_financing;Montants budgétés;personne morale ou société de personnes;Donateur/trice: PLR Suisse, Acteur/trice: PLR.Les Libéraux-Radicaux Vaud, Lausanne
fr;3007;allowances;alphabetical;Financement des partis politiques;17;2024;;party_financing;;personne morale ou société de personnes;Donateur/trice: Raiffeisen Schweiz Genossenschaft, Acteur/trice: Sozialdemokratische Partei der Schweiz, Bern
fr;3008;allowances;alphabetical;Financement des partis politiques;17;2024;;party_financing;;personne morale ou société de personnes;Donateur/trice: Schweizerische Mobiliar Versicherungsgesellschaft AG, Acteur/trice: Sozialdemokratische Partei der Schweiz, Bern
fr;3009;allowances;alphabetical;Financement des partis politiques;17;2024;;party_financing;;personne physique;Donateur/trice: Schwander Achim, Acteur/trice: Sozialdemokratische Partei der Schweiz, Bern
fr;3124;allowances;alphabetical;Financement des partis politiques;17;2024;;party_financing;;personne physique;Donateur/trice: Looser selig Peter, Acteur/trice: Evangelische Volkspartei der Schweiz, Bern
fr;3158;allowances;alphabetical;Financement des partis politiques;17;2024;;party_financing;;personne morale ou société de personnes;Donateur/trice: Raiffeisen Schweiz Genossenschaft, Acteur/trice: Les VERT-E-S suisses, Berne
fr;3159;allowances;alphabetical;Financement des partis politiques;17;2024;;party_financing;;personne morale ou société de personnes;Donateur/trice: AXA Versicherungen AG, Acteur/trice: Les VERT-E-S suisses, Berne
fr;3160;allowances;alphabetical;Financement des partis politiques;17;2024;;party_financing;;personne morale ou société de personnes;Donateur/trice: Schweizerische Mobiliar Versicherungsgesellschaft AG, Acteur/trice: Les VERT-E-S suisses, Berne
fr;3161;allowances;alphabetical;Financement des partis politiques;17;2024;;party_financing;;personne morale ou société de personnes;Donateur/trice: Helvetia Schweiz. Versicherung, Acteur/trice: Les VERT-E-S suisses, Berne
fr;3162;allowances;alphabetical;Financement des partis politiques;17;2024;;party_financing;;personne morale ou société de personnes;Donateur/trice: Fondation Groupe Mutuel, Acteur/trice: Les VERT-E-S suisses, Berne
fr;3163;allowances;alphabetical;Financement des partis politiques;17;2024;;party_financing;;personne physique;Donateur/trice: Maire Jacques, Acteur/trice: Les VERT-E-S suisses, Berne
fr;3164;allowances;alphabetical;Financement des partis politiques;17;2024;;party_financing;;personne physique;Donateur/trice: Burkard Kroeber Carmita, Acteur/trice: Les VERT-E-S suisses, Berne
fr;3165;allowances;alphabetical;Financement des partis politiques;17;2024;;party_financing;;personne physique;Donateur/trice: Hug Piero, Acteur/trice: Les VERT-E-S suisses, Berne
fr;3166;allowances;alphabetical;Financement des campagnes;18;28.09.2025 Arrêté fédéral du 20 décembre 2024 relatif à l’impôt immobilier cantonal sur les résidences secondaires;;campaign_financing;Montants budgétés;personne morale ou société de personnes;Donateur/trice: Hauseigentümerverband Schweiz, Acteur/trice: Hauseigentümerverband Aargau, Baden
fr;3167;allowances;alphabetical;Financement des partis politiques;17;2024;;party_financing;;personne morale ou société de personnes;Donateur/trice: Die Mitte Schaffhausen (Kantonalbeitrag 2024), Acteur/trice: Le Centre, Bern
fr;3168;allowances;alphabetical;Financement des partis politiques;17;2024;;party_financing;;personne morale ou société de personnes;Donateur/trice: Die Mitte Sense (Kantonalbeitrag 2024), Acteur/trice: Le Centre, Bern
fr;3169;allowances;alphabetical;Financement des partis politiques;17;2024;;party_financing;;personne morale ou société de personnes;Donateur/trice: Die Mitte Kanton Bern (Kantonalbeitrag 2024), Acteur/trice: Le Centre, Bern
fr;317;allowances;alphabetical;Financement des campagnes;1;22.10.2023 Élections au Conseil national 2023;2023;campaign_financing;Montants budgétés;personne morale ou société de personnes;Donateur/trice: Schweizerischer Arbeitgeberverband, Acteur/trice: Le Centre, Bern
fr;3170;allowances;alphabetical;Financement des partis politiques;17;2024;;party_financing;;personne morale ou société de personnes;Donateur/trice: Die Mitte Basel-Stadt (Kantonalbeitrag 2024), Acteur/trice: Le Centre, Bern
fr;3171;allowances;alphabetical;Financement des partis politiques;17;2024;;party_financing;;personne morale ou société de personnes;Donateur/trice: Die Mitte Nidwalden (Kantonalbeitrag 2024), Acteur/trice: Le Centre, Bern
fr;3172;allowances;alphabetical;Financement des partis politiques;17;2024;;party_financing;;personne morale ou société de personnes;Donateur/trice: Die Mitte Kanton Solothurn (Kantonalbeitrag 2024), Acteur/trice: Le Centre, Bern
fr;3173;allowances;alphabetical;Financement des partis politiques;17;2024;;party_financing;;personne morale ou société de personnes;Donateur/trice: Die Mitte Aargau (Kantonalbeitrag 2024), Acteur/trice: Le Centre, Bern
fr;3174;allowances;alphabetical;Financement des partis politiques;17;2024;;party_financing;;personne morale ou société de personnes;Donateur/trice: Die Mitte Obwalden (Kantonalbeitrag 2024), Acteur/trice: Le Centre, Bern
fr;3175;allowances;alphabetical;Financement des partis politiques;17;2024;;party_financing;;personne morale ou société de personnes;Donateur/trice: Le Centre Genève (Kantonalbeitrag 2024), Acteur/trice: Le Centre, Bern
fr;3176;allowances;alphabetical;Financement des partis politiques;17;2024;;party_financing;;personne morale ou société de personnes;Donateur/trice: Die Mitte Uri (Kantonalbeitrag 2024), Acteur/trice: Le Centre, Bern
fr;3177;allowances;alphabetical;Financement des partis politiques;17;2024;;party_financing;;personne morale ou société de personnes;Donateur/trice: Die Mitte Kanton Zug (Kantonalbeitrag 2024), Acteur/trice: Le Centre, Bern
fr;3178;allowances;alphabetical;Financement des partis politiques;17;2024;;party_financing;;personne morale ou société de personnes;Donateur/trice: Die Mitte AI (Kantonalbeitrag 2024), Acteur/trice: Le Centre, Bern
fr;3179;allowances;alphabetical;Financement des partis politiques;17;2024;;party_financing;;personne morale ou société de personnes;Donateur/trice: Parti Democrate Chretien Jura (Kantonalbeitrag 2024), Acteur/trice: Le Centre, Bern
fr;318;allowances;alphabetical;Financement des campagnes;1;22.10.2023 Élections au Conseil national 2023;2023;campaign_financing;Montants budgétés;personne morale ou société de personnes;Donateur/trice: Lehner Versand AG, Acteur/trice: Meier Thomas, Schenkon
fr;3180;allowances;alphabetical;Financement des partis politiques;17;2024;;party_financing;;personne morale ou société de personnes;Donateur/trice: Die Mitte Kanton St. Gallen (Kantonalbeitrag 2024), Acteur/trice: Le Centre, Bern
fr;3181;allowances;alphabetical;Financement des partis politiques;17;2024;;party_financing;;personne morale ou société de personnes;Donateur/trice: Die Mitte Thurgau (Kantonalbeitrag 2024), Acteur/trice: Le Centre, Bern
fr;3182;allowances;alphabetical;Financement des partis politiques;17;2024;;party_financing;;personne morale ou société de personnes;Donateur/trice: Die Mitte Basel-Landschaft (Kantonalbeitrag 2024), Acteur/trice: Le Centre, Bern
fr;3183;allowances;alphabetical;Financement des partis politiques;17;2024;;party_financing;;personne morale ou société de personnes;Donateur/trice: Die Mitte Kanton Luzern (Kantonalbeitrag 2024), Acteur/trice: Le Centre, Bern
fr;3184;allowances;alphabetical;Financement des partis politiques;17;2024;;party_financing;;personne morale ou société de personnes;Donateur/trice: Die Mitte Schwyz (Kantonalbeitrag 2024), Acteur/trice: Le Centre, Bern
fr;3185;allowances;alphabetical;Financement des partis politiques;17;2024;;party_financing;;personne morale ou société de personnes;Donateur/trice: Die Mitte Oberwallis (Kantonalbeitrag 2024), Acteur/trice: Le Centre, Bern
fr;3186;allowances;alphabetical;Financement des partis politiques;17;2024;;party_financing;;personne morale ou société de personnes;Donateur/trice: Die Mitte Glarus (Kantonalbeitrag 2024), Acteur/trice: Le Centre, Bern
fr;3187;allowances;alphabetical;Financement des partis politiques;17;2024;;party_financing;;personne morale ou société de personnes;Donateur/trice: Die Mitte Graubünden (Kantonalbeitrag 2024), Acteur/trice: Le Centre, Bern
fr;3188;allowances;alphabetical;Financement des partis politiques;17;2024;;party_financing;;personne morale ou société de personnes;Donateur/trice: Die Mitte Kanton Zürich (Kantonalbeitrag 2024), Acteur/trice: Le Centre, Bern
fr;3189;allowances;alphabetical;Financement des partis politiques;17;2024;;party_financing;;personne morale ou société de personnes;Donateur/trice: Le Centre Fribourg (Kantonalbeitrag 2024), Acteur/trice: Le Centre, Bern
fr;319;allowances;alphabetical;Financement des campagnes;1;22.10.2023 Élections au Conseil national 2023;2023;campaign_financing;Montants budgétés;personne morale ou société de personnes;Donateur/trice: scienceindustries, Acteur/trice: scienceindustries, Zürich
fr;3190;allowances;alphabetical;Financement des partis politiques;17;2024;;party_financing;;personne morale ou société de personnes;Donateur/trice: Le Centre du Canton de Neuchâtel (Kantonalbeitrag 2024), Acteur/trice: Le Centre, Bern
fr;3191;allowances;alphabetical;Financement des partis politiques;17;2024;;party_financing;;personne morale ou société de personnes;Donateur/trice: Il Centro (Kantonalbeitrag 2024), Acteur/trice: Le Centre, Bern
fr;3192;allowances;alphabetical;Financement des partis politiques;17;2024;;party_financing;;personne morale ou société de personnes;Donateur/trice: Parti Democrate Chretien du Valais Romand (Kantonalbeitrag 2024), Acteur/trice: Le Centre, Bern
fr;3193;allowances;alphabetical;Financement des partis politiques;17;2024;;party_financing;;personne morale ou société de personnes;Donateur/trice: Die Mitte Ausserrhoden (Kantonalbeitrag 2024), Acteur/trice: Le Centre, Bern
fr;3194;allowances;alphabetical;Financement des partis politiques;17;2024;;party_financing;;personne morale ou société de personnes;Donateur/trice: neo - Die sozialliberale Mitte (Kantonalbeitrag 2024), Acteur/trice: Le Centre, Bern
fr;3195;allowances;alphabetical;Financement des partis politiques;17;2024;;party_financing;;personne morale ou société de personnes;Donateur/trice: Le Centre Vaud (Kantonalbeitrag 2024), Acteur/trice: Le Centre, Bern
fr;3196;allowances;alphabetical;Financement des partis politiques;17;2024;;party_financing;;personne morale ou société de personnes;Donateur/trice: AXA Versicherungen AG (Unterstützungsbeitrag 2024), Acteur/trice: Le Centre, Bern
fr;3197;allowances;alphabetical;Financement des partis politiques;17;2024;;party_financing;;personne morale ou société de personnes;Donateur/trice: economiesuisse (Unterstützungsbeitrag 2024), Acteur/trice: Le Centre, Bern
fr;3198;allowances;alphabetical;Financement des partis politiques;17;2024;;party_financing;;personne morale ou société de personnes;Donateur/trice: Fondation Groupe Mutuel (Unterstützungsbeitrag 2024), Acteur/trice: Le Centre, Bern
fr;3199;allowances;alphabetical;Financement des partis politiques;17;2024;;party_financing;;personne morale ou société de personnes;Donateur/trice: Raiffeisen Schweiz Genossenschaft (Unterstützungsbeitrag 2024), Acteur/trice: Le Centre, Bern
fr;32;allowances;alphabetical;Financement des campagnes;1;22.10.2023 Élections au Conseil national 2023;2023;campaign_financing;Montants budgétés;personne morale ou société de personnes;Donateur/trice: SP Kanton Bern, Acteur/trice: Sozialdemokratische Partei des Kantons Bern, Bern
fr;3200;allowances;alphabetical;Financement des partis politiques;17;2024;;party_financing;;personne morale ou société de personnes;Donateur/trice: Novartis International AG (Unterstützungsbeitrag 2024), Acteur/trice: Le Centre, Bern
fr;3201;allowances;alphabetical;Financement des partis politiques;17;2024;;party_financing;;personne morale ou société de personnes;Donateur/trice: SVV (Unterstützungsbeitrag 2024), Acteur/trice: Le Centre, Bern
fr;3202;allowances;alphabetical;Financement des partis politiques;17;2024;;party_financing;;personne morale ou société de personnes;Donateur/trice: Schindler Aufzüge AG (Unterstützungsbeitrag 2024), Acteur/trice: Le Centre, Bern
fr;3203;allowances;alphabetical;Financement des partis politiques;17;2024;;party_financing;;personne morale ou société de personnes;Donateur/trice: Swiss Life AG (Unterstützungsbeitrag 2024), Acteur/trice: Le Centre, Bern
fr;3204;allowances;alphabetical;Financement des partis politiques;17;2024;;party_financing;;personne morale ou société de personnes;Donateur/trice: Schweizerische Mobiliar Versicherungsgesellschaft AG (Unterstützungsbeitrag 2024), Acteur/trice: Le Centre, Bern
fr;3205;allowances;alphabetical;Financement des partis politiques;17;2024;;party_financing;;personne morale ou société de personnes;Donateur/trice: Helvetia Schweiz Versicherung (Unterstützungsbeitrag 2024), Acteur/trice: Le Centre, Bern
fr;3206;allowances;alphabetical;Financement des partis politiques;17;2024;;party_financing;;personne morale ou société de personnes;Donateur/trice: Hauseigentümerverband Schweiz (Unterstützungsbeitrag 2024), Acteur/trice: Le Centre, Bern
fr;3207;allowances;alphabetical;Financement des partis politiques;17;2024;;party_financing;;personne morale ou société de personnes;Donateur/trice: Schweizerische Bankiervereinigung (Swiss Banking) (Unterstützungsbeitrag 2024), Acteur/trice: Le Centre, Bern
fr;3208;allowances;alphabetical;Financement des partis politiques;17;2024;;party_financing;;personne morale ou société de personnes;Donateur/trice: Roche Holding AG (Unterstützungsbeitrag 2024), Acteur/trice: Le Centre, Bern
fr;3209;allowances;alphabetical;Financement des partis politiques;17;2024;;party_financing;;personne morale ou société de personnes;Donateur/trice: Interpharma (Unterstützungsbeitrag 2024), Acteur/trice: Le Centre, Bern
fr;3210;allowances;alphabetical;Financement des partis politiques;17;2024;;party_financing;;personne morale ou société de personnes;Donateur/trice: Swiss International Air Lines AG (Unterstützungsbeitrag 2024), Acteur/trice: Le Centre, Bern
fr;3211;allowances;alphabetical;Financement des partis politiques;17;2024;;party_financing;;personne morale ou société de personnes;Donateur/trice: Zürich Versicherungs Gesellschaft AG (Unterstützungsbeitrag 2024), Acteur/trice: Le Centre, Bern
fr;3212;allowances;alphabetical;Financement des partis politiques;17;2024;;party_financing;;personne morale ou société de personnes;Donateur/trice: UBS AG (Unterstützungsbeitrag 2024), Acteur/trice: Le Centre, Bern
fr;3213;allowances;alphabetical;Financement des partis politiques;17;2024;;party_financing;;personne morale ou société de personnes;Donateur/trice: Swiss Re Management Ltd. (Unterstützungsbeitrag 2024), Acteur/trice: Le Centre, Bern
fr;3214;allowances;alphabetical;Financement des partis politiques;17;2024;;party_financing;;personne morale ou société de personnes;Donateur/trice: Nestlé S.A. (Unterstützungsbeitrag 2024), Acteur/trice: Le Centre, Bern
fr;3215;allowances;alphabetical;Financement des partis politiques;17;2024;;party_financing;;personne morale ou société de personnes;Donateur/trice: economiesuisse (überparteiliche Kampagne 13. AHV), Acteur/trice: Le Centre, Bern
fr;3216;allowances;alphabetical;Financement des partis politiques;17;2024;;party_financing;;personne morale ou société de personnes;"Donateur/trice: Schweiz. Arbeitgeberverband (überparteiliche Kampagne Allianz ""Ja zur BVG-Reform""), Acteur/trice: Le Centre, Bern"
fr;3217;allowances;alphabetical;Financement des partis politiques;17;2024;;party_financing;;personne morale ou société de personnes;Donateur/trice: Schweizer Bauernverband (überparteiliche Kampagne Biodiversität), Acteur/trice: Le Centre, Bern
fr;3218;allowances;alphabetical;Financement des partis politiques;17;2024;;party_financing;;personne morale ou société de personnes;Donateur/trice: Bank Julius Baer and CO. LTD (Unterstützung Parteistrategie), Acteur/trice: Le Centre, Bern
fr;3219;allowances;alphabetical;Financement des partis politiques;17;2024;;party_financing;;personne morale ou société de personnes;Donateur/trice: Schweiz. Arbeitgeberverband, Acteur/trice: Grünliberale Partei Schweiz, Bern
fr;3220;allowances;alphabetical;Financement des partis politiques;17;2024;;party_financing;;personne morale ou société de personnes;Donateur/trice: Schweizerische Bankiervereinigung, Acteur/trice: Grünliberale Partei Schweiz, Bern
fr;3221;allowances;alphabetical;Financement des partis politiques;17;2024;;party_financing;;personne morale ou société de personnes;Donateur/trice: Economiesuisse, Acteur/trice: Grünliberale Partei Schweiz, Bern
fr;3222;allowances;alphabetical;Financement des partis politiques;17;2024;;party_financing;;personne morale ou société de personnes;Donateur/trice: Verein FDP-Kampagnen, Acteur/trice: Grünliberale Partei Schweiz, Bern
fr;3223;allowances;alphabetical;Financement des partis politiques;17;2024;;party_financing;;personne physique;Donateur/trice: Kottelat Pierre, Acteur/trice: Grünliberale Partei Schweiz, Bern
fr;3224;allowances;alphabetical;Financement des partis politiques;17;2024;;party_financing;;personne morale ou société de personnes;Donateur/trice: Interpharma, Acteur/trice: Grünliberale Partei Schweiz, Bern
fr;3225;allowances;alphabetical;Financement des partis politiques;17;2024;;party_financing;;personne physique;Donateur/trice: Kottelat Schloesing Michèle, Acteur/trice: Grünliberale Partei Schweiz, Bern
fr;3226;allowances;alphabetical;Financement des partis politiques;17;2024;;party_financing;;personne morale ou société de personnes;Donateur/trice: Novartis International AG, Acteur/trice: Grünliberale Partei Schweiz, Bern
fr;3227;allowances;alphabetical;Financement des partis politiques;17;2024;;party_financing;;personne morale ou société de personnes;Donateur/trice: Roche Holding AG, Acteur/trice: Grünliberale Partei Schweiz, Bern
fr;3228;allowances;alphabetical;Financement des partis politiques;17;2024;;party_financing;;personne morale ou société de personnes;Donateur/trice: Schindler Aufzüge AG, Acteur/trice: Grünliberale Partei Schweiz, Bern
fr;3229;allowances;alphabetical;Financement des partis politiques;17;2024;;party_financing;;personne morale ou société de personnes;Donateur/trice: SVV, Acteur/trice: Grünliberale Partei Schweiz, Bern
fr;3230;allowances;alphabetical;Financement des partis politiques;17;2024;;party_financing;;personne morale ou société de personnes;Donateur/trice: Swiss Life AG, Acteur/trice: Grünliberale Partei Schweiz, Bern
fr;3231;allowances;alphabetical;Financement des partis politiques;17;2024;;party_financing;;personne morale ou société de personnes;Donateur/trice: UBS AG, Acteur/trice: Grünliberale Partei Schweiz, Bern
fr;3232;allowances;alphabetical;Financement des partis politiques;17;2024;;party_financing;;personne morale ou société de personnes;Donateur/trice: Zürich Versicherungsgesellschaft AG, Acteur/trice: Grünliberale Partei Schweiz, Bern
fr;3233;allowances;alphabetical;Financement des partis politiques;17;2024;;party_financing;;personne morale ou société de personnes;Donateur/trice: Schweiz. Mobiliarversicherungsgesellschaft AG, Acteur/trice: Grünliberale Partei Schweiz, Bern
fr;3234;allowances;alphabetical;Financement des campagnes;18;28.09.2025 Arrêté fédéral du 20 décembre 2024 relatif à l’impôt immobilier cantonal sur les résidences secondaires;;campaign_financing;Montants budgétés;personne morale ou société de personnes;Donateur/trice: Hauseigentümerverband Schweiz, Acteur/trice: Hauseigentümerverband Kanton Luzern, Luzern
fr;3235;allowances;alphabetical;Financement des campagnes;18;28.09.2025 Arrêté fédéral du 20 décembre 2024 relatif à l’impôt immobilier cantonal sur les résidences secondaires;;campaign_financing;Montants budgétés;personne morale ou société de personnes;Donateur/trice: Hauseigentümerverband Schweiz (HEV Schweiz), Acteur/trice: Hauseigentümer-Verband Kanton St. Gallen, St. Gallen
fr;3236;allowances;alphabetical;Financement des campagnes;18;28.09.2025 Arrêté fédéral du 20 décembre 2024 relatif à l’impôt immobilier cantonal sur les résidences secondaires;;campaign_financing;Montants budgétés;personne morale ou société de personnes;Donateur/trice: Kantonaler Gewerbeverband St.Gallen, Acteur/trice: Hauseigentümer-Verband Kanton St. Gallen, St. Gallen
fr;324;allowances;alphabetical;Financement des campagnes;1;22.10.2023 Élections au Conseil national 2023;2023;campaign_financing;Montants budgétés;personne morale ou société de personnes;Donateur/trice: scienceindustries, Acteur/trice: scienceindustries, Zürich
fr;3240;allowances;alphabetical;Financement des campagnes;18;28.09.2025 Arrêté fédéral du 20 décembre 2024 relatif à l’impôt immobilier cantonal sur les résidences secondaires;;campaign_financing;Montants budgétés;personne morale ou société de personnes;Donateur/trice: Hauseigentümerverband Basel-Stadt, Acteur/trice: Kantonales Komitee «JA zur Abschaffung des Eigenmietwerts» (HEV Basel-Stadt), Basel
fr;3241;allowances;alphabetical;Financement des campagnes;18;28.09.2025 Arrêté fédéral du 20 décembre 2024 relatif à l’impôt immobilier cantonal sur les résidences secondaires;;campaign_financing;Montants budgétés;personne morale ou société de personnes;Donateur/trice: HEV Schweiz, Acteur/trice: Hauseigentümerverband Kanton Schwyz, Schwyz
fr;325;allowances;alphabetical;Financement des campagnes;1;22.10.2023 Élections au Conseil national 2023;2023;campaign_financing;Montants budgétés;personne morale ou société de personnes;Donateur/trice: HEV Kanton Zürich, Acteur/trice: Die Mitte Kanton Zürich, Zürich
fr;326;allowances;alphabetical;Financement des campagnes;1;22.10.2023 Élections au Conseil national 2023;2023;campaign_financing;Montants budgétés;personne morale ou société de personnes;Donateur/trice: Flughafen Zürich AG, Acteur/trice: Die Mitte Kanton Zürich, Zürich
fr;327;allowances;alphabetical;Financement des campagnes;1;22.10.2023 Élections au Conseil national 2023;2023;campaign_financing;Montants budgétés;personne physique;Donateur/trice: Kutter Philipp, Acteur/trice: Die Mitte Kanton Zürich, Zürich
fr;3272;allowances;alphabetical;Financement des campagnes;18;28.09.2025 Arrêté fédéral du 20 décembre 2024 relatif à l’impôt immobilier cantonal sur les résidences secondaires;;campaign_financing;Montants budgétés;personne morale ou société de personnes;Donateur/trice: Hauseigentümerverband Schweiz, Acteur/trice: Hauseigentümerverband Graubünden, Chur
fr;3275;allowances;alphabetical;Financement des campagnes;18;28.09.2025 Arrêté fédéral du 20 décembre 2024 relatif à l’impôt immobilier cantonal sur les résidences secondaires;;campaign_financing;Montants budgétés;personne morale ou société de personnes;Donateur/trice: Hauseigentümerverband (HEV) Schweiz, Acteur/trice: Überparteiliches Komitee JA zur Abschaffung des Eigenmietwerts (HEV Schweiz), Zürich
fr;3276;allowances;alphabetical;Financement des campagnes;18;28.09.2025 Arrêté fédéral du 20 décembre 2024 relatif à l’impôt immobilier cantonal sur les résidences secondaires;;campaign_financing;Montants budgétés;personne morale ou société de personnes;Donateur/trice: Hauseigentümerverband (HEV) Schweiz, Acteur/trice: Überparteiliches Komitee JA zur Abschaffung des Eigenmietwerts (HEV Schweiz), Zürich
fr;3277;allowances;alphabetical;Financement des campagnes;18;28.09.2025 Arrêté fédéral du 20 décembre 2024 relatif à l’impôt immobilier cantonal sur les résidences secondaires;;campaign_financing;Montants budgétés;personne morale ou société de personnes;Donateur/trice: Hauseigentümerverband (HEV) Schweiz, Acteur/trice: Überparteiliches Komitee JA zur Abschaffung des Eigenmietwerts (HEV Schweiz), Zürich
fr;328;allowances;alphabetical;Financement des campagnes;1;22.10.2023 Élections au Conseil national 2023;2023;campaign_financing;Montants budgétés;personne physique;Donateur/trice: Matter Michel, Acteur/trice: Parti vert'libéral genevois, Genève
fr;3281;allowances;alphabetical;Financement des campagnes;18;28.09.2025 Arrêté fédéral du 20 décembre 2024 relatif à l’impôt immobilier cantonal sur les résidences secondaires;;campaign_financing;Montants budgétés;personne morale ou société de personnes;Donateur/trice: HEV Schweiz, Acteur/trice: Hauseigentümerverband Thurgau, Kreuzlingen
fr;3282;allowances;alphabetical;Financement des campagnes;18;28.09.2025 Arrêté fédéral du 20 décembre 2024 relatif à l’impôt immobilier cantonal sur les résidences secondaires;;campaign_financing;Montants budgétés;personne morale ou société de personnes;Donateur/trice: Hauseigentümerverband Schweiz, Acteur/trice: Hauseigentümerverband Kanton Bern, Bern
fr;3283;allowances;alphabetical;Financement des campagnes;18;28.09.2025 Arrêté fédéral du 20 décembre 2024 relatif à l’impôt immobilier cantonal sur les résidences secondaires;;campaign_financing;Montants budgétés;personne morale ou société de personnes;Donateur/trice: Hauseigentümerverband Bern und Umgebung, Acteur/trice: Hauseigentümerverband Kanton Bern, Bern
fr;3284;allowances;alphabetical;Financement des campagnes;18;28.09.2025 Arrêté fédéral du 20 décembre 2024 relatif à l’impôt immobilier cantonal sur les résidences secondaires;;campaign_financing;Montants budgétés;personne morale ou société de personnes;Donateur/trice: Hauseigentümerverband Schweiz (HEV Schweiz), Acteur/trice: Hauseigentümerverband Baselland, Pratteln
fr;3287;allowances;alphabetical;Financement des partis politiques;17;2024;;party_financing;;personne morale ou société de personnes;Donateur/trice: Auto-Schweiz Vereinigung, Acteur/trice: Union Démocratique du Centre (UDC), Bern
fr;3288;allowances;alphabetical;Financement des partis politiques;17;2024;;party_financing;;personne morale ou société de personnes;Donateur/trice: AXA Versicherungen AG, Acteur/trice: Union Démocratique du Centre (UDC), Bern
fr;3289;allowances;alphabetical;Financement des partis politiques;17;2024;;party_financing;;personne morale ou société de personnes;Donateur/trice: Baloise Versicherung AG, Acteur/trice: Union Démocratique du Centre (UDC), Bern
fr;329;allowances;alphabetical;Financement des campagnes;1;22.10.2023 Élections au Conseil national 2023;2023;campaign_financing;Montants budgétés;personne morale ou société de personnes;Donateur/trice: HEV Kanton Zürich, Acteur/trice: Bigler Hans-Ulrich, Affoltern am Albis
fr;3290;allowances;alphabetical;Financement des partis politiques;17;2024;;party_financing;;personne morale ou société de personnes;Donateur/trice: Bank Julius Baer and Co Ltd, Acteur/trice: Union Démocratique du Centre (UDC), Bern
fr;3291;allowances;alphabetical;Financement des partis politiques;17;2024;;party_financing;;personne physique;Donateur/trice: Dörig Rolf, Acteur/trice: Union Démocratique du Centre (UDC), Bern
fr;3292;allowances;alphabetical;Financement des partis politiques;17;2024;;party_financing;;personne morale ou société de personnes;Donateur/trice: economiesuisse, Acteur/trice: Union Démocratique du Centre (UDC), Bern
fr;3293;allowances;alphabetical;Financement des partis politiques;17;2024;;party_financing;;personne morale ou société de personnes;Donateur/trice: Fondation Groupe Mutuel, Acteur/trice: Union Démocratique du Centre (UDC), Bern
fr;3294;allowances;alphabetical;Financement des partis politiques;17;2024;;party_financing;;personne morale ou société de personnes;Donateur/trice: Helvetia Schweizerische Versicherungsgesellschaft AG, Acteur/trice: Union Démocratique du Centre (UDC), Bern
fr;3295;allowances;alphabetical;Financement des partis politiques;17;2024;;party_financing;;personne morale ou société de personnes;Donateur/trice: Hauseigentümerverband Schweiz, Acteur/trice: Union Démocratique du Centre (UDC), Bern
fr;3296;allowances;alphabetical;Financement des partis politiques;17;2024;;party_financing;;personne morale ou société de personnes;Donateur/trice: Interpharma, Acteur/trice: Union Démocratique du Centre (UDC), Bern
fr;3297;allowances;alphabetical;Financement des partis politiques;17;2024;;party_financing;;personne morale ou société de personnes;Donateur/trice: Nestlé S.A, Acteur/trice: Union Démocratique du Centre (UDC), Bern
fr;3298;allowances;alphabetical;Financement des partis politiques;17;2024;;party_financing;;personne morale ou société de personnes;Donateur/trice: Novartis International AG, Acteur/trice: Union Démocratique du Centre (UDC), Bern
fr;3299;allowances;alphabetical;Financement des partis politiques;17;2024;;party_financing;;personne morale ou société de personnes;Donateur/trice: Raiffeisen Schweiz Genossenschaft, Acteur/trice: Union Démocratique du Centre (UDC), Bern
fr;33;allowances;alphabetical;Financement des campagnes;1;22.10.2023 Élections au Conseil national 2023;2023;campaign_financing;Montants budgétés;personne physique;Donateur/trice: Schaffner Barbara, Acteur/trice: Grünliberale Kanton Zürich, Zürich
fr;330;allowances;alphabetical;Financement des campagnes;1;22.10.2023 Élections au Conseil national 2023;2023;campaign_financing;Montants budgétés;personne morale ou société de personnes;Donateur/trice: Schweizerischer Gewerbeverband, Acteur/trice: Bigler Hans-Ulrich, Affoltern am Albis
fr;3300;allowances;alphabetical;Financement des partis politiques;17;2024;;party_financing;;personne morale ou société de personnes;Donateur/trice: Roche Holding AG, Acteur/trice: Union Démocratique du Centre (UDC), Bern
fr;3301;allowances;alphabetical;Financement des partis politiques;17;2024;;party_financing;;personne morale ou société de personnes;Donateur/trice: Schindler Aufzüge AG, Acteur/trice: Union Démocratique du Centre (UDC), Bern
fr;3302;allowances;alphabetical;Financement des partis politiques;17;2024;;party_financing;;personne morale ou société de personnes;Donateur/trice: Schweizer Bauernverband (SBV), Acteur/trice: Union Démocratique du Centre (UDC), Bern
fr;3303;allowances;alphabetical;Financement des partis politiques;17;2024;;party_financing;;personne morale ou société de personnes;Donateur/trice: Schweizerische Bankiervereinigung, Acteur/trice: Union Démocratique du Centre (UDC), Bern
fr;3304;allowances;alphabetical;Financement des partis politiques;17;2024;;party_financing;;personne morale ou société de personnes;Donateur/trice: Schweizerische Mobiliar Versicherungsgesellschaft AG, Acteur/trice: Union Démocratique du Centre (UDC), Bern
fr;3305;allowances;alphabetical;Financement des partis politiques;17;2024;;party_financing;;personne morale ou société de personnes;Donateur/trice: Schweizerischer Gewerbeverband, Acteur/trice: Union Démocratique du Centre (UDC), Bern
fr;3306;allowances;alphabetical;Financement des partis politiques;17;2024;;party_financing;;personne morale ou société de personnes;Donateur/trice: Schweizerischer Versicherungsverband (SVV), Acteur/trice: Union Démocratique du Centre (UDC), Bern
fr;3307;allowances;alphabetical;Financement des partis politiques;17;2024;;party_financing;;personne morale ou société de personnes;Donateur/trice: Schweizerischer Arbeitgeberverband, Acteur/trice: Union Démocratique du Centre (UDC), Bern
fr;3308;allowances;alphabetical;Financement des partis politiques;17;2024;;party_financing;;personne morale ou société de personnes;Donateur/trice: Swiss International Air Lines AG, Acteur/trice: Union Démocratique du Centre (UDC), Bern
fr;3309;allowances;alphabetical;Financement des partis politiques;17;2024;;party_financing;;personne morale ou société de personnes;Donateur/trice: Swiss Life AG, Acteur/trice: Union Démocratique du Centre (UDC), Bern
fr;331;allowances;alphabetical;Financement des campagnes;1;22.10.2023 Élections au Conseil national 2023;2023;campaign_financing;Montants budgétés;personne morale ou société de personnes;Donateur/trice: Parti socialiste suisse, Acteur/trice: Parti socialiste neuchâtelois, Neuchâtel
fr;3310;allowances;alphabetical;Financement des partis politiques;17;2024;;party_financing;;personne morale ou société de personnes;Donateur/trice: Swiss Re Management Ltd, Acteur/trice: Union Démocratique du Centre (UDC), Bern
fr;3311;allowances;alphabetical;Financement des partis politiques;17;2024;;party_financing;;personne morale ou société de personnes;Donateur/trice: UBS AG, Acteur/trice: Union Démocratique du Centre (UDC), Bern
fr;3312;allowances;alphabetical;Financement des partis politiques;17;2024;;party_financing;;personne morale ou société de personnes;Donateur/trice: Verein FDP-Kampagnen, Acteur/trice: Union Démocratique du Centre (UDC), Bern
fr;3313;allowances;alphabetical;Financement des partis politiques;17;2024;;party_financing;;personne morale ou société de personnes;Donateur/trice: Renteninitiative, Acteur/trice: Union Démocratique du Centre (UDC), Bern
fr;3314;allowances;alphabetical;Financement des campagnes;18;28.09.2025 Arrêté fédéral du 20 décembre 2024 relatif à l’impôt immobilier cantonal sur les résidences secondaires;;campaign_financing;Montants budgétés;personne morale ou société de personnes;Donateur/trice: aeesuisse – Dachorganisation der Wirtschaft für erneuerbare Energien und Energieeffizienz, Acteur/trice: aeesuisse - Dachverband der Wirtschaft für erneuerbare Energien und Energieeffizienz, Bern
fr;3315;allowances;alphabetical;Financement des campagnes;18;28.09.2025 Arrêté fédéral du 20 décembre 2024 relatif à l’impôt immobilier cantonal sur les résidences secondaires;;campaign_financing;Montants budgétés;personne morale ou société de personnes;Donateur/trice: Schweizerisch-Liechtensteinischer Gebäudetechnikverband (suissetec), Acteur/trice: aeesuisse - Dachverband der Wirtschaft für erneuerbare Energien und Energieeffizienz, Bern
fr;3316;allowances;alphabetical;Financement des campagnes;18;28.09.2025 Arrêté fédéral du 20 décembre 2024 relatif à l’impôt immobilier cantonal sur les résidences secondaires;;campaign_financing;Montants budgétés;personne morale ou société de personnes;Donateur/trice: constructionromande, Acteur/trice: aeesuisse - Dachverband der Wirtschaft für erneuerbare Energien und Energieeffizienz, Bern
fr;3317;allowances;alphabetical;Financement des campagnes;18;28.09.2025 Arrêté fédéral du 20 décembre 2024 relatif à l’impôt immobilier cantonal sur les résidences secondaires;;campaign_financing;Montants budgétés;personne morale ou société de personnes;Donateur/trice: Centre Patronal, Acteur/trice: aeesuisse - Dachverband der Wirtschaft für erneuerbare Energien und Energieeffizienz, Bern
fr;3318;allowances;alphabetical;Financement des campagnes;18;28.09.2025 Arrêté fédéral du 20 décembre 2024 relatif à l’impôt immobilier cantonal sur les résidences secondaires;;campaign_financing;Montants budgétés;personne morale ou société de personnes;Donateur/trice: Union suisse des professionnels de l'immobilier Vaud (USPI Vaud), Acteur/trice: aeesuisse - Dachverband der Wirtschaft für erneuerbare Energien und Energieeffizienz, Bern
fr;3319;allowances;alphabetical;Financement des campagnes;18;28.09.2025 Arrêté fédéral du 20 décembre 2024 relatif à l’impôt immobilier cantonal sur les résidences secondaires;;campaign_financing;Montants budgétés;personne morale ou société de personnes;Donateur/trice: Union suisse des professionnels de l'immobilier Suisse (USPI Suisse), Acteur/trice: aeesuisse - Dachverband der Wirtschaft für erneuerbare Energien und Energieeffizienz, Bern
fr;332;allowances;alphabetical;Financement des campagnes;1;22.10.2023 Élections au Conseil national 2023;2023;campaign_financing;Montants budgétés;personne morale ou société de personnes;Donateur/trice: Parti socialiste suisse, Acteur/trice: Parti socialiste neuchâtelois, Neuchâtel
fr;334;allowances;alphabetical;Financement des campagnes;1;22.10.2023 Élections au Conseil national 2023;2023;campaign_financing;Montants budgétés;personne morale ou société de personnes;Donateur/trice: Greenpeace Schweiz, Acteur/trice: Greenpeace Suisse, Zürich
fr;335;allowances;alphabetical;Financement des campagnes;1;22.10.2023 Élections au Conseil national 2023;2023;campaign_financing;Montants budgétés;personne morale ou société de personnes;Donateur/trice: Holcim Schweiz AG, Acteur/trice: Le Centre, Bern
fr;336;allowances;alphabetical;Financement des campagnes;1;22.10.2023 Élections au Conseil national 2023;2023;campaign_financing;Montants budgétés;personne physique;Donateur/trice: Silberschmidt Andri, Acteur/trice: FDP.Die Liberalen Kanton Zürich, Zürich
fr;3364;allowances;alphabetical;Financement des campagnes;19;28.09.2025 Loi fédérale du 20 décembre 2024 sur l’identité électronique et d’autres moyens de preuves électroniques (Loi sur l’e-ID, LeID);;campaign_financing;Montants budgétés;personne physique;Donateur/trice: Kocher Stephan, Acteur/trice: Referendumskomitee E-ID 2.0, Zürich
fr;3365;allowances;alphabetical;Financement des campagnes;19;28.09.2025 Loi fédérale du 20 décembre 2024 sur l’identité électronique et d’autres moyens de preuves électroniques (Loi sur l’e-ID, LeID);;campaign_financing;Montants budgétés;personne morale ou société de personnes;Donateur/trice: economiesuisse, Acteur/trice: Wirtschaftskomitee Schweizer e-ID, Bern
fr;3366;allowances;alphabetical;Financement des campagnes;19;28.09.2025 Loi fédérale du 20 décembre 2024 sur l’identité électronique et d’autres moyens de preuves électroniques (Loi sur l’e-ID, LeID);;campaign_financing;Montants budgétés;personne morale ou société de personnes;Donateur/trice: Swisscom, Acteur/trice: Wirtschaftskomitee Schweizer e-ID, Bern
fr;3367;allowances;alphabetical;Financement des campagnes;19;28.09.2025 Loi fédérale du 20 décembre 2024 sur l’identité électronique et d’autres moyens de preuves électroniques (Loi sur l’e-ID, LeID);;campaign_financing;Montants budgétés;personne morale ou société de personnes;Donateur/trice: Schweizerischer Versicherungsverband SVV, Acteur/trice: Wirtschaftskomitee Schweizer e-ID, Bern
fr;3368;allowances;alphabetical;Financement des campagnes;19;28.09.2025 Loi fédérale du 20 décembre 2024 sur l’identité électronique et d’autres moyens de preuves électroniques (Loi sur l’e-ID, LeID);;campaign_financing;Montants budgétés;personne morale ou société de personnes;Donateur/trice: digitalswitzerland, Acteur/trice: Allianz Pro e-ID, Bern
fr;3369;allowances;alphabetical;Financement des campagnes;19;28.09.2025 Loi fédérale du 20 décembre 2024 sur l’identité électronique et d’autres moyens de preuves électroniques (Loi sur l’e-ID, LeID);;campaign_financing;Montants budgétés;personne morale ou société de personnes;Donateur/trice: digitalswitzerland, Acteur/trice: Allianz Pro e-ID, Bern
fr;337;allowances;alphabetical;Financement des campagnes;1;22.10.2023 Élections au Conseil national 2023;2023;campaign_financing;Montants budgétés;personne physique;Donateur/trice: Portmann Hans-Peter, Acteur/trice: FDP.Die Liberalen Kanton Zürich, Zürich
fr;3370;allowances;alphabetical;Financement des campagnes;19;28.09.2025 Loi fédérale du 20 décembre 2024 sur l’identité électronique et d’autres moyens de preuves électroniques (Loi sur l’e-ID, LeID);;campaign_financing;Montants budgétés;personne morale ou société de personnes;Donateur/trice: Swiss Cigarette, Acteur/trice: Allianz Pro e-ID, Bern
fr;3371;allowances;alphabetical;Financement des campagnes;19;28.09.2025 Loi fédérale du 20 décembre 2024 sur l’identité électronique et d’autres moyens de preuves électroniques (Loi sur l’e-ID, LeID);;campaign_financing;Montants budgétés;personne morale ou société de personnes;Donateur/trice: Ringier AG, Acteur/trice: Allianz Pro e-ID, Bern
fr;3372;allowances;alphabetical;Financement des campagnes;19;28.09.2025 Loi fédérale du 20 décembre 2024 sur l’identité électronique et d’autres moyens de preuves électroniques (Loi sur l’e-ID, LeID);;campaign_financing;Montants budgétés;personne morale ou société de personnes;Donateur/trice: TX Group AG, Acteur/trice: Allianz Pro e-ID, Bern
fr;338;allowances;alphabetical;Financement des campagnes;1;22.10.2023 Élections au Conseil national 2023;2023;campaign_financing;Montants budgétés;personne physique;Donateur/trice: Balmer Bettina, Acteur/trice: FDP.Die Liberalen Kanton Zürich, Zürich
fr;339;allowances;alphabetical;Financement des campagnes;1;22.10.2023 Élections au Conseil national 2023;2023;campaign_financing;Montants budgétés;personne physique;Donateur/trice: Walti Beat, Acteur/trice: FDP.Die Liberalen Kanton Zürich, Zürich
fr;34;allowances;alphabetical;Financement des campagnes;1;22.10.2023 Élections au Conseil national 2023;2023;campaign_financing;Montants budgétés;personne physique;Donateur/trice: Mäder Jörg, Acteur/trice: Grünliberale Kanton Zürich, Zürich
fr;340;allowances;alphabetical;Financement des campagnes;1;22.10.2023 Élections au Conseil national 2023;2023;campaign_financing;Montants budgétés;personne morale ou société de personnes;Donateur/trice: Swiss Life AG, Acteur/trice: FDP.Die Liberalen Kanton Zürich, Zürich
fr;3407;allowances;alphabetical;Financement des campagnes;21;30.11.2025 Pour une politique climatique sociale financée de manière juste fiscalement (initiative pour l’avenir);;campaign_financing;Montants budgétés;personne morale ou société de personnes;Donateur/trice: Sozialdemokratische Partei der Schweiz, Acteur/trice: Jeunesse Socialiste Suisse, Bern
fr;3408;allowances;alphabetical;Financement des campagnes;21;30.11.2025 Pour une politique climatique sociale financée de manière juste fiscalement (initiative pour l’avenir);;campaign_financing;Montants budgétés;personne physique;Donateur/trice: Weber Beat, Acteur/trice: Jeunesse Socialiste Suisse, Bern
fr;341;allowances;alphabetical;Financement des campagnes;1;22.10.2023 Élections au Conseil national 2023;2023;campaign_financing;Montants budgétés;personne physique;Donateur/trice: Müller Matthias, Acteur/trice: FDP.Die Liberalen Kanton Zürich, Zürich
fr;342;allowances;alphabetical;Financement des campagnes;1;22.10.2023 Élections au Conseil national 2023;2023;campaign_financing;Montants budgétés;personne morale ou société de personnes;Donateur/trice: HEV Kanton Zürich, Acteur/trice: FDP.Die Liberalen Kanton Zürich, Zürich
fr;343;allowances;alphabetical;Financement des campagnes;1;22.10.2023 Élections au Conseil national 2023;2023;campaign_financing;Montants budgétés;personne physique;Donateur/trice: Farner Martin, Acteur/trice: FDP.Die Liberalen Kanton Zürich, Zürich
fr;344;allowances;alphabetical;Financement des campagnes;1;22.10.2023 Élections au Conseil national 2023;2023;campaign_financing;Montants budgétés;personne physique;Donateur/trice: Sauter Regine, Acteur/trice: FDP.Die Liberalen Kanton Zürich, Zürich
fr;345;allowances;alphabetical;Financement des campagnes;1;22.10.2023 Élections au Conseil national 2023;2023;campaign_financing;Montants budgétés;personne morale ou société de personnes;Donateur/trice: Swiss Re Management Ltd., Acteur/trice: FDP.Die Liberalen Kanton Zürich, Zürich
fr;346;allowances;alphabetical;Financement des campagnes;1;22.10.2023 Élections au Conseil national 2023;2023;campaign_financing;Montants budgétés;personne morale ou société de personnes;Donateur/trice: Swissmem, Acteur/trice: Brupbacher Trivigno Stefan, Zürich
fr;347;allowances;alphabetical;Financement des campagnes;1;22.10.2023 Élections au Conseil national 2023;2023;campaign_financing;Montants budgétés;personne morale ou société de personnes;Donateur/trice: Swissmem, Acteur/trice: Brupbacher Trivigno Stefan, Zürich
fr;348;allowances;alphabetical;Financement des campagnes;1;22.10.2023 Élections au Conseil national 2023;2023;campaign_financing;Montants budgétés;personne morale ou société de personnes;Donateur/trice: Handelskammer beider Basel, Acteur/trice: Dätwyler Martin, Laufen
fr;349;allowances;alphabetical;Financement des campagnes;1;22.10.2023 Élections au Conseil national 2023;2023;campaign_financing;Montants budgétés;personne morale ou société de personnes;Donateur/trice: Bobst MEX SA, Acteur/trice: Brupbacher Trivigno Stefan, Zürich
fr;35;allowances;alphabetical;Financement des campagnes;1;22.10.2023 Élections au Conseil national 2023;2023;campaign_financing;Montants budgétés;personne physique;Donateur/trice: Bäumle Martin, Acteur/trice: Grünliberale Kanton Zürich, Zürich
fr;350;allowances;alphabetical;Financement des campagnes;1;22.10.2023 Élections au Conseil national 2023;2023;campaign_financing;Montants budgétés;personne morale ou société de personnes;Donateur/trice: Gemeinnützige Stiftung GAMBIT, Acteur/trice: Brupbacher Trivigno Stefan, Zürich
fr;351;allowances;alphabetical;Financement des campagnes;1;22.10.2023 Élections au Conseil national 2023;2023;campaign_financing;Montants budgétés;personne morale ou société de personnes;Donateur/trice: Hauseigentümerverband Kanton Zürich, Acteur/trice: Farner Martin, Oberstammheim
fr;3515;allowances;alphabetical;Financement des campagnes;21;30.11.2025 Pour une politique climatique sociale financée de manière juste fiscalement (initiative pour l’avenir);;campaign_financing;Montants budgétés;personne morale ou société de personnes;Donateur/trice: Industrie- und Handelskammer Thurgau (IHK Thurgau), Acteur/trice: Industrie und Handelskammer St. Gallen-Appenzell, St. Gallen
fr;3516;allowances;alphabetical;Financement des campagnes;21;30.11.2025 Pour une politique climatique sociale financée de manière juste fiscalement (initiative pour l’avenir);;campaign_financing;Montants budgétés;personne morale ou société de personnes;Donateur/trice: Industrie- und Handelskammer Thurgau (IHK Thurgau), Acteur/trice: Industrie und Handelskammer St. Gallen-Appenzell, St. Gallen
fr;352;allowances;alphabetical;Financement des campagnes;1;22.10.2023 Élections au Conseil national 2023;2023;campaign_financing;Montants budgétés;personne morale ou société de personnes;Donateur/trice: Schweizerischer Gewerbeverband sgv, Acteur/trice: Farner Martin, Oberstammheim
fr;3521;allowances;alphabetical;Financement des campagnes;21;30.11.2025 Pour une politique climatique sociale financée de manière juste fiscalement (initiative pour l’avenir);;campaign_financing;Montants budgétés;personne morale ou société de personnes;Donateur/trice: Aktiionskomitee für Freiheit, Acteur/trice: Swiss Family Business, Zürich
fr;3524;allowances;alphabetical;Financement des campagnes;21;30.11.2025 Pour une politique climatique sociale financée de manière juste fiscalement (initiative pour l’avenir);;campaign_financing;Montants budgétés;personne morale ou société de personnes;Donateur/trice: Aktionskomitee für Freiheit, Acteur/trice: PLR.Les Libéraux-Radicaux, Bern
fr;3527;allowances;alphabetical;Financement des campagnes;21;30.11.2025 Pour une politique climatique sociale financée de manière juste fiscalement (initiative pour l’avenir);;campaign_financing;Montants budgétés;personne physique;Donateur/trice: Baumann Maja, Acteur/trice: PLR.Les Libéraux-Radicaux, Bern
fr;3528;allowances;alphabetical;Financement des campagnes;21;30.11.2025 Pour une politique climatique sociale financée de manière juste fiscalement (initiative pour l’avenir);;campaign_financing;Montants budgétés;personne morale ou société de personnes;Donateur/trice: HESTA Services AG, Acteur/trice: PLR.Les Libéraux-Radicaux, Bern
fr;3529;allowances;alphabetical;Financement des campagnes;21;30.11.2025 Pour une politique climatique sociale financée de manière juste fiscalement (initiative pour l’avenir);;campaign_financing;Montants budgétés;personne physique;Donateur/trice: Meier Werner, Acteur/trice: PLR.Les Libéraux-Radicaux, Bern
fr;353;allowances;alphabetical;Financement des campagnes;1;22.10.2023 Élections au Conseil national 2023;2023;campaign_financing;Montants budgétés;personne morale ou société de personnes;Donateur/trice: Comité de coordination des associations économiques, Acteur/trice: Le Centre du canton de Genève, Genève
fr;3530;allowances;alphabetical;Financement des campagnes;21;30.11.2025 Pour une politique climatique sociale financée de manière juste fiscalement (initiative pour l’avenir);;campaign_financing;Montants budgétés;personne morale ou société de personnes;Donateur/trice: ARTEMIS HOLDING AG, Acteur/trice: PLR.Les Libéraux-Radicaux, Bern
fr;3531;allowances;alphabetical;Financement des campagnes;21;30.11.2025 Pour une politique climatique sociale financée de manière juste fiscalement (initiative pour l’avenir);;campaign_financing;Montants budgétés;personne morale ou société de personnes;Donateur/trice: Aktionskomitee für Freiheit, Acteur/trice: PLR.Les Libéraux-Radicaux, Bern
fr;3532;allowances;alphabetical;Financement des campagnes;21;30.11.2025 Pour une politique climatique sociale financée de manière juste fiscalement (initiative pour l’avenir);;campaign_financing;Montants budgétés;personne morale ou société de personnes;Donateur/trice: ARTEMIS HOLDING AG, Acteur/trice: PLR.Les Libéraux-Radicaux, Bern
fr;3533;allowances;alphabetical;Financement des campagnes;20;30.11.2025 Pour une suisse qui s’engage (initiative service citoyen);2025;campaign_financing;Montants budgétés;personne physique;Donateur/trice: Brügger Leopold, Acteur/trice: Association suisse pour la promotion de l'engagement de milice, Genève
fr;3534;allowances;alphabetical;Financement des campagnes;20;30.11.2025 Pour une suisse qui s’engage (initiative service citoyen);2025;campaign_financing;Montants budgétés;personne physique;Donateur/trice: Gueissaz Pascal, Acteur/trice: Association suisse pour la promotion de l'engagement de milice, Genève
fr;3535;allowances;alphabetical;Financement des campagnes;20;30.11.2025 Pour une suisse qui s’engage (initiative service citoyen);2025;campaign_financing;Montants budgétés;personne morale ou société de personnes;Donateur/trice: Bonny Stiftung für Freiheit, Acteur/trice: Association suisse pour la promotion de l'engagement de milice, Genève
fr;3537;allowances;alphabetical;Financement des campagnes;20;30.11.2025 Pour une suisse qui s’engage (initiative service citoyen);2025;campaign_financing;Montants budgétés;personne physique;Donateur/trice: Angéloz Claude Pascal, Acteur/trice: Association suisse pour la promotion de l'engagement de milice, Genève
fr;3539;allowances;alphabetical;Financement des campagnes;21;30.11.2025 Pour une politique climatique sociale financée de manière juste fiscalement (initiative pour l’avenir);;campaign_financing;Montants budgétés;personne morale ou société de personnes;Donateur/trice: Association de Banques Privées Suisses, Acteur/trice: Chambre de commerce, d'industrie et des services de Genève, Genève
fr;354;allowances;alphabetical;Financement des campagnes;1;22.10.2023 Élections au Conseil national 2023;2023;campaign_financing;Montants budgétés;personne morale ou société de personnes;Donateur/trice: Hauseigentümerverband Region Winterthur, Acteur/trice: Farner Martin, Oberstammheim
fr;3540;allowances;alphabetical;Financement des campagnes;21;30.11.2025 Pour une politique climatique sociale financée de manière juste fiscalement (initiative pour l’avenir);;campaign_financing;Montants budgétés;personne morale ou société de personnes;Donateur/trice: Parti Libéral-Radical Genève, Acteur/trice: Chambre de commerce, d'industrie et des services de Genève, Genève
fr;3541;allowances;alphabetical;Financement des campagnes;21;30.11.2025 Pour une politique climatique sociale financée de manière juste fiscalement (initiative pour l’avenir);;campaign_financing;Montants budgétés;personne morale ou société de personnes;Donateur/trice: Fédération des entreprises romandes Genève (FER Genève), Acteur/trice: Chambre de commerce, d'industrie et des services de Genève, Genève
fr;3543;allowances;alphabetical;Financement des campagnes;20;30.11.2025 Pour une suisse qui s’engage (initiative service citoyen);2025;campaign_financing;Montants budgétés;personne morale ou société de personnes;Donateur/trice: Verband Militärischer Gesellschaften VMG, Acteur/trice: Allianz Sicherheit Schweiz, Zürich
fr;3544;allowances;alphabetical;Financement des campagnes;20;30.11.2025 Pour une suisse qui s’engage (initiative service citoyen);2025;campaign_financing;Montants budgétés;personne morale ou société de personnes;Donateur/trice: economiesuisse, Acteur/trice: Allianz Sicherheit Schweiz, Zürich
fr;3545;allowances;alphabetical;Financement des campagnes;20;30.11.2025 Pour une suisse qui s’engage (initiative service citoyen);2025;campaign_financing;Montants budgétés;personne morale ou société de personnes;Donateur/trice: Swissmem, Acteur/trice: Allianz Sicherheit Schweiz, Zürich
fr;3546;allowances;alphabetical;Financement des partis politiques;17;2024;;party_financing;;personne morale ou société de personnes;Donateur/trice: Verein Aktionskomitee für Freiheit und Verantwortung, Acteur/trice: PLR.Les Libéraux-Radicaux, Bern
fr;3547;allowances;alphabetical;Financement des partis politiques;17;2024;;party_financing;;personne morale ou société de personnes;Donateur/trice: SCHWEIZERISCHE BANKIERVEREINIGUNG, Acteur/trice: PLR.Les Libéraux-Radicaux, Bern
fr;3548;allowances;alphabetical;Financement des partis politiques;17;2024;;party_financing;;personne morale ou société de personnes;Donateur/trice: Roche Holding AG, Acteur/trice: PLR.Les Libéraux-Radicaux, Bern
fr;3549;allowances;alphabetical;Financement des partis politiques;17;2024;;party_financing;;personne morale ou société de personnes;Donateur/trice: Aneba Holding AG, Acteur/trice: PLR.Les Libéraux-Radicaux, Bern
fr;355;allowances;alphabetical;Financement des campagnes;1;22.10.2023 Élections au Conseil national 2023;2023;campaign_financing;Montants budgétés;personne morale ou société de personnes;Donateur/trice: Hauseigentümerverband Region Winterthur, Acteur/trice: Farner Martin, Oberstammheim
fr;3550;allowances;alphabetical;Financement des partis politiques;17;2024;;party_financing;;personne morale ou société de personnes;Donateur/trice: Swiss Life AG, Acteur/trice: PLR.Les Libéraux-Radicaux, Bern
fr;3551;allowances;alphabetical;Financement des partis politiques;17;2024;;party_financing;;personne morale ou société de personnes;Donateur/trice: Bank Julius Bär and Co Ltd, Acteur/trice: PLR.Les Libéraux-Radicaux, Bern
fr;3552;allowances;alphabetical;Financement des partis politiques;17;2024;;party_financing;;personne morale ou société de personnes;Donateur/trice: Interpharma, Acteur/trice: PLR.Les Libéraux-Radicaux, Bern
fr;3553;allowances;alphabetical;Financement des partis politiques;17;2024;;party_financing;;personne morale ou société de personnes;Donateur/trice: Schweizerischer Versicherungsverband SVV, Acteur/trice: PLR.Les Libéraux-Radicaux, Bern
fr;3554;allowances;alphabetical;Financement des partis politiques;17;2024;;party_financing;;personne morale ou société de personnes;Donateur/trice: UBS AG, Acteur/trice: PLR.Les Libéraux-Radicaux, Bern
fr;3555;allowances;alphabetical;Financement des partis politiques;17;2024;;party_financing;;personne morale ou société de personnes;Donateur/trice: Sulzer Management AG, Acteur/trice: PLR.Les Libéraux-Radicaux, Bern
fr;3556;allowances;alphabetical;Financement des partis politiques;17;2024;;party_financing;;personne morale ou société de personnes;Donateur/trice: SWISS INTERNATIONAL AIR LINES AG, Acteur/trice: PLR.Les Libéraux-Radicaux, Bern
fr;3557;allowances;alphabetical;Financement des partis politiques;17;2024;;party_financing;;personne physique;Donateur/trice: Sprüngli Luzius, Acteur/trice: PLR.Les Libéraux-Radicaux, Bern
fr;3558;allowances;alphabetical;Financement des partis politiques;17;2024;;party_financing;;personne physique;Donateur/trice: Michel Simon, Acteur/trice: PLR.Les Libéraux-Radicaux, Bern
fr;3559;allowances;alphabetical;Financement des partis politiques;17;2024;;party_financing;;personne physique;Donateur/trice: Brechbühl Beat, Acteur/trice: PLR.Les Libéraux-Radicaux, Bern
fr;356;allowances;alphabetical;Financement des campagnes;1;22.10.2023 Élections au Conseil national 2023;2023;campaign_financing;Montants budgétés;personne morale ou société de personnes;Donateur/trice: Union Bancaire Privée, Acteur/trice: Parti libéral-radical genevois, Genève
fr;3560;allowances;alphabetical;Financement des partis politiques;17;2024;;party_financing;;personne physique;Donateur/trice: Heberlein Trix u Robert, Acteur/trice: PLR.Les Libéraux-Radicaux, Bern
fr;3561;allowances;alphabetical;Financement des partis politiques;17;2024;;party_financing;;personne morale ou société de personnes;Donateur/trice: Bucher Industries, Acteur/trice: PLR.Les Libéraux-Radicaux, Bern
fr;3562;allowances;alphabetical;Financement des partis politiques;17;2024;;party_financing;;personne physique;Donateur/trice: Wellauer Thomas, Acteur/trice: PLR.Les Libéraux-Radicaux, Bern
fr;3563;allowances;alphabetical;Financement des partis politiques;17;2024;;party_financing;;personne morale ou société de personnes;Donateur/trice: Schindler Aufzüge AG, Acteur/trice: PLR.Les Libéraux-Radicaux, Bern
fr;3564;allowances;alphabetical;Financement des partis politiques;17;2024;;party_financing;;personne morale ou société de personnes;Donateur/trice: Raiffeisen Schweiz Genossenschaft, Acteur/trice: PLR.Les Libéraux-Radicaux, Bern
fr;3565;allowances;alphabetical;Financement des partis politiques;17;2024;;party_financing;;personne morale ou société de personnes;Donateur/trice: economiesuisse, Acteur/trice: PLR.Les Libéraux-Radicaux, Bern
fr;3566;allowances;alphabetical;Financement des partis politiques;17;2024;;party_financing;;personne morale ou société de personnes;Donateur/trice: AXA Versicherungen AG, Acteur/trice: PLR.Les Libéraux-Radicaux, Bern
fr;3567;allowances;alphabetical;Financement des partis politiques;17;2024;;party_financing;;personne morale ou société de personnes;Donateur/trice: Aneba Holding AG, Acteur/trice: PLR.Les Libéraux-Radicaux, Bern
fr;3568;allowances;alphabetical;Financement des partis politiques;17;2024;;party_financing;;personne morale ou société de personnes;Donateur/trice: Novartis International AG, Acteur/trice: PLR.Les Libéraux-Radicaux, Bern
fr;3569;allowances;alphabetical;Financement des partis politiques;17;2024;;party_financing;;personne morale ou société de personnes;Donateur/trice: Holcim (Schweiz) AG, Acteur/trice: PLR.Les Libéraux-Radicaux, Bern
fr;357;allowances;alphabetical;Financement des campagnes;1;22.10.2023 Élections au Conseil national 2023;2023;campaign_financing;Montants budgétés;personne morale ou société de personnes;Donateur/trice: Comité de coordination des associations économiques, Acteur/trice: Parti libéral-radical genevois, Genève
fr;3570;allowances;alphabetical;Financement des partis politiques;17;2024;;party_financing;;personne morale ou société de personnes;Donateur/trice: Zürich Versicherungs-Gesellschaft AG, Acteur/trice: PLR.Les Libéraux-Radicaux, Bern
fr;3571;allowances;alphabetical;Financement des partis politiques;17;2024;;party_financing;;personne morale ou société de personnes;Donateur/trice: Schweizerische Mobiliar Versicherungsgesellschaft AG, Acteur/trice: PLR.Les Libéraux-Radicaux, Bern
fr;3572;allowances;alphabetical;Financement des partis politiques;17;2024;;party_financing;;personne morale ou société de personnes;Donateur/trice: Helvetia Schweiz Versicherung, Acteur/trice: PLR.Les Libéraux-Radicaux, Bern
fr;3573;allowances;alphabetical;Financement des partis politiques;17;2024;;party_financing;;personne morale ou société de personnes;Donateur/trice: Baloise Versicherung AG, Acteur/trice: PLR.Les Libéraux-Radicaux, Bern
fr;3574;allowances;alphabetical;Financement des partis politiques;17;2024;;party_financing;;personne morale ou société de personnes;Donateur/trice: Nestle SA, Acteur/trice: PLR.Les Libéraux-Radicaux, Bern
fr;3575;allowances;alphabetical;Financement des partis politiques;17;2024;;party_financing;;personne morale ou société de personnes;Donateur/trice: SCHWEIZERISCHE BANKIERVEREINIGUNG, Acteur/trice: PLR.Les Libéraux-Radicaux, Bern
fr;3576;allowances;alphabetical;Financement des partis politiques;17;2024;;party_financing;;personne morale ou société de personnes;Donateur/trice: economiesuisse, Acteur/trice: PLR.Les Libéraux-Radicaux, Bern
fr;3577;allowances;alphabetical;Financement des partis politiques;17;2024;;party_financing;;personne morale ou société de personnes;Donateur/trice: SIX Group Services AG, Acteur/trice: PLR.Les Libéraux-Radicaux, Bern
fr;3578;allowances;alphabetical;Financement des partis politiques;17;2024;;party_financing;;personne morale ou société de personnes;Donateur/trice: SIX Group Services AG, Acteur/trice: PLR.Les Libéraux-Radicaux, Bern
fr;3579;allowances;alphabetical;Financement des partis politiques;17;2024;;party_financing;;personne physique;Donateur/trice: Thut Rolf, Acteur/trice: PLR.Les Libéraux-Radicaux, Bern
fr;358;allowances;alphabetical;Financement des campagnes;1;22.10.2023 Élections au Conseil national 2023;2023;campaign_financing;Montants budgétés;personne physique;Donateur/trice: De Planta Renaud, Acteur/trice: Parti libéral-radical genevois, Genève
fr;3580;allowances;alphabetical;Financement des partis politiques;17;2024;;party_financing;;personne morale ou société de personnes;Donateur/trice: Verein Aktionskomitee für Freiheit und Verantwortung, Acteur/trice: PLR.Les Libéraux-Radicaux, Bern
fr;3581;allowances;alphabetical;Financement des partis politiques;17;2024;;party_financing;;personne physique;Donateur/trice: Vogt Valentin, Acteur/trice: PLR.Les Libéraux-Radicaux, Bern
fr;3582;allowances;alphabetical;Financement des partis politiques;17;2024;;party_financing;;personne physique;Donateur/trice: Vogt Valentin, Acteur/trice: PLR.Les Libéraux-Radicaux, Bern
fr;3583;allowances;alphabetical;Financement des partis politiques;17;2024;;party_financing;;personne morale ou société de personnes;Donateur/trice: Schaffner Ryhiner Beteiligungen AG, Acteur/trice: PLR.Les Libéraux-Radicaux, Bern
fr;3584;allowances;alphabetical;Financement des partis politiques;17;2024;;party_financing;;personne physique;Donateur/trice: Haefner Martin, Acteur/trice: PLR.Les Libéraux-Radicaux, Bern
fr;3585;allowances;alphabetical;Financement des partis politiques;17;2024;;party_financing;;personne physique;Donateur/trice: Michel Simon, Acteur/trice: PLR.Les Libéraux-Radicaux, Bern
fr;3586;allowances;alphabetical;Financement des partis politiques;17;2024;;party_financing;;personne physique;Donateur/trice: Baumann Maja, Acteur/trice: PLR.Les Libéraux-Radicaux, Bern
fr;3587;allowances;alphabetical;Financement des partis politiques;17;2024;;party_financing;;personne morale ou société de personnes;Donateur/trice: Schweizerischer Hauseigentümerverband, Acteur/trice: PLR.Les Libéraux-Radicaux, Bern
fr;3588;allowances;alphabetical;Financement des partis politiques;17;2024;;party_financing;;personne morale ou société de personnes;Donateur/trice: economiesuisse, Acteur/trice: PLR.Les Libéraux-Radicaux, Bern
fr;3589;allowances;alphabetical;Financement des partis politiques;17;2024;;party_financing;;personne morale ou société de personnes;Donateur/trice: Schweizerischer Hauseigentümerverband, Acteur/trice: PLR.Les Libéraux-Radicaux, Bern
fr;359;allowances;alphabetical;Financement des campagnes;1;22.10.2023 Élections au Conseil national 2023;2023;campaign_financing;Montants budgétés;personne physique;Donateur/trice: Burger Philippe, Acteur/trice: Piratenpartei Zürich, Zürich
fr;3590;allowances;alphabetical;Financement des partis politiques;17;2024;;party_financing;;personne morale ou société de personnes;Donateur/trice: Schweizerischer Hauseigentümerverband, Acteur/trice: PLR.Les Libéraux-Radicaux, Bern
fr;3591;allowances;alphabetical;Financement des partis politiques;17;2024;;party_financing;;personne morale ou société de personnes;Donateur/trice: Schweizer Bauernverband, Acteur/trice: PLR.Les Libéraux-Radicaux, Bern
fr;3592;allowances;alphabetical;Financement des partis politiques;17;2024;;party_financing;;personne morale ou société de personnes;Donateur/trice: Schweizerischer Arbeitgeberverband SAV, Acteur/trice: PLR.Les Libéraux-Radicaux, Bern
fr;3593;allowances;alphabetical;Financement des partis politiques;17;2024;;party_financing;;personne morale ou société de personnes;Donateur/trice: KMU-und Gewerbeverband Kanton Zürich, Acteur/trice: PLR.Les Libéraux-Radicaux, Bern
fr;3594;allowances;alphabetical;Financement des partis politiques;17;2024;;party_financing;;personne morale ou société de personnes;Donateur/trice: economiesuisse, Acteur/trice: PLR.Les Libéraux-Radicaux, Bern
fr;3595;allowances;alphabetical;Financement des partis politiques;17;2024;;party_financing;;personne morale ou société de personnes;Donateur/trice: economiesuisse, Acteur/trice: PLR.Les Libéraux-Radicaux, Bern
fr;3596;allowances;alphabetical;Financement des partis politiques;17;2024;;party_financing;;personne morale ou société de personnes;Donateur/trice: economiesuisse, Acteur/trice: PLR.Les Libéraux-Radicaux, Bern
fr;3597;allowances;alphabetical;Financement des partis politiques;17;2024;;party_financing;;personne morale ou société de personnes;Donateur/trice: economiesuisse, Acteur/trice: PLR.Les Libéraux-Radicaux, Bern
fr;3598;allowances;alphabetical;Financement des partis politiques;17;2024;;party_financing;;personne morale ou société de personnes;Donateur/trice: economiesuisse, Acteur/trice: PLR.Les Libéraux-Radicaux, Bern
fr;3599;allowances;alphabetical;Financement des partis politiques;17;2024;;party_financing;;personne morale ou société de personnes;Donateur/trice: economiesuisse, Acteur/trice: PLR.Les Libéraux-Radicaux, Bern
fr;36;allowances;alphabetical;Financement des campagnes;1;22.10.2023 Élections au Conseil national 2023;2023;campaign_financing;Montants budgétés;personne physique;Donateur/trice: Gredig Corina, Acteur/trice: Grünliberale Kanton Zürich, Zürich
fr;3600;allowances;alphabetical;Financement des partis politiques;17;2024;;party_financing;;personne morale ou société de personnes;Donateur/trice: Avesco AG, Acteur/trice: PLR.Les Libéraux-Radicaux, Bern
fr;3601;allowances;alphabetical;Financement des partis politiques;17;2024;;party_financing;;personne morale ou société de personnes;Donateur/trice: Avesco AG, Acteur/trice: PLR.Les Libéraux-Radicaux, Bern
fr;3602;allowances;alphabetical;Financement des partis politiques;17;2024;;party_financing;;personne morale ou société de personnes;Donateur/trice: Helvetia Schweiz Versicherung, Acteur/trice: PLR.Les Libéraux-Radicaux, Bern
fr;3603;allowances;alphabetical;Financement des partis politiques;17;2024;;party_financing;;personne morale ou société de personnes;Donateur/trice: Maerki Baumann & Co. AG, Acteur/trice: PLR.Les Libéraux-Radicaux, Bern
fr;3604;allowances;alphabetical;Financement des partis politiques;17;2024;;party_financing;;personne morale ou société de personnes;Donateur/trice: Maerki Baumann & Co. AG, Acteur/trice: PLR.Les Libéraux-Radicaux, Bern
fr;3605;allowances;alphabetical;Financement des partis politiques;17;2024;;party_financing;;personne morale ou société de personnes;Donateur/trice: Maerki Baumann & Co. AG, Acteur/trice: PLR.Les Libéraux-Radicaux, Bern
fr;3606;allowances;alphabetical;Financement des partis politiques;17;2024;;party_financing;;personne morale ou société de personnes;Donateur/trice: Maerki Baumann & Co. AG, Acteur/trice: PLR.Les Libéraux-Radicaux, Bern
fr;3607;allowances;alphabetical;Financement des partis politiques;17;2024;;party_financing;;personne morale ou société de personnes;Donateur/trice: Maerki Baumann & Co. AG, Acteur/trice: PLR.Les Libéraux-Radicaux, Bern
fr;3608;allowances;alphabetical;Financement des partis politiques;17;2024;;party_financing;;personne morale ou société de personnes;Donateur/trice: Schelling AG, Acteur/trice: PLR.Les Libéraux-Radicaux, Bern
fr;3609;allowances;alphabetical;Financement des partis politiques;17;2024;;party_financing;;personne morale ou société de personnes;Donateur/trice: Schelling AG, Acteur/trice: PLR.Les Libéraux-Radicaux, Bern
fr;3610;allowances;alphabetical;Financement des partis politiques;17;2024;;party_financing;;personne morale ou société de personnes;Donateur/trice: Schelling AG, Acteur/trice: PLR.Les Libéraux-Radicaux, Bern
fr;3611;allowances;alphabetical;Financement des partis politiques;17;2024;;party_financing;;personne physique;Donateur/trice: Mosimann Philip, Acteur/trice: PLR.Les Libéraux-Radicaux, Bern
fr;3612;allowances;alphabetical;Financement des partis politiques;17;2024;;party_financing;;personne physique;Donateur/trice: Mosimann Philip, Acteur/trice: PLR.Les Libéraux-Radicaux, Bern
fr;3613;allowances;alphabetical;Financement des partis politiques;17;2024;;party_financing;;personne physique;Donateur/trice: Mosimann Philip, Acteur/trice: PLR.Les Libéraux-Radicaux, Bern
fr;3614;allowances;alphabetical;Financement des partis politiques;17;2024;;party_financing;;personne physique;Donateur/trice: Mosimann Philip, Acteur/trice: PLR.Les Libéraux-Radicaux, Bern
fr;3616;allowances;alphabetical;Financement des partis politiques;17;2024;;party_financing;;personne morale ou société de personnes;Donateur/trice: Fondation Groupe Mutuel, Acteur/trice: PLR.Les Libéraux-Radicaux, Bern
fr;3621;allowances;alphabetical;Financement des campagnes;20;30.11.2025 Pour une suisse qui s’engage (initiative service citoyen);2025;campaign_financing;Montants budgétés;personne physique;Donateur/trice: Brügger Leopold, Acteur/trice: Amicale Populaire et Patriotique pour un Service Citoyen, Villarzel
fr;3622;allowances;alphabetical;Financement des campagnes;20;30.11.2025 Pour une suisse qui s’engage (initiative service citoyen);2025;campaign_financing;Montants budgétés;personne physique;Donateur/trice: Brügger Leopold, Acteur/trice: Amicale Populaire et Patriotique pour un Service Citoyen, Villarzel
fr;3626;allowances;alphabetical;Financement des campagnes;19;28.09.2025 Loi fédérale du 20 décembre 2024 sur l’identité électronique et d’autres moyens de preuves électroniques (Loi sur l’e-ID, LeID);;campaign_financing;Montants finaux;personne morale ou société de personnes;Donateur/trice: economiesuisse, Acteur/trice: Wirtschaftskomitee Schweizer e-ID, Bern
fr;3627;allowances;alphabetical;Financement des campagnes;19;28.09.2025 Loi fédérale du 20 décembre 2024 sur l’identité électronique et d’autres moyens de preuves électroniques (Loi sur l’e-ID, LeID);;campaign_financing;Montants finaux;personne morale ou société de personnes;Donateur/trice: Swisscom, Acteur/trice: Wirtschaftskomitee Schweizer e-ID, Bern
fr;3628;allowances;alphabetical;Financement des campagnes;19;28.09.2025 Loi fédérale du 20 décembre 2024 sur l’identité électronique et d’autres moyens de preuves électroniques (Loi sur l’e-ID, LeID);;campaign_financing;Montants finaux;personne morale ou société de personnes;Donateur/trice: Schweizerischer Versicherungsverband SVV, Acteur/trice: Wirtschaftskomitee Schweizer e-ID, Bern
fr;3629;allowances;alphabetical;Financement des campagnes;21;30.11.2025 Pour une politique climatique sociale financée de manière juste fiscalement (initiative pour l’avenir);;campaign_financing;Montants budgétés;personne morale ou société de personnes;"Donateur/trice: economiesuisse, Acteur/trice: Allianz ""Nein zur extremen Juso-Initiative"", Bern"
fr;363;allowances;alphabetical;Financement des campagnes;1;22.10.2023 Élections au Conseil national 2023;2023;campaign_financing;Montants budgétés;personne morale ou société de personnes;Donateur/trice: EDU Schweiz, Acteur/trice: Eidgenössisch-Demokratische Union des Kantons Bern, Münsingen
fr;3630;allowances;alphabetical;Financement des campagnes;21;30.11.2025 Pour une politique climatique sociale financée de manière juste fiscalement (initiative pour l’avenir);;campaign_financing;Montants budgétés;personne morale ou société de personnes;"Donateur/trice: Handelskammer beider Basel, Acteur/trice: Allianz ""Nein zur extremen Juso-Initiative"", Bern"
fr;3631;allowances;alphabetical;Financement des campagnes;21;30.11.2025 Pour une politique climatique sociale financée de manière juste fiscalement (initiative pour l’avenir);;campaign_financing;Montants budgétés;personne morale ou société de personnes;"Donateur/trice: Verein Mehrwert Schweiz, Acteur/trice: Allianz ""Nein zur extremen Juso-Initiative"", Bern"
fr;3632;allowances;alphabetical;Financement des campagnes;21;30.11.2025 Pour une politique climatique sociale financée de manière juste fiscalement (initiative pour l’avenir);;campaign_financing;Montants budgétés;personne morale ou société de personnes;"Donateur/trice: Zürcher Handelskammer, Acteur/trice: Allianz ""Nein zur extremen Juso-Initiative"", Bern"
fr;3633;allowances;alphabetical;Financement des campagnes;18;28.09.2025 Arrêté fédéral du 20 décembre 2024 relatif à l’impôt immobilier cantonal sur les résidences secondaires;;campaign_financing;Montants finaux;personne morale ou société de personnes;Donateur/trice: HEV Schweiz, Acteur/trice: Hauseigentümerverband Kanton Schwyz, Schwyz
fr;3636;allowances;alphabetical;Financement des campagnes;18;28.09.2025 Arrêté fédéral du 20 décembre 2024 relatif à l’impôt immobilier cantonal sur les résidences secondaires;;campaign_financing;Montants finaux;personne morale ou société de personnes;Donateur/trice: Hauseigentümerverband Schweiz (HEV Schweiz), Acteur/trice: Hauseigentümer-Verband Kanton St. Gallen, St. Gallen
fr;3637;allowances;alphabetical;Financement des campagnes;18;28.09.2025 Arrêté fédéral du 20 décembre 2024 relatif à l’impôt immobilier cantonal sur les résidences secondaires;;campaign_financing;Montants finaux;personne morale ou société de personnes;Donateur/trice: Kantonaler Gewerbeverband St.Gallen, Acteur/trice: Hauseigentümer-Verband Kanton St. Gallen, St. Gallen
fr;364;allowances;alphabetical;Financement des campagnes;1;22.10.2023 Élections au Conseil national 2023;2023;campaign_financing;Montants budgétés;personne morale ou société de personnes;Donateur/trice: EDU Schweiz, Acteur/trice: Eidgenössisch-Demokratische Union (EDU) Kanton Zürich, Winterthur
fr;3642;allowances;alphabetical;Financement des campagnes;18;28.09.2025 Arrêté fédéral du 20 décembre 2024 relatif à l’impôt immobilier cantonal sur les résidences secondaires;;campaign_financing;Montants finaux;personne morale ou société de personnes;Donateur/trice: Hauseigentümerverband Schweiz, Acteur/trice: Hauseigentümerverband Kanton Luzern, Luzern
fr;3643;allowances;alphabetical;Financement des campagnes;18;28.09.2025 Arrêté fédéral du 20 décembre 2024 relatif à l’impôt immobilier cantonal sur les résidences secondaires;;campaign_financing;Montants finaux;personne morale ou société de personnes;Donateur/trice: Hauseigentümerverband (HEV) Schweiz, Acteur/trice: Überparteiliches Komitee JA zur Abschaffung des Eigenmietwerts (HEV Schweiz), Zürich
fr;3644;allowances;alphabetical;Financement des campagnes;18;28.09.2025 Arrêté fédéral du 20 décembre 2024 relatif à l’impôt immobilier cantonal sur les résidences secondaires;;campaign_financing;Montants finaux;personne morale ou société de personnes;Donateur/trice: Hauseigentümerverband (HEV) Schweiz, Acteur/trice: Überparteiliches Komitee JA zur Abschaffung des Eigenmietwerts (HEV Schweiz), Zürich
fr;3645;allowances;alphabetical;Financement des campagnes;18;28.09.2025 Arrêté fédéral du 20 décembre 2024 relatif à l’impôt immobilier cantonal sur les résidences secondaires;;campaign_financing;Montants finaux;personne morale ou société de personnes;Donateur/trice: Hauseigentümerverband (HEV) Schweiz, Acteur/trice: Überparteiliches Komitee JA zur Abschaffung des Eigenmietwerts (HEV Schweiz), Zürich
fr;3648;allowances;alphabetical;Financement des campagnes;18;28.09.2025 Arrêté fédéral du 20 décembre 2024 relatif à l’impôt immobilier cantonal sur les résidences secondaires;;campaign_financing;Montants finaux;personne morale ou société de personnes;Donateur/trice: HEV Schweiz, Acteur/trice: Hauseigentümerverband Aargau, Baden
fr;3649;allowances;alphabetical;Financement des campagnes;18;28.09.2025 Arrêté fédéral du 20 décembre 2024 relatif à l’impôt immobilier cantonal sur les résidences secondaires;;campaign_financing;Montants finaux;personne morale ou société de personnes;Donateur/trice: Hauseigentümerverband Schweiz, Acteur/trice: Hauseigentümerverband Graubünden, Chur
fr;3650;allowances;alphabetical;Financement des campagnes;19;28.09.2025 Loi fédérale du 20 décembre 2024 sur l’identité électronique et d’autres moyens de preuves électroniques (Loi sur l’e-ID, LeID);;campaign_financing;Montants finaux;personne morale ou société de personnes;Donateur/trice: digitalswitzerland, Acteur/trice: Allianz Pro e-ID, Bern
fr;3651;allowances;alphabetical;Financement des campagnes;19;28.09.2025 Loi fédérale du 20 décembre 2024 sur l’identité électronique et d’autres moyens de preuves électroniques (Loi sur l’e-ID, LeID);;campaign_financing;Montants finaux;personne morale ou société de personnes;Donateur/trice: digitalswitzerland, Acteur/trice: Allianz Pro e-ID, Bern
fr;3652;allowances;alphabetical;Financement des campagnes;19;28.09.2025 Loi fédérale du 20 décembre 2024 sur l’identité électronique et d’autres moyens de preuves électroniques (Loi sur l’e-ID, LeID);;campaign_financing;Montants finaux;personne morale ou société de personnes;Donateur/trice: Swiss Cigarette, Acteur/trice: Allianz Pro e-ID, Bern
fr;3653;allowances;alphabetical;Financement des campagnes;19;28.09.2025 Loi fédérale du 20 décembre 2024 sur l’identité électronique et d’autres moyens de preuves électroniques (Loi sur l’e-ID, LeID);;campaign_financing;Montants finaux;personne morale ou société de personnes;Donateur/trice: Ringier AG, Acteur/trice: Allianz Pro e-ID, Bern
fr;3654;allowances;alphabetical;Financement des campagnes;19;28.09.2025 Loi fédérale du 20 décembre 2024 sur l’identité électronique et d’autres moyens de preuves électroniques (Loi sur l’e-ID, LeID);;campaign_financing;Montants finaux;personne morale ou société de personnes;Donateur/trice: TX Group AG, Acteur/trice: Allianz Pro e-ID, Bern
fr;3655;allowances;alphabetical;Financement des campagnes;19;28.09.2025 Loi fédérale du 20 décembre 2024 sur l’identité électronique et d’autres moyens de preuves électroniques (Loi sur l’e-ID, LeID);;campaign_financing;Montants finaux;personne morale ou société de personnes;Donateur/trice: digitalswitzerland, Acteur/trice: Allianz Pro e-ID, Bern
fr;3656;allowances;alphabetical;Financement des campagnes;19;28.09.2025 Loi fédérale du 20 décembre 2024 sur l’identité électronique et d’autres moyens de preuves électroniques (Loi sur l’e-ID, LeID);;campaign_financing;Montants finaux;personne morale ou société de personnes;Donateur/trice: Ringier AG, Acteur/trice: Allianz Pro e-ID, Bern
fr;3657;allowances;alphabetical;Financement des campagnes;19;28.09.2025 Loi fédérale du 20 décembre 2024 sur l’identité électronique et d’autres moyens de preuves électroniques (Loi sur l’e-ID, LeID);;campaign_financing;Montants finaux;personne morale ou société de personnes;Donateur/trice: digitalswitzerland, Acteur/trice: Allianz Pro e-ID, Bern
fr;3672;allowances;alphabetical;Financement des campagnes;18;28.09.2025 Arrêté fédéral du 20 décembre 2024 relatif à l’impôt immobilier cantonal sur les résidences secondaires;;campaign_financing;Montants finaux;personne morale ou société de personnes;Donateur/trice: Hauseigentümerverband Schweiz, Acteur/trice: Hauseigentümerverband Kanton Bern, Bern
fr;3673;allowances;alphabetical;Financement des campagnes;18;28.09.2025 Arrêté fédéral du 20 décembre 2024 relatif à l’impôt immobilier cantonal sur les résidences secondaires;;campaign_financing;Montants finaux;personne morale ou société de personnes;Donateur/trice: Hauseigentümerverband Bern und Umgebung, Acteur/trice: Hauseigentümerverband Kanton Bern, Bern
fr;3688;allowances;alphabetical;Financement des campagnes;18;28.09.2025 Arrêté fédéral du 20 décembre 2024 relatif à l’impôt immobilier cantonal sur les résidences secondaires;;campaign_financing;Montants finaux;personne morale ou société de personnes;Donateur/trice: Hauseigentümerverband Basel-Stadt, Acteur/trice: Kantonales Komitee «JA zur Abschaffung des Eigenmietwerts» (HEV Basel-Stadt), Basel
fr;3692;allowances;alphabetical;Financement des campagnes;19;28.09.2025 Loi fédérale du 20 décembre 2024 sur l’identité électronique et d’autres moyens de preuves électroniques (Loi sur l’e-ID, LeID);;campaign_financing;Montants finaux;personne physique;Donateur/trice: Kocher Stephan, Acteur/trice: Referendumskomitee E-ID 2.0, Zürich
fr;3693;allowances;alphabetical;Financement des campagnes;18;28.09.2025 Arrêté fédéral du 20 décembre 2024 relatif à l’impôt immobilier cantonal sur les résidences secondaires;;campaign_financing;Montants finaux;personne morale ou société de personnes;Donateur/trice: Hauseigentümerverband Schweiz (HEV Schweiz), Acteur/trice: Hauseigentümerverband Baselland, Pratteln
fr;3694;allowances;alphabetical;Financement des campagnes;21;30.11.2025 Pour une politique climatique sociale financée de manière juste fiscalement (initiative pour l’avenir);;campaign_financing;Montants budgétés;personne morale ou société de personnes;Donateur/trice: Gemeinnützige Stiftung Gambit, Acteur/trice: Union suisse des arts et métiers, Berne
fr;3695;allowances;alphabetical;Financement des campagnes;18;28.09.2025 Arrêté fédéral du 20 décembre 2024 relatif à l’impôt immobilier cantonal sur les résidences secondaires;;campaign_financing;Montants finaux;personne morale ou société de personnes;Donateur/trice: HEV Schweiz, Acteur/trice: Hauseigentümerverband Thurgau, Kreuzlingen
fr;3696;allowances;alphabetical;Financement des campagnes;18;28.09.2025 Arrêté fédéral du 20 décembre 2024 relatif à l’impôt immobilier cantonal sur les résidences secondaires;;campaign_financing;Montants finaux;personne morale ou société de personnes;Donateur/trice: aeesuisse – Dachorganisation der Wirtschaft für erneuerbare Energien und Energieeffizienz, Acteur/trice: aeesuisse - Dachverband der Wirtschaft für erneuerbare Energien und Energieeffizienz, Bern
fr;3697;allowances;alphabetical;Financement des campagnes;18;28.09.2025 Arrêté fédéral du 20 décembre 2024 relatif à l’impôt immobilier cantonal sur les résidences secondaires;;campaign_financing;Montants finaux;personne morale ou société de personnes;Donateur/trice: Schweizerisch-Liechtensteinischer Gebäudetechnikverband (suissetec), Acteur/trice: aeesuisse - Dachverband der Wirtschaft für erneuerbare Energien und Energieeffizienz, Bern
fr;3698;allowances;alphabetical;Financement des campagnes;18;28.09.2025 Arrêté fédéral du 20 décembre 2024 relatif à l’impôt immobilier cantonal sur les résidences secondaires;;campaign_financing;Montants finaux;personne morale ou société de personnes;Donateur/trice: constructionromande, Acteur/trice: aeesuisse - Dachverband der Wirtschaft für erneuerbare Energien und Energieeffizienz, Bern
fr;3699;allowances;alphabetical;Financement des campagnes;18;28.09.2025 Arrêté fédéral du 20 décembre 2024 relatif à l’impôt immobilier cantonal sur les résidences secondaires;;campaign_financing;Montants finaux;personne morale ou société de personnes;Donateur/trice: Centre Patronal, Acteur/trice: aeesuisse - Dachverband der Wirtschaft für erneuerbare Energien und Energieeffizienz, Bern
fr;37;allowances;alphabetical;Financement des campagnes;1;22.10.2023 Élections au Conseil national 2023;2023;campaign_financing;Montants budgétés;personne physique;Donateur/trice: Bellaiche Judith, Acteur/trice: Grünliberale Kanton Zürich, Zürich
fr;3700;allowances;alphabetical;Financement des campagnes;18;28.09.2025 Arrêté fédéral du 20 décembre 2024 relatif à l’impôt immobilier cantonal sur les résidences secondaires;;campaign_financing;Montants finaux;personne morale ou société de personnes;Donateur/trice: Union suisse des professionnels de l'immobilier Vaud (USPI Vaud), Acteur/trice: aeesuisse - Dachverband der Wirtschaft für erneuerbare Energien und Energieeffizienz, Bern
fr;3701;allowances;alphabetical;Financement des campagnes;18;28.09.2025 Arrêté fédéral du 20 décembre 2024 relatif à l’impôt immobilier cantonal sur les résidences secondaires;;campaign_financing;Montants finaux;personne morale ou société de personnes;Donateur/trice: Union suisse des professionnels de l'immobilier Suisse (USPI Suisse), Acteur/trice: aeesuisse - Dachverband der Wirtschaft für erneuerbare Energien und Energieeffizienz, Bern
fr;3702;allowances;alphabetical;Financement des campagnes;18;28.09.2025 Arrêté fédéral du 20 décembre 2024 relatif à l’impôt immobilier cantonal sur les résidences secondaires;;campaign_financing;Montants finaux;personne morale ou société de personnes;Donateur/trice: cR Kommunikation AG, Acteur/trice: aeesuisse - Dachverband der Wirtschaft für erneuerbare Energien und Energieeffizienz, Bern
fr;3704;allowances;alphabetical;Financement des campagnes;20;30.11.2025 Pour une suisse qui s’engage (initiative service citoyen);2025;campaign_financing;Montants finaux;personne morale ou société de personnes;Donateur/trice: Verband Militärischer Gesellschaften VMG, Acteur/trice: Allianz Sicherheit Schweiz, Zürich
fr;3705;allowances;alphabetical;Financement des campagnes;20;30.11.2025 Pour une suisse qui s’engage (initiative service citoyen);2025;campaign_financing;Montants finaux;personne morale ou société de personnes;Donateur/trice: economiesuisse, Acteur/trice: Allianz Sicherheit Schweiz, Zürich
fr;3706;allowances;alphabetical;Financement des campagnes;20;30.11.2025 Pour une suisse qui s’engage (initiative service citoyen);2025;campaign_financing;Montants finaux;personne morale ou société de personnes;Donateur/trice: Swissmem, Acteur/trice: Allianz Sicherheit Schweiz, Zürich
fr;3737;allowances;alphabetical;Financement des campagnes;20;30.11.2025 Pour une suisse qui s’engage (initiative service citoyen);2025;campaign_financing;Montants finaux;personne physique;Donateur/trice: Brügger Leopold Daniel, Acteur/trice: Amicale Populaire et Patriotique pour un Service Citoyen, Villarzel
fr;3738;allowances;alphabetical;Financement des campagnes;20;30.11.2025 Pour une suisse qui s’engage (initiative service citoyen);2025;campaign_financing;Montants finaux;personne physique;Donateur/trice: Brügger Leopold Daniel, Acteur/trice: Amicale Populaire et Patriotique pour un Service Citoyen, Villarzel
fr;3739;allowances;alphabetical;Financement des campagnes;20;30.11.2025 Pour une suisse qui s’engage (initiative service citoyen);2025;campaign_financing;Montants finaux;personne physique;Donateur/trice: Brügger Leopold Daniel, Acteur/trice: Amicale Populaire et Patriotique pour un Service Citoyen, Villarzel
fr;3740;allowances;alphabetical;Financement des campagnes;26;08.03.2026 Loi fédérale du 20 juin 2025 sur l’imposition individuelle;;campaign_financing;Montants budgétés;personne morale ou société de personnes;Donateur/trice: Schweizerische Volkspartei SVP, Acteur/trice: Le Centre, Bern
fr;3741;allowances;alphabetical;Financement des campagnes;27;08.03.2026 Élection au Conseil national (Appenzell Rhodes-Extérieures);;campaign_financing;Montants budgétés;personne morale ou société de personnes;Donateur/trice: Gönnervereinigung Treffpunkt AR Plus, Acteur/trice: Schweizerische Volkspartei von Appenzell Ausserrhoden, Schönengrund
fr;3742;allowances;alphabetical;Financement des campagnes;25;08.03.2026 Pour une politique énergétique et climatique équitable : investir pour la prospérité, le travail et l’environnement (initiative pour un fonds climat);;campaign_financing;Montants budgétés;personne morale ou société de personnes;"Donateur/trice: economiesuisse, Acteur/trice: Allianz ""NEIN zum Klima-Schuldenfonds"", Bern"
fr;3743;allowances;alphabetical;Financement des campagnes;25;08.03.2026 Pour une politique énergétique et climatique équitable : investir pour la prospérité, le travail et l’environnement (initiative pour un fonds climat);;campaign_financing;Montants budgétés;personne morale ou société de personnes;"Donateur/trice: economiesuisse, Acteur/trice: Allianz ""NEIN zum Klima-Schuldenfonds"", Bern"
fr;3744;allowances;alphabetical;Financement des campagnes;25;08.03.2026 Pour une politique énergétique et climatique équitable : investir pour la prospérité, le travail et l’environnement (initiative pour un fonds climat);;campaign_financing;Montants budgétés;personne morale ou société de personnes;"Donateur/trice: Avenergy Suisse, Acteur/trice: Allianz ""NEIN zum Klima-Schuldenfonds"", Bern"
fr;3752;allowances;alphabetical;Financement des campagnes;21;30.11.2025 Pour une politique climatique sociale financée de manière juste fiscalement (initiative pour l’avenir);;campaign_financing;Montants finaux;personne morale ou société de personnes;Donateur/trice: Industrie- und Handelskammer Thurgau (IHK Thurgau), Acteur/trice: Industrie und Handelskammer St. Gallen-Appenzell, St. Gallen
fr;3753;allowances;alphabetical;Financement des campagnes;21;30.11.2025 Pour une politique climatique sociale financée de manière juste fiscalement (initiative pour l’avenir);;campaign_financing;Montants finaux;personne morale ou société de personnes;Donateur/trice: Industrie- und Handelskammer Thurgau (IHK Thurgau), Acteur/trice: Industrie und Handelskammer St. Gallen-Appenzell, St. Gallen
fr;3764;allowances;alphabetical;Financement des campagnes;24;08.03.2026 200 francs, ça suffit ! (initiative SSR);;campaign_financing;Montants budgétés;personne morale ou société de personnes;Donateur/trice: SUISA, Acteur/trice: Conseil Suisse de la Musique CSM, Aarau
fr;3765;allowances;alphabetical;Financement des campagnes;24;08.03.2026 200 francs, ça suffit ! (initiative SSR);;campaign_financing;Montants budgétés;personne morale ou société de personnes;Donateur/trice: Fondation Suisa, Acteur/trice: Conseil Suisse de la Musique CSM, Aarau
fr;3766;allowances;alphabetical;Financement des campagnes;24;08.03.2026 200 francs, ça suffit ! (initiative SSR);;campaign_financing;Montants budgétés;personne morale ou société de personnes;Donateur/trice: Schweizerische Interpretengenossenschaft, Acteur/trice: Conseil Suisse de la Musique CSM, Aarau
fr;3767;allowances;alphabetical;Financement des campagnes;24;08.03.2026 200 francs, ça suffit ! (initiative SSR);;campaign_financing;Montants budgétés;personne morale ou société de personnes;Donateur/trice: Stiftung Phonoproduzierende, Acteur/trice: Conseil Suisse de la Musique CSM, Aarau
fr;3771;allowances;alphabetical;Financement des campagnes;21;30.11.2025 Pour une politique climatique sociale financée de manière juste fiscalement (initiative pour l’avenir);;campaign_financing;Montants finaux;personne morale ou société de personnes;Donateur/trice: Gemeinnützige Stiftung Gambit, Acteur/trice: Union suisse des arts et métiers, Berne
fr;3777;allowances;alphabetical;Financement des campagnes;20;30.11.2025 Pour une suisse qui s’engage (initiative service citoyen);2025;campaign_financing;Montants finaux;personne physique;Donateur/trice: Brügger Leopold, Acteur/trice: Association suisse pour la promotion de l'engagement de milice, Genève
fr;3778;allowances;alphabetical;Financement des campagnes;20;30.11.2025 Pour une suisse qui s’engage (initiative service citoyen);2025;campaign_financing;Montants finaux;personne physique;Donateur/trice: Gueissaz Pascal, Acteur/trice: Association suisse pour la promotion de l'engagement de milice, Genève
fr;3779;allowances;alphabetical;Financement des campagnes;20;30.11.2025 Pour une suisse qui s’engage (initiative service citoyen);2025;campaign_financing;Montants finaux;personne morale ou société de personnes;Donateur/trice: Bonny Stiftung für Freiheit, Acteur/trice: Association suisse pour la promotion de l'engagement de milice, Genève
fr;3780;allowances;alphabetical;Financement des campagnes;20;30.11.2025 Pour une suisse qui s’engage (initiative service citoyen);2025;campaign_financing;Montants finaux;personne physique;Donateur/trice: Angéloz Claude Pascal, Acteur/trice: Association suisse pour la promotion de l'engagement de milice, Genève
fr;3781;allowances;alphabetical;Financement des campagnes;20;30.11.2025 Pour une suisse qui s’engage (initiative service citoyen);2025;campaign_financing;Montants finaux;personne physique;Donateur/trice: Gueissaz Pascal, Acteur/trice: Association suisse pour la promotion de l'engagement de milice, Genève
fr;3784;allowances;alphabetical;Financement des campagnes;24;08.03.2026 200 francs, ça suffit ! (initiative SSR);;campaign_financing;Montants budgétés;personne morale ou société de personnes;Donateur/trice: Schweizerische Kulturstiftung für Audiovision, Acteur/trice: Unsere Filme retten, Bern
fr;3785;allowances;alphabetical;Financement des campagnes;24;08.03.2026 200 francs, ça suffit ! (initiative SSR);;campaign_financing;Montants budgétés;personne morale ou société de personnes;Donateur/trice: Kulturfonds Suissimage, Acteur/trice: Unsere Filme retten, Bern
fr;3786;allowances;alphabetical;Financement des campagnes;24;08.03.2026 200 francs, ça suffit ! (initiative SSR);;campaign_financing;Montants budgétés;personne morale ou société de personnes;Donateur/trice: Suissimage, Acteur/trice: Unsere Filme retten, Bern
fr;3787;allowances;alphabetical;Financement des campagnes;24;08.03.2026 200 francs, ça suffit ! (initiative SSR);;campaign_financing;Montants budgétés;personne morale ou société de personnes;Donateur/trice: Fonds culturel SSA, Acteur/trice: Unsere Filme retten, Bern
fr;379;allowances;alphabetical;Financement des campagnes;1;22.10.2023 Élections au Conseil national 2023;2023;campaign_financing;Montants budgétés;personne morale ou société de personnes;Donateur/trice: EDU Bezirk Winterthur, Acteur/trice: Eidgenössisch-Demokratische Union (EDU) Kanton Zürich, Winterthur
fr;3795;allowances;alphabetical;Financement des campagnes;21;30.11.2025 Pour une politique climatique sociale financée de manière juste fiscalement (initiative pour l’avenir);;campaign_financing;Montants finaux;personne morale ou société de personnes;Donateur/trice: Aktionskomitee für Freiheit, Acteur/trice: Swiss Family Business, Zürich
fr;38;allowances;alphabetical;Financement des campagnes;1;22.10.2023 Élections au Conseil national 2023;2023;campaign_financing;Montants budgétés;personne physique;Donateur/trice: Moser Tiana, Acteur/trice: Grünliberale Kanton Zürich, Zürich
fr;3803;allowances;alphabetical;Financement des campagnes;21;30.11.2025 Pour une politique climatique sociale financée de manière juste fiscalement (initiative pour l’avenir);;campaign_financing;Montants finaux;personne morale ou société de personnes;Donateur/trice: Sozialdemokratische Partei der Schweiz, Acteur/trice: Jeunesse Socialiste Suisse, Bern
fr;3804;allowances;alphabetical;Financement des campagnes;21;30.11.2025 Pour une politique climatique sociale financée de manière juste fiscalement (initiative pour l’avenir);;campaign_financing;Montants finaux;personne physique;Donateur/trice: Weber Beat Kaspar, Acteur/trice: Jeunesse Socialiste Suisse, Bern
fr;3805;allowances;alphabetical;Financement des campagnes;21;30.11.2025 Pour une politique climatique sociale financée de manière juste fiscalement (initiative pour l’avenir);;campaign_financing;Montants finaux;personne morale ou société de personnes;Donateur/trice: Aktionskomitee für Freiheit, Acteur/trice: PLR.Les Libéraux-Radicaux, Bern
fr;3806;allowances;alphabetical;Financement des campagnes;21;30.11.2025 Pour une politique climatique sociale financée de manière juste fiscalement (initiative pour l’avenir);;campaign_financing;Montants finaux;personne physique;Donateur/trice: Baumann Maja, Acteur/trice: PLR.Les Libéraux-Radicaux, Bern
fr;3807;allowances;alphabetical;Financement des campagnes;21;30.11.2025 Pour une politique climatique sociale financée de manière juste fiscalement (initiative pour l’avenir);;campaign_financing;Montants finaux;personne morale ou société de personnes;Donateur/trice: HESTA Services AG, Acteur/trice: PLR.Les Libéraux-Radicaux, Bern
fr;3808;allowances;alphabetical;Financement des campagnes;21;30.11.2025 Pour une politique climatique sociale financée de manière juste fiscalement (initiative pour l’avenir);;campaign_financing;Montants finaux;personne physique;Donateur/trice: Meier Werner, Acteur/trice: PLR.Les Libéraux-Radicaux, Bern
fr;3809;allowances;alphabetical;Financement des campagnes;21;30.11.2025 Pour une politique climatique sociale financée de manière juste fiscalement (initiative pour l’avenir);;campaign_financing;Montants finaux;personne morale ou société de personnes;Donateur/trice: ARTEMIS HOLDING AG, Acteur/trice: PLR.Les Libéraux-Radicaux, Bern
fr;3810;allowances;alphabetical;Financement des campagnes;21;30.11.2025 Pour une politique climatique sociale financée de manière juste fiscalement (initiative pour l’avenir);;campaign_financing;Montants finaux;personne morale ou société de personnes;Donateur/trice: Aktionskomitee für Freiheit, Acteur/trice: PLR.Les Libéraux-Radicaux, Bern
fr;3811;allowances;alphabetical;Financement des campagnes;21;30.11.2025 Pour une politique climatique sociale financée de manière juste fiscalement (initiative pour l’avenir);;campaign_financing;Montants finaux;personne morale ou société de personnes;Donateur/trice: ARTEMIS HOLDING AG, Acteur/trice: PLR.Les Libéraux-Radicaux, Bern
fr;3812;allowances;alphabetical;Financement des campagnes;21;30.11.2025 Pour une politique climatique sociale financée de manière juste fiscalement (initiative pour l’avenir);;campaign_financing;Montants finaux;personne morale ou société de personnes;Donateur/trice: swissmem, Acteur/trice: Swissmem, Zürich
fr;3813;allowances;alphabetical;Financement des campagnes;21;30.11.2025 Pour une politique climatique sociale financée de manière juste fiscalement (initiative pour l’avenir);;campaign_financing;Montants finaux;personne morale ou société de personnes;Donateur/trice: Schweizerischer Gewerbeverband sgv, Acteur/trice: Union suisse des arts et métiers, Berne
fr;3814;allowances;alphabetical;Financement des campagnes;21;30.11.2025 Pour une politique climatique sociale financée de manière juste fiscalement (initiative pour l’avenir);;campaign_financing;Montants finaux;personne morale ou société de personnes;Donateur/trice: Association de Banques Privées Suisses, Acteur/trice: Chambre de commerce, d'industrie et des services de Genève, Genève
fr;3815;allowances;alphabetical;Financement des campagnes;21;30.11.2025 Pour une politique climatique sociale financée de manière juste fiscalement (initiative pour l’avenir);;campaign_financing;Montants finaux;personne morale ou société de personnes;Donateur/trice: Parti Libéral-Radical Genève, Acteur/trice: Chambre de commerce, d'industrie et des services de Genève, Genève
fr;3816;allowances;alphabetical;Financement des campagnes;21;30.11.2025 Pour une politique climatique sociale financée de manière juste fiscalement (initiative pour l’avenir);;campaign_financing;Montants finaux;personne morale ou société de personnes;Donateur/trice: Fédération des entreprises romandes Genève (FER Genève), Acteur/trice: Chambre de commerce, d'industrie et des services de Genève, Genève
fr;3817;allowances;alphabetical;Financement des campagnes;24;08.03.2026 200 francs, ça suffit ! (initiative SSR);;campaign_financing;Montants budgétés;personne physique;Donateur/trice: Hess Hermann Ernst, Acteur/trice: IG SRG-Initiative «200 Franken sind genug!», Dübendorf
fr;3818;allowances;alphabetical;Financement des campagnes;24;08.03.2026 200 francs, ça suffit ! (initiative SSR);;campaign_financing;Montants budgétés;personne morale ou société de personnes;Donateur/trice: Stiftung für bürgerliche Politik, Acteur/trice: IG SRG-Initiative «200 Franken sind genug!», Dübendorf
fr;3819;allowances;alphabetical;Financement des campagnes;24;08.03.2026 200 francs, ça suffit ! (initiative SSR);;campaign_financing;Montants budgétés;personne morale ou société de personnes;Donateur/trice: Schweizerische Volkspartei, Acteur/trice: IG SRG-Initiative «200 Franken sind genug!», Dübendorf
fr;3820;allowances;alphabetical;Financement des campagnes;24;08.03.2026 200 francs, ça suffit ! (initiative SSR);;campaign_financing;Montants budgétés;personne morale ou société de personnes;Donateur/trice: Avenergy Suisse, Acteur/trice: IG SRG-Initiative «200 Franken sind genug!», Dübendorf
fr;3821;allowances;alphabetical;Financement des campagnes;24;08.03.2026 200 francs, ça suffit ! (initiative SSR);;campaign_financing;Montants budgétés;personne morale ou société de personnes;Donateur/trice: Meutel 2000 SA, Acteur/trice: IG SRG-Initiative «200 Franken sind genug!», Dübendorf
fr;3822;allowances;alphabetical;Financement des campagnes;24;08.03.2026 200 francs, ça suffit ! (initiative SSR);;campaign_financing;Montants budgétés;personne morale ou société de personnes;Donateur/trice: Schweizerischer Gewerbeverband, Acteur/trice: IG SRG-Initiative «200 Franken sind genug!», Dübendorf
fr;3823;allowances;alphabetical;Financement des campagnes;24;08.03.2026 200 francs, ça suffit ! (initiative SSR);;campaign_financing;Montants budgétés;personne morale ou société de personnes;Donateur/trice: Schweizerischer Gewerbeverband, Acteur/trice: IG SRG-Initiative «200 Franken sind genug!», Dübendorf
fr;3824;allowances;alphabetical;Financement des campagnes;24;08.03.2026 200 francs, ça suffit ! (initiative SSR);;campaign_financing;Montants budgétés;personne morale ou société de personnes;Donateur/trice: BFG HALTER KLG, Acteur/trice: IG SRG-Initiative «200 Franken sind genug!», Dübendorf
fr;3830;allowances;alphabetical;Financement des campagnes;21;30.11.2025 Pour une politique climatique sociale financée de manière juste fiscalement (initiative pour l’avenir);;campaign_financing;Montants finaux;personne morale ou société de personnes;"Donateur/trice: economiesuisse, Acteur/trice: Allianz ""Nein zur extremen Juso-Initiative"", Bern"
fr;3831;allowances;alphabetical;Financement des campagnes;21;30.11.2025 Pour une politique climatique sociale financée de manière juste fiscalement (initiative pour l’avenir);;campaign_financing;Montants finaux;personne morale ou société de personnes;"Donateur/trice: Handelskammer beider Basel, Acteur/trice: Allianz ""Nein zur extremen Juso-Initiative"", Bern"
fr;3832;allowances;alphabetical;Financement des campagnes;21;30.11.2025 Pour une politique climatique sociale financée de manière juste fiscalement (initiative pour l’avenir);;campaign_financing;Montants finaux;personne morale ou société de personnes;"Donateur/trice: Verein Mehrwert Schweiz, Acteur/trice: Allianz ""Nein zur extremen Juso-Initiative"", Bern"
fr;3833;allowances;alphabetical;Financement des campagnes;21;30.11.2025 Pour une politique climatique sociale financée de manière juste fiscalement (initiative pour l’avenir);;campaign_financing;Montants finaux;personne morale ou société de personnes;"Donateur/trice: Zürcher Handelskammer, Acteur/trice: Allianz ""Nein zur extremen Juso-Initiative"", Bern"
fr;3834;allowances;alphabetical;Financement des campagnes;24;08.03.2026 200 francs, ça suffit ! (initiative SSR);;campaign_financing;Montants budgétés;personne morale ou société de personnes;Donateur/trice: Volkart Stiftung, Acteur/trice: Allianz Pro Medienvielfalt, Bern
fr;3835;allowances;alphabetical;Financement des campagnes;24;08.03.2026 200 francs, ça suffit ! (initiative SSR);;campaign_financing;Montants budgétés;personne morale ou société de personnes;Donateur/trice: Stiftung für Medienvielfalt, Acteur/trice: Allianz Pro Medienvielfalt, Bern
fr;3836;allowances;alphabetical;Financement des campagnes;24;08.03.2026 200 francs, ça suffit ! (initiative SSR);;campaign_financing;Montants budgétés;personne morale ou société de personnes;Donateur/trice: Trägerschaftsverein SRG Zentralschweiz, Acteur/trice: Allianz Pro Medienvielfalt, Bern
fr;3837;allowances;alphabetical;Financement des campagnes;24;08.03.2026 200 francs, ça suffit ! (initiative SSR);;campaign_financing;Montants budgétés;personne physique;Donateur/trice: Bachmann Therese, Acteur/trice: Allianz Pro Medienvielfalt, Bern
fr;3838;allowances;alphabetical;Financement des campagnes;24;08.03.2026 200 francs, ça suffit ! (initiative SSR);;campaign_financing;Montants budgétés;personne morale ou société de personnes;Donateur/trice: Kulturfonds SSA, Acteur/trice: Allianz Pro Medienvielfalt, Bern
fr;3839;allowances;alphabetical;Financement des campagnes;24;08.03.2026 200 francs, ça suffit ! (initiative SSR);;campaign_financing;Montants budgétés;personne morale ou société de personnes;Donateur/trice: Schweizerische Gemeinnützige Gesellschaft, Acteur/trice: Allianz Pro Medienvielfalt, Bern
fr;3840;allowances;alphabetical;Financement des campagnes;25;08.03.2026 Pour une politique énergétique et climatique équitable : investir pour la prospérité, le travail et l’environnement (initiative pour un fonds climat);;campaign_financing;Montants budgétés;personne morale ou société de personnes;Donateur/trice: GRÜNE Schweiz, Acteur/trice: Komitee Klimafonds-Initiative, Bern
fr;3841;allowances;alphabetical;Financement des campagnes;25;08.03.2026 Pour une politique énergétique et climatique équitable : investir pour la prospérité, le travail et l’environnement (initiative pour un fonds climat);;campaign_financing;Montants budgétés;personne morale ou société de personnes;Donateur/trice: SP Schweiz, Acteur/trice: Komitee Klimafonds-Initiative, Bern
fr;3842;allowances;alphabetical;Financement des campagnes;25;08.03.2026 Pour une politique énergétique et climatique équitable : investir pour la prospérité, le travail et l’environnement (initiative pour un fonds climat);;campaign_financing;Montants budgétés;personne morale ou société de personnes;Donateur/trice: Pro Natura, Acteur/trice: Komitee Klimafonds-Initiative, Bern
fr;3843;allowances;alphabetical;Financement des campagnes;24;08.03.2026 200 francs, ça suffit ! (initiative SSR);;campaign_financing;Montants budgétés;personne morale ou société de personnes;Donateur/trice: Meutel 2000 SA, Acteur/trice: Union suisse des arts et métiers, Berne
fr;3844;allowances;alphabetical;Financement des campagnes;24;08.03.2026 200 francs, ça suffit ! (initiative SSR);;campaign_financing;Montants budgétés;personne morale ou société de personnes;Donateur/trice: Meutel 2000 SA, Acteur/trice: Union suisse des arts et métiers, Berne
fr;3845;allowances;alphabetical;Financement des campagnes;24;08.03.2026 200 francs, ça suffit ! (initiative SSR);;campaign_financing;Montants budgétés;personne morale ou société de personnes;Donateur/trice: Centre Patronal, Acteur/trice: Union suisse des arts et métiers, Berne
fr;3846;allowances;alphabetical;Financement des campagnes;24;08.03.2026 200 francs, ça suffit ! (initiative SSR);;campaign_financing;Montants budgétés;personne morale ou société de personnes;Donateur/trice: GastroSuisse, Acteur/trice: Union suisse des arts et métiers, Berne
fr;3847;allowances;alphabetical;Financement des campagnes;24;08.03.2026 200 francs, ça suffit ! (initiative SSR);;campaign_financing;Montants budgétés;personne morale ou société de personnes;Donateur/trice: Schweizerischer Baumeisterverband SBV, Acteur/trice: Union suisse des arts et métiers, Berne
fr;3849;allowances;alphabetical;Financement des campagnes;26;08.03.2026 Loi fédérale du 20 juin 2025 sur l’imposition individuelle;;campaign_financing;Montants budgétés;personne physique;Donateur/trice: Sprüngli Luzius, Acteur/trice: PLR.Les Libéraux-Radicaux, Bern
fr;3850;allowances;alphabetical;Financement des campagnes;24;08.03.2026 200 francs, ça suffit ! (initiative SSR);;campaign_financing;Montants budgétés;personne morale ou société de personnes;Donateur/trice: Cooperativa SSR Svizzera italiana Corsi, Acteur/trice: Associazione Pro Servizio Pubblico Radiotelevisivo, Comano
fr;3851;allowances;alphabetical;Financement des campagnes;24;08.03.2026 200 francs, ça suffit ! (initiative SSR);;campaign_financing;Montants budgétés;personne morale ou société de personnes;Donateur/trice: Cooperativa SSR Svizzera italiana Corsi, Acteur/trice: Associazione Pro Servizio Pubblico Radiotelevisivo, Comano
fr;3852;allowances;alphabetical;Financement des campagnes;26;08.03.2026 Loi fédérale du 20 juin 2025 sur l’imposition individuelle;;campaign_financing;Montants budgétés;personne morale ou société de personnes;Donateur/trice: economiesuisse, Acteur/trice: JA zur Individualbesteuerung, Bern
fr;3853;allowances;alphabetical;Financement des campagnes;26;08.03.2026 Loi fédérale du 20 juin 2025 sur l’imposition individuelle;;campaign_financing;Montants budgétés;personne morale ou société de personnes;Donateur/trice: Sulzer Management AG, Acteur/trice: JA zur Individualbesteuerung, Bern
fr;3854;allowances;alphabetical;Financement des campagnes;26;08.03.2026 Loi fédérale du 20 juin 2025 sur l’imposition individuelle;;campaign_financing;Montants budgétés;personne morale ou société de personnes;Donateur/trice: Müller-Möhl Foundation, Acteur/trice: JA zur Individualbesteuerung, Bern
fr;3855;allowances;alphabetical;Financement des campagnes;26;08.03.2026 Loi fédérale du 20 juin 2025 sur l’imposition individuelle;;campaign_financing;Montants budgétés;personne morale ou société de personnes;Donateur/trice: Bonny Stiftung für Freiheit, Acteur/trice: JA zur Individualbesteuerung, Bern
fr;3856;allowances;alphabetical;Financement des campagnes;26;08.03.2026 Loi fédérale du 20 juin 2025 sur l’imposition individuelle;;campaign_financing;Montants budgétés;personne morale ou société de personnes;Donateur/trice: Zürcher Handelskammer, Acteur/trice: JA zur Individualbesteuerung, Bern
fr;3857;allowances;alphabetical;Financement des campagnes;26;08.03.2026 Loi fédérale du 20 juin 2025 sur l’imposition individuelle;;campaign_financing;Montants budgétés;personne morale ou société de personnes;Donateur/trice: FDP.Die Liberalen Schweiz, Acteur/trice: JA zur Individualbesteuerung, Bern
fr;3858;allowances;alphabetical;Financement des campagnes;26;08.03.2026 Loi fédérale du 20 juin 2025 sur l’imposition individuelle;;campaign_financing;Montants budgétés;personne morale ou société de personnes;Donateur/trice: Müller-Möhl Foundation, Acteur/trice: JA zur Individualbesteuerung, Bern
fr;3859;allowances;alphabetical;Financement des campagnes;24;08.03.2026 200 francs, ça suffit ! (initiative SSR);;campaign_financing;Montants budgétés;personne physique;Donateur/trice: Brunner Frey Verena, Acteur/trice: Stiftung für direkte Demokratie, Basel
fr;3860;allowances;alphabetical;Financement des campagnes;24;08.03.2026 200 francs, ça suffit ! (initiative SSR);;campaign_financing;Montants budgétés;personne morale ou société de personnes;Donateur/trice: Radio- und Fernsehgenossenschaft Zürich Schaffhausen (RFZ), Acteur/trice: Souveräne Medien Schweiz, Zürich
fr;3861;allowances;alphabetical;Financement des campagnes;24;08.03.2026 200 francs, ça suffit ! (initiative SSR);;campaign_financing;Montants budgétés;personne morale ou société de personnes;Donateur/trice: GENOSSENSCHAFT SRG REGION BASEL, Acteur/trice: Souveräne Medien Schweiz, Zürich
fr;3862;allowances;alphabetical;Financement des campagnes;24;08.03.2026 200 francs, ça suffit ! (initiative SSR);;campaign_financing;Montants budgétés;personne morale ou société de personnes;Donateur/trice: Schweizerischer Verband der FilmproduzentInnen, Acteur/trice: Souveräne Medien Schweiz, Zürich
fr;3863;allowances;alphabetical;Financement des campagnes;24;08.03.2026 200 francs, ça suffit ! (initiative SSR);;campaign_financing;Montants budgétés;personne morale ou société de personnes;Donateur/trice: Schweizer Syndikat Medienschaffender SSM, Acteur/trice: Souveräne Medien Schweiz, Zürich
fr;3864;allowances;alphabetical;Financement des campagnes;24;08.03.2026 200 francs, ça suffit ! (initiative SSR);;campaign_financing;Montants budgétés;personne morale ou société de personnes;Donateur/trice: SRG Ostschweiz, Acteur/trice: Souveräne Medien Schweiz, Zürich
fr;3865;allowances;alphabetical;Financement des campagnes;24;08.03.2026 200 francs, ça suffit ! (initiative SSR);;campaign_financing;Montants budgétés;personne physique;Donateur/trice: Meili Daniel und Martin, Acteur/trice: Souveräne Medien Schweiz, Zürich
fr;3866;allowances;alphabetical;Financement des campagnes;24;08.03.2026 200 francs, ça suffit ! (initiative SSR);;campaign_financing;Montants budgétés;personne physique;Donateur/trice: Rihs Oliver, Acteur/trice: Souveräne Medien Schweiz, Zürich
fr;3867;allowances;alphabetical;Financement des campagnes;24;08.03.2026 200 francs, ça suffit ! (initiative SSR);;campaign_financing;Montants budgétés;personne morale ou société de personnes;Donateur/trice: Radio- und Fernsehgenossenschaft Zürich Schaffhausen (RFZ), Acteur/trice: Souveräne Medien Schweiz, Zürich
fr;3868;allowances;alphabetical;Financement des campagnes;24;08.03.2026 200 francs, ça suffit ! (initiative SSR);;campaign_financing;Montants budgétés;personne physique;Donateur/trice: Gerber Rudolf Ernst, Acteur/trice: Souveräne Medien Schweiz, Zürich
fr;3869;allowances;alphabetical;Financement des campagnes;24;08.03.2026 200 francs, ça suffit ! (initiative SSR);;campaign_financing;Montants budgétés;personne morale ou société de personnes;Donateur/trice: Kulturfonds Société Suisse des Auteurs (SSA), Acteur/trice: Souveräne Medien Schweiz, Zürich
fr;387;allowances;alphabetical;Financement des campagnes;1;22.10.2023 Élections au Conseil national 2023;2023;campaign_financing;Montants budgétés;personne physique;Donateur/trice: Bösiger Beat, Acteur/trice: NR-Kandidat Beat Bösiger, Niederbipp
fr;3870;allowances;alphabetical;Financement des campagnes;24;08.03.2026 200 francs, ça suffit ! (initiative SSR);;campaign_financing;Montants budgétés;personne morale ou société de personnes;Donateur/trice: Trägerschaft SRG Aargau Solothurn, Acteur/trice: Souveräne Medien Schweiz, Zürich
fr;3871;allowances;alphabetical;Financement des campagnes;24;08.03.2026 200 francs, ça suffit ! (initiative SSR);;campaign_financing;Montants budgétés;personne morale ou société de personnes;Donateur/trice: Suisseimage, Acteur/trice: Souveräne Medien Schweiz, Zürich
fr;3872;allowances;alphabetical;Financement des campagnes;24;08.03.2026 200 francs, ça suffit ! (initiative SSR);;campaign_financing;Montants budgétés;personne morale ou société de personnes;Donateur/trice: SWISSPERFORM, Acteur/trice: Souveräne Medien Schweiz, Zürich
fr;3873;allowances;alphabetical;Financement des campagnes;24;08.03.2026 200 francs, ça suffit ! (initiative SSR);;campaign_financing;Montants budgétés;personne morale ou société de personnes;Donateur/trice: TRfinanz Holding AG, Acteur/trice: Souveräne Medien Schweiz, Zürich
fr;3874;allowances;alphabetical;Financement des campagnes;24;08.03.2026 200 francs, ça suffit ! (initiative SSR);;campaign_financing;Montants budgétés;personne physique;Donateur/trice: Gantner Alfred, Acteur/trice: Souveräne Medien Schweiz, Zürich
fr;3875;allowances;alphabetical;Financement des campagnes;24;08.03.2026 200 francs, ça suffit ! (initiative SSR);;campaign_financing;Montants budgétés;personne morale ou société de personnes;Donateur/trice: Genossenschaft SRG Bern Freiburg Wallis, Acteur/trice: Souveräne Medien Schweiz, Zürich
fr;3876;allowances;alphabetical;Financement des campagnes;24;08.03.2026 200 francs, ça suffit ! (initiative SSR);;campaign_financing;Montants budgétés;personne morale ou société de personnes;Donateur/trice: SUISA Genossenschaft der Urheber und Verleger von Musik, Acteur/trice: Souveräne Medien Schweiz, Zürich
fr;3877;allowances;alphabetical;Financement des campagnes;24;08.03.2026 200 francs, ça suffit ! (initiative SSR);;campaign_financing;Montants budgétés;personne physique;Donateur/trice: Brunner Daniel, Acteur/trice: Souveräne Medien Schweiz, Zürich
fr;3878;allowances;alphabetical;Financement des campagnes;26;08.03.2026 Loi fédérale du 20 juin 2025 sur l’imposition individuelle;;campaign_financing;Montants budgétés;personne morale ou société de personnes;Donateur/trice: Arbeitsgruppe Jugend & Familie, Acteur/trice: IG Familie 3plus, Wolhusen
fr;3879;allowances;alphabetical;Financement des campagnes;26;08.03.2026 Loi fédérale du 20 juin 2025 sur l’imposition individuelle;;campaign_financing;Montants budgétés;personne morale ou société de personnes;Donateur/trice: Pro Family International, Acteur/trice: IG Familie 3plus, Wolhusen
fr;3880;allowances;alphabetical;Financement des campagnes;26;08.03.2026 Loi fédérale du 20 juin 2025 sur l’imposition individuelle;;campaign_financing;Montants budgétés;personne physique;Donateur/trice: Michel Simon, Acteur/trice: JA zur Individualbesteuerung, Bern
fr;3881;allowances;alphabetical;Financement des campagnes;24;08.03.2026 200 francs, ça suffit ! (initiative SSR);;campaign_financing;Montants budgétés;personne morale ou société de personnes;Donateur/trice: SwissTopSport, Acteur/trice: Sportkomitee gegen die Halbierungsinitiative, Gstaad
fr;3882;allowances;alphabetical;Financement des campagnes;24;08.03.2026 200 francs, ça suffit ! (initiative SSR);;campaign_financing;Montants budgétés;personne morale ou société de personnes;Donateur/trice: Swiss Olympic, Acteur/trice: Sportkomitee gegen die Halbierungsinitiative, Gstaad
fr;3883;allowances;alphabetical;Financement des campagnes;24;08.03.2026 200 francs, ça suffit ! (initiative SSR);;campaign_financing;Montants budgétés;personne morale ou société de personnes;Donateur/trice: SwissTopSport, Acteur/trice: Sportkomitee gegen die Halbierungsinitiative, Gstaad
fr;3884;allowances;alphabetical;Financement des campagnes;24;08.03.2026 200 francs, ça suffit ! (initiative SSR);;campaign_financing;Montants budgétés;personne morale ou société de personnes;Donateur/trice: Swiss Olympic, Acteur/trice: Sportkomitee gegen die Halbierungsinitiative, Gstaad
fr;3885;allowances;alphabetical;Financement des campagnes;24;08.03.2026 200 francs, ça suffit ! (initiative SSR);;campaign_financing;Montants budgétés;personne morale ou société de personnes;Donateur/trice: Swiss Olympic, Acteur/trice: Sportkomitee gegen die Halbierungsinitiative, Gstaad
fr;3886;allowances;alphabetical;Financement des campagnes;27;08.03.2026 Élection au Conseil national (Appenzell Rhodes-Extérieures);;campaign_financing;Montants budgétés;personne morale ou société de personnes;Donateur/trice: Supporter-Club FDP AR, Acteur/trice: FDP.Die Liberalen des Kantons Appenzell Ausserrhoden, Heiden
fr;3909;allowances;alphabetical;Financement des campagnes;29;14.06.2026 Modification du 26 septembre 2025 de la loi fédérale sur le service civil (LSC);;campaign_financing;Montants budgétés;personne morale ou société de personnes;Donateur/trice: Verband Militärischer Gesellschaften Schweiz (VMG), Acteur/trice: Allianz Sicherheit Schweiz, Zürich
fr;391;allowances;alphabetical;Financement des campagnes;1;22.10.2023 Élections au Conseil national 2023;2023;campaign_financing;Montants budgétés;personne physique;Donateur/trice: Burger Philippe, Acteur/trice: Parti Pirate Suisse, Berne
fr;3910;allowances;alphabetical;Financement des campagnes;29;14.06.2026 Modification du 26 septembre 2025 de la loi fédérale sur le service civil (LSC);;campaign_financing;Montants budgétés;personne morale ou société de personnes;Donateur/trice: Swissmem, Acteur/trice: Allianz Sicherheit Schweiz, Zürich
fr;3926;allowances;alphabetical;Financement des campagnes;24;08.03.2026 200 francs, ça suffit ! (initiative SSR);;campaign_financing;Montants finaux;personne morale ou société de personnes;Donateur/trice: Meutel 2000 SA, Acteur/trice: Union suisse des arts et métiers, Berne
fr;3927;allowances;alphabetical;Financement des campagnes;24;08.03.2026 200 francs, ça suffit ! (initiative SSR);;campaign_financing;Montants finaux;personne morale ou société de personnes;Donateur/trice: Meutel 2000 SA, Acteur/trice: Union suisse des arts et métiers, Berne
fr;3928;allowances;alphabetical;Financement des campagnes;24;08.03.2026 200 francs, ça suffit ! (initiative SSR);;campaign_financing;Montants finaux;personne morale ou société de personnes;Donateur/trice: Centre Patronal, Acteur/trice: Union suisse des arts et métiers, Berne
fr;3929;allowances;alphabetical;Financement des campagnes;24;08.03.2026 200 francs, ça suffit ! (initiative SSR);;campaign_financing;Montants finaux;personne morale ou société de personnes;Donateur/trice: GastroSuisse, Acteur/trice: Union suisse des arts et métiers, Berne
fr;393;allowances;alphabetical;Financement des campagnes;1;22.10.2023 Élections au Conseil national 2023;2023;campaign_financing;Montants budgétés;personne physique;Donateur/trice: Burger Philippe, Acteur/trice: Parti Pirate Bernois, Berne
fr;3930;allowances;alphabetical;Financement des campagnes;24;08.03.2026 200 francs, ça suffit ! (initiative SSR);;campaign_financing;Montants finaux;personne morale ou société de personnes;Donateur/trice: Schweizerischer Baumeisterverband SBV, Acteur/trice: Union suisse des arts et métiers, Berne
fr;3949;allowances;alphabetical;Financement des campagnes;28;14.06.2026 Pas de Suisse à 10 millions ! (initiative pour la durabilité);;campaign_financing;Montants budgétés;personne morale ou société de personnes;Donateur/trice: Schweizer Tourismus-Verband, Acteur/trice: Comité du tourisme, Berne
fr;395;allowances;alphabetical;Financement des campagnes;1;22.10.2023 Élections au Conseil national 2023;2023;campaign_financing;Montants budgétés;personne morale ou société de personnes;Donateur/trice: Planzer Transport AG, Acteur/trice: PLR.Les Libéraux-Radicaux, Bern
fr;3950;allowances;alphabetical;Financement des campagnes;28;14.06.2026 Pas de Suisse à 10 millions ! (initiative pour la durabilité);;campaign_financing;Montants budgétés;personne morale ou société de personnes;Donateur/trice: economiesuisse, Acteur/trice: Comité du tourisme, Berne
fr;3951;allowances;alphabetical;Financement des campagnes;28;14.06.2026 Pas de Suisse à 10 millions ! (initiative pour la durabilité);;campaign_financing;Montants budgétés;personne morale ou société de personnes;Donateur/trice: HotellerieSuisse, Acteur/trice: Comité du tourisme, Berne
fr;3952;allowances;alphabetical;Financement des campagnes;28;14.06.2026 Pas de Suisse à 10 millions ! (initiative pour la durabilité);;campaign_financing;Montants budgétés;personne morale ou société de personnes;Donateur/trice: GastroSuisse, Acteur/trice: Comité du tourisme, Berne
fr;3953;allowances;alphabetical;Financement des campagnes;28;14.06.2026 Pas de Suisse à 10 millions ! (initiative pour la durabilité);;campaign_financing;Montants budgétés;personne morale ou société de personnes;Donateur/trice: GastroSuisse, Acteur/trice: Alliance pour une Suisse qui fonctionne, Berne
fr;3954;allowances;alphabetical;Financement des campagnes;24;08.03.2026 200 francs, ça suffit ! (initiative SSR);;campaign_financing;Montants finaux;personne physique;Donateur/trice: Hess Hermann Ernst, Acteur/trice: IG SRG-Initiative «200 Franken sind genug!», Dübendorf
fr;3955;allowances;alphabetical;Financement des campagnes;24;08.03.2026 200 francs, ça suffit ! (initiative SSR);;campaign_financing;Montants finaux;personne morale ou société de personnes;Donateur/trice: Stiftung für bürgerliche Politik, Acteur/trice: IG SRG-Initiative «200 Franken sind genug!», Dübendorf
fr;3956;allowances;alphabetical;Financement des campagnes;24;08.03.2026 200 francs, ça suffit ! (initiative SSR);;campaign_financing;Montants finaux;personne morale ou société de personnes;Donateur/trice: Schweizerische Volkspartei, Acteur/trice: IG SRG-Initiative «200 Franken sind genug!», Dübendorf
fr;3957;allowances;alphabetical;Financement des campagnes;24;08.03.2026 200 francs, ça suffit ! (initiative SSR);;campaign_financing;Montants finaux;personne morale ou société de personnes;Donateur/trice: Avenergy Suisse, Acteur/trice: IG SRG-Initiative «200 Franken sind genug!», Dübendorf
fr;3958;allowances;alphabetical;Financement des campagnes;24;08.03.2026 200 francs, ça suffit ! (initiative SSR);;campaign_financing;Montants finaux;personne morale ou société de personnes;Donateur/trice: Meutel 2000 SA, Acteur/trice: IG SRG-Initiative «200 Franken sind genug!», Dübendorf
fr;3959;allowances;alphabetical;Financement des campagnes;24;08.03.2026 200 francs, ça suffit ! (initiative SSR);;campaign_financing;Montants finaux;personne morale ou société de personnes;Donateur/trice: Schweizerischer Gewerbeverband, Acteur/trice: IG SRG-Initiative «200 Franken sind genug!», Dübendorf
fr;396;allowances;alphabetical;Financement des campagnes;1;22.10.2023 Élections au Conseil national 2023;2023;campaign_financing;Montants budgétés;personne morale ou société de personnes;Donateur/trice: Schweizerischer Arbeitgeberverband, Acteur/trice: PLR.Les Libéraux-Radicaux, Bern
fr;3960;allowances;alphabetical;Financement des campagnes;24;08.03.2026 200 francs, ça suffit ! (initiative SSR);;campaign_financing;Montants finaux;personne morale ou société de personnes;Donateur/trice: BFG HALTER KLG, Acteur/trice: IG SRG-Initiative «200 Franken sind genug!», Dübendorf
fr;3968;allowances;alphabetical;Financement des campagnes;24;08.03.2026 200 francs, ça suffit ! (initiative SSR);;campaign_financing;Montants finaux;personne morale ou société de personnes;Donateur/trice: Schweizerische Kulturstiftung für Audiovision, Acteur/trice: Unsere Filme retten, Bern
fr;3969;allowances;alphabetical;Financement des campagnes;24;08.03.2026 200 francs, ça suffit ! (initiative SSR);;campaign_financing;Montants finaux;personne morale ou société de personnes;Donateur/trice: Kulturfonds Suissimage, Acteur/trice: Unsere Filme retten, Bern
fr;397;allowances;alphabetical;Financement des campagnes;1;22.10.2023 Élections au Conseil national 2023;2023;campaign_financing;Montants budgétés;personne physique;Donateur/trice: Albers Franz, Acteur/trice: PLR.Les Libéraux-Radicaux, Bern
fr;3970;allowances;alphabetical;Financement des campagnes;24;08.03.2026 200 francs, ça suffit ! (initiative SSR);;campaign_financing;Montants finaux;personne morale ou société de personnes;Donateur/trice: Suissimage, Acteur/trice: Unsere Filme retten, Bern
fr;3971;allowances;alphabetical;Financement des campagnes;24;08.03.2026 200 francs, ça suffit ! (initiative SSR);;campaign_financing;Montants finaux;personne morale ou société de personnes;Donateur/trice: SSA. SOCIÉTE SUISSE DES AUTEURS, Acteur/trice: Unsere Filme retten, Bern
fr;3972;allowances;alphabetical;Financement des campagnes;24;08.03.2026 200 francs, ça suffit ! (initiative SSR);;campaign_financing;Montants finaux;personne morale ou société de personnes;Donateur/trice: Schweizer Interpretengenossenschaft (SSFV), Acteur/trice: Unsere Filme retten, Bern
fr;3973;allowances;alphabetical;Financement des campagnes;24;08.03.2026 200 francs, ça suffit ! (initiative SSR);;campaign_financing;Montants finaux;personne morale ou société de personnes;Donateur/trice: Cinésuisse, Acteur/trice: Unsere Filme retten, Bern
fr;3975;allowances;alphabetical;Financement des campagnes;24;08.03.2026 200 francs, ça suffit ! (initiative SSR);;campaign_financing;Montants finaux;personne morale ou société de personnes;Donateur/trice: GENOSSENSCHAFT SRG REGION BASEL, Acteur/trice: Souveräne Medien Schweiz, Zürich
fr;3976;allowances;alphabetical;Financement des campagnes;24;08.03.2026 200 francs, ça suffit ! (initiative SSR);;campaign_financing;Montants finaux;personne morale ou société de personnes;Donateur/trice: Schweizerischer Verband der FilmproduzentInnen, Acteur/trice: Souveräne Medien Schweiz, Zürich
fr;3977;allowances;alphabetical;Financement des campagnes;24;08.03.2026 200 francs, ça suffit ! (initiative SSR);;campaign_financing;Montants finaux;personne morale ou société de personnes;Donateur/trice: Schweizer Syndikat Medienschaffender SSM, Acteur/trice: Souveräne Medien Schweiz, Zürich
fr;3978;allowances;alphabetical;Financement des campagnes;24;08.03.2026 200 francs, ça suffit ! (initiative SSR);;campaign_financing;Montants finaux;personne morale ou société de personnes;Donateur/trice: SRG Ostschweiz, Acteur/trice: Souveräne Medien Schweiz, Zürich
fr;3979;allowances;alphabetical;Financement des campagnes;24;08.03.2026 200 francs, ça suffit ! (initiative SSR);;campaign_financing;Montants finaux;personne physique;Donateur/trice: Meili Daniel und Martin, Acteur/trice: Souveräne Medien Schweiz, Zürich
fr;398;allowances;alphabetical;Financement des campagnes;1;22.10.2023 Élections au Conseil national 2023;2023;campaign_financing;Montants budgétés;personne physique;Donateur/trice: Kielholz Walter, Acteur/trice: PLR.Les Libéraux-Radicaux, Bern
fr;3980;allowances;alphabetical;Financement des campagnes;24;08.03.2026 200 francs, ça suffit ! (initiative SSR);;campaign_financing;Montants finaux;personne physique;Donateur/trice: Rihs Oliver, Acteur/trice: Souveräne Medien Schweiz, Zürich
fr;3981;allowances;alphabetical;Financement des campagnes;24;08.03.2026 200 francs, ça suffit ! (initiative SSR);;campaign_financing;Montants finaux;personne morale ou société de personnes;Donateur/trice: Radio- und Fernsehgenossenschaft Zürich Schaffhausen (RFZ), Acteur/trice: Souveräne Medien Schweiz, Zürich
fr;3982;allowances;alphabetical;Financement des campagnes;24;08.03.2026 200 francs, ça suffit ! (initiative SSR);;campaign_financing;Montants finaux;personne physique;Donateur/trice: Gerber Rudolf Ernst, Acteur/trice: Souveräne Medien Schweiz, Zürich
fr;3983;allowances;alphabetical;Financement des campagnes;24;08.03.2026 200 francs, ça suffit ! (initiative SSR);;campaign_financing;Montants finaux;personne morale ou société de personnes;Donateur/trice: Kulturfonds Société Suisse des Auteurs (SSA), Acteur/trice: Souveräne Medien Schweiz, Zürich
fr;3984;allowances;alphabetical;Financement des campagnes;24;08.03.2026 200 francs, ça suffit ! (initiative SSR);;campaign_financing;Montants finaux;personne morale ou société de personnes;Donateur/trice: Trägerschaft SRG Aargau Solothurn, Acteur/trice: Souveräne Medien Schweiz, Zürich
fr;3985;allowances;alphabetical;Financement des campagnes;24;08.03.2026 200 francs, ça suffit ! (initiative SSR);;campaign_financing;Montants finaux;personne morale ou société de personnes;Donateur/trice: Suisseimage, Acteur/trice: Souveräne Medien Schweiz, Zürich
fr;3986;allowances;alphabetical;Financement des campagnes;24;08.03.2026 200 francs, ça suffit ! (initiative SSR);;campaign_financing;Montants finaux;personne morale ou société de personnes;Donateur/trice: SWISSPERFORM, Acteur/trice: Souveräne Medien Schweiz, Zürich
fr;3987;allowances;alphabetical;Financement des campagnes;24;08.03.2026 200 francs, ça suffit ! (initiative SSR);;campaign_financing;Montants finaux;personne morale ou société de personnes;Donateur/trice: TRfinanz Holding AG, Acteur/trice: Souveräne Medien Schweiz, Zürich
fr;3988;allowances;alphabetical;Financement des campagnes;24;08.03.2026 200 francs, ça suffit ! (initiative SSR);;campaign_financing;Montants finaux;personne physique;Donateur/trice: Gantner Alfred, Acteur/trice: Souveräne Medien Schweiz, Zürich
fr;3989;allowances;alphabetical;Financement des campagnes;24;08.03.2026 200 francs, ça suffit ! (initiative SSR);;campaign_financing;Montants finaux;personne morale ou société de personnes;Donateur/trice: Genossenschaft SRG Bern Freiburg Wallis, Acteur/trice: Souveräne Medien Schweiz, Zürich
fr;399;allowances;alphabetical;Financement des campagnes;1;22.10.2023 Élections au Conseil national 2023;2023;campaign_financing;Montants budgétés;personne physique;Donateur/trice: Mosimann Philip, Acteur/trice: PLR.Les Libéraux-Radicaux, Bern
fr;3990;allowances;alphabetical;Financement des campagnes;24;08.03.2026 200 francs, ça suffit ! (initiative SSR);;campaign_financing;Montants finaux;personne morale ou société de personnes;Donateur/trice: SUISA Genossenschaft der Urheber und Verleger von Musik, Acteur/trice: Souveräne Medien Schweiz, Zürich
fr;3991;allowances;alphabetical;Financement des campagnes;24;08.03.2026 200 francs, ça suffit ! (initiative SSR);;campaign_financing;Montants finaux;personne physique;Donateur/trice: Brunner Daniel, Acteur/trice: Souveräne Medien Schweiz, Zürich
fr;3992;allowances;alphabetical;Financement des campagnes;24;08.03.2026 200 francs, ça suffit ! (initiative SSR);;campaign_financing;Montants finaux;personne morale ou société de personnes;Donateur/trice: Radio- und Fernsehgenossenschaft Zürich Schaffhausen (RFZ), Acteur/trice: Souveräne Medien Schweiz, Zürich
fr;3993;allowances;alphabetical;Financement des campagnes;26;08.03.2026 Loi fédérale du 20 juin 2025 sur l’imposition individuelle;;campaign_financing;Montants finaux;personne morale ou société de personnes;Donateur/trice: economiesuisse, Acteur/trice: JA zur Individualbesteuerung, Bern
fr;3994;allowances;alphabetical;Financement des campagnes;26;08.03.2026 Loi fédérale du 20 juin 2025 sur l’imposition individuelle;;campaign_financing;Montants finaux;personne morale ou société de personnes;Donateur/trice: Sulzer Management AG, Acteur/trice: JA zur Individualbesteuerung, Bern
fr;3995;allowances;alphabetical;Financement des campagnes;26;08.03.2026 Loi fédérale du 20 juin 2025 sur l’imposition individuelle;;campaign_financing;Montants finaux;personne morale ou société de personnes;Donateur/trice: Müller-Möhl Foundation, Acteur/trice: JA zur Individualbesteuerung, Bern
fr;3996;allowances;alphabetical;Financement des campagnes;26;08.03.2026 Loi fédérale du 20 juin 2025 sur l’imposition individuelle;;campaign_financing;Montants finaux;personne morale ou société de personnes;Donateur/trice: Bonny Stiftung für Freiheit, Acteur/trice: JA zur Individualbesteuerung, Bern
fr;3997;allowances;alphabetical;Financement des campagnes;26;08.03.2026 Loi fédérale du 20 juin 2025 sur l’imposition individuelle;;campaign_financing;Montants finaux;personne morale ou société de personnes;Donateur/trice: Zürcher Handelskammer, Acteur/trice: JA zur Individualbesteuerung, Bern
fr;3998;allowances;alphabetical;Financement des campagnes;26;08.03.2026 Loi fédérale du 20 juin 2025 sur l’imposition individuelle;;campaign_financing;Montants finaux;personne morale ou société de personnes;Donateur/trice: FDP.Die Liberalen Schweiz, Acteur/trice: JA zur Individualbesteuerung, Bern
fr;3999;allowances;alphabetical;Financement des campagnes;26;08.03.2026 Loi fédérale du 20 juin 2025 sur l’imposition individuelle;;campaign_financing;Montants finaux;personne morale ou société de personnes;Donateur/trice: Müller-Möhl Foundation, Acteur/trice: JA zur Individualbesteuerung, Bern
fr;4;allowances;alphabetical;Financement des campagnes;1;22.10.2023 Élections au Conseil national 2023;2023;campaign_financing;Montants budgétés;personne physique;Donateur/trice: Kern Georges, Acteur/trice: Bellaïche Jäger Judith, Kilchberg
fr;400;allowances;alphabetical;Financement des campagnes;1;22.10.2023 Élections au Conseil national 2023;2023;campaign_financing;Montants budgétés;personne physique;Donateur/trice: Mosimann Philip, Acteur/trice: PLR.Les Libéraux-Radicaux, Bern
fr;4000;allowances;alphabetical;Financement des campagnes;26;08.03.2026 Loi fédérale du 20 juin 2025 sur l’imposition individuelle;;campaign_financing;Montants finaux;personne physique;Donateur/trice: Michel Simon, Acteur/trice: JA zur Individualbesteuerung, Bern
fr;4001;allowances;alphabetical;Financement des campagnes;26;08.03.2026 Loi fédérale du 20 juin 2025 sur l’imposition individuelle;;campaign_financing;Montants finaux;personne morale ou société de personnes;Donateur/trice: Ringier AG, Acteur/trice: JA zur Individualbesteuerung, Bern
fr;4002;allowances;alphabetical;Financement des campagnes;24;08.03.2026 200 francs, ça suffit ! (initiative SSR);;campaign_financing;Montants finaux;personne morale ou société de personnes;Donateur/trice: SwissTopSport, Acteur/trice: Sportkomitee gegen die Halbierungsinitiative, Gstaad
fr;4003;allowances;alphabetical;Financement des campagnes;24;08.03.2026 200 francs, ça suffit ! (initiative SSR);;campaign_financing;Montants finaux;personne morale ou société de personnes;Donateur/trice: Swiss Olympic, Acteur/trice: Sportkomitee gegen die Halbierungsinitiative, Gstaad
fr;4004;allowances;alphabetical;Financement des campagnes;24;08.03.2026 200 francs, ça suffit ! (initiative SSR);;campaign_financing;Montants finaux;personne morale ou société de personnes;Donateur/trice: SwissTopSport, Acteur/trice: Sportkomitee gegen die Halbierungsinitiative, Gstaad
fr;4005;allowances;alphabetical;Financement des campagnes;24;08.03.2026 200 francs, ça suffit ! (initiative SSR);;campaign_financing;Montants finaux;personne morale ou société de personnes;Donateur/trice: Swiss Olympic, Acteur/trice: Sportkomitee gegen die Halbierungsinitiative, Gstaad
fr;4006;allowances;alphabetical;Financement des campagnes;24;08.03.2026 200 francs, ça suffit ! (initiative SSR);;campaign_financing;Montants finaux;personne morale ou société de personnes;Donateur/trice: Swiss Olympic, Acteur/trice: Sportkomitee gegen die Halbierungsinitiative, Gstaad
fr;401;allowances;alphabetical;Financement des campagnes;1;22.10.2023 Élections au Conseil national 2023;2023;campaign_financing;Montants budgétés;personne physique;Donateur/trice: Sprüngli Luzius, Acteur/trice: PLR.Les Libéraux-Radicaux, Bern
fr;4017;allowances;alphabetical;Financement des campagnes;28;14.06.2026 Pas de Suisse à 10 millions ! (initiative pour la durabilité);;campaign_financing;Montants budgétés;personne morale ou société de personnes;Donateur/trice: SEV, Acteur/trice: Union syndicale suisse (USS), Berne
fr;4018;allowances;alphabetical;Financement des campagnes;28;14.06.2026 Pas de Suisse à 10 millions ! (initiative pour la durabilité);;campaign_financing;Montants budgétés;personne morale ou société de personnes;Donateur/trice: Syndicom, Acteur/trice: Union syndicale suisse (USS), Berne
fr;4019;allowances;alphabetical;Financement des campagnes;28;14.06.2026 Pas de Suisse à 10 millions ! (initiative pour la durabilité);;campaign_financing;Montants budgétés;personne morale ou société de personnes;Donateur/trice: Unia, Acteur/trice: Union syndicale suisse (USS), Berne
fr;402;allowances;alphabetical;Financement des campagnes;1;22.10.2023 Élections au Conseil national 2023;2023;campaign_financing;Montants budgétés;personne physique;Donateur/trice: Syz David, Acteur/trice: PLR.Les Libéraux-Radicaux, Bern
fr;4020;allowances;alphabetical;Financement des campagnes;28;14.06.2026 Pas de Suisse à 10 millions ! (initiative pour la durabilité);;campaign_financing;Montants budgétés;personne morale ou société de personnes;Donateur/trice: VPOD, Acteur/trice: Union syndicale suisse (USS), Berne
fr;4029;allowances;alphabetical;Financement des campagnes;29;14.06.2026 Modification du 26 septembre 2025 de la loi fédérale sur le service civil (LSC);;campaign_financing;Montants budgétés;personne morale ou société de personnes;Donateur/trice: Bonny Stiftung für die Freiheit, Acteur/trice: Allianz Sicherheit Schweiz, Zürich
fr;403;allowances;alphabetical;Financement des campagnes;1;22.10.2023 Élections au Conseil national 2023;2023;campaign_financing;Montants budgétés;personne physique;Donateur/trice: Vogt Valentin, Acteur/trice: PLR.Les Libéraux-Radicaux, Bern
fr;4030;allowances;alphabetical;Financement des campagnes;28;14.06.2026 Pas de Suisse à 10 millions ! (initiative pour la durabilité);;campaign_financing;Montants budgétés;personne morale ou société de personnes;Donateur/trice: Schweizerischer Gewerkschaftsbund, Acteur/trice: Union syndicale suisse (USS), Berne
fr;404;allowances;alphabetical;Financement des campagnes;1;22.10.2023 Élections au Conseil national 2023;2023;campaign_financing;Montants budgétés;personne physique;Donateur/trice: Vogt Valentin, Acteur/trice: PLR.Les Libéraux-Radicaux, Bern
fr;4042;allowances;alphabetical;Financement des campagnes;24;08.03.2026 200 francs, ça suffit ! (initiative SSR);;campaign_financing;Montants finaux;personne physique;Donateur/trice: Brunner Frey Verena, Acteur/trice: Stiftung für direkte Demokratie, Basel
fr;4044;allowances;alphabetical;Financement des campagnes;27;08.03.2026 Élection au Conseil national (Appenzell Rhodes-Extérieures);;campaign_financing;Montants finaux;personne morale ou société de personnes;Donateur/trice: Gönnervereinigung Treffpunkt AR Plus, Acteur/trice: Schweizerische Volkspartei von Appenzell Ausserrhoden, Schönengrund
fr;4045;allowances;alphabetical;Financement des campagnes;28;14.06.2026 Pas de Suisse à 10 millions ! (initiative pour la durabilité);;campaign_financing;Montants budgétés;personne morale ou société de personnes;Donateur/trice: Gewerkschaft Unia, Acteur/trice: Syndicat Unia, Berne
fr;405;allowances;alphabetical;Financement des campagnes;1;22.10.2023 Élections au Conseil national 2023;2023;campaign_financing;Montants budgétés;personne physique;Donateur/trice: Kurer Peter, Acteur/trice: PLR.Les Libéraux-Radicaux, Bern
fr;4054;allowances;alphabetical;Financement des campagnes;25;08.03.2026 Pour une politique énergétique et climatique équitable : investir pour la prospérité, le travail et l’environnement (initiative pour un fonds climat);;campaign_financing;Montants finaux;personne morale ou société de personnes;Donateur/trice: SP Schweiz, Acteur/trice: Komitee Klimafonds-Initiative, Bern
fr;4055;allowances;alphabetical;Financement des campagnes;25;08.03.2026 Pour une politique énergétique et climatique équitable : investir pour la prospérité, le travail et l’environnement (initiative pour un fonds climat);;campaign_financing;Montants finaux;personne morale ou société de personnes;Donateur/trice: GRÜNE Schweiz, Acteur/trice: Komitee Klimafonds-Initiative, Bern
fr;4056;allowances;alphabetical;Financement des campagnes;25;08.03.2026 Pour une politique énergétique et climatique équitable : investir pour la prospérité, le travail et l’environnement (initiative pour un fonds climat);;campaign_financing;Montants finaux;personne morale ou société de personnes;Donateur/trice: Pro Natura, Acteur/trice: Komitee Klimafonds-Initiative, Bern
fr;406;allowances;alphabetical;Financement des campagnes;1;22.10.2023 Élections au Conseil national 2023;2023;campaign_financing;Montants budgétés;personne physique;Donateur/trice: Kurer Peter, Acteur/trice: PLR.Les Libéraux-Radicaux, Bern
fr;407;allowances;alphabetical;Financement des campagnes;1;22.10.2023 Élections au Conseil national 2023;2023;campaign_financing;Montants budgétés;personne physique;Donateur/trice: Schmidheiny Thomas, Acteur/trice: PLR.Les Libéraux-Radicaux, Bern
fr;4071;allowances;alphabetical;Financement des campagnes;27;08.03.2026 Élection au Conseil national (Appenzell Rhodes-Extérieures);;campaign_financing;Montants finaux;personne morale ou société de personnes;Donateur/trice: Supporter-Club FDP AR, Acteur/trice: FDP.Die Liberalen des Kantons Appenzell Ausserrhoden, Heiden
fr;4072;allowances;alphabetical;Financement des campagnes;26;08.03.2026 Loi fédérale du 20 juin 2025 sur l’imposition individuelle;;campaign_financing;Montants finaux;personne morale ou société de personnes;Donateur/trice: Schweizerische Volkspartei SVP, Acteur/trice: Le Centre, Bern
fr;4073;allowances;alphabetical;Financement des campagnes;25;08.03.2026 Pour une politique énergétique et climatique équitable : investir pour la prospérité, le travail et l’environnement (initiative pour un fonds climat);;campaign_financing;Montants finaux;personne morale ou société de personnes;"Donateur/trice: economiesuisse, Acteur/trice: Allianz ""NEIN zum Klima-Schuldenfonds"", Bern"
fr;4074;allowances;alphabetical;Financement des campagnes;25;08.03.2026 Pour une politique énergétique et climatique équitable : investir pour la prospérité, le travail et l’environnement (initiative pour un fonds climat);;campaign_financing;Montants finaux;personne morale ou société de personnes;"Donateur/trice: economiesuisse, Acteur/trice: Allianz ""NEIN zum Klima-Schuldenfonds"", Bern"
fr;4075;allowances;alphabetical;Financement des campagnes;25;08.03.2026 Pour une politique énergétique et climatique équitable : investir pour la prospérité, le travail et l’environnement (initiative pour un fonds climat);;campaign_financing;Montants finaux;personne morale ou société de personnes;"Donateur/trice: Avenergy Suisse, Acteur/trice: Allianz ""NEIN zum Klima-Schuldenfonds"", Bern"
fr;408;allowances;alphabetical;Financement des campagnes;1;22.10.2023 Élections au Conseil national 2023;2023;campaign_financing;Montants budgétés;personne physique;Donateur/trice: Meier Robert, Acteur/trice: PLR.Les Libéraux-Radicaux, Bern
fr;409;allowances;alphabetical;Financement des campagnes;1;22.10.2023 Élections au Conseil national 2023;2023;campaign_financing;Montants budgétés;personne physique;Donateur/trice: Mosimann Philip, Acteur/trice: PLR.Les Libéraux-Radicaux, Bern
fr;4098;allowances;alphabetical;Financement des campagnes;26;08.03.2026 Loi fédérale du 20 juin 2025 sur l’imposition individuelle;;campaign_financing;Montants finaux;personne morale ou société de personnes;Donateur/trice: Arbeitsgruppe Jugend & Familie, Acteur/trice: IG Familie 3plus, Wolhusen
fr;4099;allowances;alphabetical;Financement des campagnes;26;08.03.2026 Loi fédérale du 20 juin 2025 sur l’imposition individuelle;;campaign_financing;Montants finaux;personne morale ou société de personnes;Donateur/trice: Pro Family International, Acteur/trice: IG Familie 3plus, Wolhusen
fr;410;allowances;alphabetical;Financement des campagnes;1;22.10.2023 Élections au Conseil national 2023;2023;campaign_financing;Montants budgétés;personne physique;Donateur/trice: Meier Robert, Acteur/trice: PLR.Les Libéraux-Radicaux, Bern
fr;4101;allowances;alphabetical;Financement des campagnes;24;08.03.2026 200 francs, ça suffit ! (initiative SSR);;campaign_financing;Montants finaux;personne morale ou société de personnes;Donateur/trice: SUISA, Acteur/trice: Conseil Suisse de la Musique CSM, Aarau
fr;4102;allowances;alphabetical;Financement des campagnes;24;08.03.2026 200 francs, ça suffit ! (initiative SSR);;campaign_financing;Montants finaux;personne morale ou société de personnes;Donateur/trice: Fondation Suisa, Acteur/trice: Conseil Suisse de la Musique CSM, Aarau
fr;4103;allowances;alphabetical;Financement des campagnes;24;08.03.2026 200 francs, ça suffit ! (initiative SSR);;campaign_financing;Montants finaux;personne morale ou société de personnes;Donateur/trice: Schweizerische Interpretengenossenschaft, Acteur/trice: Conseil Suisse de la Musique CSM, Aarau
fr;4104;allowances;alphabetical;Financement des campagnes;24;08.03.2026 200 francs, ça suffit ! (initiative SSR);;campaign_financing;Montants finaux;personne morale ou société de personnes;Donateur/trice: Stiftung Phonoproduzierende, Acteur/trice: Conseil Suisse de la Musique CSM, Aarau
fr;4105;allowances;alphabetical;Financement des campagnes;24;08.03.2026 200 francs, ça suffit ! (initiative SSR);;campaign_financing;Montants finaux;personne morale ou société de personnes;Donateur/trice: IFPI Schweiz, Acteur/trice: Conseil Suisse de la Musique CSM, Aarau
fr;4106;allowances;alphabetical;Financement des campagnes;24;08.03.2026 200 francs, ça suffit ! (initiative SSR);;campaign_financing;Montants finaux;personne morale ou société de personnes;Donateur/trice: SUISA, Acteur/trice: Conseil Suisse de la Musique CSM, Aarau
fr;411;allowances;alphabetical;Financement des campagnes;1;22.10.2023 Élections au Conseil national 2023;2023;campaign_financing;Montants budgétés;personne morale ou société de personnes;Donateur/trice: Philip Morris Switzerland Sàrl, Acteur/trice: PLR.Les Libéraux-Radicaux, Bern
fr;4111;allowances;alphabetical;Financement des campagnes;26;08.03.2026 Loi fédérale du 20 juin 2025 sur l’imposition individuelle;;campaign_financing;Montants finaux;personne physique;Donateur/trice: Sprüngli Luzius, Acteur/trice: PLR.Les Libéraux-Radicaux, Bern
fr;4112;allowances;alphabetical;Financement des campagnes;26;08.03.2026 Loi fédérale du 20 juin 2025 sur l’imposition individuelle;;campaign_financing;Montants finaux;personne morale ou société de personnes;Donateur/trice: economiesuisse, Acteur/trice: PLR.Les Libéraux-Radicaux, Bern
fr;412;allowances;alphabetical;Financement des campagnes;1;22.10.2023 Élections au Conseil national 2023;2023;campaign_financing;Montants budgétés;personne morale ou société de personnes;Donateur/trice: Freunde der FDP, Acteur/trice: PLR.Les Libéraux-Radicaux, Bern
fr;4150;allowances;alphabetical;Financement des campagnes;28;14.06.2026 Pas de Suisse à 10 millions ! (initiative pour la durabilité);;campaign_financing;Montants budgétés;personne morale ou société de personnes;Donateur/trice: Schweizerische Volkspartei des Kantons Zürich, Acteur/trice: IG Nachhaltigkeitsinitiative, Dübendorf
fr;4151;allowances;alphabetical;Financement des campagnes;28;14.06.2026 Pas de Suisse à 10 millions ! (initiative pour la durabilité);;campaign_financing;Montants budgétés;personne morale ou société de personnes;Donateur/trice: Stiftung für bürgerliche Politik, Acteur/trice: IG Nachhaltigkeitsinitiative, Dübendorf
fr;4152;allowances;alphabetical;Financement des campagnes;28;14.06.2026 Pas de Suisse à 10 millions ! (initiative pour la durabilité);;campaign_financing;Montants budgétés;personne morale ou société de personnes;Donateur/trice: Schweizerische Volkspartei (SVP Schweiz), Acteur/trice: IG Nachhaltigkeitsinitiative, Dübendorf
fr;4153;allowances;alphabetical;Financement des campagnes;28;14.06.2026 Pas de Suisse à 10 millions ! (initiative pour la durabilité);;campaign_financing;Montants budgétés;personne physique;Donateur/trice: Blocher Christoph, Acteur/trice: IG Nachhaltigkeitsinitiative, Dübendorf
fr;4154;allowances;alphabetical;Financement des campagnes;28;14.06.2026 Pas de Suisse à 10 millions ! (initiative pour la durabilité);;campaign_financing;Montants budgétés;personne morale ou société de personnes;Donateur/trice: Emil Frey AG, Acteur/trice: IG Nachhaltigkeitsinitiative, Dübendorf
fr;4155;allowances;alphabetical;Financement des campagnes;28;14.06.2026 Pas de Suisse à 10 millions ! (initiative pour la durabilité);;campaign_financing;Montants budgétés;personne morale ou société de personnes;Donateur/trice: Schweizerische Volkspartei (SVP Schweiz), Acteur/trice: IG Nachhaltigkeitsinitiative, Dübendorf
fr;4156;allowances;alphabetical;Financement des campagnes;28;14.06.2026 Pas de Suisse à 10 millions ! (initiative pour la durabilité);;campaign_financing;Montants budgétés;personne morale ou société de personnes;Donateur/trice: Stiftung für bürgerliche Politik, Acteur/trice: IG Nachhaltigkeitsinitiative, Dübendorf
fr;4157;allowances;alphabetical;Financement des campagnes;28;14.06.2026 Pas de Suisse à 10 millions ! (initiative pour la durabilité);;campaign_financing;Montants budgétés;personne physique;Donateur/trice: Matter Thomas, Acteur/trice: IG Nachhaltigkeitsinitiative, Dübendorf
fr;4158;allowances;alphabetical;Financement des campagnes;28;14.06.2026 Pas de Suisse à 10 millions ! (initiative pour la durabilité);;campaign_financing;Montants budgétés;personne physique;Donateur/trice: Gaydoul Philippe, Acteur/trice: IG Nachhaltigkeitsinitiative, Dübendorf
fr;4159;allowances;alphabetical;Financement des campagnes;28;14.06.2026 Pas de Suisse à 10 millions ! (initiative pour la durabilité);;campaign_financing;Montants budgétés;personne physique;Donateur/trice: Blocher Christoph, Acteur/trice: IG Nachhaltigkeitsinitiative, Dübendorf
fr;4160;allowances;alphabetical;Financement des campagnes;28;14.06.2026 Pas de Suisse à 10 millions ! (initiative pour la durabilité);;campaign_financing;Montants budgétés;personne morale ou société de personnes;Donateur/trice: Patinex AG, Acteur/trice: IG Nachhaltigkeitsinitiative, Dübendorf
fr;4161;allowances;alphabetical;Financement des campagnes;28;14.06.2026 Pas de Suisse à 10 millions ! (initiative pour la durabilité);;campaign_financing;Montants budgétés;personne physique;Donateur/trice: Urs Murbach und Theresa Nussbaum Urs Murbach und Theresa Nussbaum, Acteur/trice: Sozialdemokratische Partei der Schweiz, Bern
fr;4180;allowances;alphabetical;Financement des campagnes;28;14.06.2026 Pas de Suisse à 10 millions ! (initiative pour la durabilité);;campaign_financing;Montants budgétés;personne physique;Donateur/trice: Brändlin Sabine und Dominik, Acteur/trice: Sozialdemokratische Partei der Schweiz, Bern
fr;4181;allowances;alphabetical;Financement des campagnes;24;08.03.2026 200 francs, ça suffit ! (initiative SSR);;campaign_financing;Montants finaux;personne morale ou société de personnes;Donateur/trice: Cooperativa SSR Svizzera italiana Corsi, Acteur/trice: Associazione Pro Servizio Pubblico Radiotelevisivo, Comano
fr;4182;allowances;alphabetical;Financement des campagnes;24;08.03.2026 200 francs, ça suffit ! (initiative SSR);;campaign_financing;Montants finaux;personne morale ou société de personnes;Donateur/trice: Cooperativa SSR Svizzera italiana Corsi, Acteur/trice: Associazione Pro Servizio Pubblico Radiotelevisivo, Comano
fr;4183;allowances;alphabetical;Financement des campagnes;24;08.03.2026 200 francs, ça suffit ! (initiative SSR);;campaign_financing;Montants finaux;personne morale ou société de personnes;Donateur/trice: Volkart Stiftung, Acteur/trice: Allianz Pro Medienvielfalt, Bern
fr;4184;allowances;alphabetical;Financement des campagnes;24;08.03.2026 200 francs, ça suffit ! (initiative SSR);;campaign_financing;Montants finaux;personne morale ou société de personnes;Donateur/trice: Stiftung für Medienvielfalt, Acteur/trice: Allianz Pro Medienvielfalt, Bern
fr;4185;allowances;alphabetical;Financement des campagnes;24;08.03.2026 200 francs, ça suffit ! (initiative SSR);;campaign_financing;Montants finaux;personne morale ou société de personnes;Donateur/trice: Trägerschaftsverein SRG Zentralschweiz, Acteur/trice: Allianz Pro Medienvielfalt, Bern
fr;4186;allowances;alphabetical;Financement des campagnes;24;08.03.2026 200 francs, ça suffit ! (initiative SSR);;campaign_financing;Montants finaux;personne physique;Donateur/trice: Bachmann & Fust Therese & Patrick, Acteur/trice: Allianz Pro Medienvielfalt, Bern
fr;4187;allowances;alphabetical;Financement des campagnes;24;08.03.2026 200 francs, ça suffit ! (initiative SSR);;campaign_financing;Montants finaux;personne morale ou société de personnes;Donateur/trice: Schweizerische Gemeinnützige Gesellschaft, Acteur/trice: Allianz Pro Medienvielfalt, Bern
fr;4188;allowances;alphabetical;Financement des campagnes;24;08.03.2026 200 francs, ça suffit ! (initiative SSR);;campaign_financing;Montants finaux;personne morale ou société de personnes;Donateur/trice: European Broadcasting Union, Acteur/trice: Allianz Pro Medienvielfalt, Bern
fr;4189;allowances;alphabetical;Financement des campagnes;24;08.03.2026 200 francs, ça suffit ! (initiative SSR);;campaign_financing;Montants finaux;personne morale ou société de personnes;Donateur/trice: Demokratie Stiftung Basel, Acteur/trice: Allianz Pro Medienvielfalt, Bern
fr;4190;allowances;alphabetical;Financement des campagnes;24;08.03.2026 200 francs, ça suffit ! (initiative SSR);;campaign_financing;Montants finaux;personne morale ou société de personnes;Donateur/trice: Genossenschaft SRG Bern Fribourg Wallis, Acteur/trice: Allianz Pro Medienvielfalt, Bern
fr;4191;allowances;alphabetical;Financement des campagnes;24;08.03.2026 200 francs, ça suffit ! (initiative SSR);;campaign_financing;Montants finaux;personne morale ou société de personnes;Donateur/trice: Kulturfonds SSA, Acteur/trice: Allianz Pro Medienvielfalt, Bern
fr;4192;allowances;alphabetical;Financement des campagnes;24;08.03.2026 200 francs, ça suffit ! (initiative SSR);;campaign_financing;Montants finaux;personne morale ou société de personnes;Donateur/trice: Schweizerische Interpreten Gesellschaft SIG, Acteur/trice: Allianz Pro Medienvielfalt, Bern
fr;4193;allowances;alphabetical;Financement des campagnes;24;08.03.2026 200 francs, ça suffit ! (initiative SSR);;campaign_financing;Montants finaux;personne morale ou société de personnes;Donateur/trice: Bewegung Courage Civil, Acteur/trice: Allianz Pro Medienvielfalt, Bern
fr;4194;allowances;alphabetical;Financement des campagnes;24;08.03.2026 200 francs, ça suffit ! (initiative SSR);;campaign_financing;Montants finaux;personne physique;Donateur/trice: Eder Joachim, Acteur/trice: Allianz Pro Medienvielfalt, Bern
fr;4195;allowances;alphabetical;Financement des campagnes;24;08.03.2026 200 francs, ça suffit ! (initiative SSR);;campaign_financing;Montants finaux;personne physique;Donateur/trice: Balsiger Mark, Acteur/trice: Allianz Pro Medienvielfalt, Bern
fr;4196;allowances;alphabetical;Financement des campagnes;24;08.03.2026 200 francs, ça suffit ! (initiative SSR);;campaign_financing;Montants finaux;personne physique;Donateur/trice: Hauser Maximilian, Acteur/trice: Allianz Pro Medienvielfalt, Bern
fr;4197;allowances;alphabetical;Financement des campagnes;24;08.03.2026 200 francs, ça suffit ! (initiative SSR);;campaign_financing;Montants finaux;personne physique;Donateur/trice: Rytz Regula, Acteur/trice: Allianz Pro Medienvielfalt, Bern
fr;4198;allowances;alphabetical;Financement des campagnes;24;08.03.2026 200 francs, ça suffit ! (initiative SSR);;campaign_financing;Montants finaux;personne physique;Donateur/trice: Leutwyler Christina, Acteur/trice: Allianz Pro Medienvielfalt, Bern
fr;4199;allowances;alphabetical;Financement des campagnes;24;08.03.2026 200 francs, ça suffit ! (initiative SSR);;campaign_financing;Montants finaux;personne physique;Donateur/trice: Gysi Peter, Acteur/trice: Allianz Pro Medienvielfalt, Bern
fr;4200;allowances;alphabetical;Financement des campagnes;24;08.03.2026 200 francs, ça suffit ! (initiative SSR);;campaign_financing;Montants finaux;personne physique;Donateur/trice: Henzi Ursula, Acteur/trice: Allianz Pro Medienvielfalt, Bern
fr;4201;allowances;alphabetical;Financement des campagnes;24;08.03.2026 200 francs, ça suffit ! (initiative SSR);;campaign_financing;Montants finaux;personne morale ou société de personnes;Donateur/trice: Border Crossing AG, Acteur/trice: Allianz Pro Medienvielfalt, Bern
fr;4203;allowances;alphabetical;Financement des campagnes;28;14.06.2026 Pas de Suisse à 10 millions ! (initiative pour la durabilité);;campaign_financing;Montants budgétés;personne morale ou société de personnes;Donateur/trice: Economiesuisse, Acteur/trice: Le Centre, Bern
fr;4204;allowances;alphabetical;Financement des campagnes;28;14.06.2026 Pas de Suisse à 10 millions ! (initiative pour la durabilité);;campaign_financing;Montants budgétés;personne morale ou société de personnes;Donateur/trice: Economiesuisse, Acteur/trice: Le Centre, Bern
fr;421;allowances;alphabetical;Financement des campagnes;1;22.10.2023 Élections au Conseil national 2023;2023;campaign_financing;Montants budgétés;personne morale ou société de personnes;Donateur/trice: Baumeisterverband Solothurn, Acteur/trice: Spielmann Markus, Starrkirch-Wil
fr;4211;allowances;alphabetical;Financement des campagnes;28;14.06.2026 Pas de Suisse à 10 millions ! (initiative pour la durabilité);;campaign_financing;Montants budgétés;personne morale ou société de personnes;Donateur/trice: Handelskammer beider Basel, Acteur/trice: Alliance « NON à l'initiative du chaos », Berne
fr;4212;allowances;alphabetical;Financement des campagnes;28;14.06.2026 Pas de Suisse à 10 millions ! (initiative pour la durabilité);;campaign_financing;Montants budgétés;personne morale ou société de personnes;Donateur/trice: Fédération des Entreprises Romandes Genève, Acteur/trice: Alliance « NON à l'initiative du chaos », Berne
fr;4213;allowances;alphabetical;Financement des campagnes;28;14.06.2026 Pas de Suisse à 10 millions ! (initiative pour la durabilité);;campaign_financing;Montants budgétés;personne morale ou société de personnes;Donateur/trice: Groupement des Entreprises Multinationales, Acteur/trice: Alliance « NON à l'initiative du chaos », Berne
fr;4214;allowances;alphabetical;Financement des campagnes;28;14.06.2026 Pas de Suisse à 10 millions ! (initiative pour la durabilité);;campaign_financing;Montants budgétés;personne morale ou société de personnes;Donateur/trice: Chambre de commerce, d’industrie et des services de Genève, Acteur/trice: Alliance « NON à l'initiative du chaos », Berne
fr;4215;allowances;alphabetical;Financement des campagnes;28;14.06.2026 Pas de Suisse à 10 millions ! (initiative pour la durabilité);;campaign_financing;Montants budgétés;personne morale ou société de personnes;Donateur/trice: Chambre vaudoise du commerce et de l'industrie, Acteur/trice: Alliance « NON à l'initiative du chaos », Berne
fr;4216;allowances;alphabetical;Financement des campagnes;28;14.06.2026 Pas de Suisse à 10 millions ! (initiative pour la durabilité);;campaign_financing;Montants budgétés;personne morale ou société de personnes;Donateur/trice: Zürcher Handelskammer, Acteur/trice: Alliance « NON à l'initiative du chaos », Berne
fr;4217;allowances;alphabetical;Financement des campagnes;28;14.06.2026 Pas de Suisse à 10 millions ! (initiative pour la durabilité);;campaign_financing;Montants budgétés;personne morale ou société de personnes;Donateur/trice: economiesuisse, Acteur/trice: Alliance « NON à l'initiative du chaos », Berne
fr;4218;allowances;alphabetical;Financement des campagnes;28;14.06.2026 Pas de Suisse à 10 millions ! (initiative pour la durabilité);;campaign_financing;Montants budgétés;personne morale ou société de personnes;Donateur/trice: economiesuisse, Acteur/trice: Alliance « NON à l'initiative du chaos », Berne
fr;4219;allowances;alphabetical;Financement des campagnes;28;14.06.2026 Pas de Suisse à 10 millions ! (initiative pour la durabilité);;campaign_financing;Montants budgétés;personne morale ou société de personnes;Donateur/trice: economiesuisse, Acteur/trice: Alliance « NON à l'initiative du chaos », Berne
fr;422;allowances;alphabetical;Financement des campagnes;1;22.10.2023 Élections au Conseil national 2023;2023;campaign_financing;Montants budgétés;personne morale ou société de personnes;Donateur/trice: Fondazione per una politica liberal-conservatrice, Acteur/trice: Unione Democratica di Centro del Canton Ticino, Pregassona
fr;4220;allowances;alphabetical;Financement des campagnes;28;14.06.2026 Pas de Suisse à 10 millions ! (initiative pour la durabilité);;campaign_financing;Montants budgétés;personne morale ou société de personnes;Donateur/trice: Fondation Genève Place Financière, Acteur/trice: Alliance « NON à l'initiative du chaos », Berne
fr;4221;allowances;alphabetical;Financement des campagnes;28;14.06.2026 Pas de Suisse à 10 millions ! (initiative pour la durabilité);;campaign_financing;Montants budgétés;personne morale ou société de personnes;Donateur/trice: economiesuisse, Acteur/trice: PLR.Les Libéraux-Radicaux, Bern
fr;4222;allowances;alphabetical;Financement des campagnes;28;14.06.2026 Pas de Suisse à 10 millions ! (initiative pour la durabilité);;campaign_financing;Montants budgétés;personne morale ou société de personnes;Donateur/trice: economiesuisse, Acteur/trice: PLR.Les Libéraux-Radicaux, Bern
fr;4223;allowances;alphabetical;Financement des campagnes;28;14.06.2026 Pas de Suisse à 10 millions ! (initiative pour la durabilité);;campaign_financing;Montants budgétés;personne morale ou société de personnes;Donateur/trice: economiesuisse, Acteur/trice: PLR.Les Libéraux-Radicaux, Bern
fr;423;allowances;alphabetical;Financement des campagnes;1;22.10.2023 Élections au Conseil national 2023;2023;campaign_financing;Montants budgétés;personne morale ou société de personnes;Donateur/trice: Verein «Für bürgerliche Politiker im Kanton Zug», Acteur/trice: Schweizerische Volkspartei des Kantons und Freistaates Zug, Zug
fr;424;allowances;alphabetical;Financement des campagnes;1;22.10.2023 Élections au Conseil national 2023;2023;campaign_financing;Montants budgétés;personne physique;Donateur/trice: Leuppi Ruedi, Acteur/trice: Jill Nussbaumer in den Nationalrat, Zug
fr;425;allowances;alphabetical;Financement des campagnes;1;22.10.2023 Élections au Conseil national 2023;2023;campaign_financing;Montants budgétés;personne morale ou société de personnes;Donateur/trice: WMN Services GmbH, Acteur/trice: Alijaj Islam, Zürich
fr;426;allowances;alphabetical;Financement des campagnes;1;22.10.2023 Élections au Conseil national 2023;2023;campaign_financing;Montants budgétés;personne physique;Donateur/trice: Schärer David, Acteur/trice: Alijaj Islam, Zürich
fr;427;allowances;alphabetical;Financement des campagnes;1;22.10.2023 Élections au Conseil national 2023;2023;campaign_financing;Montants budgétés;personne morale ou société de personnes;Donateur/trice: WMN Services GmbH, Acteur/trice: Alijaj Islam, Zürich
fr;428;allowances;alphabetical;Financement des campagnes;1;22.10.2023 Élections au Conseil national 2023;2023;campaign_financing;Montants budgétés;personne morale ou société de personnes;Donateur/trice: Pro Infirmis, Acteur/trice: Alijaj Islam, Zürich
fr;429;allowances;alphabetical;Financement des campagnes;1;22.10.2023 Élections au Conseil national 2023;2023;campaign_financing;Montants budgétés;personne morale ou société de personnes;Donateur/trice: Supporter-Club FDP AR, Acteur/trice: FDP.Die Liberalen des Kantons Appenzell Ausserrhoden, Heiden
fr;43;allowances;alphabetical;Financement des campagnes;1;22.10.2023 Élections au Conseil national 2023;2023;campaign_financing;Montants budgétés;personne morale ou société de personnes;Donateur/trice: Raiffeisen Schweiz Genossenschaft, Acteur/trice: Komitee Thomas de Courten in den Nationalrat, Rünenberg
fr;430;allowances;alphabetical;Financement des campagnes;1;22.10.2023 Élections au Conseil national 2023;2023;campaign_financing;Montants budgétés;personne physique;Donateur/trice: Marchand Christina, Acteur/trice: Grüne Kanton Zürich, Zürich
fr;431;allowances;alphabetical;Financement des campagnes;1;22.10.2023 Élections au Conseil national 2023;2023;campaign_financing;Montants budgétés;personne morale ou société de personnes;Donateur/trice: SP Schweiz, Acteur/trice: Sozialdemokratische Partei Basel-Stadt, Basel-Stadt
fr;432;allowances;alphabetical;Financement des campagnes;1;22.10.2023 Élections au Conseil national 2023;2023;campaign_financing;Montants budgétés;personne morale ou société de personnes;Donateur/trice: SP Schweiz, Acteur/trice: Sozialdemokratische Partei Basel-Stadt, Basel-Stadt
fr;433;allowances;alphabetical;Financement des campagnes;1;22.10.2023 Élections au Conseil national 2023;2023;campaign_financing;Montants budgétés;personne morale ou société de personnes;Donateur/trice: Moving Media Basel AG, Acteur/trice: Sozialdemokratische Partei Basel-Stadt, Basel-Stadt
fr;434;allowances;alphabetical;Financement des campagnes;1;22.10.2023 Élections au Conseil national 2023;2023;campaign_financing;Montants finaux;personne morale ou société de personnes;Donateur/trice: Greenpeace Schweiz, Acteur/trice: Greenpeace Suisse, Zürich
fr;439;allowances;alphabetical;Financement des campagnes;1;22.10.2023 Élections au Conseil national 2023;2023;campaign_financing;Montants finaux;personne physique;Donateur/trice: Weidmann Tobias, Acteur/trice: Schweizerische Volkspartei des Bezirkes Winterthur, Hünikon (Neftenbach)
fr;44;allowances;alphabetical;Financement des campagnes;1;22.10.2023 Élections au Conseil national 2023;2023;campaign_financing;Montants budgétés;personne morale ou société de personnes;Donateur/trice: Sozialdemokratische Partei Schweiz, Acteur/trice: Sozialdemokratische Partei Kanton Aargau, Aarau
fr;441;allowances;alphabetical;Financement des campagnes;1;22.10.2023 Élections au Conseil national 2023;2023;campaign_financing;Montants finaux;personne morale ou société de personnes;Donateur/trice: Grünliberale Partei Schweiz, Acteur/trice: Grünliberale Kanton Zürich, Zürich
fr;446;allowances;alphabetical;Financement des campagnes;1;22.10.2023 Élections au Conseil national 2023;2023;campaign_financing;Montants finaux;personne physique;Donateur/trice: Töngi Michael, Acteur/trice: Grüne Kanton Luzern, Luzern
fr;447;allowances;alphabetical;Financement des campagnes;1;22.10.2023 Élections au Conseil national 2023;2023;campaign_financing;Montants finaux;personne physique;Donateur/trice: Schlepfer Thom, Acteur/trice: Grüne Kanton Luzern, Luzern
fr;448;allowances;alphabetical;Financement des campagnes;1;22.10.2023 Élections au Conseil national 2023;2023;campaign_financing;Montants finaux;personne morale ou société de personnes;Donateur/trice: Grünliberale Partei Schweiz, Acteur/trice: Grünliberale Kanton Zürich, Zürich
fr;449;allowances;alphabetical;Financement des campagnes;1;22.10.2023 Élections au Conseil national 2023;2023;campaign_financing;Montants finaux;personne physique;Donateur/trice: Schaffner Barbara, Acteur/trice: Grünliberale Kanton Zürich, Zürich
fr;45;allowances;alphabetical;Financement des campagnes;1;22.10.2023 Élections au Conseil national 2023;2023;campaign_financing;Montants budgétés;personne morale ou société de personnes;Donateur/trice: Club économique libéral, Acteur/trice: Parti libéral-radical neuchâtelois, Neuchâtel
fr;450;allowances;alphabetical;Financement des campagnes;1;22.10.2023 Élections au Conseil national 2023;2023;campaign_financing;Montants finaux;personne physique;Donateur/trice: Bäumle Martin, Acteur/trice: Grünliberale Kanton Zürich, Zürich
fr;4510;allowances;alphabetical;Financement des campagnes;28;14.06.2026 Pas de Suisse à 10 millions ! (initiative pour la durabilité);;campaign_financing;Montants finaux;personne morale ou société de personnes;Donateur/trice: SEV, Acteur/trice: Union syndicale suisse (USS), Berne
fr;4511;allowances;alphabetical;Financement des campagnes;28;14.06.2026 Pas de Suisse à 10 millions ! (initiative pour la durabilité);;campaign_financing;Montants finaux;personne morale ou société de personnes;Donateur/trice: Syndicom, Acteur/trice: Union syndicale suisse (USS), Berne
fr;4512;allowances;alphabetical;Financement des campagnes;28;14.06.2026 Pas de Suisse à 10 millions ! (initiative pour la durabilité);;campaign_financing;Montants finaux;personne morale ou société de personnes;Donateur/trice: Unia, Acteur/trice: Union syndicale suisse (USS), Berne
fr;4513;allowances;alphabetical;Financement des campagnes;28;14.06.2026 Pas de Suisse à 10 millions ! (initiative pour la durabilité);;campaign_financing;Montants finaux;personne morale ou société de personnes;Donateur/trice: VPOD, Acteur/trice: Union syndicale suisse (USS), Berne
fr;4514;allowances;alphabetical;Financement des campagnes;28;14.06.2026 Pas de Suisse à 10 millions ! (initiative pour la durabilité);;campaign_financing;Montants finaux;personne morale ou société de personnes;Donateur/trice: Schweizerischer Gewerkschaftsbund, Acteur/trice: Union syndicale suisse (USS), Berne
fr;4516;allowances;alphabetical;Financement des campagnes;29;14.06.2026 Modification du 26 septembre 2025 de la loi fédérale sur le service civil (LSC);;campaign_financing;Montants budgétés;personne morale ou société de personnes;Donateur/trice: Junge Grüne Schweiz, Acteur/trice: Allianz Zivildienstgesetz-nein, Bern
fr;4517;allowances;alphabetical;Financement des campagnes;29;14.06.2026 Modification du 26 septembre 2025 de la loi fédérale sur le service civil (LSC);;campaign_financing;Montants budgétés;personne morale ou société de personnes;Donateur/trice: Junge Grüne Schweiz, Acteur/trice: Allianz Zivildienstgesetz-nein, Bern
fr;4526;allowances;alphabetical;Financement des campagnes;29;14.06.2026 Modification du 26 septembre 2025 de la loi fédérale sur le service civil (LSC);;campaign_financing;Montants budgétés;personne physique;Donateur/trice: Werenfels Samuel, Acteur/trice: Allianz Zivildienstgesetz-nein, Bern
fr;454;allowances;alphabetical;Financement des campagnes;1;22.10.2023 Élections au Conseil national 2023;2023;campaign_financing;Montants finaux;personne morale ou société de personnes;Donateur/trice: FDP Schweiz, Acteur/trice: Partito Liberale Radicale Ticinese, Bellinzona
fr;4546;allowances;alphabetical;Financement des campagnes;32;27.09.2026 Pour une alimentation sûre – grâce au renforcement de la protection indigène durable, à davantage de denrées alimentaires végétales et à une eau potable propre (initiative sur l’alimentation);;campaign_financing;Montants budgétés;personne morale ou société de personnes;Donateur/trice: Prométerre, Acteur/trice: Agri Médias Sàrl, Lausanne
fr;4547;allowances;alphabetical;Financement des campagnes;32;27.09.2026 Pour une alimentation sûre – grâce au renforcement de la protection indigène durable, à davantage de denrées alimentaires végétales et à une eau potable propre (initiative sur l’alimentation);;campaign_financing;Montants budgétés;personne morale ou société de personnes;Donateur/trice: AgorA, Acteur/trice: Agri Médias Sàrl, Lausanne
fr;4548;allowances;alphabetical;Financement des campagnes;28;14.06.2026 Pas de Suisse à 10 millions ! (initiative pour la durabilité);;campaign_financing;Montants finaux;personne morale ou société de personnes;Donateur/trice: GastroSuisse, Acteur/trice: Alliance pour une Suisse qui fonctionne, Berne
fr;455;allowances;alphabetical;Financement des campagnes;1;22.10.2023 Élections au Conseil national 2023;2023;campaign_financing;Montants finaux;personne morale ou société de personnes;Donateur/trice: Schweizerischer Gewerbeverband, Acteur/trice: Schweizerische Volkspartei von Appenzell Ausserrhoden, Schönengrund
fr;456;allowances;alphabetical;Financement des campagnes;1;22.10.2023 Élections au Conseil national 2023;2023;campaign_financing;Montants finaux;personne morale ou société de personnes;Donateur/trice: Treffpunkt AR plus, Acteur/trice: Schweizerische Volkspartei von Appenzell Ausserrhoden, Schönengrund
fr;458;allowances;alphabetical;Financement des campagnes;1;22.10.2023 Élections au Conseil national 2023;2023;campaign_financing;Montants finaux;personne physique;Donateur/trice: Studer Lilian, Acteur/trice: Evangelische Volkspartei des Kantons Aargau, Aarau
fr;459;allowances;alphabetical;Financement des campagnes;1;22.10.2023 Élections au Conseil national 2023;2023;campaign_financing;Montants finaux;personne morale ou société de personnes;Donateur/trice: HEV Kanton Zürich, Acteur/trice: Rueff-Frenkel Sonja, Zürich
fr;46;allowances;alphabetical;Financement des campagnes;1;22.10.2023 Élections au Conseil national 2023;2023;campaign_financing;Montants budgétés;personne physique;Donateur/trice: Blocher Christoph, Acteur/trice: Union Démocratique du Centre (UDC), Bern
fr;460;allowances;alphabetical;Financement des campagnes;1;22.10.2023 Élections au Conseil national 2023;2023;campaign_financing;Montants finaux;personne morale ou société de personnes;Donateur/trice: Verein «Für bürgerliche Politiker im Kanton Zug», Acteur/trice: Schweizerische Volkspartei des Kantons und Freistaates Zug, Zug
fr;462;allowances;alphabetical;Financement des campagnes;1;22.10.2023 Élections au Conseil national 2023;2023;campaign_financing;Montants finaux;personne morale ou société de personnes;Donateur/trice: Baumeisterverband Solothurn, Acteur/trice: Spielmann Markus, Starrkirch-Wil
fr;463;allowances;alphabetical;Financement des campagnes;1;22.10.2023 Élections au Conseil national 2023;2023;campaign_financing;Montants finaux;personne morale ou société de personnes;Donateur/trice: Grünliberale Partei Schweiz, Acteur/trice: Grünliberale Kanton Thurgau, Frauenfeld
fr;464;allowances;alphabetical;Financement des campagnes;1;22.10.2023 Élections au Conseil national 2023;2023;campaign_financing;Montants finaux;personne physique;Donateur/trice: Thalmann Vroni, Acteur/trice: Grüter Franz, Eich
fr;465;allowances;alphabetical;Financement des campagnes;1;22.10.2023 Élections au Conseil national 2023;2023;campaign_financing;Montants finaux;personne physique;Donateur/trice: Gredig Corina, Acteur/trice: Grünliberale Kanton Zürich, Zürich
fr;466;allowances;alphabetical;Financement des campagnes;1;22.10.2023 Élections au Conseil national 2023;2023;campaign_financing;Montants finaux;personne physique;Donateur/trice: Hässig Patrick, Acteur/trice: Grünliberale Kanton Zürich, Zürich
fr;467;allowances;alphabetical;Financement des campagnes;1;22.10.2023 Élections au Conseil national 2023;2023;campaign_financing;Montants finaux;personne physique;Donateur/trice: Moser Tiana, Acteur/trice: Grünliberale Kanton Zürich, Zürich
fr;468;allowances;alphabetical;Financement des campagnes;1;22.10.2023 Élections au Conseil national 2023;2023;campaign_financing;Montants finaux;personne physique;Donateur/trice: Staub Zeno, Acteur/trice: Arbeitsgemeinschaft Wirtschaft und Gesellschaft des Kantons Zürich (AWG), Zürich
fr;469;allowances;alphabetical;Financement des campagnes;1;22.10.2023 Élections au Conseil national 2023;2023;campaign_financing;Montants finaux;personne morale ou société de personnes;Donateur/trice: HEV Kanton Zürich, Acteur/trice: Die Mitte Kanton Zürich, Zürich
fr;47;allowances;alphabetical;Financement des campagnes;1;22.10.2023 Élections au Conseil national 2023;2023;campaign_financing;Montants budgétés;personne physique;Donateur/trice: Frey Walter, Acteur/trice: Union Démocratique du Centre (UDC), Bern
fr;470;allowances;alphabetical;Financement des campagnes;1;22.10.2023 Élections au Conseil national 2023;2023;campaign_financing;Montants finaux;personne physique;Donateur/trice: Eric Syz, Acteur/trice: Arbeitsgemeinschaft Wirtschaft und Gesellschaft des Kantons Zürich (AWG), Zürich
fr;471;allowances;alphabetical;Financement des campagnes;1;22.10.2023 Élections au Conseil national 2023;2023;campaign_financing;Montants finaux;personne morale ou société de personnes;Donateur/trice: Flughafen Zürich, Acteur/trice: Die Mitte Kanton Zürich, Zürich
fr;472;allowances;alphabetical;Financement des campagnes;2;22.10.2023 Élections au Conseil des États 2023;;campaign_financing;Montants finaux;personne morale ou société de personnes;Donateur/trice: Gem, Acteur/trice: Gössi Petra, Küssnacht am Rigi
fr;473;allowances;alphabetical;Financement des campagnes;1;22.10.2023 Élections au Conseil national 2023;2023;campaign_financing;Montants finaux;personne morale ou société de personnes;Donateur/trice: Evangelische Volkspartei der Schweiz, Acteur/trice: Evangelische Volkspartei des Kantons Aargau, Aarau
fr;474;allowances;alphabetical;Financement des campagnes;1;22.10.2023 Élections au Conseil national 2023;2023;campaign_financing;Montants finaux;personne morale ou société de personnes;Donateur/trice: Gesellschaft zum Zytthurm, Acteur/trice: Die Mitte Kanton Zug, Rotkreuz
fr;475;allowances;alphabetical;Financement des campagnes;1;22.10.2023 Élections au Conseil national 2023;2023;campaign_financing;Montants finaux;personne morale ou société de personnes;Donateur/trice: Schweizerischer Arbeitgeberverband, Acteur/trice: Grünliberale Partei Schweiz, Bern
fr;478;allowances;alphabetical;Financement des campagnes;1;22.10.2023 Élections au Conseil national 2023;2023;campaign_financing;Montants finaux;personne morale ou société de personnes;Donateur/trice: Hauseigentümerverband Kanton Zürich, Acteur/trice: Farner Martin, Oberstammheim
fr;48;allowances;alphabetical;Financement des campagnes;1;22.10.2023 Élections au Conseil national 2023;2023;campaign_financing;Montants budgétés;personne physique;Donateur/trice: Martullo-Blocher Magdalena, Acteur/trice: Union Démocratique du Centre (UDC), Bern
fr;482;allowances;alphabetical;Financement des campagnes;1;22.10.2023 Élections au Conseil national 2023;2023;campaign_financing;Montants finaux;personne morale ou société de personnes;Donateur/trice: SSIC TI, Acteur/trice: Farinelli Alex, Comano
fr;484;allowances;alphabetical;Financement des campagnes;1;22.10.2023 Élections au Conseil national 2023;2023;campaign_financing;Montants finaux;personne morale ou société de personnes;Donateur/trice: FORUM AARGAU, Acteur/trice: FDP.Die Liberalen Aargau, Aarau
fr;485;allowances;alphabetical;Financement des campagnes;1;22.10.2023 Élections au Conseil national 2023;2023;campaign_financing;Montants finaux;personne morale ou société de personnes;Donateur/trice: HEV Zürich, Acteur/trice: Freisinnig-Demokratische Partei der Stadt Zürich, Zürich
fr;487;allowances;alphabetical;Financement des campagnes;2;22.10.2023 Élections au Conseil des États 2023;;campaign_financing;Montants finaux;personne physique;Donateur/trice: Burkard Carmita, Acteur/trice: UNTERSTÜTZUNGSKOMITEE MAYA GRAF - UNSERE STÄNDERÄTIN WIEDER NACH BERN, Sissach
fr;489;allowances;alphabetical;Financement des campagnes;1;22.10.2023 Élections au Conseil national 2023;2023;campaign_financing;Montants finaux;personne morale ou société de personnes;Donateur/trice: Schweizerischer Gewerbeverband sgv, Acteur/trice: Schneeberger Daniela, Thürnen
fr;49;allowances;alphabetical;Financement des campagnes;1;22.10.2023 Élections au Conseil national 2023;2023;campaign_financing;Montants budgétés;personne physique;Donateur/trice: Matter Thomas, Acteur/trice: Union Démocratique du Centre (UDC), Bern
fr;495;allowances;alphabetical;Financement des campagnes;1;22.10.2023 Élections au Conseil national 2023;2023;campaign_financing;Montants finaux;personne physique;Donateur/trice: Ruppen Franz, Acteur/trice: Schweizerische Volkspartei Oberwallis, Brig
fr;496;allowances;alphabetical;Financement des campagnes;1;22.10.2023 Élections au Conseil national 2023;2023;campaign_financing;Montants finaux;personne physique;Donateur/trice: Graber Michael, Acteur/trice: Schweizerische Volkspartei Oberwallis, Brig
fr;497;allowances;alphabetical;Financement des campagnes;1;22.10.2023 Élections au Conseil national 2023;2023;campaign_financing;Montants finaux;personne morale ou société de personnes;Donateur/trice: Pomona Media AG, Acteur/trice: Schweizerische Volkspartei Oberwallis, Brig
fr;498;allowances;alphabetical;Financement des campagnes;1;22.10.2023 Élections au Conseil national 2023;2023;campaign_financing;Montants finaux;personne morale ou société de personnes;Donateur/trice: Kuratorium Thurgau, Acteur/trice: Schweizerische Volkspartei des Kantons Thurgau, Mettlen
fr;499;allowances;alphabetical;Financement des campagnes;1;22.10.2023 Élections au Conseil national 2023;2023;campaign_financing;Montants finaux;personne morale ou société de personnes;Donateur/trice: Kuratorium Thurgau, Acteur/trice: Schweizerische Volkspartei des Kantons Thurgau, Mettlen
fr;5;allowances;alphabetical;Financement des campagnes;1;22.10.2023 Élections au Conseil national 2023;2023;campaign_financing;Montants budgétés;personne morale ou société de personnes;Donateur/trice: Grünliberale Partei Bezirk Horgen, Acteur/trice: Bellaïche Jäger Judith, Kilchberg
fr;50;allowances;alphabetical;Financement des campagnes;1;22.10.2023 Élections au Conseil national 2023;2023;campaign_financing;Montants budgétés;personne morale ou société de personnes;Donateur/trice: Schweiz. Arbeitgeberverband, Acteur/trice: Union Démocratique du Centre (UDC), Bern
fr;500;allowances;alphabetical;Financement des campagnes;1;22.10.2023 Élections au Conseil national 2023;2023;campaign_financing;Montants finaux;personne morale ou société de personnes;Donateur/trice: PCS Holding AG, Acteur/trice: Schweizerische Volkspartei des Kantons Thurgau, Mettlen
fr;501;allowances;alphabetical;Financement des campagnes;1;22.10.2023 Élections au Conseil national 2023;2023;campaign_financing;Montants finaux;personne morale ou société de personnes;Donateur/trice: Grünliberale Partei Schweiz, Acteur/trice: Junge Grünliberale Partei Schweiz, Bern
fr;504;allowances;alphabetical;Financement des campagnes;1;22.10.2023 Élections au Conseil national 2023;2023;campaign_financing;Montants finaux;personne morale ou société de personnes;Donateur/trice: Sozialdemokratische Partei der Schweiz, Acteur/trice: Sozialdemokratische Partei des Kantons Zürich, Zürich
fr;505;allowances;alphabetical;Financement des campagnes;1;22.10.2023 Élections au Conseil national 2023;2023;campaign_financing;Montants finaux;personne morale ou société de personnes;Donateur/trice: Sozialdemokratische Partei der Schweiz, Acteur/trice: Sozialdemokratische Partei des Kantons Zürich, Zürich
fr;506;allowances;alphabetical;Financement des campagnes;1;22.10.2023 Élections au Conseil national 2023;2023;campaign_financing;Montants finaux;personne morale ou société de personnes;Donateur/trice: Sozialdemokratische Partei der Schweiz, Acteur/trice: Sozialdemokratische Partei des Kantons Zürich, Zürich
fr;507;allowances;alphabetical;Financement des campagnes;1;22.10.2023 Élections au Conseil national 2023;2023;campaign_financing;Montants finaux;personne physique;Donateur/trice: Ursprung Jasmin, Acteur/trice: Schweizerische Volkspartei Ortspartei Udligenswil, Udligenswil
fr;51;allowances;alphabetical;Financement des campagnes;1;22.10.2023 Élections au Conseil national 2023;2023;campaign_financing;Montants budgétés;personne morale ou société de personnes;Donateur/trice: Swiss Life AG, Acteur/trice: Schweizerische Volkspartei des Kantons Zürich, Dübendorf
fr;511;allowances;alphabetical;Financement des campagnes;1;22.10.2023 Élections au Conseil national 2023;2023;campaign_financing;Montants finaux;personne physique;Donateur/trice: Burkart Carmita, Acteur/trice: Alternative - die Grünen Zug, Zug
fr;514;allowances;alphabetical;Financement des campagnes;1;22.10.2023 Élections au Conseil national 2023;2023;campaign_financing;Montants finaux;personne morale ou société de personnes;Donateur/trice: Aerztegesellschaft Zürich AGZ, Acteur/trice: Balmer Bettina, Zürich
fr;515;allowances;alphabetical;Financement des campagnes;1;22.10.2023 Élections au Conseil national 2023;2023;campaign_financing;Montants finaux;personne morale ou société de personnes;Donateur/trice: WWF Bern, Acteur/trice: Alliance Climatique Suisse, Genève
fr;516;allowances;alphabetical;Financement des campagnes;1;22.10.2023 Élections au Conseil national 2023;2023;campaign_financing;Montants finaux;personne morale ou société de personnes;Donateur/trice: Stiftung Stopp Klimakrise, Acteur/trice: Alliance Climatique Suisse, Genève
fr;517;allowances;alphabetical;Financement des campagnes;1;22.10.2023 Élections au Conseil national 2023;2023;campaign_financing;Montants finaux;personne morale ou société de personnes;Donateur/trice: Greenpeace Schweiz, Acteur/trice: Alliance Climatique Suisse, Genève
fr;518;allowances;alphabetical;Financement des campagnes;1;22.10.2023 Élections au Conseil national 2023;2023;campaign_financing;Montants finaux;personne physique;Donateur/trice: Marchand Christina und Oliver, Acteur/trice: Alliance Climatique Suisse, Genève
fr;519;allowances;alphabetical;Financement des campagnes;1;22.10.2023 Élections au Conseil national 2023;2023;campaign_financing;Montants finaux;personne morale ou société de personnes;Donateur/trice: WWF Schweiz inklusive kantonale Sektionen, Acteur/trice: Alliance Climatique Suisse, Genève
fr;52;allowances;alphabetical;Financement des campagnes;1;22.10.2023 Élections au Conseil national 2023;2023;campaign_financing;Montants budgétés;personne morale ou société de personnes;Donateur/trice: Hauseigentümerverband Kanton Zürich, Acteur/trice: Schweizerische Volkspartei des Kantons Zürich, Dübendorf
fr;520;allowances;alphabetical;Financement des campagnes;1;22.10.2023 Élections au Conseil national 2023;2023;campaign_financing;Montants finaux;personne morale ou société de personnes;Donateur/trice: Raiffeisenbank, Acteur/trice: Schneider-Schneiter Elisabeth, Biel-Benken
fr;521;allowances;alphabetical;Financement des campagnes;1;22.10.2023 Élections au Conseil national 2023;2023;campaign_financing;Montants finaux;personne morale ou société de personnes;Donateur/trice: Verein für lösungsorientierte Politik, Acteur/trice: Schneider-Schneiter Elisabeth, Biel-Benken
fr;522;allowances;alphabetical;Financement des campagnes;1;22.10.2023 Élections au Conseil national 2023;2023;campaign_financing;Montants finaux;personne morale ou société de personnes;Donateur/trice: Handelskammer beider Basel, Acteur/trice: Schneider-Schneiter Elisabeth, Biel-Benken
fr;523;allowances;alphabetical;Financement des campagnes;1;22.10.2023 Élections au Conseil national 2023;2023;campaign_financing;Montants finaux;personne physique;Donateur/trice: Weidmann Tobias, Acteur/trice: Schweizerische Volkspartei des Bezirkes Winterthur, Hünikon (Neftenbach)
fr;524;allowances;alphabetical;Financement des campagnes;1;22.10.2023 Élections au Conseil national 2023;2023;campaign_financing;Montants finaux;personne physique;Donateur/trice: Schärer David, Acteur/trice: Alijaj Islam, Zürich
fr;525;allowances;alphabetical;Financement des campagnes;1;22.10.2023 Élections au Conseil national 2023;2023;campaign_financing;Montants finaux;personne morale ou société de personnes;Donateur/trice: Pro Infirmis, Acteur/trice: Alijaj Islam, Zürich
fr;526;allowances;alphabetical;Financement des campagnes;1;22.10.2023 Élections au Conseil national 2023;2023;campaign_financing;Montants finaux;personne morale ou société de personnes;Donateur/trice: WMN Services GmbH, Acteur/trice: Alijaj Islam, Zürich
fr;527;allowances;alphabetical;Financement des campagnes;1;22.10.2023 Élections au Conseil national 2023;2023;campaign_financing;Montants finaux;personne morale ou société de personnes;Donateur/trice: WMN Services GmbH, Acteur/trice: Alijaj Islam, Zürich
fr;528;allowances;alphabetical;Financement des campagnes;1;22.10.2023 Élections au Conseil national 2023;2023;campaign_financing;Montants finaux;personne morale ou société de personnes;Donateur/trice: schweiz. Arbeitgeberverband, Acteur/trice: Union Démocratique du Centre (UDC), Bern
fr;529;allowances;alphabetical;Financement des campagnes;1;22.10.2023 Élections au Conseil national 2023;2023;campaign_financing;Montants finaux;personne physique;Donateur/trice: Matter Thomas, Acteur/trice: Union Démocratique du Centre (UDC), Bern
fr;530;allowances;alphabetical;Financement des campagnes;1;22.10.2023 Élections au Conseil national 2023;2023;campaign_financing;Montants finaux;personne physique;Donateur/trice: Frey Walter, Acteur/trice: Union Démocratique du Centre (UDC), Bern
fr;531;allowances;alphabetical;Financement des campagnes;1;22.10.2023 Élections au Conseil national 2023;2023;campaign_financing;Montants finaux;personne physique;Donateur/trice: Martullo Blocher Magdalena Silvia, Acteur/trice: Union Démocratique du Centre (UDC), Bern
fr;532;allowances;alphabetical;Financement des campagnes;1;22.10.2023 Élections au Conseil national 2023;2023;campaign_financing;Montants finaux;personne morale ou société de personnes;Donateur/trice: Stiftung für bürgerliche Politik, Acteur/trice: Union Démocratique du Centre (UDC), Bern
fr;533;allowances;alphabetical;Financement des campagnes;1;22.10.2023 Élections au Conseil national 2023;2023;campaign_financing;Montants finaux;personne morale ou société de personnes;Donateur/trice: Philip Morris Switzerland Sarl, Acteur/trice: Union Démocratique du Centre (UDC), Bern
fr;534;allowances;alphabetical;Financement des campagnes;1;22.10.2023 Élections au Conseil national 2023;2023;campaign_financing;Montants finaux;personne morale ou société de personnes;Donateur/trice: FDP.Die Liberalen Schweiz, Acteur/trice: FDP.Die Liberalen Kanton Bern, Bern
fr;535;allowances;alphabetical;Financement des campagnes;1;22.10.2023 Élections au Conseil national 2023;2023;campaign_financing;Montants finaux;personne morale ou société de personnes;Donateur/trice: Supporterclub der FDP Kanton Bern, Acteur/trice: FDP.Die Liberalen Kanton Bern, Bern
fr;55;allowances;alphabetical;Financement des campagnes;1;22.10.2023 Élections au Conseil national 2023;2023;campaign_financing;Montants budgétés;personne morale ou société de personnes;Donateur/trice: Aerztegesellschaft Zürich AGZ, Acteur/trice: Balmer Bettina, Zürich
fr;556;allowances;alphabetical;Financement des campagnes;1;22.10.2023 Élections au Conseil national 2023;2023;campaign_financing;Montants finaux;personne morale ou société de personnes;Donateur/trice: PS Suisse, Acteur/trice: Parti socialiste neuchâtelois, Neuchâtel
fr;557;allowances;alphabetical;Financement des campagnes;1;22.10.2023 Élections au Conseil national 2023;2023;campaign_financing;Montants finaux;personne morale ou société de personnes;Donateur/trice: PS Suisse, Acteur/trice: Parti socialiste neuchâtelois, Neuchâtel
fr;56;allowances;alphabetical;Financement des campagnes;1;22.10.2023 Élections au Conseil national 2023;2023;campaign_financing;Montants budgétés;personne morale ou société de personnes;Donateur/trice: Schweizer Bauernverband, Acteur/trice: IG der Wirtschaftsverbände, Zürich
fr;560;allowances;alphabetical;Financement des campagnes;1;22.10.2023 Élections au Conseil national 2023;2023;campaign_financing;Montants finaux;personne morale ou société de personnes;Donateur/trice: Swiss Life AG, Acteur/trice: Schweizerische Volkspartei des Kantons Zürich, Dübendorf
fr;561;allowances;alphabetical;Financement des campagnes;1;22.10.2023 Élections au Conseil national 2023;2023;campaign_financing;Montants finaux;personne morale ou société de personnes;Donateur/trice: HEV Kanton Zürich, Acteur/trice: Schweizerische Volkspartei des Kantons Zürich, Dübendorf
fr;564;allowances;alphabetical;Financement des campagnes;1;22.10.2023 Élections au Conseil national 2023;2023;campaign_financing;Montants finaux;personne morale ou société de personnes;Donateur/trice: Club Bürgerliche 100, Acteur/trice: Schweizerische Volkspartei Aargau, Staufen
fr;569;allowances;alphabetical;Financement des campagnes;1;22.10.2023 Élections au Conseil national 2023;2023;campaign_financing;Montants finaux;personne morale ou société de personnes;Donateur/trice: SP Schweiz, Acteur/trice: Sozialdemokratische Partei des Kantons Bern, Bern
fr;57;allowances;alphabetical;Financement des campagnes;1;22.10.2023 Élections au Conseil national 2023;2023;campaign_financing;Montants budgétés;personne morale ou société de personnes;Donateur/trice: Schweizer Bauernverband, Acteur/trice: IG der Wirtschaftsverbände, Zürich
fr;570;allowances;alphabetical;Financement des campagnes;1;22.10.2023 Élections au Conseil national 2023;2023;campaign_financing;Montants finaux;personne morale ou société de personnes;Donateur/trice: SP Kanton Bern, Acteur/trice: Sozialdemokratische Partei des Kantons Bern, Bern
fr;571;allowances;alphabetical;Financement des campagnes;1;22.10.2023 Élections au Conseil national 2023;2023;campaign_financing;Montants finaux;personne morale ou société de personnes;Donateur/trice: SP Schweiz, Acteur/trice: Sozialdemokratische Partei des Kantons Bern, Bern
fr;572;allowances;alphabetical;Financement des campagnes;1;22.10.2023 Élections au Conseil national 2023;2023;campaign_financing;Montants finaux;personne morale ou société de personnes;Donateur/trice: Nokté Média Sàrl, Acteur/trice: Association Nasrat Latif au Conseil national, Lausanne
fr;573;allowances;alphabetical;Financement des campagnes;2;22.10.2023 Élections au Conseil des États 2023;;campaign_financing;Montants finaux;personne morale ou société de personnes;Donateur/trice: SP des Bezirks Meilen, Acteur/trice: Jositsch Daniel, Stäfa
fr;574;allowances;alphabetical;Financement des campagnes;2;22.10.2023 Élections au Conseil des États 2023;;campaign_financing;Montants finaux;personne morale ou société de personnes;Donateur/trice: Sozialdemokratische Partei Zürich, Acteur/trice: Jositsch Daniel, Stäfa
fr;575;allowances;alphabetical;Financement des campagnes;2;22.10.2023 Élections au Conseil des États 2023;;campaign_financing;Montants finaux;anonyme;Donateur/trice: Libéralité anonyme, Acteur/trice: Jositsch Daniel, Stäfa
fr;576;allowances;alphabetical;Financement des campagnes;2;22.10.2023 Élections au Conseil des États 2023;;campaign_financing;Montants finaux;anonyme;Donateur/trice: Libéralité anonyme, Acteur/trice: Jositsch Daniel, Stäfa
fr;577;allowances;alphabetical;Financement des campagnes;2;22.10.2023 Élections au Conseil des États 2023;;campaign_financing;Montants finaux;anonyme;Donateur/trice: Libéralité anonyme, Acteur/trice: Jositsch Daniel, Stäfa
fr;578;allowances;alphabetical;Financement des campagnes;2;22.10.2023 Élections au Conseil des États 2023;;campaign_financing;Montants finaux;anonyme;Donateur/trice: Libéralité anonyme, Acteur/trice: Jositsch Daniel, Stäfa
fr;579;allowances;alphabetical;Financement des campagnes;1;22.10.2023 Élections au Conseil national 2023;2023;campaign_financing;Montants finaux;personne morale ou société de personnes;Donateur/trice: Partito Socialista Svizzero, Acteur/trice: Partito Socialista Ticino, Bellinzona
fr;580;allowances;alphabetical;Financement des campagnes;1;22.10.2023 Élections au Conseil national 2023;2023;campaign_financing;Montants finaux;personne physique;Donateur/trice: Hug Piero, Acteur/trice: Les VERT-E-S suisses, Berne
fr;581;allowances;alphabetical;Financement des campagnes;1;22.10.2023 Élections au Conseil national 2023;2023;campaign_financing;Montants finaux;personne physique;Donateur/trice: Burkard Carmita, Acteur/trice: Les VERT-E-S suisses, Berne
fr;582;allowances;alphabetical;Financement des campagnes;1;22.10.2023 Élections au Conseil national 2023;2023;campaign_financing;Montants finaux;personne physique;Donateur/trice: Burkard Carmita, Acteur/trice: GRÜNE Kanton Bern, Bern
fr;583;allowances;alphabetical;Financement des campagnes;1;22.10.2023 Élections au Conseil national 2023;2023;campaign_financing;Montants finaux;personne morale ou société de personnes;Donateur/trice: SP Kanton Zürich, Acteur/trice: Jungsozialist*innen des Kantons Zürich, Zürich
fr;586;allowances;alphabetical;Financement des campagnes;1;22.10.2023 Élections au Conseil national 2023;2023;campaign_financing;Montants finaux;personne morale ou société de personnes;Donateur/trice: Donatorenvereinigung FDP Luzern, Acteur/trice: FDP.Die Liberalen Luzern, Luzern
fr;587;allowances;alphabetical;Financement des campagnes;1;22.10.2023 Élections au Conseil national 2023;2023;campaign_financing;Montants finaux;personne morale ou société de personnes;Donateur/trice: Arbeitgeberverband Region Basel, Acteur/trice: Schenker Saskia, Itingen
fr;588;allowances;alphabetical;Financement des campagnes;1;22.10.2023 Élections au Conseil national 2023;2023;campaign_financing;Montants finaux;personne physique;Donateur/trice: Huber Rosmarie, Acteur/trice: Prelicz-Huber Katharina, Zürich
fr;589;allowances;alphabetical;Financement des campagnes;1;22.10.2023 Élections au Conseil national 2023;2023;campaign_financing;Montants finaux;personne physique;Donateur/trice: Schmid Sascha, Acteur/trice: Mike Egger und Sascha Schmid in den Nationalrat, Au
fr;590;allowances;alphabetical;Financement des campagnes;1;22.10.2023 Élections au Conseil national 2023;2023;campaign_financing;Montants finaux;personne morale ou société de personnes;Donateur/trice: Schweizer Bauernverband, Acteur/trice: IG der Wirtschaftsverbände, Zürich
fr;591;allowances;alphabetical;Financement des campagnes;1;22.10.2023 Élections au Conseil national 2023;2023;campaign_financing;Montants finaux;personne morale ou société de personnes;Donateur/trice: Schweizerischer Gewerbeverband, Acteur/trice: IG der Wirtschaftsverbände, Zürich
fr;592;allowances;alphabetical;Financement des campagnes;1;22.10.2023 Élections au Conseil national 2023;2023;campaign_financing;Montants finaux;personne morale ou société de personnes;Donateur/trice: Schweizerischer Arbeitgeberverband, Acteur/trice: IG der Wirtschaftsverbände, Zürich
fr;593;allowances;alphabetical;Financement des campagnes;1;22.10.2023 Élections au Conseil national 2023;2023;campaign_financing;Montants finaux;personne morale ou société de personnes;Donateur/trice: economiesuisse, Acteur/trice: IG der Wirtschaftsverbände, Zürich
fr;594;allowances;alphabetical;Financement des campagnes;1;22.10.2023 Élections au Conseil national 2023;2023;campaign_financing;Montants finaux;personne morale ou société de personnes;Donateur/trice: Schweizer Bauernverband, Acteur/trice: IG der Wirtschaftsverbände, Zürich
fr;595;allowances;alphabetical;Financement des campagnes;1;22.10.2023 Élections au Conseil national 2023;2023;campaign_financing;Montants finaux;personne morale ou société de personnes;Donateur/trice: economiesuisse, Acteur/trice: IG der Wirtschaftsverbände, Zürich
fr;596;allowances;alphabetical;Financement des campagnes;1;22.10.2023 Élections au Conseil national 2023;2023;campaign_financing;Montants finaux;personne morale ou société de personnes;Donateur/trice: Schweizerischer Gewerbeverband, Acteur/trice: IG der Wirtschaftsverbände, Zürich
fr;597;allowances;alphabetical;Financement des campagnes;1;22.10.2023 Élections au Conseil national 2023;2023;campaign_financing;Montants finaux;personne morale ou société de personnes;Donateur/trice: Schweizerischer Arbeitgeberverband, Acteur/trice: IG der Wirtschaftsverbände, Zürich
fr;598;allowances;alphabetical;Financement des campagnes;1;22.10.2023 Élections au Conseil national 2023;2023;campaign_financing;Montants finaux;personne physique;Donateur/trice: Schlatter Patrick, Acteur/trice: Die Mitte Kanton Solothurn, Solothurn
fr;599;allowances;alphabetical;Financement des campagnes;1;22.10.2023 Élections au Conseil national 2023;2023;campaign_financing;Montants finaux;personne physique;Donateur/trice: Bösiger Beat, Acteur/trice: NR-Kandidat Beat Bösiger, Niederbipp
fr;6;allowances;alphabetical;Financement des campagnes;1;22.10.2023 Élections au Conseil national 2023;2023;campaign_financing;Montants budgétés;personne physique;Donateur/trice: Roth Franziska, Acteur/trice: Sozialdemokratische Partei des Kantons Solothurn, Solothurn
fr;600;allowances;alphabetical;Financement des campagnes;1;22.10.2023 Élections au Conseil national 2023;2023;campaign_financing;Montants finaux;personne morale ou société de personnes;Donateur/trice: SP Schweiz, Acteur/trice: Sozialdemokratische Partei Kanton Baselland, Liestal
fr;601;allowances;alphabetical;Financement des campagnes;1;22.10.2023 Élections au Conseil national 2023;2023;campaign_financing;Montants finaux;personne morale ou société de personnes;Donateur/trice: SP Schweiz, Acteur/trice: Sozialdemokratische Partei Kanton Baselland, Liestal
fr;602;allowances;alphabetical;Financement des campagnes;1;22.10.2023 Élections au Conseil national 2023;2023;campaign_financing;Montants finaux;personne morale ou société de personnes;Donateur/trice: SP Schweiz, Acteur/trice: Sozialdemokratische Partei Kanton Baselland, Liestal
fr;603;allowances;alphabetical;Financement des campagnes;2;22.10.2023 Élections au Conseil des États 2023;;campaign_financing;Montants finaux;personne morale ou société de personnes;Donateur/trice: Sozialdemokratische Partei Kanton Bern (SP Kanton Bern), Acteur/trice: Komitee Flavia in den Ständerat, Bern
fr;604;allowances;alphabetical;Financement des campagnes;2;22.10.2023 Élections au Conseil des États 2023;;campaign_financing;Montants finaux;anonyme;Donateur/trice: Libéralité anonyme, Acteur/trice: Komitee Flavia in den Ständerat, Bern
fr;606;allowances;alphabetical;Financement des campagnes;1;22.10.2023 Élections au Conseil national 2023;2023;campaign_financing;Montants finaux;personne morale ou société de personnes;Donateur/trice: Gönnerverein Bären-Club der SVP Kanton Bern, Acteur/trice: Union Démocratique du Centre du Canton de Berne, Berne
fr;608;allowances;alphabetical;Financement des campagnes;1;22.10.2023 Élections au Conseil national 2023;2023;campaign_financing;Montants finaux;personne morale ou société de personnes;Donateur/trice: Zürcher Bankenverband, Acteur/trice: Portmann Hans-Peter, Rüschlikon
fr;61;allowances;alphabetical;Financement des campagnes;1;22.10.2023 Élections au Conseil national 2023;2023;campaign_financing;Montants budgétés;personne morale ou société de personnes;Donateur/trice: Sozialdemokratische Partei Schweiz, Acteur/trice: Sozialdemokratische Partei Kanton Aargau, Aarau
fr;611;allowances;alphabetical;Financement des campagnes;1;22.10.2023 Élections au Conseil national 2023;2023;campaign_financing;Montants finaux;personne morale ou société de personnes;Donateur/trice: WWF Schweiz, Acteur/trice: Umweltallianz, Zürich
fr;612;allowances;alphabetical;Financement des campagnes;1;22.10.2023 Élections au Conseil national 2023;2023;campaign_financing;Montants finaux;personne morale ou société de personnes;Donateur/trice: Greenpeace Schweiz, Acteur/trice: Umweltallianz, Zürich
fr;613;allowances;alphabetical;Financement des campagnes;1;22.10.2023 Élections au Conseil national 2023;2023;campaign_financing;Montants finaux;personne morale ou société de personnes;Donateur/trice: Pro Natura, Acteur/trice: Umweltallianz, Zürich
fr;614;allowances;alphabetical;Financement des campagnes;1;22.10.2023 Élections au Conseil national 2023;2023;campaign_financing;Montants finaux;personne morale ou société de personnes;Donateur/trice: VCS Verkehrs-Club der Schweiz, Acteur/trice: Umweltallianz, Zürich
fr;615;allowances;alphabetical;Financement des campagnes;1;22.10.2023 Élections au Conseil national 2023;2023;campaign_financing;Montants finaux;personne morale ou société de personnes;Donateur/trice: Schweizerische Energiestiftung SES, Acteur/trice: Umweltallianz, Zürich
fr;616;allowances;alphabetical;Financement des campagnes;1;22.10.2023 Élections au Conseil national 2023;2023;campaign_financing;Montants finaux;personne morale ou société de personnes;Donateur/trice: BirdLife Schweiz, Acteur/trice: Umweltallianz, Zürich
fr;617;allowances;alphabetical;Financement des campagnes;1;22.10.2023 Élections au Conseil national 2023;2023;campaign_financing;Montants finaux;personne morale ou société de personnes;Donateur/trice: Greenpeace Schweiz, Acteur/trice: Umweltallianz, Zürich
fr;618;allowances;alphabetical;Financement des campagnes;1;22.10.2023 Élections au Conseil national 2023;2023;campaign_financing;Montants finaux;personne morale ou société de personnes;Donateur/trice: Pro Natura, Acteur/trice: Umweltallianz, Zürich
fr;619;allowances;alphabetical;Financement des campagnes;1;22.10.2023 Élections au Conseil national 2023;2023;campaign_financing;Montants finaux;personne morale ou société de personnes;Donateur/trice: Swissmem, Acteur/trice: Brupbacher Trivigno Stefan, Zürich
fr;62;allowances;alphabetical;Financement des campagnes;1;22.10.2023 Élections au Conseil national 2023;2023;campaign_financing;Montants budgétés;personne morale ou société de personnes;Donateur/trice: Sozialdemokratische Partei Schweiz, Acteur/trice: Sozialdemokratische Partei Kanton Aargau, Aarau
fr;620;allowances;alphabetical;Financement des campagnes;1;22.10.2023 Élections au Conseil national 2023;2023;campaign_financing;Montants finaux;personne morale ou société de personnes;Donateur/trice: VCS Verkehrs-Club der Schweiz, Acteur/trice: Umweltallianz, Zürich
fr;621;allowances;alphabetical;Financement des campagnes;1;22.10.2023 Élections au Conseil national 2023;2023;campaign_financing;Montants finaux;personne morale ou société de personnes;Donateur/trice: Swissmem, Acteur/trice: Brupbacher Trivigno Stefan, Zürich
fr;622;allowances;alphabetical;Financement des campagnes;1;22.10.2023 Élections au Conseil national 2023;2023;campaign_financing;Montants finaux;personne morale ou société de personnes;Donateur/trice: Schweizerische Energiestiftung SES, Acteur/trice: Umweltallianz, Zürich
fr;623;allowances;alphabetical;Financement des campagnes;1;22.10.2023 Élections au Conseil national 2023;2023;campaign_financing;Montants finaux;personne morale ou société de personnes;Donateur/trice: BirdLife Schweiz, Acteur/trice: Umweltallianz, Zürich
fr;624;allowances;alphabetical;Financement des campagnes;1;22.10.2023 Élections au Conseil national 2023;2023;campaign_financing;Montants finaux;personne morale ou société de personnes;Donateur/trice: WWF Schweiz, Acteur/trice: Umweltallianz, Zürich
fr;625;allowances;alphabetical;Financement des campagnes;1;22.10.2023 Élections au Conseil national 2023;2023;campaign_financing;Montants finaux;personne morale ou société de personnes;Donateur/trice: WWF Schweiz, Acteur/trice: WWF Suisse, Zurich
fr;626;allowances;alphabetical;Financement des campagnes;1;22.10.2023 Élections au Conseil national 2023;2023;campaign_financing;Montants finaux;personne morale ou société de personnes;Donateur/trice: SUITO 1833, Acteur/trice: FDP.Die Liberalen Kanton Schwyz, Gersau
fr;627;allowances;alphabetical;Financement des campagnes;1;22.10.2023 Élections au Conseil national 2023;2023;campaign_financing;Montants finaux;personne morale ou société de personnes;Donateur/trice: Freunde der FDP des Kantons Schwyz, Acteur/trice: FDP.Die Liberalen Kanton Schwyz, Gersau
fr;628;allowances;alphabetical;Financement des campagnes;1;22.10.2023 Élections au Conseil national 2023;2023;campaign_financing;Montants finaux;personne physique;Donateur/trice: Bulliard-Marbach Christine, Acteur/trice: Le Centre Fribourg, Fribourg
fr;629;allowances;alphabetical;Financement des campagnes;1;22.10.2023 Élections au Conseil national 2023;2023;campaign_financing;Montants finaux;personne physique;Donateur/trice: Bulliard-Marbach Christine, Acteur/trice: Le Centre Fribourg, Fribourg
fr;630;allowances;alphabetical;Financement des campagnes;1;22.10.2023 Élections au Conseil national 2023;2023;campaign_financing;Montants finaux;personne physique;Donateur/trice: Roth Pasquier Marie-France, Acteur/trice: Le Centre Fribourg, Fribourg
fr;631;allowances;alphabetical;Financement des campagnes;1;22.10.2023 Élections au Conseil national 2023;2023;campaign_financing;Montants finaux;personne physique;Donateur/trice: Roth Pasquier Marie-France, Acteur/trice: Le Centre Fribourg, Fribourg
fr;632;allowances;alphabetical;Financement des campagnes;1;22.10.2023 Élections au Conseil national 2023;2023;campaign_financing;Montants finaux;personne physique;Donateur/trice: Chassot Isabelle, Acteur/trice: Le Centre Fribourg, Fribourg
fr;633;allowances;alphabetical;Financement des campagnes;1;22.10.2023 Élections au Conseil national 2023;2023;campaign_financing;Montants finaux;personne physique;Donateur/trice: Chassot Isabelle, Acteur/trice: Le Centre Fribourg, Fribourg
fr;634;allowances;alphabetical;Financement des campagnes;2;22.10.2023 Élections au Conseil des États 2023;;campaign_financing;Montants finaux;personne morale ou société de personnes;Donateur/trice: SUITO 1833, Acteur/trice: FDP.Die Liberalen Kanton Schwyz, Gersau
fr;635;allowances;alphabetical;Financement des campagnes;2;22.10.2023 Élections au Conseil des États 2023;;campaign_financing;Montants finaux;personne morale ou société de personnes;Donateur/trice: Freunde der FDP des Kantons Schwyz, Acteur/trice: FDP.Die Liberalen Kanton Schwyz, Gersau
fr;636;allowances;alphabetical;Financement des campagnes;1;22.10.2023 Élections au Conseil national 2023;2023;campaign_financing;Montants finaux;personne morale ou société de personnes;Donateur/trice: Lehner Versand AG, Acteur/trice: Meier Thomas, Schenkon
fr;637;allowances;alphabetical;Financement des campagnes;1;22.10.2023 Élections au Conseil national 2023;2023;campaign_financing;Montants finaux;personne physique;Donateur/trice: Kern Georges, Acteur/trice: Bellaïche Jäger Judith, Kilchberg
fr;638;allowances;alphabetical;Financement des campagnes;1;22.10.2023 Élections au Conseil national 2023;2023;campaign_financing;Montants finaux;personne morale ou société de personnes;Donateur/trice: Grünliberale Partei Bezirk Horgen, Acteur/trice: Bellaïche Jäger Judith, Kilchberg
fr;646;allowances;alphabetical;Financement des campagnes;1;22.10.2023 Élections au Conseil national 2023;2023;campaign_financing;Montants finaux;personne physique;Donateur/trice: Chassot Isabelle, Acteur/trice: Le Centre Fribourg, Fribourg
fr;647;allowances;alphabetical;Financement des campagnes;1;22.10.2023 Élections au Conseil national 2023;2023;campaign_financing;Montants finaux;personne physique;Donateur/trice: De Planta Renaud, Acteur/trice: Parti libéral-radical genevois, Genève
fr;648;allowances;alphabetical;Financement des campagnes;1;22.10.2023 Élections au Conseil national 2023;2023;campaign_financing;Montants finaux;personne morale ou société de personnes;Donateur/trice: Union Bancaire Privée, Acteur/trice: Parti libéral-radical genevois, Genève
fr;649;allowances;alphabetical;Financement des campagnes;1;22.10.2023 Élections au Conseil national 2023;2023;campaign_financing;Montants finaux;personne morale ou société de personnes;Donateur/trice: Comité de coordination des associations économiques, Acteur/trice: Parti libéral-radical genevois, Genève
fr;650;allowances;alphabetical;Financement des campagnes;1;22.10.2023 Élections au Conseil national 2023;2023;campaign_financing;Montants finaux;personne physique;Donateur/trice: Burkard Kroeber Carmita, Acteur/trice: Les Vert-e-s neuchâtelois-es, Neuchâtel
fr;653;allowances;alphabetical;Financement des campagnes;1;22.10.2023 Élections au Conseil national 2023;2023;campaign_financing;Montants finaux;personne morale ou société de personnes;Donateur/trice: HEV Kanton Zürich, Acteur/trice: Bigler Hans-Ulrich, Affoltern am Albis
fr;654;allowances;alphabetical;Financement des campagnes;1;22.10.2023 Élections au Conseil national 2023;2023;campaign_financing;Montants finaux;personne morale ou société de personnes;Donateur/trice: Schweizerischer Gewerbeverband sgv, Acteur/trice: Bigler Hans-Ulrich, Affoltern am Albis
fr;655;allowances;alphabetical;Financement des campagnes;2;22.10.2023 Élections au Conseil des États 2023;;campaign_financing;Montants finaux;personne morale ou société de personnes;Donateur/trice: Supporter-Club der FDP Graubünden, Acteur/trice: Freisinnig-Demokratische Partei Graubünden, Chur
fr;656;allowances;alphabetical;Financement des campagnes;1;22.10.2023 Élections au Conseil national 2023;2023;campaign_financing;Montants finaux;personne morale ou société de personnes;Donateur/trice: Supporter-Club der FDP Graubünden, Acteur/trice: Freisinnig-Demokratische Partei Graubünden, Chur
fr;658;allowances;alphabetical;Financement des campagnes;1;22.10.2023 Élections au Conseil national 2023;2023;campaign_financing;Montants finaux;personne morale ou société de personnes;Donateur/trice: Raiffeisen Schweiz Genossenschaft, Acteur/trice: Komitee Thomas de Courten in den Nationalrat, Rünenberg
fr;659;allowances;alphabetical;Financement des campagnes;1;22.10.2023 Élections au Conseil national 2023;2023;campaign_financing;Montants finaux;personne morale ou société de personnes;Donateur/trice: Club économique libéral neuchâtelois, Acteur/trice: Parti libéral-radical neuchâtelois, Neuchâtel
fr;66;allowances;alphabetical;Financement des campagnes;1;22.10.2023 Élections au Conseil national 2023;2023;campaign_financing;Montants budgétés;personne morale ou société de personnes;Donateur/trice: Supporter-Club der FDP des Kantons St.Gallen, Acteur/trice: Freisinnig-Demokratische Partei des Kantons St. Gallen, St. Gallen
fr;660;allowances;alphabetical;Financement des campagnes;1;22.10.2023 Élections au Conseil national 2023;2023;campaign_financing;Montants finaux;personne morale ou société de personnes;Donateur/trice: Swissetec, Acteur/trice: Parti libéral-radical neuchâtelois, Neuchâtel
fr;662;allowances;alphabetical;Financement des campagnes;1;22.10.2023 Élections au Conseil national 2023;2023;campaign_financing;Montants finaux;personne morale ou société de personnes;Donateur/trice: Churfisten-Club, Acteur/trice: Schweizerische Volkspartei des Kantons St. Gallen, St. Gallen
fr;663;allowances;alphabetical;Financement des campagnes;1;22.10.2023 Élections au Conseil national 2023;2023;campaign_financing;Montants finaux;personne morale ou société de personnes;Donateur/trice: Churfirsten-Club, Acteur/trice: Schweizerische Volkspartei des Kantons St. Gallen, St. Gallen
fr;664;allowances;alphabetical;Financement des campagnes;1;22.10.2023 Élections au Conseil national 2023;2023;campaign_financing;Montants finaux;personne morale ou société de personnes;Donateur/trice: Handelskammer beider Basel, Acteur/trice: Dätwyler Martin, Laufen
fr;666;allowances;alphabetical;Financement des campagnes;1;22.10.2023 Élections au Conseil national 2023;2023;campaign_financing;Montants finaux;personne physique;Donateur/trice: Giacometti Anna, Acteur/trice: Freisinnig-Demokratische Partei Graubünden, Chur
fr;667;allowances;alphabetical;Financement des campagnes;2;22.10.2023 Élections au Conseil des États 2023;;campaign_financing;Montants finaux;personne physique;Donateur/trice: Schmid Martin, Acteur/trice: Freisinnig-Demokratische Partei Graubünden, Chur
fr;668;allowances;alphabetical;Financement des campagnes;1;22.10.2023 Élections au Conseil national 2023;2023;campaign_financing;Montants finaux;personne morale ou société de personnes;Donateur/trice: Moving Media Basel AG, Acteur/trice: Sozialdemokratische Partei Basel-Stadt, Basel-Stadt
fr;67;allowances;alphabetical;Financement des campagnes;1;22.10.2023 Élections au Conseil national 2023;2023;campaign_financing;Montants budgétés;personne morale ou société de personnes;Donateur/trice: SP Schweiz, Acteur/trice: Sozialdemokratische Partei des Kantons Bern, Bern
fr;671;allowances;alphabetical;Financement des campagnes;1;22.10.2023 Élections au Conseil national 2023;2023;campaign_financing;Montants finaux;personne morale ou société de personnes;Donateur/trice: Raiffeisenbank Schweiz, Acteur/trice: Schilliger Peter, Udligenswil
fr;672;allowances;alphabetical;Financement des campagnes;1;22.10.2023 Élections au Conseil national 2023;2023;campaign_financing;Montants finaux;personne morale ou société de personnes;Donateur/trice: Schweizerischer Gebäudetechnikverband - suissetec, Acteur/trice: Schilliger Peter, Udligenswil
fr;673;allowances;alphabetical;Financement des campagnes;1;22.10.2023 Élections au Conseil national 2023;2023;campaign_financing;Montants finaux;personne morale ou société de personnes;Donateur/trice: TCS Schweiz und Sektion Waldstätte (3 Zahlungen insgesamt), Acteur/trice: Schilliger Peter, Udligenswil
fr;674;allowances;alphabetical;Financement des campagnes;1;22.10.2023 Élections au Conseil national 2023;2023;campaign_financing;Montants finaux;personne morale ou société de personnes;Donateur/trice: SGV Schweizerischer Gewerbeverband, Acteur/trice: Schilliger Peter, Udligenswil
fr;687;allowances;alphabetical;Financement des campagnes;1;22.10.2023 Élections au Conseil national 2023;2023;campaign_financing;Montants finaux;personne morale ou société de personnes;Donateur/trice: scienceindustries, Acteur/trice: scienceindustries, Zürich
fr;688;allowances;alphabetical;Financement des campagnes;1;22.10.2023 Élections au Conseil national 2023;2023;campaign_financing;Montants finaux;personne morale ou société de personnes;Donateur/trice: eit.swiss, Acteur/trice: Jauslin Matthias Samuel, Wohlen
fr;69;allowances;alphabetical;Financement des campagnes;1;22.10.2023 Élections au Conseil national 2023;2023;campaign_financing;Montants budgétés;personne morale ou société de personnes;Donateur/trice: FORUM AARGAU, Acteur/trice: FDP.Die Liberalen Aargau, Aarau
fr;690;allowances;alphabetical;Financement des campagnes;1;22.10.2023 Élections au Conseil national 2023;2023;campaign_financing;Montants finaux;personne physique;Donateur/trice: Vietze Kristiane, Acteur/trice: Kris nach Bern, Frauenfeld
fr;691;allowances;alphabetical;Financement des campagnes;1;22.10.2023 Élections au Conseil national 2023;2023;campaign_financing;Montants finaux;personne morale ou société de personnes;Donateur/trice: scienceindustries, Acteur/trice: scienceindustries, Zürich
fr;692;allowances;alphabetical;Financement des campagnes;1;22.10.2023 Élections au Conseil national 2023;2023;campaign_financing;Montants finaux;personne morale ou société de personnes;Donateur/trice: SwissLife, Acteur/trice: FDP.Die Liberalen Kanton Zürich, Zürich
fr;693;allowances;alphabetical;Financement des campagnes;1;22.10.2023 Élections au Conseil national 2023;2023;campaign_financing;Montants finaux;personne morale ou société de personnes;Donateur/trice: HEV Kanton Zürich, Acteur/trice: FDP.Die Liberalen Kanton Zürich, Zürich
fr;694;allowances;alphabetical;Financement des campagnes;1;22.10.2023 Élections au Conseil national 2023;2023;campaign_financing;Montants finaux;personne morale ou société de personnes;Donateur/trice: SWISS REINSURANCE COMPANY LIMITED, Acteur/trice: FDP.Die Liberalen Kanton Zürich, Zürich
fr;695;allowances;alphabetical;Financement des campagnes;1;22.10.2023 Élections au Conseil national 2023;2023;campaign_financing;Montants finaux;personne physique;Donateur/trice: Portmann Hans-Peter, Acteur/trice: FDP.Die Liberalen Kanton Zürich, Zürich
fr;696;allowances;alphabetical;Financement des campagnes;1;22.10.2023 Élections au Conseil national 2023;2023;campaign_financing;Montants finaux;personne physique;Donateur/trice: Balmer Bettina, Acteur/trice: FDP.Die Liberalen Kanton Zürich, Zürich
fr;697;allowances;alphabetical;Financement des campagnes;1;22.10.2023 Élections au Conseil national 2023;2023;campaign_financing;Montants finaux;personne physique;Donateur/trice: Sauter Regine, Acteur/trice: FDP.Die Liberalen Kanton Zürich, Zürich
fr;698;allowances;alphabetical;Financement des campagnes;1;22.10.2023 Élections au Conseil national 2023;2023;campaign_financing;Montants finaux;personne physique;Donateur/trice: Walti Beat, Acteur/trice: FDP.Die Liberalen Kanton Zürich, Zürich
fr;699;allowances;alphabetical;Financement des campagnes;1;22.10.2023 Élections au Conseil national 2023;2023;campaign_financing;Montants finaux;personne physique;Donateur/trice: Walti Beat, Acteur/trice: FDP.Die Liberalen Kanton Zürich, Zürich
fr;7;allowances;alphabetical;Financement des campagnes;1;22.10.2023 Élections au Conseil national 2023;2023;campaign_financing;Montants budgétés;personne physique;Donateur/trice: Steinmann-Fehr Sabine, Acteur/trice: Sozialdemokratische Partei des Kantons Glarus, Netstal
fr;70;allowances;alphabetical;Financement des campagnes;1;22.10.2023 Élections au Conseil national 2023;2023;campaign_financing;Montants budgétés;personne morale ou société de personnes;Donateur/trice: SP Schweiz, Acteur/trice: Sozialdemokratische Partei des Kantons Bern, Bern
fr;700;allowances;alphabetical;Financement des campagnes;1;22.10.2023 Élections au Conseil national 2023;2023;campaign_financing;Montants finaux;personne physique;Donateur/trice: Silberschmidt Andri, Acteur/trice: FDP.Die Liberalen Kanton Zürich, Zürich
fr;701;allowances;alphabetical;Financement des campagnes;1;22.10.2023 Élections au Conseil national 2023;2023;campaign_financing;Montants finaux;personne physique;Donateur/trice: Farner Martin, Acteur/trice: FDP.Die Liberalen Kanton Zürich, Zürich
fr;702;allowances;alphabetical;Financement des campagnes;1;22.10.2023 Élections au Conseil national 2023;2023;campaign_financing;Montants finaux;personne physique;Donateur/trice: Müller Matthias, Acteur/trice: FDP.Die Liberalen Kanton Zürich, Zürich
fr;703;allowances;alphabetical;Financement des campagnes;1;22.10.2023 Élections au Conseil national 2023;2023;campaign_financing;Montants finaux;personne physique;Donateur/trice: Portmann Hans-Peter, Acteur/trice: FDP.Die Liberalen Kanton Zürich, Zürich
fr;704;allowances;alphabetical;Financement des campagnes;1;22.10.2023 Élections au Conseil national 2023;2023;campaign_financing;Montants finaux;personne morale ou société de personnes;"Donateur/trice: PAMAG Konsolen & Montagen, Acteur/trice: Überparteiliches Komitee ""KR Paul Mayer in den Nationalrat"", Marthalen"
fr;705;allowances;alphabetical;Financement des campagnes;1;22.10.2023 Élections au Conseil national 2023;2023;campaign_financing;Montants finaux;personne morale ou société de personnes;"Donateur/trice: PAMAG Metallbau AG, Acteur/trice: Überparteiliches Komitee ""KR Paul Mayer in den Nationalrat"", Marthalen"
fr;706;allowances;alphabetical;Financement des campagnes;1;22.10.2023 Élections au Conseil national 2023;2023;campaign_financing;Montants finaux;personne physique;"Donateur/trice: Mayer Paul, Acteur/trice: Überparteiliches Komitee ""KR Paul Mayer in den Nationalrat"", Marthalen"
fr;707;allowances;alphabetical;Financement des campagnes;1;22.10.2023 Élections au Conseil national 2023;2023;campaign_financing;Montants finaux;personne morale ou société de personnes;Donateur/trice: SP Schweiz, Acteur/trice: Sozialdemokratische Partei Basel-Stadt, Basel-Stadt
fr;708;allowances;alphabetical;Financement des campagnes;1;22.10.2023 Élections au Conseil national 2023;2023;campaign_financing;Montants finaux;personne morale ou société de personnes;Donateur/trice: SP Schweiz, Acteur/trice: Sozialdemokratische Partei Basel-Stadt, Basel-Stadt
fr;711;allowances;alphabetical;Financement des campagnes;2;22.10.2023 Élections au Conseil des États 2023;;campaign_financing;Montants finaux;personne morale ou société de personnes;Donateur/trice: Bärenclub der SVP des Kantons Bern, Acteur/trice: Überparteiliches Wahlkomitee Werner Salzmann in den Ständerat, Mülchi
fr;719;allowances;alphabetical;Financement des campagnes;1;22.10.2023 Élections au Conseil national 2023;2023;campaign_financing;Montants finaux;personne morale ou société de personnes;Donateur/trice: BastA!, Acteur/trice: Grünes Bündnis, Basel
fr;720;allowances;alphabetical;Financement des campagnes;1;22.10.2023 Élections au Conseil national 2023;2023;campaign_financing;Montants finaux;personne morale ou société de personnes;Donateur/trice: GRÜNE Basel-Stadt, Acteur/trice: Grünes Bündnis, Basel
fr;721;allowances;alphabetical;Financement des campagnes;1;22.10.2023 Élections au Conseil national 2023;2023;campaign_financing;Montants finaux;personne morale ou société de personnes;Donateur/trice: Der Schweizerische Arbeitgeberverband, Acteur/trice: Le Centre, Bern
fr;722;allowances;alphabetical;Financement des campagnes;1;22.10.2023 Élections au Conseil national 2023;2023;campaign_financing;Montants finaux;personne morale ou société de personnes;Donateur/trice: Holcim Schweiz AG, Acteur/trice: Le Centre, Bern
fr;723;allowances;alphabetical;Financement des campagnes;1;22.10.2023 Élections au Conseil national 2023;2023;campaign_financing;Montants finaux;personne morale ou société de personnes;Donateur/trice: DIE MITTE-FRAKTION. DIE MITTE. EVP. (M-E), Acteur/trice: Le Centre, Bern
fr;728;allowances;alphabetical;Financement des campagnes;2;22.10.2023 Élections au Conseil des États 2023;;campaign_financing;Montants finaux;personne physique;Donateur/trice: Burkard Kroeber Carmita, Acteur/trice: Les Vert-e-s neuchâtelois-es, Neuchâtel
fr;734;allowances;alphabetical;Financement des campagnes;2;22.10.2023 Élections au Conseil des États 2023;;campaign_financing;Montants finaux;personne physique;Donateur/trice: Germann Hannes, Acteur/trice: Schweizerische Volkspartei des Kantons Schaffhausen, Schaffhausen
fr;735;allowances;alphabetical;Financement des campagnes;1;22.10.2023 Élections au Conseil national 2023;2023;campaign_financing;Montants finaux;personne morale ou société de personnes;Donateur/trice: Comité de coordination des associations économiques, Acteur/trice: Le Centre du canton de Genève, Genève
fr;737;allowances;alphabetical;Financement des campagnes;1;22.10.2023 Élections au Conseil national 2023;2023;campaign_financing;Montants finaux;personne morale ou société de personnes;Donateur/trice: Evangelische Volkspartei der Schweiz, Acteur/trice: Evangelische Volkspartei Kanton Bern, Bern
fr;744;allowances;alphabetical;Financement des campagnes;1;22.10.2023 Élections au Conseil national 2023;2023;campaign_financing;Montants finaux;personne morale ou société de personnes;Donateur/trice: SP Kanton Bern, Acteur/trice: Jeunesse Socialiste du Canton de Berne, Berne
fr;745;allowances;alphabetical;Financement des campagnes;2;22.10.2023 Élections au Conseil des États 2023;;campaign_financing;Montants finaux;personne morale ou société de personnes;Donateur/trice: PLR Canton de Fribourg, Acteur/trice: Gapany Johanna, Bulle
fr;746;allowances;alphabetical;Financement des campagnes;1;22.10.2023 Élections au Conseil national 2023;2023;campaign_financing;Montants finaux;personne morale ou société de personnes;Donateur/trice: SP Schweiz, Acteur/trice: Sozialdemokratische Partei des Kantons Luzern, Luzern
fr;747;allowances;alphabetical;Financement des campagnes;1;22.10.2023 Élections au Conseil national 2023;2023;campaign_financing;Montants finaux;personne morale ou société de personnes;Donateur/trice: SP Schweiz, Acteur/trice: Sozialdemokratische Partei des Kantons Luzern, Luzern
fr;752;allowances;alphabetical;Financement des campagnes;1;22.10.2023 Élections au Conseil national 2023;2023;campaign_financing;Montants finaux;personne morale ou société de personnes;Donateur/trice: Supporterclub FDP AR, Acteur/trice: FDP.Die Liberalen des Kantons Appenzell Ausserrhoden, Heiden
fr;753;allowances;alphabetical;Financement des campagnes;1;22.10.2023 Élections au Conseil national 2023;2023;campaign_financing;Montants finaux;personne morale ou société de personnes;Donateur/trice: Supporter-Club der FDP des Kantons St.Gallen, Acteur/trice: Freisinnig-Demokratische Partei des Kantons St. Gallen, St. Gallen
fr;754;allowances;alphabetical;Financement des campagnes;1;22.10.2023 Élections au Conseil national 2023;2023;campaign_financing;Montants finaux;personne morale ou société de personnes;Donateur/trice: Parti démocrate chrétien / Fêtes du printemps, Acteur/trice: Le Centre Fribourg, Fribourg
fr;755;allowances;alphabetical;Financement des campagnes;1;22.10.2023 Élections au Conseil national 2023;2023;campaign_financing;Montants finaux;personne morale ou société de personnes;Donateur/trice: Parti démocrate chrétien / Fêtes du printemps, Acteur/trice: Le Centre Fribourg, Fribourg
fr;759;allowances;alphabetical;Financement des campagnes;1;22.10.2023 Élections au Conseil national 2023;2023;campaign_financing;Montants finaux;personne physique;Donateur/trice: Burger Philippe, Acteur/trice: Parti Pirate Bernois, Berne
fr;761;allowances;alphabetical;Financement des campagnes;1;22.10.2023 Élections au Conseil national 2023;2023;campaign_financing;Montants finaux;personne physique;Donateur/trice: Burger Philippe, Acteur/trice: Parti Pirate Suisse, Berne
fr;762;allowances;alphabetical;Financement des campagnes;1;22.10.2023 Élections au Conseil national 2023;2023;campaign_financing;Montants finaux;personne physique;Donateur/trice: Burkard Carmita, Acteur/trice: Verdi del Cantone Ticino, Bellinzona
fr;763;allowances;alphabetical;Financement des campagnes;1;22.10.2023 Élections au Conseil national 2023;2023;campaign_financing;Montants finaux;personne physique;Donateur/trice: Gysin Greta, Acteur/trice: Verdi del Cantone Ticino, Bellinzona
fr;764;allowances;alphabetical;Financement des campagnes;1;22.10.2023 Élections au Conseil national 2023;2023;campaign_financing;Montants finaux;personne physique;Donateur/trice: Savary Josef, Acteur/trice: Verdi del Cantone Ticino, Bellinzona
fr;765;allowances;alphabetical;Financement des campagnes;1;22.10.2023 Élections au Conseil national 2023;2023;campaign_financing;Montants finaux;personne physique;Donateur/trice: Majno-Hurst Pietro, Acteur/trice: Verdi del Cantone Ticino, Bellinzona
fr;770;allowances;alphabetical;Financement des campagnes;1;22.10.2023 Élections au Conseil national 2023;2023;campaign_financing;Montants finaux;personne physique;Donateur/trice: Berthoud Alexandre, Acteur/trice: Campagne commune Alexandre Berthoud, Thierry Amy, Carlos Bujard, Neyruz-sur-Moudon
fr;771;allowances;alphabetical;Financement des campagnes;1;22.10.2023 Élections au Conseil national 2023;2023;campaign_financing;Montants finaux;personne morale ou société de personnes;Donateur/trice: Fondazione per una politica liberal-conservatrice, Acteur/trice: Unione Democratica di Centro del Canton Ticino, Pregassona
fr;772;allowances;alphabetical;Financement des campagnes;1;22.10.2023 Élections au Conseil national 2023;2023;campaign_financing;Montants finaux;personne morale ou société de personnes;Donateur/trice: Fondazione per una politica liberal-conservatrice, Acteur/trice: Unione Democratica di Centro del Canton Ticino, Pregassona
fr;773;allowances;alphabetical;Financement des campagnes;1;22.10.2023 Élections au Conseil national 2023;2023;campaign_financing;Montants finaux;personne physique;Donateur/trice: Matter Michel, Acteur/trice: Parti vert'libéral genevois, Genève
fr;774;allowances;alphabetical;Financement des campagnes;1;22.10.2023 Élections au Conseil national 2023;2023;campaign_financing;Montants finaux;personne physique;Donateur/trice: Marchand Christina, Acteur/trice: Grüne Kanton Zürich, Zürich
fr;776;allowances;alphabetical;Financement des campagnes;2;22.10.2023 Élections au Conseil des États 2023;;campaign_financing;Montants finaux;personne physique;Donateur/trice: Burkard Kroeber Carmita, Acteur/trice: Campagne commune des candidat-es PS et Vert-es à l'élection au Conseil des États - Genève, Genève
fr;777;allowances;alphabetical;Financement des campagnes;2;22.10.2023 Élections au Conseil des États 2023;;campaign_financing;Montants finaux;personne morale ou société de personnes;Donateur/trice: Grüne Partei der Schweiz, Acteur/trice: Campagne commune des candidat-es PS et Vert-es à l'élection au Conseil des États - Genève, Genève
fr;778;allowances;alphabetical;Financement des campagnes;1;22.10.2023 Élections au Conseil national 2023;2023;campaign_financing;Montants finaux;personne morale ou société de personnes;Donateur/trice: EDU Schweiz, Acteur/trice: Eidgenössisch-Demokratische Union des Kantons Bern, Münsingen
fr;779;allowances;alphabetical;Financement des campagnes;1;22.10.2023 Élections au Conseil national 2023;2023;campaign_financing;Montants finaux;personne physique;Donateur/trice: Burkard Carmita, Acteur/trice: Les Vert.e.s, mouvement écologiste vaudois, Lausanne
fr;780;allowances;alphabetical;Financement des campagnes;1;22.10.2023 Élections au Conseil national 2023;2023;campaign_financing;Montants finaux;personne morale ou société de personnes;Donateur/trice: GRÜNE Schweiz, Acteur/trice: Jeunes Vert-e-s Suisse, Berne
fr;781;allowances;alphabetical;Financement des campagnes;1;22.10.2023 Élections au Conseil national 2023;2023;campaign_financing;Montants finaux;personne physique;Donateur/trice: Burkard Carmita, Acteur/trice: Jeunes Vert-e-s Suisse, Berne
fr;784;allowances;alphabetical;Financement des campagnes;2;22.10.2023 Élections au Conseil des États 2023;;campaign_financing;Montants finaux;personne morale ou société de personnes;Donateur/trice: Parti socialiste genevois, Acteur/trice: Campagne commune des candidat-es PS et Vert-es à l'élection au Conseil des États - Genève, Genève
fr;785;allowances;alphabetical;Financement des campagnes;2;22.10.2023 Élections au Conseil des États 2023;;campaign_financing;Montants finaux;personne morale ou société de personnes;Donateur/trice: Les Vert-e-s genevois-es, Acteur/trice: Campagne commune des candidat-es PS et Vert-es à l'élection au Conseil des États - Genève, Genève
fr;786;allowances;alphabetical;Financement des campagnes;1;22.10.2023 Élections au Conseil national 2023;2023;campaign_financing;Montants finaux;personne physique;Donateur/trice: Candinas Martin, Acteur/trice: Die Mitte Graubünden, Chur
fr;787;allowances;alphabetical;Financement des campagnes;2;22.10.2023 Élections au Conseil des États 2023;;campaign_financing;Montants finaux;personne physique;Donateur/trice: Engler Stefan, Acteur/trice: Die Mitte Graubünden, Chur
fr;788;allowances;alphabetical;Financement des campagnes;1;22.10.2023 Élections au Conseil national 2023;2023;campaign_financing;Montants finaux;personne morale ou société de personnes;Donateur/trice: Gönnervereinigung der Mitte Kanton Bern, Acteur/trice: Die Mitte Kanton Bern, Bern
fr;795;allowances;alphabetical;Financement des campagnes;2;22.10.2023 Élections au Conseil des États 2023;;campaign_financing;Montants finaux;personne physique;Donateur/trice: Burkard Kroeber Carmita, Acteur/trice: Les Vert.e.s, mouvement écologiste vaudois, Lausanne
fr;796;allowances;alphabetical;Financement des campagnes;2;22.10.2023 Élections au Conseil des États 2023;;campaign_financing;Montants finaux;personne physique;Donateur/trice: Burkard Kroeber Carmita, Acteur/trice: Les Vert.e.s, mouvement écologiste vaudois, Lausanne
fr;798;allowances;alphabetical;Financement des campagnes;2;22.10.2023 Élections au Conseil des États 2023;;campaign_financing;Montants finaux;personne physique;Donateur/trice: Kern Georges Alexander, Acteur/trice: Moser Tiana Angelina, Zürich
fr;799;allowances;alphabetical;Financement des campagnes;2;22.10.2023 Élections au Conseil des États 2023;;campaign_financing;Montants finaux;personne morale ou société de personnes;Donateur/trice: Grünliberale Partei Kanton Zürich, Acteur/trice: Moser Tiana Angelina, Zürich
fr;800;allowances;alphabetical;Financement des campagnes;2;22.10.2023 Élections au Conseil des États 2023;;campaign_financing;Montants finaux;personne physique;Donateur/trice: Curran-Steiner Barbara M., Acteur/trice: Moser Tiana Angelina, Zürich
fr;801;allowances;alphabetical;Financement des campagnes;2;22.10.2023 Élections au Conseil des États 2023;;campaign_financing;Montants finaux;personne morale ou société de personnes;Donateur/trice: Parti socialiste vaudois, Acteur/trice: Les Vert.e.s, mouvement écologiste vaudois, Lausanne
fr;802;allowances;alphabetical;Financement des campagnes;2;22.10.2023 Élections au Conseil des États 2023;;campaign_financing;Montants finaux;personne morale ou société de personnes;Donateur/trice: Il Centro Ticino, Acteur/trice: Regazzi Fabio, Gordola
fr;803;allowances;alphabetical;Financement des campagnes;1;22.10.2023 Élections au Conseil national 2023;2023;campaign_financing;Montants finaux;personne morale ou société de personnes;Donateur/trice: Raiffeisen Schweiz, Acteur/trice: Guggisberg Lars, Kirchlindach
fr;804;allowances;alphabetical;Financement des campagnes;1;22.10.2023 Élections au Conseil national 2023;2023;campaign_financing;Montants finaux;personne morale ou société de personnes;Donateur/trice: TCS Schweiz, Sektion Bern, Region Bern-Mittelland, Acteur/trice: Guggisberg Lars, Kirchlindach
fr;805;allowances;alphabetical;Financement des campagnes;2;22.10.2023 Élections au Conseil des États 2023;;campaign_financing;Montants finaux;personne morale ou société de personnes;Donateur/trice: Grünliberale Partei Schweiz, Acteur/trice: Moser Tiana Angelina, Zürich
fr;806;allowances;alphabetical;Financement des campagnes;2;22.10.2023 Élections au Conseil des États 2023;;campaign_financing;Montants finaux;personne morale ou société de personnes;Donateur/trice: Grünliberale Partei Schweiz, Acteur/trice: Moser Tiana Angelina, Zürich
fr;807;allowances;alphabetical;Financement des campagnes;1;22.10.2023 Élections au Conseil national 2023;2023;campaign_financing;Montants finaux;personne physique;Donateur/trice: Burkard Carmita, Acteur/trice: Grüne Kanton Solothurn, Solothurn
fr;808;allowances;alphabetical;Financement des campagnes;1;22.10.2023 Élections au Conseil national 2023;2023;campaign_financing;Montants finaux;personne morale ou société de personnes;Donateur/trice: Schweizerischer Gewerbeverband, Acteur/trice: Müller Leo, Ruswil
fr;81;allowances;alphabetical;Financement des campagnes;1;22.10.2023 Élections au Conseil national 2023;2023;campaign_financing;Montants budgétés;personne physique;Donateur/trice: Burkard Carmita, Acteur/trice: GRÜNE Kanton Bern, Bern
fr;810;allowances;alphabetical;Financement des campagnes;1;22.10.2023 Élections au Conseil national 2023;2023;campaign_financing;Montants finaux;personne physique;Donateur/trice: Thalmann Christian, Acteur/trice: EG Ankli, Bartholdi & Thalmann, Breitenbach
fr;811;allowances;alphabetical;Financement des campagnes;1;22.10.2023 Élections au Conseil national 2023;2023;campaign_financing;Montants finaux;personne morale ou société de personnes;Donateur/trice: Bandfabrik Breitenbach AG, Acteur/trice: EG Ankli, Bartholdi & Thalmann, Breitenbach
fr;812;allowances;alphabetical;Financement des campagnes;2;22.10.2023 Élections au Conseil des États 2023;;campaign_financing;Montants finaux;personne morale ou société de personnes;Donateur/trice: Churfirsten-Club, Acteur/trice: Friedli Esther, Ebnat-Kappel
fr;813;allowances;alphabetical;Financement des campagnes;1;22.10.2023 Élections au Conseil national 2023;2023;campaign_financing;Montants finaux;personne morale ou société de personnes;Donateur/trice: Intergrund, Acteur/trice: Schoop Adrian, Turgi
fr;814;allowances;alphabetical;Financement des campagnes;1;22.10.2023 Élections au Conseil national 2023;2023;campaign_financing;Montants finaux;personne morale ou société de personnes;Donateur/trice: Suissetec, Acteur/trice: Schoop Adrian, Turgi
fr;815;allowances;alphabetical;Financement des campagnes;2;22.10.2023 Élections au Conseil des États 2023;;campaign_financing;Montants finaux;personne morale ou société de personnes;Donateur/trice: Le Centre, Acteur/trice: Chassot Isabelle, Granges-Paccot
fr;819;allowances;alphabetical;Financement des campagnes;2;22.10.2023 Élections au Conseil des États 2023;;campaign_financing;Montants finaux;personne morale ou société de personnes;Donateur/trice: SP Schaffhausen, Acteur/trice: Stocker Simon, Schaffhausen
fr;820;allowances;alphabetical;Financement des campagnes;2;22.10.2023 Élections au Conseil des États 2023;;campaign_financing;Montants finaux;personne morale ou société de personnes;Donateur/trice: SP Schweiz, Acteur/trice: Stocker Simon, Schaffhausen
fr;821;allowances;alphabetical;Financement des campagnes;1;22.10.2023 Élections au Conseil national 2023;2023;campaign_financing;Montants finaux;personne morale ou société de personnes;Donateur/trice: St. Martinsgesellschaft, Acteur/trice: Die Mitte Schwyz, Schwyz
fr;822;allowances;alphabetical;Financement des campagnes;2;22.10.2023 Élections au Conseil des États 2023;;campaign_financing;Montants finaux;personne morale ou société de personnes;Donateur/trice: WWF Schweiz, Acteur/trice: Umweltallianz, Zürich
fr;823;allowances;alphabetical;Financement des campagnes;2;22.10.2023 Élections au Conseil des États 2023;;campaign_financing;Montants finaux;personne morale ou société de personnes;Donateur/trice: WWF Schweiz, Acteur/trice: Umweltallianz, Zürich
fr;824;allowances;alphabetical;Financement des campagnes;2;22.10.2023 Élections au Conseil des États 2023;;campaign_financing;Montants finaux;personne morale ou société de personnes;Donateur/trice: Le Centre Valais romand, Acteur/trice: Maret Marianne, Troistorrents
fr;827;allowances;alphabetical;Financement des campagnes;2;22.10.2023 Élections au Conseil des États 2023;;campaign_financing;Montants finaux;personne morale ou société de personnes;Donateur/trice: Union Démocratique du Centre, Genève, Acteur/trice: Alliance Genevoise (MCG-UDC), Genève
fr;828;allowances;alphabetical;Financement des campagnes;2;22.10.2023 Élections au Conseil des États 2023;;campaign_financing;Montants finaux;personne morale ou société de personnes;Donateur/trice: Mouvement Citoyens Genevois, Acteur/trice: Alliance Genevoise (MCG-UDC), Genève
fr;83;allowances;alphabetical;Financement des campagnes;1;22.10.2023 Élections au Conseil national 2023;2023;campaign_financing;Montants budgétés;personne physique;Donateur/trice: Burkard Carmita, Acteur/trice: Alternative - die Grünen Zug, Zug
fr;830;allowances;alphabetical;Financement des campagnes;1;22.10.2023 Élections au Conseil national 2023;2023;campaign_financing;Montants finaux;personne morale ou société de personnes;Donateur/trice: PLR.Les Libéraux-Radicaux Valais, Acteur/trice: Association libérale-radicale des districts de Monthey et de St-Maurice, Vouvry
fr;832;allowances;alphabetical;Financement des campagnes;1;22.10.2023 Élections au Conseil national 2023;2023;campaign_financing;Montants finaux;personne physique;Donateur/trice: Maire Jacques, Acteur/trice: Les Vert-e-s genevoi-es (parti écologiste genevois), Genève 4
fr;833;allowances;alphabetical;Financement des campagnes;1;22.10.2023 Élections au Conseil national 2023;2023;campaign_financing;Montants finaux;personne physique;Donateur/trice: Burkard Kroeber Carmita, Acteur/trice: Les Vert-e-s genevoi-es (parti écologiste genevois), Genève 4
fr;840;allowances;alphabetical;Financement des campagnes;1;22.10.2023 Élections au Conseil national 2023;2023;campaign_financing;Montants finaux;personne morale ou société de personnes;Donateur/trice: COMITE DE COORDINATION DES ASSOCIATIONS ECONOMIQUES GENEVE, Acteur/trice: Union Démocratique du Centre, Genève, Les Acacias
fr;841;allowances;alphabetical;Financement des campagnes;1;22.10.2023 Élections au Conseil national 2023;2023;campaign_financing;Montants finaux;personne morale ou société de personnes;Donateur/trice: COMITE DE COORDINATION DES ASSOCIATIONS ECONOMIQUES GENEVE, Acteur/trice: Union Démocratique du Centre, Genève, Les Acacias
fr;843;allowances;alphabetical;Financement des campagnes;2;22.10.2023 Élections au Conseil des États 2023;;campaign_financing;Montants finaux;personne morale ou société de personnes;Donateur/trice: Fondazione per una politica liberal-conservatrice, Acteur/trice: Chiesa Marco, Ruvigliana
fr;851;allowances;alphabetical;Financement des campagnes;1;22.10.2023 Élections au Conseil national 2023;2023;campaign_financing;Montants finaux;personne physique;Donateur/trice: Gugger Nik, Acteur/trice: Evangelische Volkspartei (EVP) des Kantons Zürich, Zürich
fr;852;allowances;alphabetical;Financement des campagnes;1;22.10.2023 Élections au Conseil national 2023;2023;campaign_financing;Montants finaux;personne physique;Donateur/trice: Scognamiglio Donato, Acteur/trice: Evangelische Volkspartei (EVP) des Kantons Zürich, Zürich
fr;853;allowances;alphabetical;Financement des campagnes;1;22.10.2023 Élections au Conseil national 2023;2023;campaign_financing;Montants finaux;personne morale ou société de personnes;Donateur/trice: EVP Schweiz, Acteur/trice: Evangelische Volkspartei (EVP) des Kantons Zürich, Zürich
fr;86;allowances;alphabetical;Financement des campagnes;1;22.10.2023 Élections au Conseil national 2023;2023;campaign_financing;Montants budgétés;personne morale ou société de personnes;Donateur/trice: Greenpeace Schweiz, Acteur/trice: Alliance Climatique Suisse, Genève
fr;864;allowances;alphabetical;Financement des campagnes;1;22.10.2023 Élections au Conseil national 2023;2023;campaign_financing;Montants finaux;personne physique;Donateur/trice: Burger Philippe, Acteur/trice: Piratenpartei Zürich, Zürich
fr;87;allowances;alphabetical;Financement des campagnes;1;22.10.2023 Élections au Conseil national 2023;2023;campaign_financing;Montants budgétés;personne morale ou société de personnes;Donateur/trice: WWF Schweiz, Acteur/trice: Alliance Climatique Suisse, Genève
fr;875;allowances;alphabetical;Financement des campagnes;1;22.10.2023 Élections au Conseil national 2023;2023;campaign_financing;Montants finaux;personne physique;Donateur/trice: von Arx Casimir, Acteur/trice: Grünliberale Partei des Kantons Bern, Bern
fr;88;allowances;alphabetical;Financement des campagnes;1;22.10.2023 Élections au Conseil national 2023;2023;campaign_financing;Montants budgétés;personne morale ou société de personnes;Donateur/trice: Stiftung Stopp Klimakrise, Acteur/trice: Alliance Climatique Suisse, Genève
fr;89;allowances;alphabetical;Financement des campagnes;1;22.10.2023 Élections au Conseil national 2023;2023;campaign_financing;Montants budgétés;personne physique;Donateur/trice: Marchand Christina, Acteur/trice: Alliance Climatique Suisse, Genève
fr;895;allowances;alphabetical;Financement des campagnes;1;22.10.2023 Élections au Conseil national 2023;2023;campaign_financing;Montants finaux;personne morale ou société de personnes;Donateur/trice: EDU Schweiz, Acteur/trice: Eidgenössisch-Demokratische Union (EDU) Kanton Zürich, Winterthur
fr;896;allowances;alphabetical;Financement des campagnes;1;22.10.2023 Élections au Conseil national 2023;2023;campaign_financing;Montants finaux;personne morale ou société de personnes;Donateur/trice: EDU Winterthur und Umgebung, Acteur/trice: Eidgenössisch-Demokratische Union (EDU) Kanton Zürich, Winterthur
fr;897;allowances;alphabetical;Financement des campagnes;1;22.10.2023 Élections au Conseil national 2023;2023;campaign_financing;Montants finaux;personne morale ou société de personnes;Donateur/trice: EDU Hinwil, Acteur/trice: Eidgenössisch-Demokratische Union (EDU) Kanton Zürich, Winterthur
fr;898;allowances;alphabetical;Financement des campagnes;1;22.10.2023 Élections au Conseil national 2023;2023;campaign_financing;Montants finaux;personne morale ou société de personnes;Donateur/trice: EDU Unterland, Acteur/trice: Eidgenössisch-Demokratische Union (EDU) Kanton Zürich, Winterthur
fr;899;allowances;alphabetical;Financement des campagnes;1;22.10.2023 Élections au Conseil national 2023;2023;campaign_financing;Montants finaux;personne morale ou société de personnes;Donateur/trice: SP Schweiz, Acteur/trice: Sozialdemokratische Partei Kanton Aargau, Aarau
fr;9;allowances;alphabetical;Financement des campagnes;1;22.10.2023 Élections au Conseil national 2023;2023;campaign_financing;Montants budgétés;personne physique;Donateur/trice: Burkard Carmita, Acteur/trice: Les VERT-E-S suisses, Berne
fr;90;allowances;alphabetical;Financement des campagnes;1;22.10.2023 Élections au Conseil national 2023;2023;campaign_financing;Montants budgétés;personne physique;Donateur/trice: Studer Lilian, Acteur/trice: Evangelische Volkspartei des Kantons Aargau, Aarau
fr;900;allowances;alphabetical;Financement des campagnes;1;22.10.2023 Élections au Conseil national 2023;2023;campaign_financing;Montants finaux;personne morale ou société de personnes;Donateur/trice: SP Schweiz, Acteur/trice: Sozialdemokratische Partei Kanton Aargau, Aarau
fr;901;allowances;alphabetical;Financement des campagnes;1;22.10.2023 Élections au Conseil national 2023;2023;campaign_financing;Montants finaux;personne morale ou société de personnes;Donateur/trice: SP Schweiz, Acteur/trice: Sozialdemokratische Partei Kanton Aargau, Aarau
fr;904;allowances;alphabetical;Financement des campagnes;1;22.10.2023 Élections au Conseil national 2023;2023;campaign_financing;Montants finaux;personne morale ou société de personnes;Donateur/trice: PLR Suisse, Acteur/trice: PLR.Les Libéraux-Radicaux Vaud, Lausanne
fr;905;allowances;alphabetical;Financement des campagnes;1;22.10.2023 Élections au Conseil national 2023;2023;campaign_financing;Montants finaux;personne morale ou société de personnes;Donateur/trice: Association pour le développement d'une économie libérale (ADEL), Acteur/trice: PLR.Les Libéraux-Radicaux Vaud, Lausanne
fr;906;allowances;alphabetical;Financement des campagnes;2;22.10.2023 Élections au Conseil des États 2023;;campaign_financing;Montants finaux;personne morale ou société de personnes;Donateur/trice: PLR Vaud, Acteur/trice: Alliance Vaudoise, Lausanne
fr;907;allowances;alphabetical;Financement des campagnes;2;22.10.2023 Élections au Conseil des États 2023;;campaign_financing;Montants finaux;personne morale ou société de personnes;Donateur/trice: UDC Vaud, Acteur/trice: Alliance Vaudoise, Lausanne
fr;908;allowances;alphabetical;Financement des campagnes;2;22.10.2023 Élections au Conseil des États 2023;;campaign_financing;Montants finaux;personne morale ou société de personnes;Donateur/trice: Association pour le développement d’une économie libérale (ADEL), Acteur/trice: Alliance Vaudoise, Lausanne
fr;92;allowances;alphabetical;Financement des campagnes;1;22.10.2023 Élections au Conseil national 2023;2023;campaign_financing;Montants budgétés;personne morale ou société de personnes;Donateur/trice: Unione Svizzera delle Arti e dei Mestieri usam, Acteur/trice: Regazzi Fabio, Gordola
fr;93;allowances;alphabetical;Financement des campagnes;1;22.10.2023 Élections au Conseil national 2023;2023;campaign_financing;Montants budgétés;personne physique;Donateur/trice: Ruppen Franz, Acteur/trice: Schweizerische Volkspartei Oberwallis, Brig
fr;94;allowances;alphabetical;Financement des campagnes;1;22.10.2023 Élections au Conseil national 2023;2023;campaign_financing;Montants budgétés;personne morale ou société de personnes;Donateur/trice: Pomona Media AG, Acteur/trice: Schweizerische Volkspartei Oberwallis, Brig
fr;944;allowances;alphabetical;Financement des campagnes;3;03.03.2024 Mieux vivre à la retraite (initiative pour une 13e rente AVS);;campaign_financing;Montants budgétés;personne morale ou société de personnes;"Donateur/trice: Zürcher Handelskammer, Acteur/trice: Allianz ""Nein zur 13. AHV-Rente"", Zürich"
fr;945;allowances;alphabetical;Financement des campagnes;3;03.03.2024 Mieux vivre à la retraite (initiative pour une 13e rente AVS);;campaign_financing;Montants budgétés;personne morale ou société de personnes;"Donateur/trice: Zürcher Handelskammer, Acteur/trice: Allianz ""Nein zur 13. AHV-Rente"", Zürich"
fr;946;allowances;alphabetical;Financement des campagnes;3;03.03.2024 Mieux vivre à la retraite (initiative pour une 13e rente AVS);;campaign_financing;Montants budgétés;personne morale ou société de personnes;"Donateur/trice: economiesuisse, Acteur/trice: Allianz ""Nein zur 13. AHV-Rente"", Zürich"
fr;947;allowances;alphabetical;Financement des campagnes;3;03.03.2024 Mieux vivre à la retraite (initiative pour une 13e rente AVS);;campaign_financing;Montants budgétés;personne morale ou société de personnes;"Donateur/trice: Schweizerischer Gewerbeverband, Acteur/trice: Allianz ""Nein zur 13. AHV-Rente"", Zürich"
fr;948;allowances;alphabetical;Financement des campagnes;3;03.03.2024 Mieux vivre à la retraite (initiative pour une 13e rente AVS);;campaign_financing;Montants budgétés;personne morale ou société de personnes;"Donateur/trice: economiesuisse, Acteur/trice: Allianz ""Nein zur 13. AHV-Rente"", Zürich"
fr;949;allowances;alphabetical;Financement des campagnes;3;03.03.2024 Mieux vivre à la retraite (initiative pour une 13e rente AVS);;campaign_financing;Montants budgétés;personne morale ou société de personnes;"Donateur/trice: Schweizerischer Arbeitgeberverband, Acteur/trice: Allianz ""Nein zur 13. AHV-Rente"", Zürich"
fr;95;allowances;alphabetical;Financement des campagnes;1;22.10.2023 Élections au Conseil national 2023;2023;campaign_financing;Montants budgétés;personne physique;Donateur/trice: Graber Michael, Acteur/trice: Schweizerische Volkspartei Oberwallis, Brig
fr;950;allowances;alphabetical;Financement des campagnes;3;03.03.2024 Mieux vivre à la retraite (initiative pour une 13e rente AVS);;campaign_financing;Montants budgétés;personne morale ou société de personnes;"Donateur/trice: Schweizerischer Gewerbeverband, Acteur/trice: Allianz ""Nein zur 13. AHV-Rente"", Zürich"
fr;951;allowances;alphabetical;Financement des campagnes;3;03.03.2024 Mieux vivre à la retraite (initiative pour une 13e rente AVS);;campaign_financing;Montants budgétés;personne morale ou société de personnes;"Donateur/trice: economiesuisse, Acteur/trice: Allianz ""Nein zur 13. AHV-Rente"", Zürich"
fr;952;allowances;alphabetical;Financement des campagnes;3;03.03.2024 Mieux vivre à la retraite (initiative pour une 13e rente AVS);;campaign_financing;Montants budgétés;personne morale ou société de personnes;"Donateur/trice: Schweizerischer Arbeitgeberverband, Acteur/trice: Allianz ""Nein zur 13. AHV-Rente"", Zürich"
fr;953;allowances;alphabetical;Financement des campagnes;3;03.03.2024 Mieux vivre à la retraite (initiative pour une 13e rente AVS);;campaign_financing;Montants budgétés;personne morale ou société de personnes;"Donateur/trice: Fédération des entreprises romandes Genève, Acteur/trice: Allianz ""Nein zur 13. AHV-Rente"", Zürich"
fr;954;allowances;alphabetical;Financement des campagnes;3;03.03.2024 Mieux vivre à la retraite (initiative pour une 13e rente AVS);;campaign_financing;Montants budgétés;personne morale ou société de personnes;"Donateur/trice: Fédération des entreprises romandes Genève, Acteur/trice: Allianz ""Nein zur 13. AHV-Rente"", Zürich"
fr;955;allowances;alphabetical;Financement des campagnes;3;03.03.2024 Mieux vivre à la retraite (initiative pour une 13e rente AVS);;campaign_financing;Montants budgétés;personne morale ou société de personnes;"Donateur/trice: Schweizerischer Gewerbeverband, Acteur/trice: Allianz ""Nein zur 13. AHV-Rente"", Zürich"
fr;956;allowances;alphabetical;Financement des campagnes;3;03.03.2024 Mieux vivre à la retraite (initiative pour une 13e rente AVS);;campaign_financing;Montants budgétés;personne morale ou société de personnes;"Donateur/trice: economiesuisse, Acteur/trice: Allianz ""Nein zur 13. AHV-Rente"", Zürich"
fr;957;allowances;alphabetical;Financement des campagnes;3;03.03.2024 Mieux vivre à la retraite (initiative pour une 13e rente AVS);;campaign_financing;Montants budgétés;personne morale ou société de personnes;"Donateur/trice: Swissmem, Acteur/trice: Allianz ""Nein zur 13. AHV-Rente"", Zürich"
fr;958;allowances;alphabetical;Financement des campagnes;3;03.03.2024 Mieux vivre à la retraite (initiative pour une 13e rente AVS);;campaign_financing;Montants budgétés;personne morale ou société de personnes;"Donateur/trice: Swissmem, Acteur/trice: Allianz ""Nein zur 13. AHV-Rente"", Zürich"
fr;969;allowances;alphabetical;Financement des campagnes;4;03.03.2024 Pour une prévoyance vieillesse sûre et pérenne (initiative sur les rentes);;campaign_financing;Montants budgétés;personne morale ou société de personnes;Donateur/trice: economiesuisse, Acteur/trice: Komitee Renteninitiative Ja, Zürich
fr;97;allowances;alphabetical;Financement des campagnes;1;22.10.2023 Élections au Conseil national 2023;2023;campaign_financing;Montants budgétés;personne physique;Donateur/trice: Burkard Carmita, Acteur/trice: Les Vert-e-s genevoi-es (parti écologiste genevois), Genève 4
fr;970;allowances;alphabetical;Financement des campagnes;4;03.03.2024 Pour une prévoyance vieillesse sûre et pérenne (initiative sur les rentes);;campaign_financing;Montants budgétés;personne morale ou société de personnes;Donateur/trice: Jungfreisinnige Schweiz, Acteur/trice: Komitee Renteninitiative Ja, Zürich
fr;971;allowances;alphabetical;Financement des campagnes;4;03.03.2024 Pour une prévoyance vieillesse sûre et pérenne (initiative sur les rentes);;campaign_financing;Montants budgétés;personne morale ou société de personnes;Donateur/trice: Swiss Re Management Ltd., Acteur/trice: Komitee Renteninitiative Ja, Zürich
fr;972;allowances;alphabetical;Financement des campagnes;4;03.03.2024 Pour une prévoyance vieillesse sûre et pérenne (initiative sur les rentes);;campaign_financing;Montants budgétés;personne physique;Donateur/trice: Ehinger Oliver, Acteur/trice: Komitee Renteninitiative Ja, Zürich
fr;973;allowances;alphabetical;Financement des campagnes;4;03.03.2024 Pour une prévoyance vieillesse sûre et pérenne (initiative sur les rentes);;campaign_financing;Montants budgétés;personne morale ou société de personnes;Donateur/trice: Bonny Stiftung für Freiheit, Acteur/trice: Komitee Renteninitiative Ja, Zürich
fr;974;allowances;alphabetical;Financement des campagnes;4;03.03.2024 Pour une prévoyance vieillesse sûre et pérenne (initiative sur les rentes);;campaign_financing;Montants budgétés;personne morale ou société de personnes;Donateur/trice: Freunde der FDP, Acteur/trice: Komitee Renteninitiative Ja, Zürich
fr;975;allowances;alphabetical;Financement des campagnes;4;03.03.2024 Pour une prévoyance vieillesse sûre et pérenne (initiative sur les rentes);;campaign_financing;Montants budgétés;personne morale ou société de personnes;Donateur/trice: Stiftung Gambit, Acteur/trice: Komitee Renteninitiative Ja, Zürich
fr;976;allowances;alphabetical;Financement des campagnes;4;03.03.2024 Pour une prévoyance vieillesse sûre et pérenne (initiative sur les rentes);;campaign_financing;Montants budgétés;personne morale ou société de personnes;Donateur/trice: Zürcher Handelskammer, Acteur/trice: Komitee Renteninitiative Ja, Zürich
fr;977;allowances;alphabetical;Financement des campagnes;4;03.03.2024 Pour une prévoyance vieillesse sûre et pérenne (initiative sur les rentes);;campaign_financing;Montants budgétés;personne morale ou société de personnes;Donateur/trice: Verein Renteninitiative, Acteur/trice: Komitee Renteninitiative Ja, Zürich
fr;978;allowances;alphabetical;Financement des campagnes;4;03.03.2024 Pour une prévoyance vieillesse sûre et pérenne (initiative sur les rentes);;campaign_financing;Montants budgétés;personne morale ou société de personnes;Donateur/trice: UBS AG, Acteur/trice: Komitee Renteninitiative Ja, Zürich
fr;979;allowances;alphabetical;Financement des campagnes;4;03.03.2024 Pour une prévoyance vieillesse sûre et pérenne (initiative sur les rentes);;campaign_financing;Montants budgétés;personne morale ou société de personnes;Donateur/trice: Swiss Re Management Ltd., Acteur/trice: Komitee Renteninitiative Ja, Zürich
fr;98;allowances;alphabetical;Financement des campagnes;1;22.10.2023 Élections au Conseil national 2023;2023;campaign_financing;Montants budgétés;personne physique;Donateur/trice: Maire Jacques, Acteur/trice: Les Vert-e-s genevoi-es (parti écologiste genevois), Genève 4
fr;980;allowances;alphabetical;Financement des campagnes;3;03.03.2024 Mieux vivre à la retraite (initiative pour une 13e rente AVS);;campaign_financing;Montants budgétés;personne morale ou société de personnes;Donateur/trice: Gewerkschaft des Verkehrspersonals SEV, Acteur/trice: Union syndicale suisse (USS), Berne
fr;981;allowances;alphabetical;Financement des campagnes;3;03.03.2024 Mieux vivre à la retraite (initiative pour une 13e rente AVS);;campaign_financing;Montants budgétés;personne morale ou société de personnes;Donateur/trice: Gewerkschaft syndicom, Acteur/trice: Union syndicale suisse (USS), Berne
fr;982;allowances;alphabetical;Financement des campagnes;3;03.03.2024 Mieux vivre à la retraite (initiative pour une 13e rente AVS);;campaign_financing;Montants budgétés;personne morale ou société de personnes;Donateur/trice: Gewerkschaft Unia, Acteur/trice: Union syndicale suisse (USS), Berne
fr;983;allowances;alphabetical;Financement des campagnes;3;03.03.2024 Mieux vivre à la retraite (initiative pour une 13e rente AVS);;campaign_financing;Montants budgétés;personne morale ou société de personnes;Donateur/trice: Verband öffentliches Personal VPOD, Acteur/trice: Union syndicale suisse (USS), Berne
fr;984;allowances;alphabetical;Financement des campagnes;3;03.03.2024 Mieux vivre à la retraite (initiative pour une 13e rente AVS);;campaign_financing;Montants budgétés;personne morale ou société de personnes;Donateur/trice: Syndicat interprofessionnel de travailleuses et travailleurs SIT, Acteur/trice: Union syndicale suisse (USS), Berne
fr;985;allowances;alphabetical;Financement des campagnes;3;03.03.2024 Mieux vivre à la retraite (initiative pour une 13e rente AVS);;campaign_financing;Montants budgétés;personne morale ou société de personnes;Donateur/trice: PVB, Acteur/trice: Union syndicale suisse (USS), Berne
fr;986;allowances;alphabetical;Financement des campagnes;3;03.03.2024 Mieux vivre à la retraite (initiative pour une 13e rente AVS);;campaign_financing;Montants budgétés;personne morale ou société de personnes;Donateur/trice: SBPV, Acteur/trice: Union syndicale suisse (USS), Berne
fr;987;allowances;alphabetical;Financement des campagnes;3;03.03.2024 Mieux vivre à la retraite (initiative pour une 13e rente AVS);;campaign_financing;Montants budgétés;personne morale ou société de personnes;Donateur/trice: garanto, Acteur/trice: Union syndicale suisse (USS), Berne
fr;988;allowances;alphabetical;Financement des campagnes;3;03.03.2024 Mieux vivre à la retraite (initiative pour une 13e rente AVS);;campaign_financing;Montants budgétés;personne morale ou société de personnes;Donateur/trice: SSM, Acteur/trice: Union syndicale suisse (USS), Berne
fr;989;allowances;alphabetical;Financement des campagnes;3;03.03.2024 Mieux vivre à la retraite (initiative pour une 13e rente AVS);;campaign_financing;Montants budgétés;personne morale ou société de personnes;Donateur/trice: AvenirSocial, Acteur/trice: Union syndicale suisse (USS), Berne
fr;990;allowances;alphabetical;Financement des campagnes;3;03.03.2024 Mieux vivre à la retraite (initiative pour une 13e rente AVS);;campaign_financing;Montants budgétés;personne morale ou société de personnes;Donateur/trice: Kapers, Acteur/trice: Union syndicale suisse (USS), Berne
fr;991;allowances;alphabetical;Financement des campagnes;3;03.03.2024 Mieux vivre à la retraite (initiative pour une 13e rente AVS);;campaign_financing;Montants budgétés;personne morale ou société de personnes;Donateur/trice: SMV, Acteur/trice: Union syndicale suisse (USS), Berne
fr;992;allowances;alphabetical;Financement des campagnes;3;03.03.2024 Mieux vivre à la retraite (initiative pour une 13e rente AVS);;campaign_financing;Montants budgétés;personne morale ou société de personnes;Donateur/trice: SzeneSchweiz, Acteur/trice: Union syndicale suisse (USS), Berne
fr;993;allowances;alphabetical;Financement des campagnes;3;03.03.2024 Mieux vivre à la retraite (initiative pour une 13e rente AVS);;campaign_financing;Montants budgétés;personne morale ou société de personnes;Donateur/trice: Helvetica, Acteur/trice: Union syndicale suisse (USS), Berne
fr;994;allowances;alphabetical;Financement des campagnes;3;03.03.2024 Mieux vivre à la retraite (initiative pour une 13e rente AVS);;campaign_financing;Montants budgétés;personne morale ou société de personnes;Donateur/trice: Nautilus, Acteur/trice: Union syndicale suisse (USS), Berne
fr;995;allowances;alphabetical;Financement des campagnes;3;03.03.2024 Mieux vivre à la retraite (initiative pour une 13e rente AVS);;campaign_financing;Montants budgétés;personne morale ou société de personnes;Donateur/trice: ESPA, Acteur/trice: Union syndicale suisse (USS), Berne
fr;996;allowances;alphabetical;Financement des campagnes;3;03.03.2024 Mieux vivre à la retraite (initiative pour une 13e rente AVS);;campaign_financing;Montants budgétés;personne morale ou société de personnes;Donateur/trice: Association des Amis de Jost Steiger, Acteur/trice: Union syndicale suisse (USS), Berne
