language;allowance_id;theme;group_by;financing_category;financing_id;financing_label;financing_year;financing_type;budget_or_final;donor_type;allowance_label
it;10;allowances;alphabetical;Finanziamento della campagna elettorale;1;22.10.2023 Elezioni del Consiglio nazionale 2023;2023;campaign_financing;Importi preventivati;persona fisica;Donatore/trice: Hug Piero, Attore/trice: VERDI svizzeri, Berna
it;1039;allowances;alphabetical;Finanziamento della campagna elettorale;8;09.06.2024 Legge federale del 29 settembre 2023 su un approvvigionamento elettrico sicuro con le energie rinnovabili (Modifica della legge federale sull’energia e della legge sull’approvvigionamento elettrico);;campaign_financing;Importi preventivati;persona fisica;Donatore/trice: Schwander Achim, Attore/trice: Sozialdemokratische Partei der Schweiz, Bern
it;1042;allowances;alphabetical;Finanziamento della campagna elettorale;5;09.06.2024 Al massimo il 10 per cento del reddito per i premi delle casse malati (Iniziativa per premi meno onerosi);;campaign_financing;Importi preventivati;persona giuridica o società di persone;Donatore/trice: economiesuisse, Attore/trice: Allianz 2x Nein zu den Gesundheitsinitiativen, Bern
it;1045;allowances;alphabetical;Finanziamento della campagna elettorale;5;09.06.2024 Al massimo il 10 per cento del reddito per i premi delle casse malati (Iniziativa per premi meno onerosi);;campaign_financing;Importi preventivati;persona giuridica o società di persone;Donatore/trice: Zürcher Handelskammer, Attore/trice: Allianz 2x Nein zu den Gesundheitsinitiativen, Bern
it;1046;allowances;alphabetical;Finanziamento della campagna elettorale;5;09.06.2024 Al massimo il 10 per cento del reddito per i premi delle casse malati (Iniziativa per premi meno onerosi);;campaign_financing;Importi preventivati;persona giuridica o società di persone;Donatore/trice: KMU- und Gewerbeverband Kanton Zürich, Attore/trice: Allianz 2x Nein zu den Gesundheitsinitiativen, Bern
it;105;allowances;alphabetical;Finanziamento della campagna elettorale;1;22.10.2023 Elezioni del Consiglio nazionale 2023;2023;campaign_financing;Importi preventivati;persona giuridica o società di persone;Donatore/trice: Grünliberale Partei Schweiz, Attore/trice: Grünliberale Kanton Thurgau, Frauenfeld
it;1050;allowances;alphabetical;Finanziamento della campagna elettorale;5;09.06.2024 Al massimo il 10 per cento del reddito per i premi delle casse malati (Iniziativa per premi meno onerosi);;campaign_financing;Importi preventivati;persona giuridica o società di persone;Donatore/trice: Zürcher Handelskammer, Attore/trice: Allianz 2x Nein zu den Gesundheitsinitiativen, Bern
it;107;allowances;alphabetical;Finanziamento della campagna elettorale;1;22.10.2023 Elezioni del Consiglio nazionale 2023;2023;campaign_financing;Importi preventivati;persona giuridica o società di persone;Donatore/trice: Supporterclub der FDP.Die Liberalen Kanton Bern, Attore/trice: FDP.Die Liberalen Kanton Bern, Bern
it;1074;allowances;alphabetical;Finanziamento della campagna elettorale;8;09.06.2024 Legge federale del 29 settembre 2023 su un approvvigionamento elettrico sicuro con le energie rinnovabili (Modifica della legge federale sull’energia e della legge sull’approvvigionamento elettrico);;campaign_financing;Importi preventivati;persona giuridica o società di persone;Donatore/trice: WWF Schweiz, Attore/trice: Fondazione Svizzera dell'Energia, Zurigo
it;1075;allowances;alphabetical;Finanziamento della campagna elettorale;8;09.06.2024 Legge federale del 29 settembre 2023 su un approvvigionamento elettrico sicuro con le energie rinnovabili (Modifica della legge federale sull’energia e della legge sull’approvvigionamento elettrico);;campaign_financing;Importi preventivati;persona giuridica o società di persone;Donatore/trice: Volkart Stiftung, Attore/trice: Fondazione Svizzera dell'Energia, Zurigo
it;1076;allowances;alphabetical;Finanziamento della campagna elettorale;8;09.06.2024 Legge federale del 29 settembre 2023 su un approvvigionamento elettrico sicuro con le energie rinnovabili (Modifica della legge federale sull’energia e della legge sull’approvvigionamento elettrico);;campaign_financing;Importi preventivati;persona giuridica o società di persone;Donatore/trice: Clima Now, Attore/trice: Fondazione Svizzera dell'Energia, Zurigo
it;1077;allowances;alphabetical;Finanziamento della campagna elettorale;8;09.06.2024 Legge federale del 29 settembre 2023 su un approvvigionamento elettrico sicuro con le energie rinnovabili (Modifica della legge federale sull’energia e della legge sull’approvvigionamento elettrico);;campaign_financing;Importi preventivati;persona giuridica o società di persone;Donatore/trice: Oak Foundation, Attore/trice: Fondazione Svizzera dell'Energia, Zurigo
it;1078;allowances;alphabetical;Finanziamento della campagna elettorale;8;09.06.2024 Legge federale del 29 settembre 2023 su un approvvigionamento elettrico sicuro con le energie rinnovabili (Modifica della legge federale sull’energia e della legge sull’approvvigionamento elettrico);;campaign_financing;Importi preventivati;persona giuridica o società di persone;Donatore/trice: Greenpeace, Attore/trice: Fondazione Svizzera dell'Energia, Zurigo
it;1079;allowances;alphabetical;Finanziamento della campagna elettorale;8;09.06.2024 Legge federale del 29 settembre 2023 su un approvvigionamento elettrico sicuro con le energie rinnovabili (Modifica della legge federale sull’energia e della legge sull’approvvigionamento elettrico);;campaign_financing;Importi preventivati;persona giuridica o società di persone;Donatore/trice: Solarspar, Attore/trice: Fondazione Svizzera dell'Energia, Zurigo
it;108;allowances;alphabetical;Finanziamento della campagna elettorale;1;22.10.2023 Elezioni del Consiglio nazionale 2023;2023;campaign_financing;Importi preventivati;persona giuridica o società di persone;Donatore/trice: FDP Schweiz, Attore/trice: FDP.Die Liberalen Kanton Bern, Bern
it;1080;allowances;alphabetical;Finanziamento della campagna elettorale;8;09.06.2024 Legge federale del 29 settembre 2023 su un approvvigionamento elettrico sicuro con le energie rinnovabili (Modifica della legge federale sull’energia e della legge sull’approvvigionamento elettrico);;campaign_financing;Importi preventivati;persona giuridica o società di persone;Donatore/trice: Schweizerische Energiestiftung, Attore/trice: Fondazione Svizzera dell'Energia, Zurigo
it;11;allowances;alphabetical;Finanziamento della campagna elettorale;1;22.10.2023 Elezioni del Consiglio nazionale 2023;2023;campaign_financing;Importi preventivati;persona giuridica o società di persone;Donatore/trice: Bären Club: Der Gönnerverein der SVP Kanton Bern, Attore/trice: Überparteiliches Wahlkomitee Werner Salzmann in den Ständerat, Mülchi
it;110;allowances;alphabetical;Finanziamento della campagna elettorale;1;22.10.2023 Elezioni del Consiglio nazionale 2023;2023;campaign_financing;Importi preventivati;persona giuridica o società di persone;Donatore/trice: Schweizerischer Gewerbeverband sgv, Attore/trice: Schneeberger Daniela, Thürnen
it;111;allowances;alphabetical;Finanziamento della campagna elettorale;1;22.10.2023 Elezioni del Consiglio nazionale 2023;2023;campaign_financing;Importi preventivati;persona giuridica o società di persone;Donatore/trice: Schweizerischer Gewerbeverband, Attore/trice: Brunner Hansjörg, Wallenwil
it;112;allowances;alphabetical;Finanziamento della campagna elettorale;1;22.10.2023 Elezioni del Consiglio nazionale 2023;2023;campaign_financing;Importi preventivati;persona giuridica o società di persone;Donatore/trice: Hauseigentümerverband Kanton Zürich, Attore/trice: Rueff-Frenkel Sonja, Zürich
it;1128;allowances;alphabetical;Finanziamento della campagna elettorale;3;03.03.2024 Vivere meglio la pensione (Iniziativa per una 13esima mensilità AVS);;campaign_financing;Importi finali;persona giuridica o società di persone;"Donatore/trice: Zürcher Handelskammer, Attore/trice: Allianz ""Nein zur 13. AHV-Rente"", Zürich"
it;1129;allowances;alphabetical;Finanziamento della campagna elettorale;3;03.03.2024 Vivere meglio la pensione (Iniziativa per una 13esima mensilità AVS);;campaign_financing;Importi finali;persona giuridica o società di persone;"Donatore/trice: Zürcher Handelskammer, Attore/trice: Allianz ""Nein zur 13. AHV-Rente"", Zürich"
it;113;allowances;alphabetical;Finanziamento della campagna elettorale;1;22.10.2023 Elezioni del Consiglio nazionale 2023;2023;campaign_financing;Importi preventivati;persona giuridica o società di persone;Donatore/trice: Schweizerischer Arbeitgeberverband, Attore/trice: Grünliberale Partei Schweiz, Bern
it;1130;allowances;alphabetical;Finanziamento della campagna elettorale;3;03.03.2024 Vivere meglio la pensione (Iniziativa per una 13esima mensilità AVS);;campaign_financing;Importi finali;persona giuridica o società di persone;"Donatore/trice: economiesuisse, Attore/trice: Allianz ""Nein zur 13. AHV-Rente"", Zürich"
it;1131;allowances;alphabetical;Finanziamento della campagna elettorale;3;03.03.2024 Vivere meglio la pensione (Iniziativa per una 13esima mensilità AVS);;campaign_financing;Importi finali;persona giuridica o società di persone;"Donatore/trice: Schweizerischer Gewerbeverband, Attore/trice: Allianz ""Nein zur 13. AHV-Rente"", Zürich"
it;1132;allowances;alphabetical;Finanziamento della campagna elettorale;3;03.03.2024 Vivere meglio la pensione (Iniziativa per una 13esima mensilità AVS);;campaign_financing;Importi finali;persona giuridica o società di persone;"Donatore/trice: economiesuisse, Attore/trice: Allianz ""Nein zur 13. AHV-Rente"", Zürich"
it;1133;allowances;alphabetical;Finanziamento della campagna elettorale;3;03.03.2024 Vivere meglio la pensione (Iniziativa per una 13esima mensilità AVS);;campaign_financing;Importi finali;persona giuridica o società di persone;"Donatore/trice: Schweizerischer Arbeitgeberverband, Attore/trice: Allianz ""Nein zur 13. AHV-Rente"", Zürich"
it;1134;allowances;alphabetical;Finanziamento della campagna elettorale;3;03.03.2024 Vivere meglio la pensione (Iniziativa per una 13esima mensilità AVS);;campaign_financing;Importi finali;persona giuridica o società di persone;"Donatore/trice: Schweizerischer Gewerbeverband, Attore/trice: Allianz ""Nein zur 13. AHV-Rente"", Zürich"
it;1135;allowances;alphabetical;Finanziamento della campagna elettorale;3;03.03.2024 Vivere meglio la pensione (Iniziativa per una 13esima mensilità AVS);;campaign_financing;Importi finali;persona giuridica o società di persone;"Donatore/trice: economiesuisse, Attore/trice: Allianz ""Nein zur 13. AHV-Rente"", Zürich"
it;1136;allowances;alphabetical;Finanziamento della campagna elettorale;3;03.03.2024 Vivere meglio la pensione (Iniziativa per una 13esima mensilità AVS);;campaign_financing;Importi finali;persona giuridica o società di persone;"Donatore/trice: Schweizerischer Arbeitgeberverband, Attore/trice: Allianz ""Nein zur 13. AHV-Rente"", Zürich"
it;1137;allowances;alphabetical;Finanziamento della campagna elettorale;3;03.03.2024 Vivere meglio la pensione (Iniziativa per una 13esima mensilità AVS);;campaign_financing;Importi finali;persona giuridica o società di persone;"Donatore/trice: Fédération des entreprises romandes Genève, Attore/trice: Allianz ""Nein zur 13. AHV-Rente"", Zürich"
it;1138;allowances;alphabetical;Finanziamento della campagna elettorale;3;03.03.2024 Vivere meglio la pensione (Iniziativa per una 13esima mensilità AVS);;campaign_financing;Importi finali;persona giuridica o società di persone;"Donatore/trice: Fédération des entreprises romandes Genève, Attore/trice: Allianz ""Nein zur 13. AHV-Rente"", Zürich"
it;1139;allowances;alphabetical;Finanziamento della campagna elettorale;3;03.03.2024 Vivere meglio la pensione (Iniziativa per una 13esima mensilità AVS);;campaign_financing;Importi finali;persona giuridica o società di persone;"Donatore/trice: Schweizerischer Gewerbeverband, Attore/trice: Allianz ""Nein zur 13. AHV-Rente"", Zürich"
it;114;allowances;alphabetical;Finanziamento della campagna elettorale;1;22.10.2023 Elezioni del Consiglio nazionale 2023;2023;campaign_financing;Importi preventivati;persona giuridica o società di persone;Donatore/trice: Nokté Média Sàrl, Attore/trice: Association Nasrat Latif au Conseil national, Lausanne
it;1140;allowances;alphabetical;Finanziamento della campagna elettorale;3;03.03.2024 Vivere meglio la pensione (Iniziativa per una 13esima mensilità AVS);;campaign_financing;Importi finali;persona giuridica o società di persone;"Donatore/trice: economiesuisse, Attore/trice: Allianz ""Nein zur 13. AHV-Rente"", Zürich"
it;1141;allowances;alphabetical;Finanziamento della campagna elettorale;3;03.03.2024 Vivere meglio la pensione (Iniziativa per una 13esima mensilità AVS);;campaign_financing;Importi finali;persona giuridica o società di persone;"Donatore/trice: Swissmem, Attore/trice: Allianz ""Nein zur 13. AHV-Rente"", Zürich"
it;1142;allowances;alphabetical;Finanziamento della campagna elettorale;3;03.03.2024 Vivere meglio la pensione (Iniziativa per una 13esima mensilità AVS);;campaign_financing;Importi finali;persona giuridica o società di persone;"Donatore/trice: Swissmem, Attore/trice: Allianz ""Nein zur 13. AHV-Rente"", Zürich"
it;1143;allowances;alphabetical;Finanziamento della campagna elettorale;3;03.03.2024 Vivere meglio la pensione (Iniziativa per una 13esima mensilità AVS);;campaign_financing;Importi finali;persona giuridica o società di persone;"Donatore/trice: Swissmem, Attore/trice: Allianz ""Nein zur 13. AHV-Rente"", Zürich"
it;1146;allowances;alphabetical;Finanziamento della campagna elettorale;4;03.03.2024 Per una previdenza vecchiaia sicura e sostenibile (Iniziativa sulle pensioni);;campaign_financing;Importi finali;persona giuridica o società di persone;Donatore/trice: economiesuisse, Attore/trice: Komitee Renteninitiative Ja, Zürich
it;1147;allowances;alphabetical;Finanziamento della campagna elettorale;4;03.03.2024 Per una previdenza vecchiaia sicura e sostenibile (Iniziativa sulle pensioni);;campaign_financing;Importi finali;persona giuridica o società di persone;Donatore/trice: Swiss Re Management Ltd., Attore/trice: Komitee Renteninitiative Ja, Zürich
it;1148;allowances;alphabetical;Finanziamento della campagna elettorale;4;03.03.2024 Per una previdenza vecchiaia sicura e sostenibile (Iniziativa sulle pensioni);;campaign_financing;Importi finali;persona fisica;Donatore/trice: Ehinger Oliver, Attore/trice: Komitee Renteninitiative Ja, Zürich
it;1149;allowances;alphabetical;Finanziamento della campagna elettorale;4;03.03.2024 Per una previdenza vecchiaia sicura e sostenibile (Iniziativa sulle pensioni);;campaign_financing;Importi finali;persona giuridica o società di persone;Donatore/trice: Bonny Stiftung für Freiheit, Attore/trice: Komitee Renteninitiative Ja, Zürich
it;1150;allowances;alphabetical;Finanziamento della campagna elettorale;4;03.03.2024 Per una previdenza vecchiaia sicura e sostenibile (Iniziativa sulle pensioni);;campaign_financing;Importi finali;persona giuridica o società di persone;Donatore/trice: Freunde der FDP, Attore/trice: Komitee Renteninitiative Ja, Zürich
it;1151;allowances;alphabetical;Finanziamento della campagna elettorale;4;03.03.2024 Per una previdenza vecchiaia sicura e sostenibile (Iniziativa sulle pensioni);;campaign_financing;Importi finali;persona giuridica o società di persone;Donatore/trice: Stiftung Gambit, Attore/trice: Komitee Renteninitiative Ja, Zürich
it;1152;allowances;alphabetical;Finanziamento della campagna elettorale;4;03.03.2024 Per una previdenza vecchiaia sicura e sostenibile (Iniziativa sulle pensioni);;campaign_financing;Importi finali;persona giuridica o società di persone;Donatore/trice: Zürcher Handelskammer, Attore/trice: Komitee Renteninitiative Ja, Zürich
it;1153;allowances;alphabetical;Finanziamento della campagna elettorale;4;03.03.2024 Per una previdenza vecchiaia sicura e sostenibile (Iniziativa sulle pensioni);;campaign_financing;Importi finali;persona giuridica o società di persone;Donatore/trice: UBS AG, Attore/trice: Komitee Renteninitiative Ja, Zürich
it;1154;allowances;alphabetical;Finanziamento della campagna elettorale;4;03.03.2024 Per una previdenza vecchiaia sicura e sostenibile (Iniziativa sulle pensioni);;campaign_financing;Importi finali;persona giuridica o società di persone;Donatore/trice: Swiss Re Management Ltd., Attore/trice: Komitee Renteninitiative Ja, Zürich
it;1155;allowances;alphabetical;Finanziamento della campagna elettorale;4;03.03.2024 Per una previdenza vecchiaia sicura e sostenibile (Iniziativa sulle pensioni);;campaign_financing;Importi finali;persona giuridica o società di persone;Donatore/trice: Arbeitgeberverband der Banken in der Schweiz, Attore/trice: Komitee Renteninitiative Ja, Zürich
it;117;allowances;alphabetical;Finanziamento della campagna elettorale;1;22.10.2023 Elezioni del Consiglio nazionale 2023;2023;campaign_financing;Importi preventivati;persona giuridica o società di persone;Donatore/trice: Touring Club Schweiz, Attore/trice: Richner Simone, Bern
it;118;allowances;alphabetical;Finanziamento della campagna elettorale;1;22.10.2023 Elezioni del Consiglio nazionale 2023;2023;campaign_financing;Importi preventivati;persona giuridica o società di persone;Donatore/trice: TCS Sektion Wallis, Attore/trice: Bregy Philipp Matthias, Naters
it;119;allowances;alphabetical;Finanziamento della campagna elettorale;1;22.10.2023 Elezioni del Consiglio nazionale 2023;2023;campaign_financing;Importi preventivati;persona giuridica o società di persone;Donatore/trice: TCS Schweiz, Attore/trice: Bregy Philipp Matthias, Naters
it;1195;allowances;alphabetical;Finanziamento della campagna elettorale;3;03.03.2024 Vivere meglio la pensione (Iniziativa per una 13esima mensilità AVS);;campaign_financing;Importi finali;persona giuridica o società di persone;Donatore/trice: Gewerkschaft des Verkehrspersonals SEV, Attore/trice: Unione sindacale svizzera (USS), Berna
it;1196;allowances;alphabetical;Finanziamento della campagna elettorale;3;03.03.2024 Vivere meglio la pensione (Iniziativa per una 13esima mensilità AVS);;campaign_financing;Importi finali;persona giuridica o società di persone;Donatore/trice: Gewerkschaft syndicom, Attore/trice: Unione sindacale svizzera (USS), Berna
it;1197;allowances;alphabetical;Finanziamento della campagna elettorale;3;03.03.2024 Vivere meglio la pensione (Iniziativa per una 13esima mensilità AVS);;campaign_financing;Importi finali;persona giuridica o società di persone;Donatore/trice: Gewerkschaft Unia, Attore/trice: Unione sindacale svizzera (USS), Berna
it;1198;allowances;alphabetical;Finanziamento della campagna elettorale;3;03.03.2024 Vivere meglio la pensione (Iniziativa per una 13esima mensilità AVS);;campaign_financing;Importi finali;persona giuridica o società di persone;Donatore/trice: Verband öffentliches Personal VPOD, Attore/trice: Unione sindacale svizzera (USS), Berna
it;1199;allowances;alphabetical;Finanziamento della campagna elettorale;3;03.03.2024 Vivere meglio la pensione (Iniziativa per una 13esima mensilità AVS);;campaign_financing;Importi finali;persona giuridica o società di persone;Donatore/trice: Syndicat interprofessionnel de travailleuses et travailleurs SIT, Attore/trice: Unione sindacale svizzera (USS), Berna
it;12;allowances;alphabetical;Finanziamento della campagna elettorale;1;22.10.2023 Elezioni del Consiglio nazionale 2023;2023;campaign_financing;Importi preventivati;persona giuridica o società di persone;Donatore/trice: Grünliberale Partei Schweiz, Attore/trice: Grünliberale Partei des Kantons Solothurn, Solothurn
it;1200;allowances;alphabetical;Finanziamento della campagna elettorale;3;03.03.2024 Vivere meglio la pensione (Iniziativa per una 13esima mensilità AVS);;campaign_financing;Importi finali;persona giuridica o società di persone;Donatore/trice: PVB, Attore/trice: Unione sindacale svizzera (USS), Berna
it;1201;allowances;alphabetical;Finanziamento della campagna elettorale;3;03.03.2024 Vivere meglio la pensione (Iniziativa per una 13esima mensilità AVS);;campaign_financing;Importi finali;persona giuridica o società di persone;Donatore/trice: SBPV, Attore/trice: Unione sindacale svizzera (USS), Berna
it;1202;allowances;alphabetical;Finanziamento della campagna elettorale;3;03.03.2024 Vivere meglio la pensione (Iniziativa per una 13esima mensilità AVS);;campaign_financing;Importi finali;persona giuridica o società di persone;Donatore/trice: garanto, Attore/trice: Unione sindacale svizzera (USS), Berna
it;1203;allowances;alphabetical;Finanziamento della campagna elettorale;3;03.03.2024 Vivere meglio la pensione (Iniziativa per una 13esima mensilità AVS);;campaign_financing;Importi finali;persona giuridica o società di persone;Donatore/trice: SSM, Attore/trice: Unione sindacale svizzera (USS), Berna
it;1204;allowances;alphabetical;Finanziamento della campagna elettorale;3;03.03.2024 Vivere meglio la pensione (Iniziativa per una 13esima mensilità AVS);;campaign_financing;Importi finali;persona giuridica o società di persone;Donatore/trice: AvenirSocial, Attore/trice: Unione sindacale svizzera (USS), Berna
it;1205;allowances;alphabetical;Finanziamento della campagna elettorale;3;03.03.2024 Vivere meglio la pensione (Iniziativa per una 13esima mensilità AVS);;campaign_financing;Importi finali;persona giuridica o società di persone;Donatore/trice: Kapers, Attore/trice: Unione sindacale svizzera (USS), Berna
it;1206;allowances;alphabetical;Finanziamento della campagna elettorale;3;03.03.2024 Vivere meglio la pensione (Iniziativa per una 13esima mensilità AVS);;campaign_financing;Importi finali;persona giuridica o società di persone;Donatore/trice: SMV, Attore/trice: Unione sindacale svizzera (USS), Berna
it;1207;allowances;alphabetical;Finanziamento della campagna elettorale;3;03.03.2024 Vivere meglio la pensione (Iniziativa per una 13esima mensilità AVS);;campaign_financing;Importi finali;persona giuridica o società di persone;Donatore/trice: SzeneSchweiz, Attore/trice: Unione sindacale svizzera (USS), Berna
it;1208;allowances;alphabetical;Finanziamento della campagna elettorale;3;03.03.2024 Vivere meglio la pensione (Iniziativa per una 13esima mensilità AVS);;campaign_financing;Importi finali;persona giuridica o società di persone;Donatore/trice: Helvetica, Attore/trice: Unione sindacale svizzera (USS), Berna
it;1209;allowances;alphabetical;Finanziamento della campagna elettorale;3;03.03.2024 Vivere meglio la pensione (Iniziativa per una 13esima mensilità AVS);;campaign_financing;Importi finali;persona giuridica o società di persone;Donatore/trice: Nautilus, Attore/trice: Unione sindacale svizzera (USS), Berna
it;1210;allowances;alphabetical;Finanziamento della campagna elettorale;3;03.03.2024 Vivere meglio la pensione (Iniziativa per una 13esima mensilità AVS);;campaign_financing;Importi finali;persona giuridica o società di persone;Donatore/trice: ESPA, Attore/trice: Unione sindacale svizzera (USS), Berna
it;1211;allowances;alphabetical;Finanziamento della campagna elettorale;3;03.03.2024 Vivere meglio la pensione (Iniziativa per una 13esima mensilità AVS);;campaign_financing;Importi finali;persona giuridica o società di persone;Donatore/trice: Association des Amis de Jost Steiger, Attore/trice: Unione sindacale svizzera (USS), Berna
it;1212;allowances;alphabetical;Finanziamento della campagna elettorale;3;03.03.2024 Vivere meglio la pensione (Iniziativa per una 13esima mensilità AVS);;campaign_financing;Importi finali;persona giuridica o società di persone;Donatore/trice: SGB, Attore/trice: Unione sindacale svizzera (USS), Berna
it;122;allowances;alphabetical;Finanziamento della campagna elettorale;1;22.10.2023 Elezioni del Consiglio nazionale 2023;2023;campaign_financing;Importi preventivati;persona giuridica o società di persone;Donatore/trice: Walliser Gewerbeverband, Attore/trice: Bregy Philipp Matthias, Naters
it;1234;allowances;alphabetical;Finanziamento della campagna elettorale;6;09.06.2024 Per premi più bassi – Freno ai costi nel settore sanitario (Iniziativa per un freno ai costi);;campaign_financing;Importi preventivati;persona giuridica o società di persone;Donatore/trice: economiesuisse, Attore/trice: Allianz 2x Nein zu den Gesundheitsinitiativen, Bern
it;1235;allowances;alphabetical;Finanziamento della campagna elettorale;6;09.06.2024 Per premi più bassi – Freno ai costi nel settore sanitario (Iniziativa per un freno ai costi);;campaign_financing;Importi preventivati;persona giuridica o società di persone;Donatore/trice: Zürcher Handelskammer, Attore/trice: Allianz 2x Nein zu den Gesundheitsinitiativen, Bern
it;1236;allowances;alphabetical;Finanziamento della campagna elettorale;6;09.06.2024 Per premi più bassi – Freno ai costi nel settore sanitario (Iniziativa per un freno ai costi);;campaign_financing;Importi preventivati;persona giuridica o società di persone;Donatore/trice: Zürcher Handelskammer, Attore/trice: Allianz 2x Nein zu den Gesundheitsinitiativen, Bern
it;1237;allowances;alphabetical;Finanziamento della campagna elettorale;6;09.06.2024 Per premi più bassi – Freno ai costi nel settore sanitario (Iniziativa per un freno ai costi);;campaign_financing;Importi preventivati;persona giuridica o società di persone;Donatore/trice: KMU- und Gewerbeverband Kanton Zürich, Attore/trice: Allianz 2x Nein zu den Gesundheitsinitiativen, Bern
it;1238;allowances;alphabetical;Finanziamento della campagna elettorale;6;09.06.2024 Per premi più bassi – Freno ai costi nel settore sanitario (Iniziativa per un freno ai costi);;campaign_financing;Importi preventivati;persona giuridica o società di persone;Donatore/trice: F. Hoffmann-La Roche AG, Attore/trice: Allianz 2x Nein zu den Gesundheitsinitiativen, Bern
it;124;allowances;alphabetical;Finanziamento della campagna elettorale;1;22.10.2023 Elezioni del Consiglio nazionale 2023;2023;campaign_financing;Importi preventivati;persona giuridica o società di persone;Donatore/trice: Schweizerischer Gewerbeverband, Attore/trice: Bregy Philipp Matthias, Naters
it;1242;allowances;alphabetical;Finanziamento della campagna elettorale;8;09.06.2024 Legge federale del 29 settembre 2023 su un approvvigionamento elettrico sicuro con le energie rinnovabili (Modifica della legge federale sull’energia e della legge sull’approvvigionamento elettrico);;campaign_financing;Importi preventivati;persona giuridica o società di persone;Donatore/trice: Freie Landschaft, Attore/trice: Bündnis für Natur und Landschaft Schweiz, Bern
it;1243;allowances;alphabetical;Finanziamento della campagna elettorale;8;09.06.2024 Legge federale del 29 settembre 2023 su un approvvigionamento elettrico sicuro con le energie rinnovabili (Modifica della legge federale sull’energia e della legge sull’approvvigionamento elettrico);;campaign_financing;Importi preventivati;persona fisica;Donatore/trice: Famille Hug Piero, Attore/trice: Bündnis für Natur und Landschaft Schweiz, Bern
it;1244;allowances;alphabetical;Finanziamento della campagna elettorale;8;09.06.2024 Legge federale del 29 settembre 2023 su un approvvigionamento elettrico sicuro con le energie rinnovabili (Modifica della legge federale sull’energia e della legge sull’approvvigionamento elettrico);;campaign_financing;Importi preventivati;persona giuridica o società di persone;Donatore/trice: Alpiq SA, Attore/trice: Allianz für eine sichere Stromversorgung, Bern
it;1245;allowances;alphabetical;Finanziamento della campagna elettorale;8;09.06.2024 Legge federale del 29 settembre 2023 su un approvvigionamento elettrico sicuro con le energie rinnovabili (Modifica della legge federale sull’energia e della legge sull’approvvigionamento elettrico);;campaign_financing;Importi preventivati;persona giuridica o società di persone;Donatore/trice: Groupe E SA, Attore/trice: Allianz für eine sichere Stromversorgung, Bern
it;1246;allowances;alphabetical;Finanziamento della campagna elettorale;8;09.06.2024 Legge federale del 29 settembre 2023 su un approvvigionamento elettrico sicuro con le energie rinnovabili (Modifica della legge federale sull’energia e della legge sull’approvvigionamento elettrico);;campaign_financing;Importi preventivati;persona giuridica o società di persone;Donatore/trice: Romande Energie SA, Attore/trice: Allianz für eine sichere Stromversorgung, Bern
it;1247;allowances;alphabetical;Finanziamento della campagna elettorale;8;09.06.2024 Legge federale del 29 settembre 2023 su un approvvigionamento elettrico sicuro con le energie rinnovabili (Modifica della legge federale sull’energia e della legge sull’approvvigionamento elettrico);;campaign_financing;Importi preventivati;persona giuridica o società di persone;Donatore/trice: Ville de Lausanne, Attore/trice: Allianz für eine sichere Stromversorgung, Bern
it;1248;allowances;alphabetical;Finanziamento della campagna elettorale;8;09.06.2024 Legge federale del 29 settembre 2023 su un approvvigionamento elettrico sicuro con le energie rinnovabili (Modifica della legge federale sull’energia e della legge sull’approvvigionamento elettrico);;campaign_financing;Importi preventivati;persona giuridica o società di persone;Donatore/trice: Electricita svizzera italiana, Attore/trice: Allianz für eine sichere Stromversorgung, Bern
it;1249;allowances;alphabetical;Finanziamento della campagna elettorale;8;09.06.2024 Legge federale del 29 settembre 2023 su un approvvigionamento elettrico sicuro con le energie rinnovabili (Modifica della legge federale sull’energia e della legge sull’approvvigionamento elettrico);;campaign_financing;Importi preventivati;persona giuridica o società di persone;Donatore/trice: Verband Schweizerischer Elektrizitätsunternehmen VSE, Attore/trice: Allianz für eine sichere Stromversorgung, Bern
it;1250;allowances;alphabetical;Finanziamento della campagna elettorale;8;09.06.2024 Legge federale del 29 settembre 2023 su un approvvigionamento elettrico sicuro con le energie rinnovabili (Modifica della legge federale sull’energia e della legge sull’approvvigionamento elettrico);;campaign_financing;Importi preventivati;persona giuridica o società di persone;Donatore/trice: economiesuisse, Attore/trice: Allianz für eine sichere Stromversorgung, Bern
it;1251;allowances;alphabetical;Finanziamento della campagna elettorale;8;09.06.2024 Legge federale del 29 settembre 2023 su un approvvigionamento elettrico sicuro con le energie rinnovabili (Modifica della legge federale sull’energia e della legge sull’approvvigionamento elettrico);;campaign_financing;Importi preventivati;persona giuridica o società di persone;Donatore/trice: Schweizerisch-Lichtensteinischer Gebäudetechnikerverband (suissetec), Attore/trice: Allianz für eine sichere Stromversorgung, Bern
it;1252;allowances;alphabetical;Finanziamento della campagna elettorale;8;09.06.2024 Legge federale del 29 settembre 2023 su un approvvigionamento elettrico sicuro con le energie rinnovabili (Modifica della legge federale sull’energia e della legge sull’approvvigionamento elettrico);;campaign_financing;Importi preventivati;persona giuridica o società di persone;Donatore/trice: EBL (Genossenschaft Elektra Baselland), Attore/trice: Allianz für eine sichere Stromversorgung, Bern
it;1253;allowances;alphabetical;Finanziamento della campagna elettorale;8;09.06.2024 Legge federale del 29 settembre 2023 su un approvvigionamento elettrico sicuro con le energie rinnovabili (Modifica della legge federale sull’energia e della legge sull’approvvigionamento elettrico);;campaign_financing;Importi preventivati;persona giuridica o società di persone;Donatore/trice: FMV SA, Attore/trice: Allianz für eine sichere Stromversorgung, Bern
it;1254;allowances;alphabetical;Finanziamento della campagna elettorale;8;09.06.2024 Legge federale del 29 settembre 2023 su un approvvigionamento elettrico sicuro con le energie rinnovabili (Modifica della legge federale sull’energia e della legge sull’approvvigionamento elettrico);;campaign_financing;Importi preventivati;persona giuridica o società di persone;Donatore/trice: Axpo Holding AG, Attore/trice: Allianz für eine sichere Stromversorgung, Bern
it;1255;allowances;alphabetical;Finanziamento della campagna elettorale;8;09.06.2024 Legge federale del 29 settembre 2023 su un approvvigionamento elettrico sicuro con le energie rinnovabili (Modifica della legge federale sull’energia e della legge sull’approvvigionamento elettrico);;campaign_financing;Importi preventivati;persona giuridica o società di persone;Donatore/trice: auto-schweiz Vereinigung Schweizer Automobil-Importeure, Attore/trice: Allianz für eine sichere Stromversorgung, Bern
it;1256;allowances;alphabetical;Finanziamento della campagna elettorale;8;09.06.2024 Legge federale del 29 settembre 2023 su un approvvigionamento elettrico sicuro con le energie rinnovabili (Modifica della legge federale sull’energia e della legge sull’approvvigionamento elettrico);;campaign_financing;Importi preventivati;persona giuridica o società di persone;Donatore/trice: enalpin AG, Attore/trice: Allianz für eine sichere Stromversorgung, Bern
it;1257;allowances;alphabetical;Finanziamento della campagna elettorale;8;09.06.2024 Legge federale del 29 settembre 2023 su un approvvigionamento elettrico sicuro con le energie rinnovabili (Modifica della legge federale sull’energia e della legge sull’approvvigionamento elettrico);;campaign_financing;Importi preventivati;persona giuridica o società di persone;Donatore/trice: Avenergy Suisse, Attore/trice: Allianz für eine sichere Stromversorgung, Bern
it;1258;allowances;alphabetical;Finanziamento della campagna elettorale;8;09.06.2024 Legge federale del 29 settembre 2023 su un approvvigionamento elettrico sicuro con le energie rinnovabili (Modifica della legge federale sull’energia e della legge sull’approvvigionamento elettrico);;campaign_financing;Importi preventivati;persona giuridica o società di persone;Donatore/trice: Suisse Eole, Attore/trice: Allianz für eine sichere Stromversorgung, Bern
it;1259;allowances;alphabetical;Finanziamento della campagna elettorale;8;09.06.2024 Legge federale del 29 settembre 2023 su un approvvigionamento elettrico sicuro con le energie rinnovabili (Modifica della legge federale sull’energia e della legge sull’approvvigionamento elettrico);;campaign_financing;Importi preventivati;persona giuridica o società di persone;Donatore/trice: Swisspower AG, Attore/trice: Allianz für eine sichere Stromversorgung, Bern
it;1260;allowances;alphabetical;Finanziamento della campagna elettorale;8;09.06.2024 Legge federale del 29 settembre 2023 su un approvvigionamento elettrico sicuro con le energie rinnovabili (Modifica della legge federale sull’energia e della legge sull’approvvigionamento elettrico);;campaign_financing;Importi preventivati;persona giuridica o società di persone;Donatore/trice: Service Industriels de Genève, Attore/trice: Allianz für eine sichere Stromversorgung, Bern
it;1261;allowances;alphabetical;Finanziamento della campagna elettorale;8;09.06.2024 Legge federale del 29 settembre 2023 su un approvvigionamento elettrico sicuro con le energie rinnovabili (Modifica della legge federale sull’energia e della legge sull’approvvigionamento elettrico);;campaign_financing;Importi preventivati;persona giuridica o società di persone;Donatore/trice: BKW Management AG, Attore/trice: Allianz für eine sichere Stromversorgung, Bern
it;1262;allowances;alphabetical;Finanziamento della campagna elettorale;8;09.06.2024 Legge federale del 29 settembre 2023 su un approvvigionamento elettrico sicuro con le energie rinnovabili (Modifica della legge federale sull’energia e della legge sull’approvvigionamento elettrico);;campaign_financing;Importi preventivati;persona giuridica o società di persone;Donatore/trice: EKZ Elektrizitätswerke des Kantons Zürich, Attore/trice: Allianz für eine sichere Stromversorgung, Bern
it;1263;allowances;alphabetical;Finanziamento della campagna elettorale;8;09.06.2024 Legge federale del 29 settembre 2023 su un approvvigionamento elettrico sicuro con le energie rinnovabili (Modifica della legge federale sull’energia e della legge sull’approvvigionamento elettrico);;campaign_financing;Importi preventivati;persona giuridica o società di persone;Donatore/trice: Primeo Energie AG, Attore/trice: Allianz für eine sichere Stromversorgung, Bern
it;1264;allowances;alphabetical;Finanziamento della campagna elettorale;8;09.06.2024 Legge federale del 29 settembre 2023 su un approvvigionamento elettrico sicuro con le energie rinnovabili (Modifica della legge federale sull’energia e della legge sull’approvvigionamento elettrico);;campaign_financing;Importi preventivati;persona giuridica o società di persone;Donatore/trice: St. Gallisch-Appenzellische Kraftwerke AG, Attore/trice: Allianz für eine sichere Stromversorgung, Bern
it;1265;allowances;alphabetical;Finanziamento della campagna elettorale;8;09.06.2024 Legge federale del 29 settembre 2023 su un approvvigionamento elettrico sicuro con le energie rinnovabili (Modifica della legge federale sull’energia e della legge sull’approvvigionamento elettrico);;campaign_financing;Importi preventivati;persona giuridica o società di persone;Donatore/trice: aeesuisse, Attore/trice: Allianz für eine sichere Stromversorgung, Bern
it;1266;allowances;alphabetical;Finanziamento della campagna elettorale;8;09.06.2024 Legge federale del 29 settembre 2023 su un approvvigionamento elettrico sicuro con le energie rinnovabili (Modifica della legge federale sull’energia e della legge sull’approvvigionamento elettrico);;campaign_financing;Importi preventivati;persona giuridica o società di persone;Donatore/trice: Repower, Attore/trice: Allianz für eine sichere Stromversorgung, Bern
it;1267;allowances;alphabetical;Finanziamento della campagna elettorale;8;09.06.2024 Legge federale del 29 settembre 2023 su un approvvigionamento elettrico sicuro con le energie rinnovabili (Modifica della legge federale sull’energia e della legge sull’approvvigionamento elettrico);;campaign_financing;Importi preventivati;persona giuridica o società di persone;Donatore/trice: Avenergy Suisse, Attore/trice: Allianz für eine sichere Stromversorgung, Bern
it;1268;allowances;alphabetical;Finanziamento della campagna elettorale;8;09.06.2024 Legge federale del 29 settembre 2023 su un approvvigionamento elettrico sicuro con le energie rinnovabili (Modifica della legge federale sull’energia e della legge sull’approvvigionamento elettrico);;campaign_financing;Importi preventivati;persona giuridica o società di persone;Donatore/trice: Axpo Services AG, Attore/trice: Allianz für eine sichere Stromversorgung, Bern
it;1269;allowances;alphabetical;Finanziamento della campagna elettorale;8;09.06.2024 Legge federale del 29 settembre 2023 su un approvvigionamento elettrico sicuro con le energie rinnovabili (Modifica della legge federale sull’energia e della legge sull’approvvigionamento elettrico);;campaign_financing;Importi preventivati;persona giuridica o società di persone;Donatore/trice: Verband Schweizerischer Elektrizitätsunternehmen VSE, Attore/trice: Allianz für eine sichere Stromversorgung, Bern
it;127;allowances;alphabetical;Finanziamento della campagna elettorale;1;22.10.2023 Elezioni del Consiglio nazionale 2023;2023;campaign_financing;Importi preventivati;persona giuridica o società di persone;Donatore/trice: SP Kanton Bern, Attore/trice: Jungsozialist*innen Kanton Bern, Bern
it;1270;allowances;alphabetical;Finanziamento della campagna elettorale;8;09.06.2024 Legge federale del 29 settembre 2023 su un approvvigionamento elettrico sicuro con le energie rinnovabili (Modifica della legge federale sull’energia e della legge sull’approvvigionamento elettrico);;campaign_financing;Importi preventivati;persona giuridica o società di persone;Donatore/trice: Alpiq AG, Attore/trice: Allianz für eine sichere Stromversorgung, Bern
it;1271;allowances;alphabetical;Finanziamento della campagna elettorale;8;09.06.2024 Legge federale del 29 settembre 2023 su un approvvigionamento elettrico sicuro con le energie rinnovabili (Modifica della legge federale sull’energia e della legge sull’approvvigionamento elettrico);;campaign_financing;Importi preventivati;persona giuridica o società di persone;Donatore/trice: aeesuisse, Attore/trice: Allianz für eine sichere Stromversorgung, Bern
it;1272;allowances;alphabetical;Finanziamento della campagna elettorale;8;09.06.2024 Legge federale del 29 settembre 2023 su un approvvigionamento elettrico sicuro con le energie rinnovabili (Modifica della legge federale sull’energia e della legge sull’approvvigionamento elettrico);;campaign_financing;Importi preventivati;persona giuridica o società di persone;Donatore/trice: BKW Management AG, Attore/trice: Allianz für eine sichere Stromversorgung, Bern
it;1273;allowances;alphabetical;Finanziamento della campagna elettorale;8;09.06.2024 Legge federale del 29 settembre 2023 su un approvvigionamento elettrico sicuro con le energie rinnovabili (Modifica della legge federale sull’energia e della legge sull’approvvigionamento elettrico);;campaign_financing;Importi preventivati;persona giuridica o società di persone;Donatore/trice: Romande Energie SA, Attore/trice: Allianz für eine sichere Stromversorgung, Bern
it;1274;allowances;alphabetical;Finanziamento della campagna elettorale;8;09.06.2024 Legge federale del 29 settembre 2023 su un approvvigionamento elettrico sicuro con le energie rinnovabili (Modifica della legge federale sull’energia e della legge sull’approvvigionamento elettrico);;campaign_financing;Importi preventivati;persona giuridica o società di persone;Donatore/trice: Schweizerisch-Lichtensteinischer Gebäudetechnikerverband (suissetec), Attore/trice: Allianz für eine sichere Stromversorgung, Bern
it;1275;allowances;alphabetical;Finanziamento della campagna elettorale;8;09.06.2024 Legge federale del 29 settembre 2023 su un approvvigionamento elettrico sicuro con le energie rinnovabili (Modifica della legge federale sull’energia e della legge sull’approvvigionamento elettrico);;campaign_financing;Importi preventivati;persona giuridica o società di persone;Donatore/trice: Swissolar – Schweizerischer Fachverband für Sonnenenergie, Attore/trice: Allianz für eine sichere Stromversorgung, Bern
it;1276;allowances;alphabetical;Finanziamento della campagna elettorale;8;09.06.2024 Legge federale del 29 settembre 2023 su un approvvigionamento elettrico sicuro con le energie rinnovabili (Modifica della legge federale sull’energia e della legge sull’approvvigionamento elettrico);;campaign_financing;Importi preventivati;persona giuridica o società di persone;Donatore/trice: Grand Dixence SA, Attore/trice: Allianz für eine sichere Stromversorgung, Bern
it;1277;allowances;alphabetical;Finanziamento della campagna elettorale;8;09.06.2024 Legge federale del 29 settembre 2023 su un approvvigionamento elettrico sicuro con le energie rinnovabili (Modifica della legge federale sull’energia e della legge sull’approvvigionamento elettrico);;campaign_financing;Importi preventivati;persona giuridica o società di persone;Donatore/trice: aeesuisse, Attore/trice: Allianz für eine sichere Stromversorgung, Bern
it;1278;allowances;alphabetical;Finanziamento della campagna elettorale;8;09.06.2024 Legge federale del 29 settembre 2023 su un approvvigionamento elettrico sicuro con le energie rinnovabili (Modifica della legge federale sull’energia e della legge sull’approvvigionamento elettrico);;campaign_financing;Importi preventivati;persona giuridica o società di persone;Donatore/trice: Swisscleantech, Attore/trice: Allianz für eine sichere Stromversorgung, Bern
it;1279;allowances;alphabetical;Finanziamento della campagna elettorale;8;09.06.2024 Legge federale del 29 settembre 2023 su un approvvigionamento elettrico sicuro con le energie rinnovabili (Modifica della legge federale sull’energia e della legge sull’approvvigionamento elettrico);;campaign_financing;Importi preventivati;persona giuridica o società di persone;Donatore/trice: Zürcher Handelskammer, Attore/trice: Allianz für eine sichere Stromversorgung, Bern
it;128;allowances;alphabetical;Finanziamento della campagna elettorale;1;22.10.2023 Elezioni del Consiglio nazionale 2023;2023;campaign_financing;Importi preventivati;persona giuridica o società di persone;Donatore/trice: economiesuisse, Attore/trice: IG der Wirtschaftsverbände, Zürich
it;1280;allowances;alphabetical;Finanziamento della campagna elettorale;8;09.06.2024 Legge federale del 29 settembre 2023 su un approvvigionamento elettrico sicuro con le energie rinnovabili (Modifica della legge federale sull’energia e della legge sull’approvvigionamento elettrico);;campaign_financing;Importi preventivati;persona giuridica o società di persone;Donatore/trice: Energiedienst Holding AG, Attore/trice: Allianz für eine sichere Stromversorgung, Bern
it;129;allowances;alphabetical;Finanziamento della campagna elettorale;1;22.10.2023 Elezioni del Consiglio nazionale 2023;2023;campaign_financing;Importi preventivati;persona giuridica o società di persone;Donatore/trice: economiesuisse, Attore/trice: IG der Wirtschaftsverbände, Zürich
it;13;allowances;alphabetical;Finanziamento della campagna elettorale;1;22.10.2023 Elezioni del Consiglio nazionale 2023;2023;campaign_financing;Importi preventivati;persona giuridica o società di persone;Donatore/trice: Club Bürgerliche 100, Attore/trice: Schweizerische Volkspartei Aargau, Staufen
it;130;allowances;alphabetical;Finanziamento della campagna elettorale;1;22.10.2023 Elezioni del Consiglio nazionale 2023;2023;campaign_financing;Importi preventivati;persona giuridica o società di persone;Donatore/trice: Schweizerischer Gewerbeverband sgv, Attore/trice: IG der Wirtschaftsverbände, Zürich
it;131;allowances;alphabetical;Finanziamento della campagna elettorale;1;22.10.2023 Elezioni del Consiglio nazionale 2023;2023;campaign_financing;Importi preventivati;persona giuridica o società di persone;Donatore/trice: Schweizerischer Gewerbeverband sgv, Attore/trice: IG der Wirtschaftsverbände, Zürich
it;1312;allowances;alphabetical;Finanziamento della campagna elettorale;8;09.06.2024 Legge federale del 29 settembre 2023 su un approvvigionamento elettrico sicuro con le energie rinnovabili (Modifica della legge federale sull’energia e della legge sull’approvvigionamento elettrico);;campaign_financing;Importi preventivati;persona giuridica o società di persone;Donatore/trice: Stiftung für bürgerliche Politik, Attore/trice: Allianz gegen das Stromgesetz, Zürich
it;132;allowances;alphabetical;Finanziamento della campagna elettorale;1;22.10.2023 Elezioni del Consiglio nazionale 2023;2023;campaign_financing;Importi preventivati;persona giuridica o società di persone;Donatore/trice: Schweizerischer Arbeitgeberverband, Attore/trice: IG der Wirtschaftsverbände, Zürich
it;1327;allowances;alphabetical;Finanziamento della campagna elettorale;6;09.06.2024 Per premi più bassi – Freno ai costi nel settore sanitario (Iniziativa per un freno ai costi);;campaign_financing;Importi preventivati;persona giuridica o società di persone;Donatore/trice: FMH Verbindung der Schweizer Ärztinnen und Ärzte, Attore/trice: Gesundheitswesen mit Zukunft, Bern
it;1328;allowances;alphabetical;Finanziamento della campagna elettorale;6;09.06.2024 Per premi più bassi – Freno ai costi nel settore sanitario (Iniziativa per un freno ai costi);;campaign_financing;Importi preventivati;persona giuridica o società di persone;Donatore/trice: Ärztenetz Nordwest AG, Attore/trice: Gesundheitswesen mit Zukunft, Bern
it;1329;allowances;alphabetical;Finanziamento della campagna elettorale;6;09.06.2024 Per premi più bassi – Freno ai costi nel settore sanitario (Iniziativa per un freno ai costi);;campaign_financing;Importi preventivati;persona giuridica o società di persone;Donatore/trice: medswissnet, Attore/trice: Gesundheitswesen mit Zukunft, Bern
it;133;allowances;alphabetical;Finanziamento della campagna elettorale;1;22.10.2023 Elezioni del Consiglio nazionale 2023;2023;campaign_financing;Importi preventivati;persona giuridica o società di persone;Donatore/trice: Schweizerischer Arbeitgeberverband, Attore/trice: IG der Wirtschaftsverbände, Zürich
it;1330;allowances;alphabetical;Finanziamento della campagna elettorale;6;09.06.2024 Per premi più bassi – Freno ai costi nel settore sanitario (Iniziativa per un freno ai costi);;campaign_financing;Importi preventivati;persona giuridica o società di persone;Donatore/trice: ospita, Attore/trice: Gesundheitswesen mit Zukunft, Bern
it;1331;allowances;alphabetical;Finanziamento della campagna elettorale;6;09.06.2024 Per premi più bassi – Freno ai costi nel settore sanitario (Iniziativa per un freno ai costi);;campaign_financing;Importi preventivati;persona giuridica o società di persone;Donatore/trice: AerzteGesellschaft des Kantons Zürich AGZ, Attore/trice: Gesundheitswesen mit Zukunft, Bern
it;1332;allowances;alphabetical;Finanziamento della campagna elettorale;6;09.06.2024 Per premi più bassi – Freno ai costi nel settore sanitario (Iniziativa per un freno ai costi);;campaign_financing;Importi preventivati;persona giuridica o società di persone;Donatore/trice: Aargauischer Ärzteverband, Attore/trice: Gesundheitswesen mit Zukunft, Bern
it;1333;allowances;alphabetical;Finanziamento della campagna elettorale;6;09.06.2024 Per premi più bassi – Freno ai costi nel settore sanitario (Iniziativa per un freno ai costi);;campaign_financing;Importi preventivati;persona giuridica o società di persone;Donatore/trice: FMH Verbindung der Schweizer Ärztinnen und Ärzte, Attore/trice: Gesundheitswesen mit Zukunft, Bern
it;1334;allowances;alphabetical;Finanziamento della campagna elettorale;6;09.06.2024 Per premi più bassi – Freno ai costi nel settore sanitario (Iniziativa per un freno ai costi);;campaign_financing;Importi preventivati;persona giuridica o società di persone;Donatore/trice: AerzteGesellschaft des Kantons Zürich AGZ, Attore/trice: Gesundheitswesen mit Zukunft, Bern
it;1335;allowances;alphabetical;Finanziamento della campagna elettorale;6;09.06.2024 Per premi più bassi – Freno ai costi nel settore sanitario (Iniziativa per un freno ai costi);;campaign_financing;Importi preventivati;persona giuridica o società di persone;Donatore/trice: Verband Schweizerischer Assistenz- und Oberärztinnen und -ärzte VSAO, Attore/trice: Gesundheitswesen mit Zukunft, Bern
it;1336;allowances;alphabetical;Finanziamento della campagna elettorale;6;09.06.2024 Per premi più bassi – Freno ai costi nel settore sanitario (Iniziativa per un freno ai costi);;campaign_financing;Importi preventivati;persona giuridica o società di persone;Donatore/trice: Ärzte-Gesellschaft des Kantons Zug, Attore/trice: Gesundheitswesen mit Zukunft, Bern
it;1337;allowances;alphabetical;Finanziamento della campagna elettorale;6;09.06.2024 Per premi più bassi – Freno ai costi nel settore sanitario (Iniziativa per un freno ai costi);;campaign_financing;Importi preventivati;persona giuridica o società di persone;Donatore/trice: Schweizerischer Apothekenverband (pharmaSuisse), Attore/trice: Gesundheitswesen mit Zukunft, Bern
it;136;allowances;alphabetical;Finanziamento della campagna elettorale;1;22.10.2023 Elezioni del Consiglio nazionale 2023;2023;campaign_financing;Importi preventivati;persona giuridica o società di persone;Donatore/trice: EVP Schweiz, Attore/trice: Evangelische Volkspartei Kanton Bern, Bern
it;137;allowances;alphabetical;Finanziamento della campagna elettorale;1;22.10.2023 Elezioni del Consiglio nazionale 2023;2023;campaign_financing;Importi preventivati;persona fisica;Donatore/trice: Huber-Heusser Rosmarie, Attore/trice: Prelicz-Huber Katharina, Zürich
it;138;allowances;alphabetical;Finanziamento della campagna elettorale;1;22.10.2023 Elezioni del Consiglio nazionale 2023;2023;campaign_financing;Importi preventivati;persona fisica;Donatore/trice: Ursprung Jasmin, Attore/trice: Schweizerische Volkspartei Ortspartei Udligenswil, Udligenswil
it;139;allowances;alphabetical;Finanziamento della campagna elettorale;1;22.10.2023 Elezioni del Consiglio nazionale 2023;2023;campaign_financing;Importi preventivati;persona giuridica o società di persone;Donatore/trice: Donatorenvereinigung FDP Luzern, Attore/trice: FDP.Die Liberalen Luzern, Luzern
it;14;allowances;alphabetical;Finanziamento della campagna elettorale;1;22.10.2023 Elezioni del Consiglio nazionale 2023;2023;campaign_financing;Importi preventivati;persona giuridica o società di persone;Donatore/trice: Hauseigentümerverband Stadt und Kanon Zürich, Attore/trice: Freisinnig-Demokratische Partei der Stadt Zürich, Zürich
it;141;allowances;alphabetical;Finanziamento della campagna elettorale;1;22.10.2023 Elezioni del Consiglio nazionale 2023;2023;campaign_financing;Importi preventivati;persona giuridica o società di persone;Donatore/trice: FDP Schweiz, Attore/trice: Partito Liberale Radicale Ticinese, Bellinzona
it;1423;allowances;alphabetical;Finanziamento dei partiti politici;9;2023;;party_financing;;persona fisica;Donatore/trice: Hug Piero, Attore/trice: Sozialdemokratische Partei der Schweiz, Bern
it;1424;allowances;alphabetical;Finanziamento dei partiti politici;9;2023;;party_financing;;persona fisica;Donatore/trice: Stuber Bongras sel. Sandra, Attore/trice: Sozialdemokratische Partei der Schweiz, Bern
it;1425;allowances;alphabetical;Finanziamento dei partiti politici;9;2023;;party_financing;;persona giuridica o società di persone;Donatore/trice: Raiffeisen Schweiz Genossenschaft, Attore/trice: Sozialdemokratische Partei der Schweiz, Bern
it;1426;allowances;alphabetical;Finanziamento dei partiti politici;9;2023;;party_financing;;persona giuridica o società di persone;Donatore/trice: Schweizerische Mobiliar Versicherungsgesellschaft AG, Attore/trice: Sozialdemokratische Partei der Schweiz, Bern
it;148;allowances;alphabetical;Finanziamento della campagna elettorale;1;22.10.2023 Elezioni del Consiglio nazionale 2023;2023;campaign_financing;Importi preventivati;persona giuridica o società di persone;Donatore/trice: Zürcher Bankenverband, Attore/trice: Portmann Hans-Peter, Rüschlikon
it;15;allowances;alphabetical;Finanziamento della campagna elettorale;1;22.10.2023 Elezioni del Consiglio nazionale 2023;2023;campaign_financing;Importi preventivati;persona fisica;Donatore/trice: Schmid Sascha, Attore/trice: Mike Egger und Sascha Schmid in den Nationalrat, Au
it;1546;allowances;alphabetical;Finanziamento della campagna elettorale;8;09.06.2024 Legge federale del 29 settembre 2023 su un approvvigionamento elettrico sicuro con le energie rinnovabili (Modifica della legge federale sull’energia e della legge sull’approvvigionamento elettrico);;campaign_financing;Importi finali;persona giuridica o società di persone;Donatore/trice: Alpiq SA, Attore/trice: Allianz für eine sichere Stromversorgung, Bern
it;1547;allowances;alphabetical;Finanziamento della campagna elettorale;8;09.06.2024 Legge federale del 29 settembre 2023 su un approvvigionamento elettrico sicuro con le energie rinnovabili (Modifica della legge federale sull’energia e della legge sull’approvvigionamento elettrico);;campaign_financing;Importi finali;persona giuridica o società di persone;Donatore/trice: Groupe E SA, Attore/trice: Allianz für eine sichere Stromversorgung, Bern
it;1548;allowances;alphabetical;Finanziamento della campagna elettorale;8;09.06.2024 Legge federale del 29 settembre 2023 su un approvvigionamento elettrico sicuro con le energie rinnovabili (Modifica della legge federale sull’energia e della legge sull’approvvigionamento elettrico);;campaign_financing;Importi finali;persona giuridica o società di persone;Donatore/trice: Romande Energie SA, Attore/trice: Allianz für eine sichere Stromversorgung, Bern
it;1549;allowances;alphabetical;Finanziamento della campagna elettorale;8;09.06.2024 Legge federale del 29 settembre 2023 su un approvvigionamento elettrico sicuro con le energie rinnovabili (Modifica della legge federale sull’energia e della legge sull’approvvigionamento elettrico);;campaign_financing;Importi finali;persona giuridica o società di persone;Donatore/trice: Ville de Lausanne, Attore/trice: Allianz für eine sichere Stromversorgung, Bern
it;155;allowances;alphabetical;Finanziamento della campagna elettorale;1;22.10.2023 Elezioni del Consiglio nazionale 2023;2023;campaign_financing;Importi preventivati;persona giuridica o società di persone;Donatore/trice: Churfirsten-Club, Attore/trice: Schweizerische Volkspartei des Kantons St. Gallen, St. Gallen
it;1550;allowances;alphabetical;Finanziamento della campagna elettorale;8;09.06.2024 Legge federale del 29 settembre 2023 su un approvvigionamento elettrico sicuro con le energie rinnovabili (Modifica della legge federale sull’energia e della legge sull’approvvigionamento elettrico);;campaign_financing;Importi finali;persona giuridica o società di persone;Donatore/trice: Electricita svizzera italiana, Attore/trice: Allianz für eine sichere Stromversorgung, Bern
it;1551;allowances;alphabetical;Finanziamento della campagna elettorale;8;09.06.2024 Legge federale del 29 settembre 2023 su un approvvigionamento elettrico sicuro con le energie rinnovabili (Modifica della legge federale sull’energia e della legge sull’approvvigionamento elettrico);;campaign_financing;Importi finali;persona giuridica o società di persone;Donatore/trice: Verband Schweizerischer Elektrizitätsunternehmen VSE, Attore/trice: Allianz für eine sichere Stromversorgung, Bern
it;1552;allowances;alphabetical;Finanziamento della campagna elettorale;8;09.06.2024 Legge federale del 29 settembre 2023 su un approvvigionamento elettrico sicuro con le energie rinnovabili (Modifica della legge federale sull’energia e della legge sull’approvvigionamento elettrico);;campaign_financing;Importi finali;persona giuridica o società di persone;Donatore/trice: economiesuisse, Attore/trice: Allianz für eine sichere Stromversorgung, Bern
it;1553;allowances;alphabetical;Finanziamento della campagna elettorale;8;09.06.2024 Legge federale del 29 settembre 2023 su un approvvigionamento elettrico sicuro con le energie rinnovabili (Modifica della legge federale sull’energia e della legge sull’approvvigionamento elettrico);;campaign_financing;Importi finali;persona giuridica o società di persone;Donatore/trice: Schweizerisch-Lichtensteinischer Gebäudetechnikerverband (suissetec), Attore/trice: Allianz für eine sichere Stromversorgung, Bern
it;1554;allowances;alphabetical;Finanziamento della campagna elettorale;8;09.06.2024 Legge federale del 29 settembre 2023 su un approvvigionamento elettrico sicuro con le energie rinnovabili (Modifica della legge federale sull’energia e della legge sull’approvvigionamento elettrico);;campaign_financing;Importi finali;persona giuridica o società di persone;Donatore/trice: EBL (Genossenschaft Elektra Baselland), Attore/trice: Allianz für eine sichere Stromversorgung, Bern
it;1555;allowances;alphabetical;Finanziamento della campagna elettorale;8;09.06.2024 Legge federale del 29 settembre 2023 su un approvvigionamento elettrico sicuro con le energie rinnovabili (Modifica della legge federale sull’energia e della legge sull’approvvigionamento elettrico);;campaign_financing;Importi finali;persona giuridica o società di persone;Donatore/trice: FMV SA, Attore/trice: Allianz für eine sichere Stromversorgung, Bern
it;1556;allowances;alphabetical;Finanziamento della campagna elettorale;8;09.06.2024 Legge federale del 29 settembre 2023 su un approvvigionamento elettrico sicuro con le energie rinnovabili (Modifica della legge federale sull’energia e della legge sull’approvvigionamento elettrico);;campaign_financing;Importi finali;persona giuridica o società di persone;Donatore/trice: Axpo Holding AG, Attore/trice: Allianz für eine sichere Stromversorgung, Bern
it;1557;allowances;alphabetical;Finanziamento della campagna elettorale;8;09.06.2024 Legge federale del 29 settembre 2023 su un approvvigionamento elettrico sicuro con le energie rinnovabili (Modifica della legge federale sull’energia e della legge sull’approvvigionamento elettrico);;campaign_financing;Importi finali;persona giuridica o società di persone;Donatore/trice: auto-schweiz Vereinigung Schweizer Automobil-Importeure, Attore/trice: Allianz für eine sichere Stromversorgung, Bern
it;1558;allowances;alphabetical;Finanziamento della campagna elettorale;8;09.06.2024 Legge federale del 29 settembre 2023 su un approvvigionamento elettrico sicuro con le energie rinnovabili (Modifica della legge federale sull’energia e della legge sull’approvvigionamento elettrico);;campaign_financing;Importi finali;persona giuridica o società di persone;Donatore/trice: enalpin AG, Attore/trice: Allianz für eine sichere Stromversorgung, Bern
it;1559;allowances;alphabetical;Finanziamento della campagna elettorale;8;09.06.2024 Legge federale del 29 settembre 2023 su un approvvigionamento elettrico sicuro con le energie rinnovabili (Modifica della legge federale sull’energia e della legge sull’approvvigionamento elettrico);;campaign_financing;Importi finali;persona giuridica o società di persone;Donatore/trice: Avenergy Suisse, Attore/trice: Allianz für eine sichere Stromversorgung, Bern
it;156;allowances;alphabetical;Finanziamento della campagna elettorale;1;22.10.2023 Elezioni del Consiglio nazionale 2023;2023;campaign_financing;Importi preventivati;persona giuridica o società di persone;Donatore/trice: Comité de soutien de Pascal Broulis, Attore/trice: Broulis Pascal, Sainte-Croix
it;1560;allowances;alphabetical;Finanziamento della campagna elettorale;8;09.06.2024 Legge federale del 29 settembre 2023 su un approvvigionamento elettrico sicuro con le energie rinnovabili (Modifica della legge federale sull’energia e della legge sull’approvvigionamento elettrico);;campaign_financing;Importi finali;persona giuridica o società di persone;Donatore/trice: Suisse Eole, Attore/trice: Allianz für eine sichere Stromversorgung, Bern
it;1561;allowances;alphabetical;Finanziamento della campagna elettorale;8;09.06.2024 Legge federale del 29 settembre 2023 su un approvvigionamento elettrico sicuro con le energie rinnovabili (Modifica della legge federale sull’energia e della legge sull’approvvigionamento elettrico);;campaign_financing;Importi finali;persona giuridica o società di persone;Donatore/trice: Swisspower AG, Attore/trice: Allianz für eine sichere Stromversorgung, Bern
it;1562;allowances;alphabetical;Finanziamento della campagna elettorale;8;09.06.2024 Legge federale del 29 settembre 2023 su un approvvigionamento elettrico sicuro con le energie rinnovabili (Modifica della legge federale sull’energia e della legge sull’approvvigionamento elettrico);;campaign_financing;Importi finali;persona giuridica o società di persone;Donatore/trice: Service Industriels de Genève, Attore/trice: Allianz für eine sichere Stromversorgung, Bern
it;1563;allowances;alphabetical;Finanziamento della campagna elettorale;8;09.06.2024 Legge federale del 29 settembre 2023 su un approvvigionamento elettrico sicuro con le energie rinnovabili (Modifica della legge federale sull’energia e della legge sull’approvvigionamento elettrico);;campaign_financing;Importi finali;persona giuridica o società di persone;Donatore/trice: BKW Management AG, Attore/trice: Allianz für eine sichere Stromversorgung, Bern
it;1564;allowances;alphabetical;Finanziamento della campagna elettorale;8;09.06.2024 Legge federale del 29 settembre 2023 su un approvvigionamento elettrico sicuro con le energie rinnovabili (Modifica della legge federale sull’energia e della legge sull’approvvigionamento elettrico);;campaign_financing;Importi finali;persona giuridica o società di persone;Donatore/trice: EKZ Elektrizitätswerke des Kantons Zürich, Attore/trice: Allianz für eine sichere Stromversorgung, Bern
it;1565;allowances;alphabetical;Finanziamento della campagna elettorale;8;09.06.2024 Legge federale del 29 settembre 2023 su un approvvigionamento elettrico sicuro con le energie rinnovabili (Modifica della legge federale sull’energia e della legge sull’approvvigionamento elettrico);;campaign_financing;Importi finali;persona giuridica o società di persone;Donatore/trice: Primeo Energie AG, Attore/trice: Allianz für eine sichere Stromversorgung, Bern
it;1566;allowances;alphabetical;Finanziamento della campagna elettorale;8;09.06.2024 Legge federale del 29 settembre 2023 su un approvvigionamento elettrico sicuro con le energie rinnovabili (Modifica della legge federale sull’energia e della legge sull’approvvigionamento elettrico);;campaign_financing;Importi finali;persona giuridica o società di persone;Donatore/trice: St. Gallisch-Appenzellische Kraftwerke AG, Attore/trice: Allianz für eine sichere Stromversorgung, Bern
it;1567;allowances;alphabetical;Finanziamento della campagna elettorale;8;09.06.2024 Legge federale del 29 settembre 2023 su un approvvigionamento elettrico sicuro con le energie rinnovabili (Modifica della legge federale sull’energia e della legge sull’approvvigionamento elettrico);;campaign_financing;Importi finali;persona giuridica o società di persone;Donatore/trice: aeesuisse, Attore/trice: Allianz für eine sichere Stromversorgung, Bern
it;1568;allowances;alphabetical;Finanziamento della campagna elettorale;8;09.06.2024 Legge federale del 29 settembre 2023 su un approvvigionamento elettrico sicuro con le energie rinnovabili (Modifica della legge federale sull’energia e della legge sull’approvvigionamento elettrico);;campaign_financing;Importi finali;persona giuridica o società di persone;Donatore/trice: Repower, Attore/trice: Allianz für eine sichere Stromversorgung, Bern
it;1569;allowances;alphabetical;Finanziamento della campagna elettorale;8;09.06.2024 Legge federale del 29 settembre 2023 su un approvvigionamento elettrico sicuro con le energie rinnovabili (Modifica della legge federale sull’energia e della legge sull’approvvigionamento elettrico);;campaign_financing;Importi finali;persona giuridica o società di persone;Donatore/trice: Avenergy Suisse, Attore/trice: Allianz für eine sichere Stromversorgung, Bern
it;1570;allowances;alphabetical;Finanziamento della campagna elettorale;8;09.06.2024 Legge federale del 29 settembre 2023 su un approvvigionamento elettrico sicuro con le energie rinnovabili (Modifica della legge federale sull’energia e della legge sull’approvvigionamento elettrico);;campaign_financing;Importi finali;persona giuridica o società di persone;Donatore/trice: Axpo Services AG, Attore/trice: Allianz für eine sichere Stromversorgung, Bern
it;1571;allowances;alphabetical;Finanziamento della campagna elettorale;8;09.06.2024 Legge federale del 29 settembre 2023 su un approvvigionamento elettrico sicuro con le energie rinnovabili (Modifica della legge federale sull’energia e della legge sull’approvvigionamento elettrico);;campaign_financing;Importi finali;persona giuridica o società di persone;Donatore/trice: Verband Schweizerischer Elektrizitätsunternehmen VSE, Attore/trice: Allianz für eine sichere Stromversorgung, Bern
it;1572;allowances;alphabetical;Finanziamento della campagna elettorale;8;09.06.2024 Legge federale del 29 settembre 2023 su un approvvigionamento elettrico sicuro con le energie rinnovabili (Modifica della legge federale sull’energia e della legge sull’approvvigionamento elettrico);;campaign_financing;Importi finali;persona giuridica o società di persone;Donatore/trice: Alpiq AG, Attore/trice: Allianz für eine sichere Stromversorgung, Bern
it;1573;allowances;alphabetical;Finanziamento della campagna elettorale;8;09.06.2024 Legge federale del 29 settembre 2023 su un approvvigionamento elettrico sicuro con le energie rinnovabili (Modifica della legge federale sull’energia e della legge sull’approvvigionamento elettrico);;campaign_financing;Importi finali;persona giuridica o società di persone;Donatore/trice: aeesuisse, Attore/trice: Allianz für eine sichere Stromversorgung, Bern
it;1574;allowances;alphabetical;Finanziamento della campagna elettorale;8;09.06.2024 Legge federale del 29 settembre 2023 su un approvvigionamento elettrico sicuro con le energie rinnovabili (Modifica della legge federale sull’energia e della legge sull’approvvigionamento elettrico);;campaign_financing;Importi finali;persona giuridica o società di persone;Donatore/trice: BKW Management AG, Attore/trice: Allianz für eine sichere Stromversorgung, Bern
it;1575;allowances;alphabetical;Finanziamento della campagna elettorale;8;09.06.2024 Legge federale del 29 settembre 2023 su un approvvigionamento elettrico sicuro con le energie rinnovabili (Modifica della legge federale sull’energia e della legge sull’approvvigionamento elettrico);;campaign_financing;Importi finali;persona giuridica o società di persone;Donatore/trice: Romande Energie SA, Attore/trice: Allianz für eine sichere Stromversorgung, Bern
it;1576;allowances;alphabetical;Finanziamento della campagna elettorale;8;09.06.2024 Legge federale del 29 settembre 2023 su un approvvigionamento elettrico sicuro con le energie rinnovabili (Modifica della legge federale sull’energia e della legge sull’approvvigionamento elettrico);;campaign_financing;Importi finali;persona giuridica o società di persone;Donatore/trice: Schweizerisch-Lichtensteinischer Gebäudetechnikerverband (suissetec), Attore/trice: Allianz für eine sichere Stromversorgung, Bern
it;1577;allowances;alphabetical;Finanziamento della campagna elettorale;8;09.06.2024 Legge federale del 29 settembre 2023 su un approvvigionamento elettrico sicuro con le energie rinnovabili (Modifica della legge federale sull’energia e della legge sull’approvvigionamento elettrico);;campaign_financing;Importi finali;persona giuridica o società di persone;Donatore/trice: Swissolar – Schweizerischer Fachverband für Sonnenenergie, Attore/trice: Allianz für eine sichere Stromversorgung, Bern
it;1578;allowances;alphabetical;Finanziamento della campagna elettorale;8;09.06.2024 Legge federale del 29 settembre 2023 su un approvvigionamento elettrico sicuro con le energie rinnovabili (Modifica della legge federale sull’energia e della legge sull’approvvigionamento elettrico);;campaign_financing;Importi finali;persona giuridica o società di persone;Donatore/trice: Grand Dixence SA, Attore/trice: Allianz für eine sichere Stromversorgung, Bern
it;1579;allowances;alphabetical;Finanziamento della campagna elettorale;8;09.06.2024 Legge federale del 29 settembre 2023 su un approvvigionamento elettrico sicuro con le energie rinnovabili (Modifica della legge federale sull’energia e della legge sull’approvvigionamento elettrico);;campaign_financing;Importi finali;persona giuridica o società di persone;Donatore/trice: aeesuisse, Attore/trice: Allianz für eine sichere Stromversorgung, Bern
it;158;allowances;alphabetical;Finanziamento della campagna elettorale;1;22.10.2023 Elezioni del Consiglio nazionale 2023;2023;campaign_financing;Importi preventivati;persona giuridica o società di persone;Donatore/trice: SSIC TI, Attore/trice: Farinelli Alex, Comano
it;1580;allowances;alphabetical;Finanziamento della campagna elettorale;8;09.06.2024 Legge federale del 29 settembre 2023 su un approvvigionamento elettrico sicuro con le energie rinnovabili (Modifica della legge federale sull’energia e della legge sull’approvvigionamento elettrico);;campaign_financing;Importi finali;persona giuridica o società di persone;Donatore/trice: Swisscleantech, Attore/trice: Allianz für eine sichere Stromversorgung, Bern
it;1581;allowances;alphabetical;Finanziamento della campagna elettorale;8;09.06.2024 Legge federale del 29 settembre 2023 su un approvvigionamento elettrico sicuro con le energie rinnovabili (Modifica della legge federale sull’energia e della legge sull’approvvigionamento elettrico);;campaign_financing;Importi finali;persona giuridica o società di persone;Donatore/trice: Zürcher Handelskammer, Attore/trice: Allianz für eine sichere Stromversorgung, Bern
it;1582;allowances;alphabetical;Finanziamento della campagna elettorale;8;09.06.2024 Legge federale del 29 settembre 2023 su un approvvigionamento elettrico sicuro con le energie rinnovabili (Modifica della legge federale sull’energia e della legge sull’approvvigionamento elettrico);;campaign_financing;Importi finali;persona giuridica o società di persone;Donatore/trice: Energiedienst Holding AG, Attore/trice: Allianz für eine sichere Stromversorgung, Bern
it;1583;allowances;alphabetical;Finanziamento della campagna elettorale;8;09.06.2024 Legge federale del 29 settembre 2023 su un approvvigionamento elettrico sicuro con le energie rinnovabili (Modifica della legge federale sull’energia e della legge sull’approvvigionamento elettrico);;campaign_financing;Importi finali;persona giuridica o società di persone;Donatore/trice: Stiftung für bürgerliche Politik, Attore/trice: Allianz gegen das Stromgesetz, Zürich
it;1587;allowances;alphabetical;Finanziamento dei partiti politici;9;2023;;party_financing;;persona fisica;Donatore/trice: Gobbi Norman, Attore/trice: Lega dei Ticinesi, Lugano
it;1588;allowances;alphabetical;Finanziamento dei partiti politici;9;2023;;party_financing;;persona giuridica o società di persone;Donatore/trice: Raiffeisen Schweiz, Attore/trice: VERDI svizzeri, Berna
it;1589;allowances;alphabetical;Finanziamento dei partiti politici;9;2023;;party_financing;;persona giuridica o società di persone;Donatore/trice: AXA Versicherungen AG, Attore/trice: VERDI svizzeri, Berna
it;159;allowances;alphabetical;Finanziamento della campagna elettorale;1;22.10.2023 Elezioni del Consiglio nazionale 2023;2023;campaign_financing;Importi preventivati;persona giuridica o società di persone;Donatore/trice: UDC Vaud, Attore/trice: Alliance Vaudoise, Lausanne
it;1590;allowances;alphabetical;Finanziamento dei partiti politici;9;2023;;party_financing;;persona giuridica o società di persone;Donatore/trice: Schweizerische Mobiliar Versicherungsgesellschaft AG, Attore/trice: VERDI svizzeri, Berna
it;1591;allowances;alphabetical;Finanziamento dei partiti politici;9;2023;;party_financing;;persona giuridica o società di persone;Donatore/trice: Fondation Groupe Mutuel, Attore/trice: VERDI svizzeri, Berna
it;1592;allowances;alphabetical;Finanziamento dei partiti politici;9;2023;;party_financing;;persona giuridica o società di persone;Donatore/trice: Schweizerische Bankiervereinigung, Attore/trice: VERDI svizzeri, Berna
it;1593;allowances;alphabetical;Finanziamento dei partiti politici;9;2023;;party_financing;;persona giuridica o società di persone;Donatore/trice: Helvetia Schweiz. Versicherung, Attore/trice: VERDI svizzeri, Berna
it;1594;allowances;alphabetical;Finanziamento dei partiti politici;9;2023;;party_financing;;persona fisica;Donatore/trice: Burkard Carmita, Attore/trice: VERDI svizzeri, Berna
it;1595;allowances;alphabetical;Finanziamento dei partiti politici;9;2023;;party_financing;;persona fisica;Donatore/trice: Stuber Bongras Sandra, Attore/trice: VERDI svizzeri, Berna
it;1596;allowances;alphabetical;Finanziamento dei partiti politici;9;2023;;party_financing;;persona fisica;Donatore/trice: Hug Piero, Attore/trice: VERDI svizzeri, Berna
it;1597;allowances;alphabetical;Finanziamento dei partiti politici;9;2023;;party_financing;;persona fisica;Donatore/trice: Jean-Louis Reymond, Attore/trice: VERDI svizzeri, Berna
it;1598;allowances;alphabetical;Finanziamento dei partiti politici;9;2023;;party_financing;;persona fisica;Donatore/trice: Hans Rüegg, Attore/trice: VERDI svizzeri, Berna
it;16;allowances;alphabetical;Finanziamento della campagna elettorale;1;22.10.2023 Elezioni del Consiglio nazionale 2023;2023;campaign_financing;Importi preventivati;persona fisica;Donatore/trice: Töngi Michael, Attore/trice: Grüne Kanton Luzern, Luzern
it;160;allowances;alphabetical;Finanziamento della campagna elettorale;1;22.10.2023 Elezioni del Consiglio nazionale 2023;2023;campaign_financing;Importi preventivati;persona giuridica o società di persone;Donatore/trice: PLR Vaud, Attore/trice: Alliance Vaudoise, Lausanne
it;161;allowances;alphabetical;Finanziamento della campagna elettorale;1;22.10.2023 Elezioni del Consiglio nazionale 2023;2023;campaign_financing;Importi preventivati;persona giuridica o società di persone;Donatore/trice: Comité de soutien de Pascal Broulis, Attore/trice: Alliance Vaudoise, Lausanne
it;162;allowances;alphabetical;Finanziamento della campagna elettorale;1;22.10.2023 Elezioni del Consiglio nazionale 2023;2023;campaign_financing;Importi preventivati;persona giuridica o società di persone;Donatore/trice: Comité de soutien de Pascal Broulis, Attore/trice: PLR.Les Libéraux-Radicaux Vaud, Lausanne
it;163;allowances;alphabetical;Finanziamento della campagna elettorale;1;22.10.2023 Elezioni del Consiglio nazionale 2023;2023;campaign_financing;Importi preventivati;persona giuridica o società di persone;Donatore/trice: WWF Schweiz, Attore/trice: Umweltallianz, Zürich
it;165;allowances;alphabetical;Finanziamento della campagna elettorale;1;22.10.2023 Elezioni del Consiglio nazionale 2023;2023;campaign_financing;Importi preventivati;persona giuridica o società di persone;Donatore/trice: Bären-Club der SVP Kanton Bern, Attore/trice: Schweizerische Volkspartei Kanton Bern, Bern
it;1668;allowances;alphabetical;Finanziamento dei partiti politici;9;2023;;party_financing;;persona giuridica o società di persone;Donatore/trice: Zürich Versicherung, Attore/trice: Grünliberale Partei Schweiz, Bern
it;1669;allowances;alphabetical;Finanziamento dei partiti politici;9;2023;;party_financing;;persona giuridica o società di persone;Donatore/trice: Interpharma, Attore/trice: Grünliberale Partei Schweiz, Bern
it;1670;allowances;alphabetical;Finanziamento dei partiti politici;9;2023;;party_financing;;persona giuridica o società di persone;Donatore/trice: Novartis International AG, Attore/trice: Grünliberale Partei Schweiz, Bern
it;1671;allowances;alphabetical;Finanziamento dei partiti politici;9;2023;;party_financing;;persona giuridica o società di persone;Donatore/trice: Swiss Life AG, Attore/trice: Grünliberale Partei Schweiz, Bern
it;1672;allowances;alphabetical;Finanziamento dei partiti politici;9;2023;;party_financing;;persona giuridica o società di persone;Donatore/trice: Schweizerischer Versicherungsverband, Attore/trice: Grünliberale Partei Schweiz, Bern
it;1673;allowances;alphabetical;Finanziamento dei partiti politici;9;2023;;party_financing;;persona giuridica o società di persone;Donatore/trice: Swiss Re, Attore/trice: Grünliberale Partei Schweiz, Bern
it;1674;allowances;alphabetical;Finanziamento dei partiti politici;9;2023;;party_financing;;persona giuridica o società di persone;Donatore/trice: Schweizerische Mobiliar Versicherungsgesellschaft AG, Attore/trice: Grünliberale Partei Schweiz, Bern
it;1675;allowances;alphabetical;Finanziamento dei partiti politici;9;2023;;party_financing;;persona giuridica o società di persone;Donatore/trice: UBS AG, Attore/trice: Grünliberale Partei Schweiz, Bern
it;1676;allowances;alphabetical;Finanziamento dei partiti politici;9;2023;;party_financing;;persona giuridica o società di persone;Donatore/trice: Schindler Aufzüge AG, Attore/trice: Grünliberale Partei Schweiz, Bern
it;1677;allowances;alphabetical;Finanziamento dei partiti politici;9;2023;;party_financing;;persona giuridica o società di persone;Donatore/trice: Roche Holding AG, Attore/trice: Grünliberale Partei Schweiz, Bern
it;1678;allowances;alphabetical;Finanziamento dei partiti politici;9;2023;;party_financing;;persona giuridica o società di persone;Donatore/trice: Credit Suisse AG, Attore/trice: Grünliberale Partei Schweiz, Bern
it;1679;allowances;alphabetical;Finanziamento dei partiti politici;9;2023;;party_financing;;persona giuridica o società di persone;Donatore/trice: Schweizerische Bankiervereinigung, Attore/trice: Grünliberale Partei Schweiz, Bern
it;1680;allowances;alphabetical;Finanziamento dei partiti politici;9;2023;;party_financing;;persona giuridica o società di persone;Donatore/trice: Schweizerischer Arbeitgeberverband, Attore/trice: Grünliberale Partei Schweiz, Bern
it;1681;allowances;alphabetical;Finanziamento dei partiti politici;9;2023;;party_financing;;persona giuridica o società di persone;Donatore/trice: Economiesuisse, Attore/trice: Grünliberale Partei Schweiz, Bern
it;17;allowances;alphabetical;Finanziamento della campagna elettorale;1;22.10.2023 Elezioni del Consiglio nazionale 2023;2023;campaign_financing;Importi preventivati;persona fisica;Donatore/trice: Schlepfer Thom, Attore/trice: Grüne Kanton Luzern, Luzern
it;170;allowances;alphabetical;Finanziamento della campagna elettorale;1;22.10.2023 Elezioni del Consiglio nazionale 2023;2023;campaign_financing;Importi preventivati;persona giuridica o società di persone;Donatore/trice: WWF Schweiz, Attore/trice: Umweltallianz, Zürich
it;1764;allowances;alphabetical;Finanziamento della campagna elettorale;8;09.06.2024 Legge federale del 29 settembre 2023 su un approvvigionamento elettrico sicuro con le energie rinnovabili (Modifica della legge federale sull’energia e della legge sull’approvvigionamento elettrico);;campaign_financing;Importi finali;persona fisica;Donatore/trice: Schwander Achim, Attore/trice: Sozialdemokratische Partei der Schweiz, Bern
it;1765;allowances;alphabetical;Finanziamento della campagna elettorale;10;22.09.2024 Per il futuro della nostra natura e del nostro paesaggio (Iniziativa biodiversità);;campaign_financing;Importi preventivati;persona giuridica o società di persone;Donatore/trice: Schweizer Zucker AG, Attore/trice: Unione Svizzera dei Contadini (USC), Brugg
it;1766;allowances;alphabetical;Finanziamento della campagna elettorale;10;22.09.2024 Per il futuro della nostra natura e del nostro paesaggio (Iniziativa biodiversità);;campaign_financing;Importi preventivati;persona giuridica o società di persone;Donatore/trice: Gallosuisse, Attore/trice: Unione Svizzera dei Contadini (USC), Brugg
it;1767;allowances;alphabetical;Finanziamento della campagna elettorale;10;22.09.2024 Per il futuro della nostra natura e del nostro paesaggio (Iniziativa biodiversità);;campaign_financing;Importi preventivati;persona giuridica o società di persone;Donatore/trice: Suisseporcs, Attore/trice: Unione Svizzera dei Contadini (USC), Brugg
it;1768;allowances;alphabetical;Finanziamento della campagna elettorale;10;22.09.2024 Per il futuro della nostra natura e del nostro paesaggio (Iniziativa biodiversità);;campaign_financing;Importi preventivati;persona giuridica o società di persone;Donatore/trice: Schweizer Obstverband, Attore/trice: Unione Svizzera dei Contadini (USC), Brugg
it;1769;allowances;alphabetical;Finanziamento della campagna elettorale;10;22.09.2024 Per il futuro della nostra natura e del nostro paesaggio (Iniziativa biodiversità);;campaign_financing;Importi preventivati;persona giuridica o società di persone;Donatore/trice: Vereinigung Schweizer Kartoffelproduzenten, Attore/trice: Unione Svizzera dei Contadini (USC), Brugg
it;177;allowances;alphabetical;Finanziamento della campagna elettorale;1;22.10.2023 Elezioni del Consiglio nazionale 2023;2023;campaign_financing;Importi preventivati;persona giuridica o società di persone;Donatore/trice: PCS Holding AG, Attore/trice: Schweizerische Volkspartei des Kantons Thurgau, Mettlen
it;1770;allowances;alphabetical;Finanziamento della campagna elettorale;10;22.09.2024 Per il futuro della nostra natura e del nostro paesaggio (Iniziativa biodiversità);;campaign_financing;Importi preventivati;persona giuridica o società di persone;Donatore/trice: Schweizer Milchproduzenten, Attore/trice: Unione Svizzera dei Contadini (USC), Brugg
it;1771;allowances;alphabetical;Finanziamento della campagna elettorale;10;22.09.2024 Per il futuro della nostra natura e del nostro paesaggio (Iniziativa biodiversità);;campaign_financing;Importi preventivati;persona giuridica o società di persone;Donatore/trice: Verband Schweizerischer Elektrizitätsunternehmen, Attore/trice: Unione Svizzera dei Contadini (USC), Brugg
it;1772;allowances;alphabetical;Finanziamento della campagna elettorale;10;22.09.2024 Per il futuro della nostra natura e del nostro paesaggio (Iniziativa biodiversità);;campaign_financing;Importi preventivati;persona giuridica o società di persone;Donatore/trice: Swiss Granum, Attore/trice: Unione Svizzera dei Contadini (USC), Brugg
it;1773;allowances;alphabetical;Finanziamento della campagna elettorale;10;22.09.2024 Per il futuro della nostra natura e del nostro paesaggio (Iniziativa biodiversità);;campaign_financing;Importi preventivati;persona giuridica o società di persone;Donatore/trice: Landtechnik Schweiz, Attore/trice: Unione Svizzera dei Contadini (USC), Brugg
it;1774;allowances;alphabetical;Finanziamento della campagna elettorale;10;22.09.2024 Per il futuro della nostra natura e del nostro paesaggio (Iniziativa biodiversità);;campaign_financing;Importi preventivati;persona giuridica o società di persone;Donatore/trice: Schweizer Bauernverband, Attore/trice: Unione Svizzera dei Contadini (USC), Brugg
it;1775;allowances;alphabetical;Finanziamento della campagna elettorale;10;22.09.2024 Per il futuro della nostra natura e del nostro paesaggio (Iniziativa biodiversità);;campaign_financing;Importi preventivati;persona fisica;Donatore/trice: Brunner Daniel, Attore/trice: Ja zu mehr Natur, Landschaft und Baukultur, Basel
it;1776;allowances;alphabetical;Finanziamento della campagna elettorale;10;22.09.2024 Per il futuro della nostra natura e del nostro paesaggio (Iniziativa biodiversità);;campaign_financing;Importi preventivati;persona giuridica o società di persone;Donatore/trice: Pro Natura, Attore/trice: Ja zu mehr Natur, Landschaft und Baukultur, Basel
it;1777;allowances;alphabetical;Finanziamento della campagna elettorale;10;22.09.2024 Per il futuro della nostra natura e del nostro paesaggio (Iniziativa biodiversità);;campaign_financing;Importi preventivati;persona giuridica o società di persone;Donatore/trice: BirdLife Schweiz, Attore/trice: Ja zu mehr Natur, Landschaft und Baukultur, Basel
it;1778;allowances;alphabetical;Finanziamento della campagna elettorale;10;22.09.2024 Per il futuro della nostra natura e del nostro paesaggio (Iniziativa biodiversità);;campaign_financing;Importi preventivati;persona giuridica o società di persone;Donatore/trice: Stiftung Landschaftsschutz (SL), Attore/trice: Ja zu mehr Natur, Landschaft und Baukultur, Basel
it;1779;allowances;alphabetical;Finanziamento della campagna elettorale;10;22.09.2024 Per il futuro della nostra natura e del nostro paesaggio (Iniziativa biodiversità);;campaign_financing;Importi preventivati;persona giuridica o società di persone;Donatore/trice: Schweizer Heimatschutz (SHS), Attore/trice: Ja zu mehr Natur, Landschaft und Baukultur, Basel
it;1784;allowances;alphabetical;Finanziamento della campagna elettorale;6;09.06.2024 Per premi più bassi – Freno ai costi nel settore sanitario (Iniziativa per un freno ai costi);;campaign_financing;Importi finali;persona giuridica o società di persone;Donatore/trice: FMH Verbindung der Schweizer Ärztinnen und Ärzte, Attore/trice: Gesundheitswesen mit Zukunft, Bern
it;1785;allowances;alphabetical;Finanziamento della campagna elettorale;6;09.06.2024 Per premi più bassi – Freno ai costi nel settore sanitario (Iniziativa per un freno ai costi);;campaign_financing;Importi finali;persona giuridica o società di persone;Donatore/trice: Ärztenetz Nordwest AG, Attore/trice: Gesundheitswesen mit Zukunft, Bern
it;1786;allowances;alphabetical;Finanziamento della campagna elettorale;6;09.06.2024 Per premi più bassi – Freno ai costi nel settore sanitario (Iniziativa per un freno ai costi);;campaign_financing;Importi finali;persona giuridica o società di persone;Donatore/trice: medswissnet, Attore/trice: Gesundheitswesen mit Zukunft, Bern
it;1787;allowances;alphabetical;Finanziamento della campagna elettorale;6;09.06.2024 Per premi più bassi – Freno ai costi nel settore sanitario (Iniziativa per un freno ai costi);;campaign_financing;Importi finali;persona giuridica o società di persone;Donatore/trice: ospita, Attore/trice: Gesundheitswesen mit Zukunft, Bern
it;1788;allowances;alphabetical;Finanziamento della campagna elettorale;6;09.06.2024 Per premi più bassi – Freno ai costi nel settore sanitario (Iniziativa per un freno ai costi);;campaign_financing;Importi finali;persona giuridica o società di persone;Donatore/trice: AerzteGesellschaft des Kantons Zürich AGZ, Attore/trice: Gesundheitswesen mit Zukunft, Bern
it;1789;allowances;alphabetical;Finanziamento della campagna elettorale;6;09.06.2024 Per premi più bassi – Freno ai costi nel settore sanitario (Iniziativa per un freno ai costi);;campaign_financing;Importi finali;persona giuridica o società di persone;Donatore/trice: Aargauischer Ärzteverband, Attore/trice: Gesundheitswesen mit Zukunft, Bern
it;179;allowances;alphabetical;Finanziamento della campagna elettorale;1;22.10.2023 Elezioni del Consiglio nazionale 2023;2023;campaign_financing;Importi preventivati;persona giuridica o società di persone;Donatore/trice: Kuratorium Thurgau, Attore/trice: Schweizerische Volkspartei des Kantons Thurgau, Mettlen
it;1790;allowances;alphabetical;Finanziamento della campagna elettorale;6;09.06.2024 Per premi più bassi – Freno ai costi nel settore sanitario (Iniziativa per un freno ai costi);;campaign_financing;Importi finali;persona giuridica o società di persone;Donatore/trice: FMH Verbindung der Schweizer Ärztinnen und Ärzte, Attore/trice: Gesundheitswesen mit Zukunft, Bern
it;1791;allowances;alphabetical;Finanziamento della campagna elettorale;6;09.06.2024 Per premi più bassi – Freno ai costi nel settore sanitario (Iniziativa per un freno ai costi);;campaign_financing;Importi finali;persona giuridica o società di persone;Donatore/trice: AerzteGesellschaft des Kantons Zürich AGZ, Attore/trice: Gesundheitswesen mit Zukunft, Bern
it;1792;allowances;alphabetical;Finanziamento della campagna elettorale;6;09.06.2024 Per premi più bassi – Freno ai costi nel settore sanitario (Iniziativa per un freno ai costi);;campaign_financing;Importi finali;persona giuridica o società di persone;Donatore/trice: Verband Schweizerischer Assistenz- und Oberärztinnen und -ärzte VSAO, Attore/trice: Gesundheitswesen mit Zukunft, Bern
it;1793;allowances;alphabetical;Finanziamento della campagna elettorale;6;09.06.2024 Per premi più bassi – Freno ai costi nel settore sanitario (Iniziativa per un freno ai costi);;campaign_financing;Importi finali;persona giuridica o società di persone;Donatore/trice: Ärzte-Gesellschaft des Kantons Zug, Attore/trice: Gesundheitswesen mit Zukunft, Bern
it;1794;allowances;alphabetical;Finanziamento della campagna elettorale;6;09.06.2024 Per premi più bassi – Freno ai costi nel settore sanitario (Iniziativa per un freno ai costi);;campaign_financing;Importi finali;persona giuridica o società di persone;Donatore/trice: Schweizerischer Apothekenverband (pharmaSuisse), Attore/trice: Gesundheitswesen mit Zukunft, Bern
it;1795;allowances;alphabetical;Finanziamento della campagna elettorale;6;09.06.2024 Per premi più bassi – Freno ai costi nel settore sanitario (Iniziativa per un freno ai costi);;campaign_financing;Importi finali;persona giuridica o società di persone;Donatore/trice: FMH Verbindung der Schweizer Ärztinnen und Ärzte, Attore/trice: Gesundheitswesen mit Zukunft, Bern
it;1796;allowances;alphabetical;Finanziamento della campagna elettorale;6;09.06.2024 Per premi più bassi – Freno ai costi nel settore sanitario (Iniziativa per un freno ai costi);;campaign_financing;Importi finali;persona giuridica o società di persone;Donatore/trice: Société Médicale de la Suisse Romande (SMSR), Attore/trice: Gesundheitswesen mit Zukunft, Bern
it;1797;allowances;alphabetical;Finanziamento della campagna elettorale;10;22.09.2024 Per il futuro della nostra natura e del nostro paesaggio (Iniziativa biodiversità);;campaign_financing;Importi preventivati;persona giuridica o società di persone;Donatore/trice: BirdLife Schweiz, Attore/trice: Ja zu mehr Natur, Landschaft und Baukultur, Basel
it;1798;allowances;alphabetical;Finanziamento della campagna elettorale;10;22.09.2024 Per il futuro della nostra natura e del nostro paesaggio (Iniziativa biodiversità);;campaign_financing;Importi preventivati;persona giuridica o società di persone;Donatore/trice: Pro Natura, Attore/trice: Ja zu mehr Natur, Landschaft und Baukultur, Basel
it;18;allowances;alphabetical;Finanziamento della campagna elettorale;1;22.10.2023 Elezioni del Consiglio nazionale 2023;2023;campaign_financing;Importi preventivati;persona fisica;Donatore/trice: Egger Mike, Attore/trice: Mike Egger und Sascha Schmid in den Nationalrat, Au
it;180;allowances;alphabetical;Finanziamento della campagna elettorale;1;22.10.2023 Elezioni del Consiglio nazionale 2023;2023;campaign_financing;Importi preventivati;persona giuridica o società di persone;Donatore/trice: Greenpeace Schweiz, Attore/trice: Umweltallianz, Zürich
it;1806;allowances;alphabetical;Finanziamento dei partiti politici;9;2023;;party_financing;;persona giuridica o società di persone;Donatore/trice: Schweiz. Arbeitgeberverband, Attore/trice: Unione Democratica di Centro (UDC), Bern
it;1807;allowances;alphabetical;Finanziamento dei partiti politici;9;2023;;party_financing;;persona fisica;Donatore/trice: Martullo Blocher Magdalena Silvia, Attore/trice: Unione Democratica di Centro (UDC), Bern
it;1808;allowances;alphabetical;Finanziamento dei partiti politici;9;2023;;party_financing;;persona giuridica o società di persone;Donatore/trice: Philip Morris Switzerland Sarl, Attore/trice: Unione Democratica di Centro (UDC), Bern
it;1809;allowances;alphabetical;Finanziamento dei partiti politici;9;2023;;party_financing;;persona fisica;Donatore/trice: Matter Thomas, Attore/trice: Unione Democratica di Centro (UDC), Bern
it;1810;allowances;alphabetical;Finanziamento dei partiti politici;9;2023;;party_financing;;persona fisica;Donatore/trice: Frey Walter, Attore/trice: Unione Democratica di Centro (UDC), Bern
it;1811;allowances;alphabetical;Finanziamento dei partiti politici;9;2023;;party_financing;;persona giuridica o società di persone;Donatore/trice: AUTO-Schweiz Vereinigung, Attore/trice: Unione Democratica di Centro (UDC), Bern
it;1812;allowances;alphabetical;Finanziamento dei partiti politici;9;2023;;party_financing;;persona giuridica o società di persone;Donatore/trice: Schweizerische Bankiervereinigung, Attore/trice: Unione Democratica di Centro (UDC), Bern
it;1813;allowances;alphabetical;Finanziamento dei partiti politici;9;2023;;party_financing;;persona giuridica o società di persone;Donatore/trice: Roche Holding AG, Attore/trice: Unione Democratica di Centro (UDC), Bern
it;1814;allowances;alphabetical;Finanziamento dei partiti politici;9;2023;;party_financing;;persona giuridica o società di persone;Donatore/trice: AXA Versicherungen AG, Attore/trice: Unione Democratica di Centro (UDC), Bern
it;1815;allowances;alphabetical;Finanziamento dei partiti politici;9;2023;;party_financing;;persona giuridica o società di persone;Donatore/trice: Baloise Versicherung AG, Attore/trice: Unione Democratica di Centro (UDC), Bern
it;1816;allowances;alphabetical;Finanziamento dei partiti politici;9;2023;;party_financing;;persona giuridica o società di persone;Donatore/trice: Holcim (Schweiz) AG, Attore/trice: Unione Democratica di Centro (UDC), Bern
it;1817;allowances;alphabetical;Finanziamento dei partiti politici;9;2023;;party_financing;;persona giuridica o società di persone;Donatore/trice: Credit Suisse AG, Attore/trice: Unione Democratica di Centro (UDC), Bern
it;1818;allowances;alphabetical;Finanziamento dei partiti politici;9;2023;;party_financing;;persona fisica;Donatore/trice: Dörig Rolf, Attore/trice: Unione Democratica di Centro (UDC), Bern
it;1819;allowances;alphabetical;Finanziamento dei partiti politici;9;2023;;party_financing;;persona giuridica o società di persone;Donatore/trice: economiesuisse, Attore/trice: Unione Democratica di Centro (UDC), Bern
it;1820;allowances;alphabetical;Finanziamento dei partiti politici;9;2023;;party_financing;;persona giuridica o società di persone;Donatore/trice: Fondation Groupe Mutuel, Attore/trice: Unione Democratica di Centro (UDC), Bern
it;1821;allowances;alphabetical;Finanziamento dei partiti politici;9;2023;;party_financing;;persona giuridica o società di persone;Donatore/trice: Helvetia Schweiz. Versicherung, Attore/trice: Unione Democratica di Centro (UDC), Bern
it;1822;allowances;alphabetical;Finanziamento dei partiti politici;9;2023;;party_financing;;persona giuridica o società di persone;Donatore/trice: Interpharma, Attore/trice: Unione Democratica di Centro (UDC), Bern
it;1823;allowances;alphabetical;Finanziamento dei partiti politici;9;2023;;party_financing;;persona giuridica o società di persone;Donatore/trice: Bank Julius Baer and Co. Ltd, Attore/trice: Unione Democratica di Centro (UDC), Bern
it;1825;allowances;alphabetical;Finanziamento dei partiti politici;9;2023;;party_financing;;persona giuridica o società di persone;Donatore/trice: Schweizerische Mobiliar, Attore/trice: Unione Democratica di Centro (UDC), Bern
it;1826;allowances;alphabetical;Finanziamento dei partiti politici;9;2023;;party_financing;;persona fisica;Donatore/trice: Neise Christian, Attore/trice: Unione Democratica di Centro (UDC), Bern
it;1827;allowances;alphabetical;Finanziamento dei partiti politici;9;2023;;party_financing;;persona giuridica o società di persone;Donatore/trice: Nestle S.A., Attore/trice: Unione Democratica di Centro (UDC), Bern
it;1828;allowances;alphabetical;Finanziamento dei partiti politici;9;2023;;party_financing;;persona giuridica o società di persone;Donatore/trice: Novartis International AG, Attore/trice: Unione Democratica di Centro (UDC), Bern
it;1829;allowances;alphabetical;Finanziamento dei partiti politici;9;2023;;party_financing;;persona giuridica o società di persone;Donatore/trice: Raiffeisen Schweiz Genossenschaft, Attore/trice: Unione Democratica di Centro (UDC), Bern
it;1830;allowances;alphabetical;Finanziamento dei partiti politici;9;2023;;party_financing;;persona giuridica o società di persone;Donatore/trice: Schindler Aufzüge AG, Attore/trice: Unione Democratica di Centro (UDC), Bern
it;1831;allowances;alphabetical;Finanziamento dei partiti politici;9;2023;;party_financing;;persona giuridica o società di persone;Donatore/trice: Schweizerischer Versicherungsverband SVV, Attore/trice: Unione Democratica di Centro (UDC), Bern
it;1832;allowances;alphabetical;Finanziamento dei partiti politici;9;2023;;party_financing;;persona giuridica o società di persone;Donatore/trice: Swiss International Air Lines AG, Attore/trice: Unione Democratica di Centro (UDC), Bern
it;1833;allowances;alphabetical;Finanziamento dei partiti politici;9;2023;;party_financing;;persona giuridica o società di persone;Donatore/trice: Swiss Reinsurance Company Limited, Attore/trice: Unione Democratica di Centro (UDC), Bern
it;1834;allowances;alphabetical;Finanziamento dei partiti politici;9;2023;;party_financing;;persona giuridica o società di persone;Donatore/trice: Swiss Life AG, Attore/trice: Unione Democratica di Centro (UDC), Bern
it;1835;allowances;alphabetical;Finanziamento dei partiti politici;9;2023;;party_financing;;persona giuridica o società di persone;Donatore/trice: UBS AG, Attore/trice: Unione Democratica di Centro (UDC), Bern
it;1836;allowances;alphabetical;Finanziamento dei partiti politici;9;2023;;party_financing;;persona giuridica o società di persone;Donatore/trice: Stiftung für bürgerliche Politik, Attore/trice: Unione Democratica di Centro (UDC), Bern
it;1837;allowances;alphabetical;Finanziamento della campagna elettorale;11;22.09.2024 Legge federale sulla previdenza professionale per la vecchiaia, i superstiti e l’invalidità (LPP) (Riforma della previdenza professionale);;campaign_financing;Importi preventivati;persona giuridica o società di persone;"Donatore/trice: GastroSuisse, Attore/trice: Wirtschaftsallianz ""NEIN zur BVG-Scheinreform"", Zürich"
it;1838;allowances;alphabetical;Finanziamento della campagna elettorale;11;22.09.2024 Legge federale sulla previdenza professionale per la vecchiaia, i superstiti e l’invalidità (LPP) (Riforma della previdenza professionale);;campaign_financing;Importi preventivati;persona giuridica o società di persone;"Donatore/trice: Centre Patronal, Attore/trice: Wirtschaftsallianz ""NEIN zur BVG-Scheinreform"", Zürich"
it;1839;allowances;alphabetical;Finanziamento della campagna elettorale;11;22.09.2024 Legge federale sulla previdenza professionale per la vecchiaia, i superstiti e l’invalidità (LPP) (Riforma della previdenza professionale);;campaign_financing;Importi preventivati;persona giuridica o società di persone;"Donatore/trice: Verband der Tankstellenshop-Betreiber der Schweiz VTSS, Attore/trice: Wirtschaftsallianz ""NEIN zur BVG-Scheinreform"", Zürich"
it;184;allowances;alphabetical;Finanziamento della campagna elettorale;1;22.10.2023 Elezioni del Consiglio nazionale 2023;2023;campaign_financing;Importi preventivati;persona giuridica o società di persone;Donatore/trice: FDP.Die Liberalen Schweiz, Attore/trice: FDP.Die Liberalen Frauen Schweiz, St. Gallen
it;1855;allowances;alphabetical;Finanziamento della campagna elettorale;11;22.09.2024 Legge federale sulla previdenza professionale per la vecchiaia, i superstiti e l’invalidità (LPP) (Riforma della previdenza professionale);;campaign_financing;Importi preventivati;persona giuridica o società di persone;Donatore/trice: Travail.Suisse, Attore/trice: Travail.Suisse, Bern
it;1856;allowances;alphabetical;Finanziamento della campagna elettorale;8;09.06.2024 Legge federale del 29 settembre 2023 su un approvvigionamento elettrico sicuro con le energie rinnovabili (Modifica della legge federale sull’energia e della legge sull’approvvigionamento elettrico);;campaign_financing;Importi finali;persona giuridica o società di persone;Donatore/trice: Freie Landschaft, Attore/trice: Bündnis für Natur und Landschaft Schweiz, Bern
it;1857;allowances;alphabetical;Finanziamento della campagna elettorale;8;09.06.2024 Legge federale del 29 settembre 2023 su un approvvigionamento elettrico sicuro con le energie rinnovabili (Modifica della legge federale sull’energia e della legge sull’approvvigionamento elettrico);;campaign_financing;Importi finali;persona fisica;Donatore/trice: Hug Piero, Attore/trice: Bündnis für Natur und Landschaft Schweiz, Bern
it;1858;allowances;alphabetical;Finanziamento della campagna elettorale;6;09.06.2024 Per premi più bassi – Freno ai costi nel settore sanitario (Iniziativa per un freno ai costi);;campaign_financing;Importi finali;persona giuridica o società di persone;Donatore/trice: FMH Verbindung der Schweizer Ärztinnen und Ärzte, Attore/trice: Gesundheitswesen mit Zukunft, Bern
it;1859;allowances;alphabetical;Finanziamento dei partiti politici;9;2023;;party_financing;;persona giuridica o società di persone;Donatore/trice: Klimaschutz Schweiz (Abstimmungskampagne 2023), Attore/trice: Alleanza del Centro, Bern
it;1860;allowances;alphabetical;Finanziamento dei partiti politici;9;2023;;party_financing;;persona giuridica o società di persone;Donatore/trice: Schweiz. Arbeitgeberverband (Wahlen 2023), Attore/trice: Alleanza del Centro, Bern
it;1861;allowances;alphabetical;Finanziamento dei partiti politici;9;2023;;party_financing;;persona giuridica o società di persone;Donatore/trice: Zürich Versicherungs Gesellschaft AG (Unterstützungsbeitrag 2023), Attore/trice: Alleanza del Centro, Bern
it;1862;allowances;alphabetical;Finanziamento dei partiti politici;9;2023;;party_financing;;persona giuridica o società di persone;Donatore/trice: Economiesuisse (Abstimmungskampagne 2022), Attore/trice: Alleanza del Centro, Bern
it;1863;allowances;alphabetical;Finanziamento dei partiti politici;9;2023;;party_financing;;persona giuridica o società di persone;Donatore/trice: Axa Versicherungen AG (Unterstützungsbeitrag 2023), Attore/trice: Alleanza del Centro, Bern
it;1864;allowances;alphabetical;Finanziamento dei partiti politici;9;2023;;party_financing;;persona giuridica o società di persone;Donatore/trice: Schweizerische Mobiliar Versicherungsgesellschaft AG (Unterstützungsbeitrag 2023), Attore/trice: Alleanza del Centro, Bern
it;1865;allowances;alphabetical;Finanziamento dei partiti politici;9;2023;;party_financing;;persona giuridica o società di persone;Donatore/trice: Raiffeisen Schweiz Genossenschaft (Unterstützungsbeitrag 2023), Attore/trice: Alleanza del Centro, Bern
it;1866;allowances;alphabetical;Finanziamento dei partiti politici;9;2023;;party_financing;;persona giuridica o società di persone;Donatore/trice: UBS AG (Unterstützungsbeitrag 2023), Attore/trice: Alleanza del Centro, Bern
it;1867;allowances;alphabetical;Finanziamento dei partiti politici;9;2023;;party_financing;;persona giuridica o società di persone;Donatore/trice: Helvetia Versicherungen (Unterstützungsbeitrag 2023), Attore/trice: Alleanza del Centro, Bern
it;1868;allowances;alphabetical;Finanziamento dei partiti politici;9;2023;;party_financing;;persona giuridica o società di persone;Donatore/trice: Schweizerischer Versicherungsverband ASA/SVV (Unterstützungsbeitrag 2023), Attore/trice: Alleanza del Centro, Bern
it;1869;allowances;alphabetical;Finanziamento dei partiti politici;9;2023;;party_financing;;persona giuridica o società di persone;Donatore/trice: Interpharma (Unterstützungsbeitrag 2023), Attore/trice: Alleanza del Centro, Bern
it;1870;allowances;alphabetical;Finanziamento dei partiti politici;9;2023;;party_financing;;persona giuridica o società di persone;Donatore/trice: Nestlé S.A. (Unterstützungsbeitrag 2023), Attore/trice: Alleanza del Centro, Bern
it;1871;allowances;alphabetical;Finanziamento dei partiti politici;9;2023;;party_financing;;persona giuridica o società di persone;Donatore/trice: Holcim Ltd. (Wahlen 2023), Attore/trice: Alleanza del Centro, Bern
it;1872;allowances;alphabetical;Finanziamento dei partiti politici;9;2023;;party_financing;;persona giuridica o società di persone;Donatore/trice: Groupe Mutuel (Unterstützungsbeitrag 2023), Attore/trice: Alleanza del Centro, Bern
it;1873;allowances;alphabetical;Finanziamento dei partiti politici;9;2023;;party_financing;;persona giuridica o società di persone;Donatore/trice: Banque Lombard Odier & Cie SA (Unterstützungsbeitrag 2023), Attore/trice: Alleanza del Centro, Bern
it;1874;allowances;alphabetical;Finanziamento dei partiti politici;9;2023;;party_financing;;persona giuridica o società di persone;Donatore/trice: Economiesuisse (Abstimmungskampagne 2023), Attore/trice: Alleanza del Centro, Bern
it;1875;allowances;alphabetical;Finanziamento dei partiti politici;9;2023;;party_financing;;persona giuridica o società di persone;Donatore/trice: Economiesuisse (Abstimmungskampagne 2023), Attore/trice: Alleanza del Centro, Bern
it;1876;allowances;alphabetical;Finanziamento dei partiti politici;9;2023;;party_financing;;persona giuridica o società di persone;Donatore/trice: Swiss Life AG (Unterstützungsbeitrag 2023), Attore/trice: Alleanza del Centro, Bern
it;1877;allowances;alphabetical;Finanziamento dei partiti politici;9;2023;;party_financing;;persona giuridica o società di persone;Donatore/trice: Economiesuisse (Unterstützungsbeitrag 2023), Attore/trice: Alleanza del Centro, Bern
it;1878;allowances;alphabetical;Finanziamento dei partiti politici;9;2023;;party_financing;;persona giuridica o società di persone;Donatore/trice: Schindler Management Ltd. (Unterstützungsbeitrag 2023), Attore/trice: Alleanza del Centro, Bern
it;1879;allowances;alphabetical;Finanziamento dei partiti politici;9;2023;;party_financing;;persona giuridica o società di persone;Donatore/trice: Roche Holding AG (Unterstützungsbeitrag 2023), Attore/trice: Alleanza del Centro, Bern
it;1880;allowances;alphabetical;Finanziamento dei partiti politici;9;2023;;party_financing;;persona giuridica o società di persone;Donatore/trice: Credit Suisse, Attore/trice: Alleanza del Centro, Bern
it;1881;allowances;alphabetical;Finanziamento dei partiti politici;9;2023;;party_financing;;persona giuridica o società di persone;Donatore/trice: auto-schweiz (Unterstützungsbeitrag 2023), Attore/trice: Alleanza del Centro, Bern
it;1882;allowances;alphabetical;Finanziamento dei partiti politici;9;2023;;party_financing;;persona giuridica o società di persone;Donatore/trice: Swiss International Air Lines Ltd. (Unterstützungsbeitrag 2023), Attore/trice: Alleanza del Centro, Bern
it;1883;allowances;alphabetical;Finanziamento dei partiti politici;9;2023;;party_financing;;persona giuridica o società di persone;Donatore/trice: Novartis International AG (Unterstützungsbeitrag 2023), Attore/trice: Alleanza del Centro, Bern
it;1884;allowances;alphabetical;Finanziamento dei partiti politici;9;2023;;party_financing;;persona giuridica o società di persone;Donatore/trice: Schweizerische Bankiervereinigung SBVg (Unterstützungsbeitrag 2023), Attore/trice: Alleanza del Centro, Bern
it;1885;allowances;alphabetical;Finanziamento dei partiti politici;9;2023;;party_financing;;persona giuridica o società di persone;Donatore/trice: DIE MITTE-FRAKTION. DIE MITTE. EVP. (Sonderbeitrag Wahlen 2023), Attore/trice: Alleanza del Centro, Bern
it;1886;allowances;alphabetical;Finanziamento dei partiti politici;9;2023;;party_financing;;persona giuridica o società di persone;Donatore/trice: Die Mitte Nidwalden (Kantonalbeitrag 2023), Attore/trice: Alleanza del Centro, Bern
it;1887;allowances;alphabetical;Finanziamento dei partiti politici;9;2023;;party_financing;;persona giuridica o società di persone;Donatore/trice: Le Centre Jura (Kantonalbeitrag 2023), Attore/trice: Alleanza del Centro, Bern
it;1888;allowances;alphabetical;Finanziamento dei partiti politici;9;2023;;party_financing;;persona giuridica o società di persone;Donatore/trice: Die Mitte Appenzell Ausserrhoden (Kantonalbeitrag 2023), Attore/trice: Alleanza del Centro, Bern
it;1889;allowances;alphabetical;Finanziamento dei partiti politici;9;2023;;party_financing;;persona giuridica o società di persone;Donatore/trice: Le Centre Genève (Kantonalbeitrag 2023), Attore/trice: Alleanza del Centro, Bern
it;1890;allowances;alphabetical;Finanziamento dei partiti politici;9;2023;;party_financing;;persona giuridica o società di persone;Donatore/trice: Die Mitte Basel-Stadt (Kantonalbeitrag 2023), Attore/trice: Alleanza del Centro, Bern
it;1891;allowances;alphabetical;Finanziamento dei partiti politici;9;2023;;party_financing;;persona giuridica o società di persone;Donatore/trice: Die Mitte Kanton Zürich (Kantonalbeitrag 2023), Attore/trice: Alleanza del Centro, Bern
it;1892;allowances;alphabetical;Finanziamento dei partiti politici;9;2023;;party_financing;;persona giuridica o società di persone;Donatore/trice: Die Mitte Graubünden (Kantonalbeitrag 2023), Attore/trice: Alleanza del Centro, Bern
it;1893;allowances;alphabetical;Finanziamento dei partiti politici;9;2023;;party_financing;;persona giuridica o società di persone;Donatore/trice: Die Mitte Solothurn (Kantonalbeitrag 2023), Attore/trice: Alleanza del Centro, Bern
it;1894;allowances;alphabetical;Finanziamento dei partiti politici;9;2023;;party_financing;;persona giuridica o società di persone;Donatore/trice: Die Mitte Aargau (Kantonalbeitrag 2023), Attore/trice: Alleanza del Centro, Bern
it;1895;allowances;alphabetical;Finanziamento dei partiti politici;9;2023;;party_financing;;persona giuridica o società di persone;Donatore/trice: neo - Die sozialliberale Mitte (Kantonalbeitrag 2023), Attore/trice: Alleanza del Centro, Bern
it;1896;allowances;alphabetical;Finanziamento dei partiti politici;9;2023;;party_financing;;persona giuridica o società di persone;Donatore/trice: die Mitte Kanton St. Gallen (Kantonalbeitrag 2023), Attore/trice: Alleanza del Centro, Bern
it;1897;allowances;alphabetical;Finanziamento dei partiti politici;9;2023;;party_financing;;persona giuridica o società di persone;Donatore/trice: CVP-Die Mitte Uri (Kantonalbeitrag 2023), Attore/trice: Alleanza del Centro, Bern
it;1898;allowances;alphabetical;Finanziamento dei partiti politici;9;2023;;party_financing;;persona giuridica o società di persone;Donatore/trice: Die Mitte Schwyz, Attore/trice: Alleanza del Centro, Bern
it;1899;allowances;alphabetical;Finanziamento dei partiti politici;9;2023;;party_financing;;persona giuridica o società di persone;Donatore/trice: Die Mitte Sense (Kantonalbeitrag 2023), Attore/trice: Alleanza del Centro, Bern
it;19;allowances;alphabetical;Finanziamento della campagna elettorale;1;22.10.2023 Elezioni del Consiglio nazionale 2023;2023;campaign_financing;Importi preventivati;persona giuridica o società di persone;Donatore/trice: Supporter-Club der FDP Graubünden, Attore/trice: Freisinnig-Demokratische Partei Graubünden, Chur
it;1900;allowances;alphabetical;Finanziamento dei partiti politici;9;2023;;party_financing;;persona giuridica o società di persone;Donatore/trice: Die Mitte Appenzell Innerrhoden (Kantonalbeitrag 2023), Attore/trice: Alleanza del Centro, Bern
it;1901;allowances;alphabetical;Finanziamento dei partiti politici;9;2023;;party_financing;;persona giuridica o società di persone;Donatore/trice: Die Mitte Glarus (Kantonalbeitrag 2023), Attore/trice: Alleanza del Centro, Bern
it;1902;allowances;alphabetical;Finanziamento dei partiti politici;9;2023;;party_financing;;persona giuridica o società di persone;Donatore/trice: Die Mitte Kanton Zug (Kantonalbeitrag 2023), Attore/trice: Alleanza del Centro, Bern
it;1903;allowances;alphabetical;Finanziamento dei partiti politici;9;2023;;party_financing;;persona giuridica o società di persone;Donatore/trice: Le Centre Neuchâtel (Kantonalbeitrag 2023), Attore/trice: Alleanza del Centro, Bern
it;1904;allowances;alphabetical;Finanziamento dei partiti politici;9;2023;;party_financing;;persona giuridica o società di persone;Donatore/trice: Die Mitte Kanton Bern (Kantonalbeitrag 2023), Attore/trice: Alleanza del Centro, Bern
it;1905;allowances;alphabetical;Finanziamento dei partiti politici;9;2023;;party_financing;;persona giuridica o società di persone;Donatore/trice: Die Mitte Thurgau (Kantonalbeitrag 2023), Attore/trice: Alleanza del Centro, Bern
it;1906;allowances;alphabetical;Finanziamento dei partiti politici;9;2023;;party_financing;;persona giuridica o società di persone;Donatore/trice: Die Mitte Oberwallis (Kantonalbeitrag 2023), Attore/trice: Alleanza del Centro, Bern
it;1907;allowances;alphabetical;Finanziamento dei partiti politici;9;2023;;party_financing;;persona giuridica o società di persone;Donatore/trice: Le Centre Fribourg (Kantonalbeitrag 2023), Attore/trice: Alleanza del Centro, Bern
it;1908;allowances;alphabetical;Finanziamento dei partiti politici;9;2023;;party_financing;;persona giuridica o società di persone;Donatore/trice: Le Centre Valais romand (Kantonalbeitrag 2023), Attore/trice: Alleanza del Centro, Bern
it;1909;allowances;alphabetical;Finanziamento dei partiti politici;9;2023;;party_financing;;persona giuridica o società di persone;Donatore/trice: Die Mitte Kanton Luzern (Kantonalbeitrag 2023), Attore/trice: Alleanza del Centro, Bern
it;1910;allowances;alphabetical;Finanziamento dei partiti politici;9;2023;;party_financing;;persona giuridica o società di persone;Donatore/trice: CVP-Die Mitte Obwalden (Kantonalbeitrag 2023), Attore/trice: Alleanza del Centro, Bern
it;1911;allowances;alphabetical;Finanziamento dei partiti politici;9;2023;;party_financing;;persona giuridica o società di persone;Donatore/trice: Die Mitte Basel-Landschaft (Kantonalbeitrag 2023), Attore/trice: Alleanza del Centro, Bern
it;1912;allowances;alphabetical;Finanziamento dei partiti politici;9;2023;;party_financing;;persona giuridica o società di persone;Donatore/trice: Die Mitte Schaffhausen (Kantonalbeitrag 2023), Attore/trice: Alleanza del Centro, Bern
it;1913;allowances;alphabetical;Finanziamento dei partiti politici;9;2023;;party_financing;;persona giuridica o società di persone;Donatore/trice: Le Centre Vaud (Kantonalbeitrag 2023), Attore/trice: Alleanza del Centro, Bern
it;1914;allowances;alphabetical;Finanziamento dei partiti politici;9;2023;;party_financing;;persona giuridica o società di persone;Donatore/trice: il Centro (Kantonalbeitrag 2023), Attore/trice: Alleanza del Centro, Bern
it;1923;allowances;alphabetical;Finanziamento della campagna elettorale;8;09.06.2024 Legge federale del 29 settembre 2023 su un approvvigionamento elettrico sicuro con le energie rinnovabili (Modifica della legge federale sull’energia e della legge sull’approvvigionamento elettrico);;campaign_financing;Importi finali;persona giuridica o società di persone;Donatore/trice: WWF Schweiz, Attore/trice: Fondazione Svizzera dell'Energia, Zurigo
it;1924;allowances;alphabetical;Finanziamento della campagna elettorale;8;09.06.2024 Legge federale del 29 settembre 2023 su un approvvigionamento elettrico sicuro con le energie rinnovabili (Modifica della legge federale sull’energia e della legge sull’approvvigionamento elettrico);;campaign_financing;Importi finali;persona giuridica o società di persone;Donatore/trice: Volkart Stiftung, Attore/trice: Fondazione Svizzera dell'Energia, Zurigo
it;1925;allowances;alphabetical;Finanziamento della campagna elettorale;8;09.06.2024 Legge federale del 29 settembre 2023 su un approvvigionamento elettrico sicuro con le energie rinnovabili (Modifica della legge federale sull’energia e della legge sull’approvvigionamento elettrico);;campaign_financing;Importi finali;persona giuridica o società di persone;Donatore/trice: Clima Now, Attore/trice: Fondazione Svizzera dell'Energia, Zurigo
it;1926;allowances;alphabetical;Finanziamento della campagna elettorale;8;09.06.2024 Legge federale del 29 settembre 2023 su un approvvigionamento elettrico sicuro con le energie rinnovabili (Modifica della legge federale sull’energia e della legge sull’approvvigionamento elettrico);;campaign_financing;Importi finali;persona giuridica o società di persone;Donatore/trice: Oak Foundation, Attore/trice: Fondazione Svizzera dell'Energia, Zurigo
it;1927;allowances;alphabetical;Finanziamento della campagna elettorale;8;09.06.2024 Legge federale del 29 settembre 2023 su un approvvigionamento elettrico sicuro con le energie rinnovabili (Modifica della legge federale sull’energia e della legge sull’approvvigionamento elettrico);;campaign_financing;Importi finali;persona giuridica o società di persone;Donatore/trice: Greenpeace, Attore/trice: Fondazione Svizzera dell'Energia, Zurigo
it;1928;allowances;alphabetical;Finanziamento della campagna elettorale;8;09.06.2024 Legge federale del 29 settembre 2023 su un approvvigionamento elettrico sicuro con le energie rinnovabili (Modifica della legge federale sull’energia e della legge sull’approvvigionamento elettrico);;campaign_financing;Importi finali;persona giuridica o società di persone;Donatore/trice: Solarspar, Attore/trice: Fondazione Svizzera dell'Energia, Zurigo
it;1929;allowances;alphabetical;Finanziamento della campagna elettorale;8;09.06.2024 Legge federale del 29 settembre 2023 su un approvvigionamento elettrico sicuro con le energie rinnovabili (Modifica della legge federale sull’energia e della legge sull’approvvigionamento elettrico);;campaign_financing;Importi finali;persona giuridica o società di persone;Donatore/trice: Schweizerische Energiestiftung, Attore/trice: Fondazione Svizzera dell'Energia, Zurigo
it;1946;allowances;alphabetical;Finanziamento della campagna elettorale;11;22.09.2024 Legge federale sulla previdenza professionale per la vecchiaia, i superstiti e l’invalidità (LPP) (Riforma della previdenza professionale);;campaign_financing;Importi preventivati;persona giuridica o società di persone;"Donatore/trice: economiesuisse, Attore/trice: Allianz ""Ja zur BVG-Reform"", Zürich"
it;1947;allowances;alphabetical;Finanziamento della campagna elettorale;11;22.09.2024 Legge federale sulla previdenza professionale per la vecchiaia, i superstiti e l’invalidità (LPP) (Riforma della previdenza professionale);;campaign_financing;Importi preventivati;persona giuridica o società di persone;"Donatore/trice: Schweizerischer Versicherungsverband, Attore/trice: Allianz ""Ja zur BVG-Reform"", Zürich"
it;1948;allowances;alphabetical;Finanziamento della campagna elettorale;11;22.09.2024 Legge federale sulla previdenza professionale per la vecchiaia, i superstiti e l’invalidità (LPP) (Riforma della previdenza professionale);;campaign_financing;Importi preventivati;persona giuridica o società di persone;"Donatore/trice: AXA Versicherungen, Attore/trice: Allianz ""Ja zur BVG-Reform"", Zürich"
it;1949;allowances;alphabetical;Finanziamento della campagna elettorale;11;22.09.2024 Legge federale sulla previdenza professionale per la vecchiaia, i superstiti e l’invalidità (LPP) (Riforma della previdenza professionale);;campaign_financing;Importi preventivati;persona giuridica o società di persone;"Donatore/trice: Asset Management Association Switzerland, Attore/trice: Allianz ""Ja zur BVG-Reform"", Zürich"
it;1950;allowances;alphabetical;Finanziamento della campagna elettorale;11;22.09.2024 Legge federale sulla previdenza professionale per la vecchiaia, i superstiti e l’invalidità (LPP) (Riforma della previdenza professionale);;campaign_financing;Importi preventivati;persona giuridica o società di persone;"Donatore/trice: Zürcher Handelskammer, Attore/trice: Allianz ""Ja zur BVG-Reform"", Zürich"
it;1951;allowances;alphabetical;Finanziamento della campagna elettorale;11;22.09.2024 Legge federale sulla previdenza professionale per la vecchiaia, i superstiti e l’invalidità (LPP) (Riforma della previdenza professionale);;campaign_financing;Importi preventivati;persona giuridica o società di persone;"Donatore/trice: Zürcher Handelskammer, Attore/trice: Allianz ""Ja zur BVG-Reform"", Zürich"
it;1952;allowances;alphabetical;Finanziamento della campagna elettorale;11;22.09.2024 Legge federale sulla previdenza professionale per la vecchiaia, i superstiti e l’invalidità (LPP) (Riforma della previdenza professionale);;campaign_financing;Importi preventivati;persona giuridica o società di persone;"Donatore/trice: Schweizerischer Arbeitgeberverband, Attore/trice: Allianz ""Ja zur BVG-Reform"", Zürich"
it;1953;allowances;alphabetical;Finanziamento della campagna elettorale;11;22.09.2024 Legge federale sulla previdenza professionale per la vecchiaia, i superstiti e l’invalidità (LPP) (Riforma della previdenza professionale);;campaign_financing;Importi preventivati;persona giuridica o società di persone;Donatore/trice: UNIA, Attore/trice: Unione sindacale svizzera (USS), Berna
it;1954;allowances;alphabetical;Finanziamento della campagna elettorale;11;22.09.2024 Legge federale sulla previdenza professionale per la vecchiaia, i superstiti e l’invalidità (LPP) (Riforma della previdenza professionale);;campaign_financing;Importi preventivati;persona giuridica o società di persone;Donatore/trice: SEV, Attore/trice: Unione sindacale svizzera (USS), Berna
it;1955;allowances;alphabetical;Finanziamento della campagna elettorale;11;22.09.2024 Legge federale sulla previdenza professionale per la vecchiaia, i superstiti e l’invalidità (LPP) (Riforma della previdenza professionale);;campaign_financing;Importi preventivati;persona giuridica o società di persone;Donatore/trice: Syndicom, Attore/trice: Unione sindacale svizzera (USS), Berna
it;1956;allowances;alphabetical;Finanziamento della campagna elettorale;11;22.09.2024 Legge federale sulla previdenza professionale per la vecchiaia, i superstiti e l’invalidità (LPP) (Riforma della previdenza professionale);;campaign_financing;Importi preventivati;persona giuridica o società di persone;Donatore/trice: VPOD, Attore/trice: Unione sindacale svizzera (USS), Berna
it;1957;allowances;alphabetical;Finanziamento della campagna elettorale;11;22.09.2024 Legge federale sulla previdenza professionale per la vecchiaia, i superstiti e l’invalidità (LPP) (Riforma della previdenza professionale);;campaign_financing;Importi preventivati;persona giuridica o società di persone;"Donatore/trice: Schweizerischer Versicherungsverband, Attore/trice: Allianz ""Ja zur BVG-Reform"", Zürich"
it;1958;allowances;alphabetical;Finanziamento della campagna elettorale;11;22.09.2024 Legge federale sulla previdenza professionale per la vecchiaia, i superstiti e l’invalidità (LPP) (Riforma della previdenza professionale);;campaign_financing;Importi preventivati;persona giuridica o società di persone;"Donatore/trice: AXA Versicherungen, Attore/trice: Allianz ""Ja zur BVG-Reform"", Zürich"
it;196;allowances;alphabetical;Finanziamento della campagna elettorale;1;22.10.2023 Elezioni del Consiglio nazionale 2023;2023;campaign_financing;Importi preventivati;persona giuridica o società di persone;Donatore/trice: SP Schweiz, Attore/trice: Sozialdemokratische Partei des Kantons Zürich, Zürich
it;197;allowances;alphabetical;Finanziamento della campagna elettorale;1;22.10.2023 Elezioni del Consiglio nazionale 2023;2023;campaign_financing;Importi preventivati;persona giuridica o società di persone;Donatore/trice: SP Schweiz, Attore/trice: Sozialdemokratische Partei des Kantons Zürich, Zürich
it;198;allowances;alphabetical;Finanziamento della campagna elettorale;1;22.10.2023 Elezioni del Consiglio nazionale 2023;2023;campaign_financing;Importi preventivati;persona giuridica o società di persone;Donatore/trice: SP Schweiz, Attore/trice: Sozialdemokratische Partei des Kantons Zürich, Zürich
it;1980;allowances;alphabetical;Finanziamento della campagna elettorale;13;24.11.2024 Modifica del 29 settembre 2023 del Codice delle obbligazioni (Diritto di locazione: sublocazione);;campaign_financing;Importi preventivati;persona giuridica o società di persone;Donatore/trice: Hauseigentümerverband Schweiz, Attore/trice: Hauseigentümerverband Aargau, Baden
it;1986;allowances;alphabetical;Finanziamento della campagna elettorale;14;24.11.2024 Modifica del 29 settembre 2023 del Codice delle obbligazioni (Diritto di locazione: disdetta per bisogno personale);;campaign_financing;Importi preventivati;persona giuridica o società di persone;Donatore/trice: Hauseigentümerverband Schweiz, Attore/trice: Hauseigentümerverband Aargau, Baden
it;1987;allowances;alphabetical;Finanziamento della campagna elettorale;12;24.11.2024 Decreto federale del 29 settembre 2023 sulla Fase di potenziamento 2023 delle strade nazionali;2024;campaign_financing;Importi preventivati;persona fisica;Donatore/trice: Werenfels Christine, Attore/trice: Greenpeace Svizzera, Zürich
it;199;allowances;alphabetical;Finanziamento della campagna elettorale;1;22.10.2023 Elezioni del Consiglio nazionale 2023;2023;campaign_financing;Importi preventivati;persona fisica;Donatore/trice: Burkhard Kroeber Carmita, Attore/trice: Les Vert-e-s neuchâtelois-es, Neuchâtel
it;2;allowances;alphabetical;Finanziamento della campagna elettorale;1;22.10.2023 Elezioni del Consiglio nazionale 2023;2023;campaign_financing;Importi preventivati;persona giuridica o società di persone;Donatore/trice: SP Kanton Zürich, Attore/trice: Jungsozialist*innen des Kantons Zürich, Zürich
it;20;allowances;alphabetical;Finanziamento della campagna elettorale;1;22.10.2023 Elezioni del Consiglio nazionale 2023;2023;campaign_financing;Importi preventivati;persona giuridica o società di persone;Donatore/trice: Supporter-Club der FDP Graubünden, Attore/trice: Freisinnig-Demokratische Partei Graubünden, Chur
it;200;allowances;alphabetical;Finanziamento della campagna elettorale;1;22.10.2023 Elezioni del Consiglio nazionale 2023;2023;campaign_financing;Importi preventivati;persona giuridica o società di persone;Donatore/trice: Gönnervereinigung der Mitte Kanton Bern, Attore/trice: Die Mitte Kanton Bern, Bern
it;201;allowances;alphabetical;Finanziamento della campagna elettorale;1;22.10.2023 Elezioni del Consiglio nazionale 2023;2023;campaign_financing;Importi preventivati;persona fisica;Donatore/trice: Burkard Carmita, Attore/trice: Grüne Aargau, Aarau
it;2016;allowances;alphabetical;Finanziamento della campagna elettorale;15;24.11.2024 Modifica del 22 dicembre 2023 della legge federale sull’assicurazione malattie (Finanziamento uniforme delle prestazioni);;campaign_financing;Importi preventivati;persona giuridica o società di persone;Donatore/trice: VPOD - Verband des Personals öffentlicher Dienste, Attore/trice: Unione sindacale svizzera (USS), Berna
it;2017;allowances;alphabetical;Finanziamento della campagna elettorale;15;24.11.2024 Modifica del 22 dicembre 2023 della legge federale sull’assicurazione malattie (Finanziamento uniforme delle prestazioni);;campaign_financing;Importi preventivati;persona giuridica o società di persone;Donatore/trice: UNIA, Attore/trice: Unione sindacale svizzera (USS), Berna
it;2018;allowances;alphabetical;Finanziamento della campagna elettorale;15;24.11.2024 Modifica del 22 dicembre 2023 della legge federale sull’assicurazione malattie (Finanziamento uniforme delle prestazioni);;campaign_financing;Importi preventivati;persona giuridica o società di persone;Donatore/trice: SEV, Attore/trice: Unione sindacale svizzera (USS), Berna
it;2019;allowances;alphabetical;Finanziamento della campagna elettorale;15;24.11.2024 Modifica del 22 dicembre 2023 della legge federale sull’assicurazione malattie (Finanziamento uniforme delle prestazioni);;campaign_financing;Importi preventivati;persona giuridica o società di persone;Donatore/trice: Syndicom, Attore/trice: Unione sindacale svizzera (USS), Berna
it;202;allowances;alphabetical;Finanziamento della campagna elettorale;1;22.10.2023 Elezioni del Consiglio nazionale 2023;2023;campaign_financing;Importi preventivati;persona giuridica o società di persone;Donatore/trice: Greenpeace Schweiz, Attore/trice: Umweltallianz, Zürich
it;2020;allowances;alphabetical;Finanziamento della campagna elettorale;15;24.11.2024 Modifica del 22 dicembre 2023 della legge federale sull’assicurazione malattie (Finanziamento uniforme delle prestazioni);;campaign_financing;Importi preventivati;persona giuridica o società di persone;Donatore/trice: SGB - Schweizerischer Gewerkschaftsbund, Attore/trice: Unione sindacale svizzera (USS), Berna
it;203;allowances;alphabetical;Finanziamento della campagna elettorale;1;22.10.2023 Elezioni del Consiglio nazionale 2023;2023;campaign_financing;Importi preventivati;persona giuridica o società di persone;Donatore/trice: Pro Natura, Attore/trice: Umweltallianz, Zürich
it;204;allowances;alphabetical;Finanziamento della campagna elettorale;1;22.10.2023 Elezioni del Consiglio nazionale 2023;2023;campaign_financing;Importi preventivati;persona giuridica o società di persone;Donatore/trice: Pro Natura, Attore/trice: Umweltallianz, Zürich
it;2045;allowances;alphabetical;Finanziamento della campagna elettorale;15;24.11.2024 Modifica del 22 dicembre 2023 della legge federale sull’assicurazione malattie (Finanziamento uniforme delle prestazioni);;campaign_financing;Importi preventivati;persona giuridica o società di persone;Donatore/trice: Schweizerischer Verband der Personals öffentlicher Dienste, Attore/trice: Sindacato svizzero dei servizi pubblici (SSP), Zurigo
it;2047;allowances;alphabetical;Finanziamento della campagna elettorale;14;24.11.2024 Modifica del 29 settembre 2023 del Codice delle obbligazioni (Diritto di locazione: disdetta per bisogno personale);;campaign_financing;Importi preventivati;persona giuridica o società di persone;Donatore/trice: Hauseigentümerverband Schweiz, Attore/trice: HEV Kanton Zürich, Zürich
it;2048;allowances;alphabetical;Finanziamento della campagna elettorale;13;24.11.2024 Modifica del 29 settembre 2023 del Codice delle obbligazioni (Diritto di locazione: sublocazione);;campaign_financing;Importi preventivati;persona giuridica o società di persone;Donatore/trice: Hauseigentümerverband Schweiz, Attore/trice: HEV Kanton Zürich, Zürich
it;2049;allowances;alphabetical;Finanziamento della campagna elettorale;12;24.11.2024 Decreto federale del 29 settembre 2023 sulla Fase di potenziamento 2023 delle strade nazionali;2024;campaign_financing;Importi preventivati;persona giuridica o società di persone;"Donatore/trice: KGV St.Gallen, Attore/trice: Überparteiliches Komitee ""Ja zur Sicherung der Nationalstrassen SG/TG"", St. Gallen"
it;205;allowances;alphabetical;Finanziamento della campagna elettorale;1;22.10.2023 Elezioni del Consiglio nazionale 2023;2023;campaign_financing;Importi preventivati;persona giuridica o società di persone;Donatore/trice: VCS Verkehrs-Club der Schweiz, Attore/trice: Umweltallianz, Zürich
it;2050;allowances;alphabetical;Finanziamento della campagna elettorale;12;24.11.2024 Decreto federale del 29 settembre 2023 sulla Fase di potenziamento 2023 delle strade nazionali;2024;campaign_financing;Importi preventivati;persona giuridica o società di persone;"Donatore/trice: IG Engpassbeseitigung, Attore/trice: Überparteiliches Komitee ""Ja zur Sicherung der Nationalstrassen SG/TG"", St. Gallen"
it;2051;allowances;alphabetical;Finanziamento della campagna elettorale;12;24.11.2024 Decreto federale del 29 settembre 2023 sulla Fase di potenziamento 2023 delle strade nazionali;2024;campaign_financing;Importi preventivati;persona giuridica o società di persone;"Donatore/trice: Thurgauer Gewerbeverband TGV, Attore/trice: Überparteiliches Komitee ""Ja zur Sicherung der Nationalstrassen SG/TG"", St. Gallen"
it;2052;allowances;alphabetical;Finanziamento della campagna elettorale;12;24.11.2024 Decreto federale del 29 settembre 2023 sulla Fase di potenziamento 2023 delle strade nazionali;2024;campaign_financing;Importi preventivati;persona giuridica o società di persone;"Donatore/trice: TCS St.Gallen-Appenzell AI, Attore/trice: Überparteiliches Komitee ""Ja zur Sicherung der Nationalstrassen SG/TG"", St. Gallen"
it;2053;allowances;alphabetical;Finanziamento della campagna elettorale;12;24.11.2024 Decreto federale del 29 settembre 2023 sulla Fase di potenziamento 2023 delle strade nazionali;2024;campaign_financing;Importi preventivati;persona giuridica o società di persone;"Donatore/trice: ACS St.Gallen, Attore/trice: Überparteiliches Komitee ""Ja zur Sicherung der Nationalstrassen SG/TG"", St. Gallen"
it;2054;allowances;alphabetical;Finanziamento della campagna elettorale;12;24.11.2024 Decreto federale del 29 settembre 2023 sulla Fase di potenziamento 2023 delle strade nazionali;2024;campaign_financing;Importi preventivati;persona giuridica o società di persone;"Donatore/trice: AGVS SG-AR-AI-FL, Attore/trice: Überparteiliches Komitee ""Ja zur Sicherung der Nationalstrassen SG/TG"", St. Gallen"
it;2055;allowances;alphabetical;Finanziamento della campagna elettorale;12;24.11.2024 Decreto federale del 29 settembre 2023 sulla Fase di potenziamento 2023 delle strade nazionali;2024;campaign_financing;Importi preventivati;persona giuridica o società di persone;"Donatore/trice: Gewerbe Stadt St.Gallen, Attore/trice: Überparteiliches Komitee ""Ja zur Sicherung der Nationalstrassen SG/TG"", St. Gallen"
it;2056;allowances;alphabetical;Finanziamento della campagna elettorale;12;24.11.2024 Decreto federale del 29 settembre 2023 sulla Fase di potenziamento 2023 delle strade nazionali;2024;campaign_financing;Importi preventivati;persona giuridica o società di persone;"Donatore/trice: Wirtschaftregion St.Gallen WISG, Attore/trice: Überparteiliches Komitee ""Ja zur Sicherung der Nationalstrassen SG/TG"", St. Gallen"
it;2057;allowances;alphabetical;Finanziamento della campagna elettorale;12;24.11.2024 Decreto federale del 29 settembre 2023 sulla Fase di potenziamento 2023 delle strade nazionali;2024;campaign_financing;Importi preventivati;persona giuridica o società di persone;"Donatore/trice: HEV Stadt St.Gallen, Attore/trice: Überparteiliches Komitee ""Ja zur Sicherung der Nationalstrassen SG/TG"", St. Gallen"
it;2058;allowances;alphabetical;Finanziamento della campagna elettorale;13;24.11.2024 Modifica del 29 settembre 2023 del Codice delle obbligazioni (Diritto di locazione: sublocazione);;campaign_financing;Importi preventivati;persona giuridica o società di persone;Donatore/trice: Hauseigentümerverband Schweiz, Attore/trice: Hauseigentümerverband Kanton Bern, Bern
it;2059;allowances;alphabetical;Finanziamento della campagna elettorale;14;24.11.2024 Modifica del 29 settembre 2023 del Codice delle obbligazioni (Diritto di locazione: disdetta per bisogno personale);;campaign_financing;Importi preventivati;persona giuridica o società di persone;Donatore/trice: Hauseigentümerverband Schweiz, Attore/trice: Hauseigentümerverband Kanton Bern, Bern
it;206;allowances;alphabetical;Finanziamento della campagna elettorale;1;22.10.2023 Elezioni del Consiglio nazionale 2023;2023;campaign_financing;Importi preventivati;persona giuridica o società di persone;Donatore/trice: VCS Verkehrs-Club der Schweiz, Attore/trice: Umweltallianz, Zürich
it;2060;allowances;alphabetical;Finanziamento della campagna elettorale;12;24.11.2024 Decreto federale del 29 settembre 2023 sulla Fase di potenziamento 2023 delle strade nazionali;2024;campaign_financing;Importi preventivati;persona giuridica o società di persone;Donatore/trice: umverkehR, Attore/trice: Straffico, Zurigo
it;207;allowances;alphabetical;Finanziamento della campagna elettorale;1;22.10.2023 Elezioni del Consiglio nazionale 2023;2023;campaign_financing;Importi preventivati;persona giuridica o società di persone;Donatore/trice: WWF Schweiz, Attore/trice: WWF Svizzera, Zurigo
it;208;allowances;alphabetical;Finanziamento della campagna elettorale;1;22.10.2023 Elezioni del Consiglio nazionale 2023;2023;campaign_financing;Importi preventivati;persona giuridica o società di persone;Donatore/trice: Arbeitgeberverband Region Basel, Attore/trice: Schenker Saskia, Itingen
it;209;allowances;alphabetical;Finanziamento della campagna elettorale;1;22.10.2023 Elezioni del Consiglio nazionale 2023;2023;campaign_financing;Importi preventivati;persona giuridica o società di persone;Donatore/trice: Treffpunkt AR plus, Attore/trice: Schweizerische Volkspartei von Appenzell Ausserrhoden, Schönengrund
it;211;allowances;alphabetical;Finanziamento della campagna elettorale;1;22.10.2023 Elezioni del Consiglio nazionale 2023;2023;campaign_financing;Importi preventivati;persona giuridica o società di persone;Donatore/trice: SUITO 1833, Attore/trice: FDP.Die Liberalen Kanton Schwyz, Gersau
it;212;allowances;alphabetical;Finanziamento della campagna elettorale;1;22.10.2023 Elezioni del Consiglio nazionale 2023;2023;campaign_financing;Importi preventivati;persona giuridica o società di persone;Donatore/trice: Schweizerischer Gewerbeverband, Attore/trice: Schweizerische Volkspartei von Appenzell Ausserrhoden, Schönengrund
it;213;allowances;alphabetical;Finanziamento della campagna elettorale;1;22.10.2023 Elezioni del Consiglio nazionale 2023;2023;campaign_financing;Importi preventivati;persona giuridica o società di persone;Donatore/trice: Freunde der FDP des Kantons Schwyz, Attore/trice: FDP.Die Liberalen Kanton Schwyz, Gersau
it;217;allowances;alphabetical;Finanziamento della campagna elettorale;1;22.10.2023 Elezioni del Consiglio nazionale 2023;2023;campaign_financing;Importi preventivati;persona fisica;Donatore/trice: Burkard Carmita, Attore/trice: Les Vert.e.s, mouvement écologiste vaudois, Lausanne
it;22;allowances;alphabetical;Finanziamento della campagna elettorale;1;22.10.2023 Elezioni del Consiglio nazionale 2023;2023;campaign_financing;Importi preventivati;persona giuridica o società di persone;Donatore/trice: Evangelische Volkspartei der Schweiz, Attore/trice: Evangelische Volkspartei des Kantons Aargau, Aarau
it;221;allowances;alphabetical;Finanziamento della campagna elettorale;1;22.10.2023 Elezioni del Consiglio nazionale 2023;2023;campaign_financing;Importi preventivati;persona fisica;Donatore/trice: Vietze Kristiane, Attore/trice: Kris nach Bern, Frauenfeld
it;2214;allowances;alphabetical;Finanziamento della campagna elettorale;12;24.11.2024 Decreto federale del 29 settembre 2023 sulla Fase di potenziamento 2023 delle strade nazionali;2024;campaign_financing;Importi preventivati;persona giuridica o società di persone;Donatore/trice: TCS Sektion Zürich, Attore/trice: KMU- und Gewerbeverband Kanton Zürich, Zürich
it;222;allowances;alphabetical;Finanziamento della campagna elettorale;1;22.10.2023 Elezioni del Consiglio nazionale 2023;2023;campaign_financing;Importi preventivati;persona giuridica o società di persone;Donatore/trice: COMITE DE COORDINATION DES ASSOCIATIONS ECONOMIQUES GENEVE, Attore/trice: Union Démocratique du Centre, Genève, Les Acacias
it;2220;allowances;alphabetical;Finanziamento della campagna elettorale;12;24.11.2024 Decreto federale del 29 settembre 2023 sulla Fase di potenziamento 2023 delle strade nazionali;2024;campaign_financing;Importi preventivati;persona giuridica o società di persone;Donatore/trice: Centre Patronal, Attore/trice: Oui à la troisième voie – Assurer le futur des routes nationales, Paudex
it;2221;allowances;alphabetical;Finanziamento della campagna elettorale;12;24.11.2024 Decreto federale del 29 settembre 2023 sulla Fase di potenziamento 2023 delle strade nazionali;2024;campaign_financing;Importi preventivati;persona giuridica o società di persone;Donatore/trice: FER-Genève, Attore/trice: Oui à la troisième voie – Assurer le futur des routes nationales, Paudex
it;2222;allowances;alphabetical;Finanziamento della campagna elettorale;12;24.11.2024 Decreto federale del 29 settembre 2023 sulla Fase di potenziamento 2023 delle strade nazionali;2024;campaign_financing;Importi preventivati;persona giuridica o società di persone;Donatore/trice: CCIG, Attore/trice: Oui à la troisième voie – Assurer le futur des routes nationales, Paudex
it;2223;allowances;alphabetical;Finanziamento della campagna elettorale;12;24.11.2024 Decreto federale del 29 settembre 2023 sulla Fase di potenziamento 2023 delle strade nazionali;2024;campaign_financing;Importi preventivati;persona giuridica o società di persone;Donatore/trice: CVCI, Attore/trice: Oui à la troisième voie – Assurer le futur des routes nationales, Paudex
it;2224;allowances;alphabetical;Finanziamento della campagna elettorale;12;24.11.2024 Decreto federale del 29 settembre 2023 sulla Fase di potenziamento 2023 delle strade nazionali;2024;campaign_financing;Importi preventivati;persona giuridica o società di persone;Donatore/trice: FVE (fédération vaudoise des entrepreneurs), Attore/trice: Oui à la troisième voie – Assurer le futur des routes nationales, Paudex
it;2235;allowances;alphabetical;Finanziamento della campagna elettorale;12;24.11.2024 Decreto federale del 29 settembre 2023 sulla Fase di potenziamento 2023 delle strade nazionali;2024;campaign_financing;Importi preventivati;persona giuridica o società di persone;Donatore/trice: TCS, Attore/trice: Ja zur Sicherung der Nationalstrassen, Bern
it;2236;allowances;alphabetical;Finanziamento della campagna elettorale;12;24.11.2024 Decreto federale del 29 settembre 2023 sulla Fase di potenziamento 2023 delle strade nazionali;2024;campaign_financing;Importi preventivati;persona giuridica o società di persone;Donatore/trice: auto schweiz, Attore/trice: Ja zur Sicherung der Nationalstrassen, Bern
it;2237;allowances;alphabetical;Finanziamento della campagna elettorale;12;24.11.2024 Decreto federale del 29 settembre 2023 sulla Fase di potenziamento 2023 delle strade nazionali;2024;campaign_financing;Importi preventivati;persona giuridica o società di persone;Donatore/trice: Astag, Attore/trice: Ja zur Sicherung der Nationalstrassen, Bern
it;2238;allowances;alphabetical;Finanziamento della campagna elettorale;12;24.11.2024 Decreto federale del 29 settembre 2023 sulla Fase di potenziamento 2023 delle strade nazionali;2024;campaign_financing;Importi preventivati;persona giuridica o società di persone;Donatore/trice: AGVS, Attore/trice: Ja zur Sicherung der Nationalstrassen, Bern
it;2239;allowances;alphabetical;Finanziamento della campagna elettorale;12;24.11.2024 Decreto federale del 29 settembre 2023 sulla Fase di potenziamento 2023 delle strade nazionali;2024;campaign_financing;Importi preventivati;persona giuridica o società di persone;Donatore/trice: Schweizerischer Baumeisterverband, Attore/trice: Ja zur Sicherung der Nationalstrassen, Bern
it;2240;allowances;alphabetical;Finanziamento della campagna elettorale;12;24.11.2024 Decreto federale del 29 settembre 2023 sulla Fase di potenziamento 2023 delle strade nazionali;2024;campaign_financing;Importi preventivati;persona giuridica o società di persone;Donatore/trice: strasseschweiz, Attore/trice: Ja zur Sicherung der Nationalstrassen, Bern
it;2241;allowances;alphabetical;Finanziamento della campagna elettorale;12;24.11.2024 Decreto federale del 29 settembre 2023 sulla Fase di potenziamento 2023 delle strade nazionali;2024;campaign_financing;Importi preventivati;persona giuridica o società di persone;Donatore/trice: Infra Suisse, Attore/trice: Ja zur Sicherung der Nationalstrassen, Bern
it;2242;allowances;alphabetical;Finanziamento della campagna elettorale;12;24.11.2024 Decreto federale del 29 settembre 2023 sulla Fase di potenziamento 2023 delle strade nazionali;2024;campaign_financing;Importi preventivati;persona giuridica o società di persone;Donatore/trice: ACS, Attore/trice: Ja zur Sicherung der Nationalstrassen, Bern
it;2243;allowances;alphabetical;Finanziamento della campagna elettorale;12;24.11.2024 Decreto federale del 29 settembre 2023 sulla Fase di potenziamento 2023 delle strade nazionali;2024;campaign_financing;Importi preventivati;persona giuridica o società di persone;Donatore/trice: Les Routiers Suisses, Attore/trice: Ja zur Sicherung der Nationalstrassen, Bern
it;2244;allowances;alphabetical;Finanziamento della campagna elettorale;12;24.11.2024 Decreto federale del 29 settembre 2023 sulla Fase di potenziamento 2023 delle strade nazionali;2024;campaign_financing;Importi preventivati;persona giuridica o società di persone;Donatore/trice: Fer Genève, Attore/trice: Ja zur Sicherung der Nationalstrassen, Bern
it;2245;allowances;alphabetical;Finanziamento della campagna elettorale;12;24.11.2024 Decreto federale del 29 settembre 2023 sulla Fase di potenziamento 2023 delle strade nazionali;2024;campaign_financing;Importi preventivati;persona giuridica o società di persone;Donatore/trice: economiesuisse, Attore/trice: Ja zur Sicherung der Nationalstrassen, Bern
it;2246;allowances;alphabetical;Finanziamento della campagna elettorale;12;24.11.2024 Decreto federale del 29 settembre 2023 sulla Fase di potenziamento 2023 delle strade nazionali;2024;campaign_financing;Importi preventivati;persona giuridica o società di persone;Donatore/trice: Centre Patronal, Attore/trice: Ja zur Sicherung der Nationalstrassen, Bern
it;2247;allowances;alphabetical;Finanziamento della campagna elettorale;12;24.11.2024 Decreto federale del 29 settembre 2023 sulla Fase di potenziamento 2023 delle strade nazionali;2024;campaign_financing;Importi preventivati;persona giuridica o società di persone;Donatore/trice: Scvhweizerischer Gewerbeverband sgv, Attore/trice: Ja zur Sicherung der Nationalstrassen, Bern
it;2248;allowances;alphabetical;Finanziamento della campagna elettorale;12;24.11.2024 Decreto federale del 29 settembre 2023 sulla Fase di potenziamento 2023 delle strade nazionali;2024;campaign_financing;Importi preventivati;persona giuridica o società di persone;Donatore/trice: TCS, Attore/trice: Ja zur Sicherung der Nationalstrassen, Bern
it;2249;allowances;alphabetical;Finanziamento della campagna elettorale;12;24.11.2024 Decreto federale del 29 settembre 2023 sulla Fase di potenziamento 2023 delle strade nazionali;2024;campaign_financing;Importi preventivati;persona giuridica o società di persone;Donatore/trice: auto-schweiz, Attore/trice: Ja zur Sicherung der Nationalstrassen, Bern
it;225;allowances;alphabetical;Finanziamento della campagna elettorale;1;22.10.2023 Elezioni del Consiglio nazionale 2023;2023;campaign_financing;Importi preventivati;persona giuridica o società di persone;Donatore/trice: Schweizerische Energiestiftung SES, Attore/trice: Umweltallianz, Zürich
it;2250;allowances;alphabetical;Finanziamento della campagna elettorale;12;24.11.2024 Decreto federale del 29 settembre 2023 sulla Fase di potenziamento 2023 delle strade nazionali;2024;campaign_financing;Importi preventivati;persona giuridica o società di persone;Donatore/trice: ASTAG, Attore/trice: Ja zur Sicherung der Nationalstrassen, Bern
it;2251;allowances;alphabetical;Finanziamento della campagna elettorale;12;24.11.2024 Decreto federale del 29 settembre 2023 sulla Fase di potenziamento 2023 delle strade nazionali;2024;campaign_financing;Importi preventivati;persona giuridica o società di persone;Donatore/trice: AGVS, Attore/trice: Ja zur Sicherung der Nationalstrassen, Bern
it;2252;allowances;alphabetical;Finanziamento della campagna elettorale;12;24.11.2024 Decreto federale del 29 settembre 2023 sulla Fase di potenziamento 2023 delle strade nazionali;2024;campaign_financing;Importi preventivati;persona giuridica o società di persone;Donatore/trice: strasseschweiz, Attore/trice: Ja zur Sicherung der Nationalstrassen, Bern
it;2253;allowances;alphabetical;Finanziamento della campagna elettorale;12;24.11.2024 Decreto federale del 29 settembre 2023 sulla Fase di potenziamento 2023 delle strade nazionali;2024;campaign_financing;Importi preventivati;persona giuridica o società di persone;Donatore/trice: ACS, Attore/trice: Ja zur Sicherung der Nationalstrassen, Bern
it;2254;allowances;alphabetical;Finanziamento della campagna elettorale;12;24.11.2024 Decreto federale del 29 settembre 2023 sulla Fase di potenziamento 2023 delle strade nazionali;2024;campaign_financing;Importi preventivati;persona giuridica o società di persone;Donatore/trice: Schweizerischer Gewerbeverband sgv, Attore/trice: Ja zur Sicherung der Nationalstrassen, Bern
it;2255;allowances;alphabetical;Finanziamento della campagna elettorale;12;24.11.2024 Decreto federale del 29 settembre 2023 sulla Fase di potenziamento 2023 delle strade nazionali;2024;campaign_financing;Importi preventivati;persona giuridica o società di persone;Donatore/trice: Handelskammer beider Basel, Attore/trice: Ja zur Sicherung der Nationalstrassen, Bern
it;2256;allowances;alphabetical;Finanziamento della campagna elettorale;12;24.11.2024 Decreto federale del 29 settembre 2023 sulla Fase di potenziamento 2023 delle strade nazionali;2024;campaign_financing;Importi preventivati;persona giuridica o società di persone;Donatore/trice: Handelskammer beider Basel, Attore/trice: Ja zur Sicherung der Nationalstrassen, Bern
it;2257;allowances;alphabetical;Finanziamento della campagna elettorale;12;24.11.2024 Decreto federale del 29 settembre 2023 sulla Fase di potenziamento 2023 delle strade nazionali;2024;campaign_financing;Importi preventivati;persona giuridica o società di persone;Donatore/trice: Wirtschaftskammer Baselland, Attore/trice: Ja zur Sicherung der Nationalstrassen, Bern
it;2258;allowances;alphabetical;Finanziamento della campagna elettorale;12;24.11.2024 Decreto federale del 29 settembre 2023 sulla Fase di potenziamento 2023 delle strade nazionali;2024;campaign_financing;Importi preventivati;persona giuridica o società di persone;Donatore/trice: Wirtschaftskammer Baselland, Attore/trice: Ja zur Sicherung der Nationalstrassen, Bern
it;2259;allowances;alphabetical;Finanziamento della campagna elettorale;12;24.11.2024 Decreto federale del 29 settembre 2023 sulla Fase di potenziamento 2023 delle strade nazionali;2024;campaign_financing;Importi preventivati;persona giuridica o società di persone;Donatore/trice: Bündner Gewerbeverband, Attore/trice: Ja zur Sicherung der Nationalstrassen, Bern
it;226;allowances;alphabetical;Finanziamento della campagna elettorale;1;22.10.2023 Elezioni del Consiglio nazionale 2023;2023;campaign_financing;Importi preventivati;persona giuridica o società di persone;Donatore/trice: Schweizerische Energiestiftung SES, Attore/trice: Umweltallianz, Zürich
it;2260;allowances;alphabetical;Finanziamento della campagna elettorale;12;24.11.2024 Decreto federale del 29 settembre 2023 sulla Fase di potenziamento 2023 delle strade nazionali;2024;campaign_financing;Importi preventivati;persona giuridica o società di persone;Donatore/trice: Bündener Gewerbeverbad, Attore/trice: Ja zur Sicherung der Nationalstrassen, Bern
it;2261;allowances;alphabetical;Finanziamento della campagna elettorale;12;24.11.2024 Decreto federale del 29 settembre 2023 sulla Fase di potenziamento 2023 delle strade nazionali;2024;campaign_financing;Importi preventivati;persona giuridica o società di persone;Donatore/trice: Freiburger Arbeitgeberverband, Attore/trice: Ja zur Sicherung der Nationalstrassen, Bern
it;2262;allowances;alphabetical;Finanziamento della campagna elettorale;12;24.11.2024 Decreto federale del 29 settembre 2023 sulla Fase di potenziamento 2023 delle strade nazionali;2024;campaign_financing;Importi preventivati;persona giuridica o società di persone;Donatore/trice: Freiburger Arbeitgeberverband, Attore/trice: Ja zur Sicherung der Nationalstrassen, Bern
it;2263;allowances;alphabetical;Finanziamento della campagna elettorale;12;24.11.2024 Decreto federale del 29 settembre 2023 sulla Fase di potenziamento 2023 delle strade nazionali;2024;campaign_financing;Importi preventivati;persona giuridica o società di persone;Donatore/trice: Unam, Attore/trice: Ja zur Sicherung der Nationalstrassen, Bern
it;2264;allowances;alphabetical;Finanziamento della campagna elettorale;12;24.11.2024 Decreto federale del 29 settembre 2023 sulla Fase di potenziamento 2023 delle strade nazionali;2024;campaign_financing;Importi preventivati;persona giuridica o società di persone;Donatore/trice: Unam, Attore/trice: Ja zur Sicherung der Nationalstrassen, Bern
it;2265;allowances;alphabetical;Finanziamento della campagna elettorale;12;24.11.2024 Decreto federale del 29 settembre 2023 sulla Fase di potenziamento 2023 delle strade nazionali;2024;campaign_financing;Importi preventivati;persona giuridica o società di persone;Donatore/trice: TCS Sektion Bern, Attore/trice: Ja zur Sicherung der Nationalstrassen, Bern
it;2266;allowances;alphabetical;Finanziamento della campagna elettorale;12;24.11.2024 Decreto federale del 29 settembre 2023 sulla Fase di potenziamento 2023 delle strade nazionali;2024;campaign_financing;Importi preventivati;persona giuridica o società di persone;Donatore/trice: Berner KMU, Attore/trice: Ja zur Sicherung der Nationalstrassen, Bern
it;2267;allowances;alphabetical;Finanziamento della campagna elettorale;12;24.11.2024 Decreto federale del 29 settembre 2023 sulla Fase di potenziamento 2023 delle strade nazionali;2024;campaign_financing;Importi preventivati;persona giuridica o società di persone;Donatore/trice: Berner KMU, Attore/trice: Ja zur Sicherung der Nationalstrassen, Bern
it;2268;allowances;alphabetical;Finanziamento della campagna elettorale;12;24.11.2024 Decreto federale del 29 settembre 2023 sulla Fase di potenziamento 2023 delle strade nazionali;2024;campaign_financing;Importi preventivati;persona giuridica o società di persone;Donatore/trice: HIV Bern, Attore/trice: Ja zur Sicherung der Nationalstrassen, Bern
it;2269;allowances;alphabetical;Finanziamento della campagna elettorale;12;24.11.2024 Decreto federale del 29 settembre 2023 sulla Fase di potenziamento 2023 delle strade nazionali;2024;campaign_financing;Importi preventivati;persona giuridica o società di persone;Donatore/trice: HIV Bern, Attore/trice: Ja zur Sicherung der Nationalstrassen, Bern
it;227;allowances;alphabetical;Finanziamento della campagna elettorale;1;22.10.2023 Elezioni del Consiglio nazionale 2023;2023;campaign_financing;Importi preventivati;persona giuridica o società di persone;Donatore/trice: BirdLife Schweiz, Attore/trice: Umweltallianz, Zürich
it;2270;allowances;alphabetical;Finanziamento della campagna elettorale;12;24.11.2024 Decreto federale del 29 settembre 2023 sulla Fase di potenziamento 2023 delle strade nazionali;2024;campaign_financing;Importi preventivati;persona giuridica o società di persone;Donatore/trice: HEV Bern, Attore/trice: Ja zur Sicherung der Nationalstrassen, Bern
it;2271;allowances;alphabetical;Finanziamento della campagna elettorale;12;24.11.2024 Decreto federale del 29 settembre 2023 sulla Fase di potenziamento 2023 delle strade nazionali;2024;campaign_financing;Importi preventivati;persona giuridica o società di persone;Donatore/trice: Avenergy suisse, Attore/trice: Ja zur Sicherung der Nationalstrassen, Bern
it;2272;allowances;alphabetical;Finanziamento dei partiti politici;9;2023;;party_financing;;persona fisica;Donatore/trice: Albers Franz, Attore/trice: PLR.I Liberali Radicali, Bern
it;2273;allowances;alphabetical;Finanziamento dei partiti politici;9;2023;;party_financing;;persona giuridica o società di persone;Donatore/trice: Albert Brunner Erben, Attore/trice: PLR.I Liberali Radicali, Bern
it;2274;allowances;alphabetical;Finanziamento dei partiti politici;9;2023;;party_financing;;persona giuridica o società di persone;Donatore/trice: Auto-Schweiz Vereinigung, Attore/trice: PLR.I Liberali Radicali, Bern
it;2275;allowances;alphabetical;Finanziamento dei partiti politici;9;2023;;party_financing;;persona giuridica o società di persone;Donatore/trice: Auto-Schweiz Vereinigung, Attore/trice: PLR.I Liberali Radicali, Bern
it;2276;allowances;alphabetical;Finanziamento dei partiti politici;9;2023;;party_financing;;persona giuridica o società di persone;Donatore/trice: Avesco AG, Attore/trice: PLR.I Liberali Radicali, Bern
it;2277;allowances;alphabetical;Finanziamento dei partiti politici;9;2023;;party_financing;;persona giuridica o società di persone;Donatore/trice: Avesco AG, Attore/trice: PLR.I Liberali Radicali, Bern
it;2278;allowances;alphabetical;Finanziamento dei partiti politici;9;2023;;party_financing;;persona giuridica o società di persone;Donatore/trice: AXA Versicherungen AG, Attore/trice: PLR.I Liberali Radicali, Bern
it;2279;allowances;alphabetical;Finanziamento dei partiti politici;9;2023;;party_financing;;persona giuridica o società di persone;Donatore/trice: Baloise Versicherung AG, Attore/trice: PLR.I Liberali Radicali, Bern
it;228;allowances;alphabetical;Finanziamento della campagna elettorale;1;22.10.2023 Elezioni del Consiglio nazionale 2023;2023;campaign_financing;Importi preventivati;persona giuridica o società di persone;Donatore/trice: BirdLife Schweiz, Attore/trice: Umweltallianz, Zürich
it;2280;allowances;alphabetical;Finanziamento dei partiti politici;9;2023;;party_financing;;persona giuridica o società di persone;Donatore/trice: Bank Julius Bär and Co. Ltd., Attore/trice: PLR.I Liberali Radicali, Bern
it;2281;allowances;alphabetical;Finanziamento dei partiti politici;9;2023;;party_financing;;persona giuridica o società di persone;Donatore/trice: Bobst Mex SA, Attore/trice: PLR.I Liberali Radicali, Bern
it;2282;allowances;alphabetical;Finanziamento dei partiti politici;9;2023;;party_financing;;persona giuridica o società di persone;Donatore/trice: Bobst Mex SA, Attore/trice: PLR.I Liberali Radicali, Bern
it;2283;allowances;alphabetical;Finanziamento dei partiti politici;9;2023;;party_financing;;persona giuridica o società di persone;Donatore/trice: Bucher Industires AG, Attore/trice: PLR.I Liberali Radicali, Bern
it;2284;allowances;alphabetical;Finanziamento dei partiti politici;9;2023;;party_financing;;persona giuridica o società di persone;Donatore/trice: Credit Suisse AG, Attore/trice: PLR.I Liberali Radicali, Bern
it;2285;allowances;alphabetical;Finanziamento dei partiti politici;9;2023;;party_financing;;persona giuridica o società di persone;Donatore/trice: Credit Suisse AG, Attore/trice: PLR.I Liberali Radicali, Bern
it;2286;allowances;alphabetical;Finanziamento dei partiti politici;9;2023;;party_financing;;persona giuridica o società di persone;Donatore/trice: economiesuisse, Attore/trice: PLR.I Liberali Radicali, Bern
it;2287;allowances;alphabetical;Finanziamento dei partiti politici;9;2023;;party_financing;;persona giuridica o società di persone;Donatore/trice: economiesuisse, Attore/trice: PLR.I Liberali Radicali, Bern
it;2288;allowances;alphabetical;Finanziamento dei partiti politici;9;2023;;party_financing;;persona giuridica o società di persone;Donatore/trice: economiesuisse, Attore/trice: PLR.I Liberali Radicali, Bern
it;2289;allowances;alphabetical;Finanziamento dei partiti politici;9;2023;;party_financing;;persona giuridica o società di persone;Donatore/trice: economiesuisse, Attore/trice: PLR.I Liberali Radicali, Bern
it;2290;allowances;alphabetical;Finanziamento dei partiti politici;9;2023;;party_financing;;persona giuridica o società di persone;Donatore/trice: economiesuisse, Attore/trice: PLR.I Liberali Radicali, Bern
it;2291;allowances;alphabetical;Finanziamento dei partiti politici;9;2023;;party_financing;;persona giuridica o società di persone;Donatore/trice: Fondation Groupe Mutuel, Attore/trice: PLR.I Liberali Radicali, Bern
it;2292;allowances;alphabetical;Finanziamento dei partiti politici;9;2023;;party_financing;;persona giuridica o società di persone;Donatore/trice: Freunde der FDP, Attore/trice: PLR.I Liberali Radicali, Bern
it;2293;allowances;alphabetical;Finanziamento dei partiti politici;9;2023;;party_financing;;persona giuridica o società di persone;Donatore/trice: Helvetia Schweiz. Versicherung, Attore/trice: PLR.I Liberali Radicali, Bern
it;2294;allowances;alphabetical;Finanziamento dei partiti politici;9;2023;;party_financing;;persona giuridica o società di persone;Donatore/trice: Interpharma, Attore/trice: PLR.I Liberali Radicali, Bern
it;2295;allowances;alphabetical;Finanziamento dei partiti politici;9;2023;;party_financing;;persona fisica;Donatore/trice: Kielholz Walter Bruno, Attore/trice: PLR.I Liberali Radicali, Bern
it;2296;allowances;alphabetical;Finanziamento dei partiti politici;9;2023;;party_financing;;persona fisica;Donatore/trice: Kurer Peter, Attore/trice: PLR.I Liberali Radicali, Bern
it;2297;allowances;alphabetical;Finanziamento dei partiti politici;9;2023;;party_financing;;persona fisica;Donatore/trice: Kurer Peter, Attore/trice: PLR.I Liberali Radicali, Bern
it;2298;allowances;alphabetical;Finanziamento dei partiti politici;9;2023;;party_financing;;persona fisica;Donatore/trice: Kurer Peter, Attore/trice: PLR.I Liberali Radicali, Bern
it;2299;allowances;alphabetical;Finanziamento dei partiti politici;9;2023;;party_financing;;persona fisica;Donatore/trice: Meier Robert, Attore/trice: PLR.I Liberali Radicali, Bern
it;23;allowances;alphabetical;Finanziamento della campagna elettorale;1;22.10.2023 Elezioni del Consiglio nazionale 2023;2023;campaign_financing;Importi preventivati;persona giuridica o società di persone;Donatore/trice: Raiffeisen Schweiz, Attore/trice: Guggisberg Lars, Kirchlindach
it;2300;allowances;alphabetical;Finanziamento dei partiti politici;9;2023;;party_financing;;persona fisica;Donatore/trice: Meier Robert, Attore/trice: PLR.I Liberali Radicali, Bern
it;2301;allowances;alphabetical;Finanziamento dei partiti politici;9;2023;;party_financing;;persona fisica;Donatore/trice: Mosimann Philip, Attore/trice: PLR.I Liberali Radicali, Bern
it;2302;allowances;alphabetical;Finanziamento dei partiti politici;9;2023;;party_financing;;persona fisica;Donatore/trice: Mosimann Philip, Attore/trice: PLR.I Liberali Radicali, Bern
it;2303;allowances;alphabetical;Finanziamento dei partiti politici;9;2023;;party_financing;;persona fisica;Donatore/trice: Mosimann Philip, Attore/trice: PLR.I Liberali Radicali, Bern
it;2304;allowances;alphabetical;Finanziamento dei partiti politici;9;2023;;party_financing;;persona fisica;Donatore/trice: Mosimann Philip, Attore/trice: PLR.I Liberali Radicali, Bern
it;2305;allowances;alphabetical;Finanziamento dei partiti politici;9;2023;;party_financing;;persona giuridica o società di persone;Donatore/trice: Nestle S.A., Attore/trice: PLR.I Liberali Radicali, Bern
it;2306;allowances;alphabetical;Finanziamento dei partiti politici;9;2023;;party_financing;;persona giuridica o società di persone;Donatore/trice: Novartis International AG, Attore/trice: PLR.I Liberali Radicali, Bern
it;2307;allowances;alphabetical;Finanziamento dei partiti politici;9;2023;;party_financing;;persona giuridica o società di persone;Donatore/trice: Pema Holding AG, Attore/trice: PLR.I Liberali Radicali, Bern
it;2308;allowances;alphabetical;Finanziamento dei partiti politici;9;2023;;party_financing;;persona giuridica o società di persone;Donatore/trice: Philip Morris Switzerland Sàrl, Attore/trice: PLR.I Liberali Radicali, Bern
it;2309;allowances;alphabetical;Finanziamento dei partiti politici;9;2023;;party_financing;;persona giuridica o società di persone;Donatore/trice: Planzer Transport AG, Attore/trice: PLR.I Liberali Radicali, Bern
it;231;allowances;alphabetical;Finanziamento della campagna elettorale;1;22.10.2023 Elezioni del Consiglio nazionale 2023;2023;campaign_financing;Importi preventivati;persona fisica;Donatore/trice: Syz Eric, Attore/trice: Arbeitsgemeinschaft Wirtschaft und Gesellschaft des Kantons Zürich (AWG), Zürich
it;2310;allowances;alphabetical;Finanziamento dei partiti politici;9;2023;;party_financing;;persona giuridica o società di persone;Donatore/trice: Raiffeisen Schweiz Genossenschaft, Attore/trice: PLR.I Liberali Radicali, Bern
it;2311;allowances;alphabetical;Finanziamento dei partiti politici;9;2023;;party_financing;;persona giuridica o società di persone;Donatore/trice: Roche Holding AG, Attore/trice: PLR.I Liberali Radicali, Bern
it;2312;allowances;alphabetical;Finanziamento dei partiti politici;9;2023;;party_financing;;persona giuridica o società di persone;Donatore/trice: Schelling AG, Attore/trice: PLR.I Liberali Radicali, Bern
it;2313;allowances;alphabetical;Finanziamento dei partiti politici;9;2023;;party_financing;;persona giuridica o società di persone;Donatore/trice: Schelling AG, Attore/trice: PLR.I Liberali Radicali, Bern
it;2314;allowances;alphabetical;Finanziamento dei partiti politici;9;2023;;party_financing;;persona giuridica o società di persone;Donatore/trice: Schelling AG, Attore/trice: PLR.I Liberali Radicali, Bern
it;2315;allowances;alphabetical;Finanziamento dei partiti politici;9;2023;;party_financing;;persona giuridica o società di persone;Donatore/trice: Schindler Aufzüge AG, Attore/trice: PLR.I Liberali Radicali, Bern
it;2316;allowances;alphabetical;Finanziamento dei partiti politici;9;2023;;party_financing;;persona fisica;Donatore/trice: Schmidheiny Thomas, Attore/trice: PLR.I Liberali Radicali, Bern
it;2317;allowances;alphabetical;Finanziamento dei partiti politici;9;2023;;party_financing;;persona giuridica o società di persone;Donatore/trice: Schweizerische Bankiervereinigung, Attore/trice: PLR.I Liberali Radicali, Bern
it;2318;allowances;alphabetical;Finanziamento dei partiti politici;9;2023;;party_financing;;persona giuridica o società di persone;Donatore/trice: Schweizerische Mobiliar Versicherungsgesellschaft AG, Attore/trice: PLR.I Liberali Radicali, Bern
it;2319;allowances;alphabetical;Finanziamento dei partiti politici;9;2023;;party_financing;;persona giuridica o società di persone;Donatore/trice: Schweizerischer Arbeitgeberverband, Attore/trice: PLR.I Liberali Radicali, Bern
it;2320;allowances;alphabetical;Finanziamento dei partiti politici;9;2023;;party_financing;;persona giuridica o società di persone;Donatore/trice: Schweizerischer Versicherungsverband SVV, Attore/trice: PLR.I Liberali Radicali, Bern
it;2321;allowances;alphabetical;Finanziamento dei partiti politici;9;2023;;party_financing;;persona giuridica o società di persone;Donatore/trice: Sika AG, Attore/trice: PLR.I Liberali Radicali, Bern
it;2322;allowances;alphabetical;Finanziamento dei partiti politici;9;2023;;party_financing;;persona giuridica o società di persone;Donatore/trice: Six Group Services AG, Attore/trice: PLR.I Liberali Radicali, Bern
it;2323;allowances;alphabetical;Finanziamento dei partiti politici;9;2023;;party_financing;;persona giuridica o società di persone;Donatore/trice: Six Group Services AG, Attore/trice: PLR.I Liberali Radicali, Bern
it;2324;allowances;alphabetical;Finanziamento dei partiti politici;9;2023;;party_financing;;persona fisica;Donatore/trice: Sprüngli Luzius, Attore/trice: PLR.I Liberali Radicali, Bern
it;2325;allowances;alphabetical;Finanziamento dei partiti politici;9;2023;;party_financing;;persona fisica;Donatore/trice: Sprüngli Luzius, Attore/trice: PLR.I Liberali Radicali, Bern
it;2326;allowances;alphabetical;Finanziamento dei partiti politici;9;2023;;party_financing;;persona giuridica o società di persone;Donatore/trice: Sulzer Management AG, Attore/trice: PLR.I Liberali Radicali, Bern
it;2327;allowances;alphabetical;Finanziamento dei partiti politici;9;2023;;party_financing;;persona giuridica o società di persone;Donatore/trice: Swiss International Air Lines AG, Attore/trice: PLR.I Liberali Radicali, Bern
it;2328;allowances;alphabetical;Finanziamento dei partiti politici;9;2023;;party_financing;;persona giuridica o società di persone;Donatore/trice: Swiss Life AG, Attore/trice: PLR.I Liberali Radicali, Bern
it;2329;allowances;alphabetical;Finanziamento dei partiti politici;9;2023;;party_financing;;persona giuridica o società di persone;Donatore/trice: Swiss Re Management Ltd, Attore/trice: PLR.I Liberali Radicali, Bern
it;2330;allowances;alphabetical;Finanziamento dei partiti politici;9;2023;;party_financing;;persona giuridica o società di persone;Donatore/trice: Swiss Reinsurance Company Limited, Attore/trice: PLR.I Liberali Radicali, Bern
it;2331;allowances;alphabetical;Finanziamento dei partiti politici;9;2023;;party_financing;;persona fisica;Donatore/trice: Syz David, Attore/trice: PLR.I Liberali Radicali, Bern
it;2332;allowances;alphabetical;Finanziamento dei partiti politici;9;2023;;party_financing;;persona giuridica o società di persone;Donatore/trice: UBS AG, Attore/trice: PLR.I Liberali Radicali, Bern
it;2333;allowances;alphabetical;Finanziamento dei partiti politici;9;2023;;party_financing;;persona fisica;Donatore/trice: Vogt Valentin, Attore/trice: PLR.I Liberali Radicali, Bern
it;2334;allowances;alphabetical;Finanziamento dei partiti politici;9;2023;;party_financing;;persona fisica;Donatore/trice: Vogt Valentin, Attore/trice: PLR.I Liberali Radicali, Bern
it;2335;allowances;alphabetical;Finanziamento dei partiti politici;9;2023;;party_financing;;persona fisica;Donatore/trice: Wellauer Thomas u/o Marianne, Attore/trice: PLR.I Liberali Radicali, Bern
it;2336;allowances;alphabetical;Finanziamento dei partiti politici;9;2023;;party_financing;;persona giuridica o società di persone;Donatore/trice: Zuerich Versicherungsgesellschaft AG, Attore/trice: PLR.I Liberali Radicali, Bern
it;2337;allowances;alphabetical;Finanziamento dei partiti politici;9;2023;;party_financing;;persona giuridica o società di persone;Donatore/trice: Vereinigung zur Erhaltung und Verbreitung der freiheitichen Staatsauffassung, Attore/trice: PLR.I Liberali Radicali, Bern
it;2338;allowances;alphabetical;Finanziamento della campagna elettorale;5;09.06.2024 Al massimo il 10 per cento del reddito per i premi delle casse malati (Iniziativa per premi meno onerosi);;campaign_financing;Importi finali;persona giuridica o società di persone;Donatore/trice: economiesuisse, Attore/trice: Allianz 2x Nein zu den Gesundheitsinitiativen, Bern
it;2339;allowances;alphabetical;Finanziamento della campagna elettorale;5;09.06.2024 Al massimo il 10 per cento del reddito per i premi delle casse malati (Iniziativa per premi meno onerosi);;campaign_financing;Importi finali;persona giuridica o società di persone;Donatore/trice: Zürcher Handelskammer, Attore/trice: Allianz 2x Nein zu den Gesundheitsinitiativen, Bern
it;234;allowances;alphabetical;Finanziamento della campagna elettorale;1;22.10.2023 Elezioni del Consiglio nazionale 2023;2023;campaign_financing;Importi preventivati;persona giuridica o società di persone;Donatore/trice: Schweizerischer Gewerbeverband, Attore/trice: Wahlkomitee Nationalratswahlen 2023 von Diana Gutjahr, Amriswil
it;2340;allowances;alphabetical;Finanziamento della campagna elettorale;5;09.06.2024 Al massimo il 10 per cento del reddito per i premi delle casse malati (Iniziativa per premi meno onerosi);;campaign_financing;Importi finali;persona giuridica o società di persone;Donatore/trice: KMU- und Gewerbeverband Kanton Zürich, Attore/trice: Allianz 2x Nein zu den Gesundheitsinitiativen, Bern
it;2341;allowances;alphabetical;Finanziamento della campagna elettorale;5;09.06.2024 Al massimo il 10 per cento del reddito per i premi delle casse malati (Iniziativa per premi meno onerosi);;campaign_financing;Importi finali;persona giuridica o società di persone;Donatore/trice: Zürcher Handelskammer, Attore/trice: Allianz 2x Nein zu den Gesundheitsinitiativen, Bern
it;2342;allowances;alphabetical;Finanziamento della campagna elettorale;5;09.06.2024 Al massimo il 10 per cento del reddito per i premi delle casse malati (Iniziativa per premi meno onerosi);;campaign_financing;Importi finali;persona giuridica o società di persone;Donatore/trice: economiesuisse, Attore/trice: Allianz 2x Nein zu den Gesundheitsinitiativen, Bern
it;2343;allowances;alphabetical;Finanziamento della campagna elettorale;5;09.06.2024 Al massimo il 10 per cento del reddito per i premi delle casse malati (Iniziativa per premi meno onerosi);;campaign_financing;Importi finali;persona giuridica o società di persone;Donatore/trice: economiesuisse, Attore/trice: Allianz 2x Nein zu den Gesundheitsinitiativen, Bern
it;2344;allowances;alphabetical;Finanziamento della campagna elettorale;5;09.06.2024 Al massimo il 10 per cento del reddito per i premi delle casse malati (Iniziativa per premi meno onerosi);;campaign_financing;Importi finali;persona giuridica o società di persone;Donatore/trice: economiesuisse, Attore/trice: Allianz 2x Nein zu den Gesundheitsinitiativen, Bern
it;2345;allowances;alphabetical;Finanziamento della campagna elettorale;6;09.06.2024 Per premi più bassi – Freno ai costi nel settore sanitario (Iniziativa per un freno ai costi);;campaign_financing;Importi finali;persona giuridica o società di persone;Donatore/trice: economiesuisse, Attore/trice: Allianz 2x Nein zu den Gesundheitsinitiativen, Bern
it;2346;allowances;alphabetical;Finanziamento della campagna elettorale;6;09.06.2024 Per premi più bassi – Freno ai costi nel settore sanitario (Iniziativa per un freno ai costi);;campaign_financing;Importi finali;persona giuridica o società di persone;Donatore/trice: Zürcher Handelskammer, Attore/trice: Allianz 2x Nein zu den Gesundheitsinitiativen, Bern
it;2347;allowances;alphabetical;Finanziamento della campagna elettorale;6;09.06.2024 Per premi più bassi – Freno ai costi nel settore sanitario (Iniziativa per un freno ai costi);;campaign_financing;Importi finali;persona giuridica o società di persone;Donatore/trice: Zürcher Handelskammer, Attore/trice: Allianz 2x Nein zu den Gesundheitsinitiativen, Bern
it;2348;allowances;alphabetical;Finanziamento della campagna elettorale;6;09.06.2024 Per premi più bassi – Freno ai costi nel settore sanitario (Iniziativa per un freno ai costi);;campaign_financing;Importi finali;persona giuridica o società di persone;Donatore/trice: KMU- und Gewerbeverband Kanton Zürich, Attore/trice: Allianz 2x Nein zu den Gesundheitsinitiativen, Bern
it;2349;allowances;alphabetical;Finanziamento della campagna elettorale;6;09.06.2024 Per premi più bassi – Freno ai costi nel settore sanitario (Iniziativa per un freno ai costi);;campaign_financing;Importi finali;persona giuridica o società di persone;Donatore/trice: economiesuisse, Attore/trice: Allianz 2x Nein zu den Gesundheitsinitiativen, Bern
it;235;allowances;alphabetical;Finanziamento della campagna elettorale;1;22.10.2023 Elezioni del Consiglio nazionale 2023;2023;campaign_financing;Importi preventivati;persona giuridica o società di persone;Donatore/trice: Raiffeisen Schweiz, Attore/trice: Schilliger Peter, Udligenswil
it;2350;allowances;alphabetical;Finanziamento della campagna elettorale;6;09.06.2024 Per premi più bassi – Freno ai costi nel settore sanitario (Iniziativa per un freno ai costi);;campaign_financing;Importi finali;persona giuridica o società di persone;Donatore/trice: economiesuisse, Attore/trice: Allianz 2x Nein zu den Gesundheitsinitiativen, Bern
it;2351;allowances;alphabetical;Finanziamento della campagna elettorale;6;09.06.2024 Per premi più bassi – Freno ai costi nel settore sanitario (Iniziativa per un freno ai costi);;campaign_financing;Importi finali;persona giuridica o società di persone;Donatore/trice: F. Hoffmann-La Roche AG, Attore/trice: Allianz 2x Nein zu den Gesundheitsinitiativen, Bern
it;2352;allowances;alphabetical;Finanziamento della campagna elettorale;6;09.06.2024 Per premi più bassi – Freno ai costi nel settore sanitario (Iniziativa per un freno ai costi);;campaign_financing;Importi finali;persona giuridica o società di persone;Donatore/trice: economiesuisse, Attore/trice: Allianz 2x Nein zu den Gesundheitsinitiativen, Bern
it;236;allowances;alphabetical;Finanziamento della campagna elettorale;1;22.10.2023 Elezioni del Consiglio nazionale 2023;2023;campaign_financing;Importi preventivati;persona giuridica o società di persone;Donatore/trice: TCS Schweiz und Sektion Waldstätte, Attore/trice: Schilliger Peter, Udligenswil
it;237;allowances;alphabetical;Finanziamento della campagna elettorale;1;22.10.2023 Elezioni del Consiglio nazionale 2023;2023;campaign_financing;Importi preventivati;persona giuridica o società di persone;Donatore/trice: Schweizerischer Gebäudetechnikverband - suissetec, Attore/trice: Schilliger Peter, Udligenswil
it;2372;allowances;alphabetical;Finanziamento della campagna elettorale;1;22.10.2023 Elezioni del Consiglio nazionale 2023;2023;campaign_financing;Importi finali;persona fisica;Donatore/trice: Albers Franz, Attore/trice: PLR.I Liberali Radicali, Bern
it;2373;allowances;alphabetical;Finanziamento della campagna elettorale;1;22.10.2023 Elezioni del Consiglio nazionale 2023;2023;campaign_financing;Importi finali;persona fisica;Donatore/trice: Kielholz Walter Bruno, Attore/trice: PLR.I Liberali Radicali, Bern
it;2374;allowances;alphabetical;Finanziamento della campagna elettorale;1;22.10.2023 Elezioni del Consiglio nazionale 2023;2023;campaign_financing;Importi finali;persona fisica;Donatore/trice: Kurer Peter, Attore/trice: PLR.I Liberali Radicali, Bern
it;2375;allowances;alphabetical;Finanziamento della campagna elettorale;1;22.10.2023 Elezioni del Consiglio nazionale 2023;2023;campaign_financing;Importi finali;persona fisica;Donatore/trice: Kurer Peter, Attore/trice: PLR.I Liberali Radicali, Bern
it;2376;allowances;alphabetical;Finanziamento della campagna elettorale;1;22.10.2023 Elezioni del Consiglio nazionale 2023;2023;campaign_financing;Importi finali;persona fisica;Donatore/trice: Meier Robert, Attore/trice: PLR.I Liberali Radicali, Bern
it;2377;allowances;alphabetical;Finanziamento della campagna elettorale;1;22.10.2023 Elezioni del Consiglio nazionale 2023;2023;campaign_financing;Importi finali;persona fisica;Donatore/trice: Meier Robert, Attore/trice: PLR.I Liberali Radicali, Bern
it;2378;allowances;alphabetical;Finanziamento della campagna elettorale;1;22.10.2023 Elezioni del Consiglio nazionale 2023;2023;campaign_financing;Importi finali;persona fisica;Donatore/trice: Mosimann Philip, Attore/trice: PLR.I Liberali Radicali, Bern
it;2379;allowances;alphabetical;Finanziamento della campagna elettorale;1;22.10.2023 Elezioni del Consiglio nazionale 2023;2023;campaign_financing;Importi finali;persona fisica;Donatore/trice: Mosimann Philip, Attore/trice: PLR.I Liberali Radicali, Bern
it;238;allowances;alphabetical;Finanziamento della campagna elettorale;1;22.10.2023 Elezioni del Consiglio nazionale 2023;2023;campaign_financing;Importi preventivati;persona giuridica o società di persone;Donatore/trice: Schweizerischer Gewerbeverband - SGV, Attore/trice: Schilliger Peter, Udligenswil
it;2380;allowances;alphabetical;Finanziamento della campagna elettorale;1;22.10.2023 Elezioni del Consiglio nazionale 2023;2023;campaign_financing;Importi finali;persona fisica;Donatore/trice: Mosimann Philip, Attore/trice: PLR.I Liberali Radicali, Bern
it;2381;allowances;alphabetical;Finanziamento della campagna elettorale;1;22.10.2023 Elezioni del Consiglio nazionale 2023;2023;campaign_financing;Importi finali;persona fisica;Donatore/trice: Schmidheiny Thomas, Attore/trice: PLR.I Liberali Radicali, Bern
it;2382;allowances;alphabetical;Finanziamento della campagna elettorale;1;22.10.2023 Elezioni del Consiglio nazionale 2023;2023;campaign_financing;Importi finali;persona fisica;Donatore/trice: Sprüngli Luzius, Attore/trice: PLR.I Liberali Radicali, Bern
it;2383;allowances;alphabetical;Finanziamento della campagna elettorale;1;22.10.2023 Elezioni del Consiglio nazionale 2023;2023;campaign_financing;Importi finali;persona fisica;Donatore/trice: Syz David, Attore/trice: PLR.I Liberali Radicali, Bern
it;2384;allowances;alphabetical;Finanziamento della campagna elettorale;1;22.10.2023 Elezioni del Consiglio nazionale 2023;2023;campaign_financing;Importi finali;persona fisica;Donatore/trice: Vogt Valentin, Attore/trice: PLR.I Liberali Radicali, Bern
it;2385;allowances;alphabetical;Finanziamento della campagna elettorale;1;22.10.2023 Elezioni del Consiglio nazionale 2023;2023;campaign_financing;Importi finali;persona fisica;Donatore/trice: Vogt Valentin, Attore/trice: PLR.I Liberali Radicali, Bern
it;2386;allowances;alphabetical;Finanziamento della campagna elettorale;1;22.10.2023 Elezioni del Consiglio nazionale 2023;2023;campaign_financing;Importi finali;persona giuridica o società di persone;Donatore/trice: Philip Morris Switzerland Sàrl, Attore/trice: PLR.I Liberali Radicali, Bern
it;2387;allowances;alphabetical;Finanziamento della campagna elettorale;1;22.10.2023 Elezioni del Consiglio nazionale 2023;2023;campaign_financing;Importi finali;persona giuridica o società di persone;Donatore/trice: Planzer Transport AG, Attore/trice: PLR.I Liberali Radicali, Bern
it;2388;allowances;alphabetical;Finanziamento della campagna elettorale;1;22.10.2023 Elezioni del Consiglio nazionale 2023;2023;campaign_financing;Importi finali;persona giuridica o società di persone;Donatore/trice: Schweizerischer Arbeitgeberverband, Attore/trice: PLR.I Liberali Radicali, Bern
it;2389;allowances;alphabetical;Finanziamento della campagna elettorale;1;22.10.2023 Elezioni del Consiglio nazionale 2023;2023;campaign_financing;Importi finali;persona giuridica o società di persone;Donatore/trice: Freunde der FDP, Attore/trice: PLR.I Liberali Radicali, Bern
it;239;allowances;alphabetical;Finanziamento della campagna elettorale;1;22.10.2023 Elezioni del Consiglio nazionale 2023;2023;campaign_financing;Importi preventivati;persona fisica;Donatore/trice: Gugger Niklaus (Nik), Attore/trice: Evangelische Volkspartei (EVP) des Kantons Zürich, Zürich
it;2390;allowances;alphabetical;Finanziamento della campagna elettorale;11;22.09.2024 Legge federale sulla previdenza professionale per la vecchiaia, i superstiti e l’invalidità (LPP) (Riforma della previdenza professionale);;campaign_financing;Importi finali;persona giuridica o società di persone;"Donatore/trice: GastroSuisse, Attore/trice: Wirtschaftsallianz ""NEIN zur BVG-Scheinreform"", Zürich"
it;2391;allowances;alphabetical;Finanziamento della campagna elettorale;11;22.09.2024 Legge federale sulla previdenza professionale per la vecchiaia, i superstiti e l’invalidità (LPP) (Riforma della previdenza professionale);;campaign_financing;Importi finali;persona giuridica o società di persone;"Donatore/trice: Centre Patronal, Attore/trice: Wirtschaftsallianz ""NEIN zur BVG-Scheinreform"", Zürich"
it;2392;allowances;alphabetical;Finanziamento della campagna elettorale;11;22.09.2024 Legge federale sulla previdenza professionale per la vecchiaia, i superstiti e l’invalidità (LPP) (Riforma della previdenza professionale);;campaign_financing;Importi finali;persona giuridica o società di persone;"Donatore/trice: Verband der Tankstellenshop-Betreiber der Schweiz VTSS, Attore/trice: Wirtschaftsallianz ""NEIN zur BVG-Scheinreform"", Zürich"
it;24;allowances;alphabetical;Finanziamento della campagna elettorale;1;22.10.2023 Elezioni del Consiglio nazionale 2023;2023;campaign_financing;Importi preventivati;persona giuridica o società di persone;Donatore/trice: TCS Schweiz, Sektion Bern, Region Bern-Mittelland, Attore/trice: Guggisberg Lars, Kirchlindach
it;240;allowances;alphabetical;Finanziamento della campagna elettorale;1;22.10.2023 Elezioni del Consiglio nazionale 2023;2023;campaign_financing;Importi preventivati;persona fisica;Donatore/trice: Scognamiglio Donato Flavio (Donato), Attore/trice: Evangelische Volkspartei (EVP) des Kantons Zürich, Zürich
it;2404;allowances;alphabetical;Finanziamento della campagna elettorale;10;22.09.2024 Per il futuro della nostra natura e del nostro paesaggio (Iniziativa biodiversità);;campaign_financing;Importi finali;persona giuridica o società di persone;Donatore/trice: Schweizer Zucker AG, Attore/trice: Unione Svizzera dei Contadini (USC), Brugg
it;2405;allowances;alphabetical;Finanziamento della campagna elettorale;10;22.09.2024 Per il futuro della nostra natura e del nostro paesaggio (Iniziativa biodiversità);;campaign_financing;Importi finali;persona giuridica o società di persone;Donatore/trice: Gallosuisse, Attore/trice: Unione Svizzera dei Contadini (USC), Brugg
it;2406;allowances;alphabetical;Finanziamento della campagna elettorale;10;22.09.2024 Per il futuro della nostra natura e del nostro paesaggio (Iniziativa biodiversità);;campaign_financing;Importi finali;persona giuridica o società di persone;Donatore/trice: Suisseporcs, Attore/trice: Unione Svizzera dei Contadini (USC), Brugg
it;2407;allowances;alphabetical;Finanziamento della campagna elettorale;10;22.09.2024 Per il futuro della nostra natura e del nostro paesaggio (Iniziativa biodiversità);;campaign_financing;Importi finali;persona giuridica o società di persone;Donatore/trice: Schweizer Obstverband, Attore/trice: Unione Svizzera dei Contadini (USC), Brugg
it;2408;allowances;alphabetical;Finanziamento della campagna elettorale;10;22.09.2024 Per il futuro della nostra natura e del nostro paesaggio (Iniziativa biodiversità);;campaign_financing;Importi finali;persona giuridica o società di persone;Donatore/trice: Vereinigung Schweizer Kartoffelproduzenten, Attore/trice: Unione Svizzera dei Contadini (USC), Brugg
it;2409;allowances;alphabetical;Finanziamento della campagna elettorale;10;22.09.2024 Per il futuro della nostra natura e del nostro paesaggio (Iniziativa biodiversità);;campaign_financing;Importi finali;persona giuridica o società di persone;Donatore/trice: Schweizer Milchproduzenten, Attore/trice: Unione Svizzera dei Contadini (USC), Brugg
it;241;allowances;alphabetical;Finanziamento della campagna elettorale;1;22.10.2023 Elezioni del Consiglio nazionale 2023;2023;campaign_financing;Importi preventivati;persona giuridica o società di persone;Donatore/trice: Philip Morris Switzerland Sàrl, Attore/trice: Unione Democratica di Centro (UDC), Bern
it;2410;allowances;alphabetical;Finanziamento della campagna elettorale;10;22.09.2024 Per il futuro della nostra natura e del nostro paesaggio (Iniziativa biodiversità);;campaign_financing;Importi finali;persona giuridica o società di persone;Donatore/trice: Verband Schweizerischer Elektrizitätsunternehmen, Attore/trice: Unione Svizzera dei Contadini (USC), Brugg
it;2411;allowances;alphabetical;Finanziamento della campagna elettorale;10;22.09.2024 Per il futuro della nostra natura e del nostro paesaggio (Iniziativa biodiversità);;campaign_financing;Importi finali;persona giuridica o società di persone;Donatore/trice: Swiss Granum, Attore/trice: Unione Svizzera dei Contadini (USC), Brugg
it;2412;allowances;alphabetical;Finanziamento della campagna elettorale;10;22.09.2024 Per il futuro della nostra natura e del nostro paesaggio (Iniziativa biodiversità);;campaign_financing;Importi finali;persona giuridica o società di persone;Donatore/trice: Landtechnik Schweiz, Attore/trice: Unione Svizzera dei Contadini (USC), Brugg
it;2413;allowances;alphabetical;Finanziamento della campagna elettorale;10;22.09.2024 Per il futuro della nostra natura e del nostro paesaggio (Iniziativa biodiversità);;campaign_financing;Importi finali;persona giuridica o società di persone;Donatore/trice: Schweizer Bauernverband, Attore/trice: Unione Svizzera dei Contadini (USC), Brugg
it;2414;allowances;alphabetical;Finanziamento della campagna elettorale;10;22.09.2024 Per il futuro della nostra natura e del nostro paesaggio (Iniziativa biodiversità);;campaign_financing;Importi finali;persona giuridica o società di persone;Donatore/trice: Prométerre, Attore/trice: Unione Svizzera dei Contadini (USC), Brugg
it;242;allowances;alphabetical;Finanziamento della campagna elettorale;1;22.10.2023 Elezioni del Consiglio nazionale 2023;2023;campaign_financing;Importi preventivati;persona giuridica o società di persone;Donatore/trice: Stiftung für bürgerliche Politik, Attore/trice: Unione Democratica di Centro (UDC), Bern
it;243;allowances;alphabetical;Finanziamento della campagna elettorale;1;22.10.2023 Elezioni del Consiglio nazionale 2023;2023;campaign_financing;Importi preventivati;persona giuridica o società di persone;Donatore/trice: GRÜNE Basel-Stadt, Attore/trice: Grünes Bündnis, Basel
it;2436;allowances;alphabetical;Finanziamento della campagna elettorale;1;22.10.2023 Elezioni del Consiglio nazionale 2023;2023;campaign_financing;Importi finali;persona giuridica o società di persone;Donatore/trice: Vereinigung zur Erhaltung und Verbreitung der freiheitlichen Staatsauffassung, Attore/trice: PLR.I Liberali Radicali, Bern
it;2437;allowances;alphabetical;Finanziamento della campagna elettorale;13;24.11.2024 Modifica del 29 settembre 2023 del Codice delle obbligazioni (Diritto di locazione: sublocazione);;campaign_financing;Importi preventivati;persona giuridica o società di persone;Donatore/trice: HEV Schweiz, Attore/trice: 2 x Ja zum Mietrecht / Bund für mehr Wohnraum, Zürich
it;2438;allowances;alphabetical;Finanziamento della campagna elettorale;13;24.11.2024 Modifica del 29 settembre 2023 del Codice delle obbligazioni (Diritto di locazione: sublocazione);;campaign_financing;Importi preventivati;persona giuridica o società di persone;Donatore/trice: CVI Chambre vaudoise immobilière, Attore/trice: 2 x Ja zum Mietrecht / Bund für mehr Wohnraum, Zürich
it;2439;allowances;alphabetical;Finanziamento della campagna elettorale;13;24.11.2024 Modifica del 29 settembre 2023 del Codice delle obbligazioni (Diritto di locazione: sublocazione);;campaign_financing;Importi preventivati;persona giuridica o società di persone;Donatore/trice: FRI Fédération romande immobilière, Attore/trice: 2 x Ja zum Mietrecht / Bund für mehr Wohnraum, Zürich
it;244;allowances;alphabetical;Finanziamento della campagna elettorale;1;22.10.2023 Elezioni del Consiglio nazionale 2023;2023;campaign_financing;Importi preventivati;persona giuridica o società di persone;Donatore/trice: BastA!, Attore/trice: Grünes Bündnis, Basel
it;2440;allowances;alphabetical;Finanziamento della campagna elettorale;13;24.11.2024 Modifica del 29 settembre 2023 del Codice delle obbligazioni (Diritto di locazione: sublocazione);;campaign_financing;Importi preventivati;persona giuridica o società di persone;Donatore/trice: Chambre genevoise immobilière, Attore/trice: 2 x Ja zum Mietrecht / Bund für mehr Wohnraum, Zürich
it;2441;allowances;alphabetical;Finanziamento della campagna elettorale;13;24.11.2024 Modifica del 29 settembre 2023 del Codice delle obbligazioni (Diritto di locazione: sublocazione);;campaign_financing;Importi preventivati;persona giuridica o società di persone;Donatore/trice: SVIT Schweiz, Attore/trice: 2 x Ja zum Mietrecht / Bund für mehr Wohnraum, Zürich
it;2442;allowances;alphabetical;Finanziamento della campagna elettorale;13;24.11.2024 Modifica del 29 settembre 2023 del Codice delle obbligazioni (Diritto di locazione: sublocazione);;campaign_financing;Importi preventivati;persona giuridica o società di persone;Donatore/trice: VIS Verband Immobilien Schweiz, Attore/trice: 2 x Ja zum Mietrecht / Bund für mehr Wohnraum, Zürich
it;2443;allowances;alphabetical;Finanziamento della campagna elettorale;13;24.11.2024 Modifica del 29 settembre 2023 del Codice delle obbligazioni (Diritto di locazione: sublocazione);;campaign_financing;Importi preventivati;persona giuridica o società di persone;Donatore/trice: Centre Patronal, Attore/trice: 2 x Ja zum Mietrecht / Bund für mehr Wohnraum, Zürich
it;2444;allowances;alphabetical;Finanziamento della campagna elettorale;13;24.11.2024 Modifica del 29 settembre 2023 del Codice delle obbligazioni (Diritto di locazione: sublocazione);;campaign_financing;Importi preventivati;persona giuridica o società di persone;Donatore/trice: SVIT Romandie, Attore/trice: 2 x Ja zum Mietrecht / Bund für mehr Wohnraum, Zürich
it;2445;allowances;alphabetical;Finanziamento della campagna elettorale;13;24.11.2024 Modifica del 29 settembre 2023 del Codice delle obbligazioni (Diritto di locazione: sublocazione);;campaign_financing;Importi preventivati;persona giuridica o società di persone;Donatore/trice: USPI Suisse, Attore/trice: 2 x Ja zum Mietrecht / Bund für mehr Wohnraum, Zürich
it;2446;allowances;alphabetical;Finanziamento della campagna elettorale;13;24.11.2024 Modifica del 29 settembre 2023 del Codice delle obbligazioni (Diritto di locazione: sublocazione);;campaign_financing;Importi preventivati;persona giuridica o società di persone;Donatore/trice: HEV Aargau, Attore/trice: 2 x Ja zum Mietrecht / Bund für mehr Wohnraum, Zürich
it;2447;allowances;alphabetical;Finanziamento della campagna elettorale;13;24.11.2024 Modifica del 29 settembre 2023 del Codice delle obbligazioni (Diritto di locazione: sublocazione);;campaign_financing;Importi preventivati;persona giuridica o società di persone;Donatore/trice: HEV Schweiz, Attore/trice: 2 x Ja zum Mietrecht / Bund für mehr Wohnraum, Zürich
it;2448;allowances;alphabetical;Finanziamento della campagna elettorale;13;24.11.2024 Modifica del 29 settembre 2023 del Codice delle obbligazioni (Diritto di locazione: sublocazione);;campaign_financing;Importi preventivati;persona giuridica o società di persone;Donatore/trice: USPI Vaud, Attore/trice: 2 x Ja zum Mietrecht / Bund für mehr Wohnraum, Zürich
it;2449;allowances;alphabetical;Finanziamento della campagna elettorale;14;24.11.2024 Modifica del 29 settembre 2023 del Codice delle obbligazioni (Diritto di locazione: disdetta per bisogno personale);;campaign_financing;Importi preventivati;persona giuridica o società di persone;Donatore/trice: HEV Schweiz, Attore/trice: 2 x Ja zum Mietrecht / Bund für mehr Wohnraum, Zürich
it;245;allowances;alphabetical;Finanziamento della campagna elettorale;1;22.10.2023 Elezioni del Consiglio nazionale 2023;2023;campaign_financing;Importi preventivati;persona fisica;Donatore/trice: Candinas Martin, Attore/trice: Alleanza del Centro Grigioni, Coira
it;2450;allowances;alphabetical;Finanziamento della campagna elettorale;14;24.11.2024 Modifica del 29 settembre 2023 del Codice delle obbligazioni (Diritto di locazione: disdetta per bisogno personale);;campaign_financing;Importi preventivati;persona giuridica o società di persone;Donatore/trice: CVI Chambre vaudoise immobilière, Attore/trice: 2 x Ja zum Mietrecht / Bund für mehr Wohnraum, Zürich
it;2451;allowances;alphabetical;Finanziamento della campagna elettorale;14;24.11.2024 Modifica del 29 settembre 2023 del Codice delle obbligazioni (Diritto di locazione: disdetta per bisogno personale);;campaign_financing;Importi preventivati;persona giuridica o società di persone;Donatore/trice: FRI Fédération romande immobilière, Attore/trice: 2 x Ja zum Mietrecht / Bund für mehr Wohnraum, Zürich
it;2452;allowances;alphabetical;Finanziamento della campagna elettorale;14;24.11.2024 Modifica del 29 settembre 2023 del Codice delle obbligazioni (Diritto di locazione: disdetta per bisogno personale);;campaign_financing;Importi preventivati;persona giuridica o società di persone;Donatore/trice: CGI Chambre genevoise imobilière, Attore/trice: 2 x Ja zum Mietrecht / Bund für mehr Wohnraum, Zürich
it;2453;allowances;alphabetical;Finanziamento della campagna elettorale;14;24.11.2024 Modifica del 29 settembre 2023 del Codice delle obbligazioni (Diritto di locazione: disdetta per bisogno personale);;campaign_financing;Importi preventivati;persona giuridica o società di persone;Donatore/trice: SVIT Schweiz, Attore/trice: 2 x Ja zum Mietrecht / Bund für mehr Wohnraum, Zürich
it;2454;allowances;alphabetical;Finanziamento della campagna elettorale;14;24.11.2024 Modifica del 29 settembre 2023 del Codice delle obbligazioni (Diritto di locazione: disdetta per bisogno personale);;campaign_financing;Importi preventivati;persona giuridica o società di persone;Donatore/trice: VIS Verband Immobilien Schweiz, Attore/trice: 2 x Ja zum Mietrecht / Bund für mehr Wohnraum, Zürich
it;2455;allowances;alphabetical;Finanziamento della campagna elettorale;14;24.11.2024 Modifica del 29 settembre 2023 del Codice delle obbligazioni (Diritto di locazione: disdetta per bisogno personale);;campaign_financing;Importi preventivati;persona giuridica o società di persone;Donatore/trice: Centre Patronal, Attore/trice: 2 x Ja zum Mietrecht / Bund für mehr Wohnraum, Zürich
it;2456;allowances;alphabetical;Finanziamento della campagna elettorale;14;24.11.2024 Modifica del 29 settembre 2023 del Codice delle obbligazioni (Diritto di locazione: disdetta per bisogno personale);;campaign_financing;Importi preventivati;persona giuridica o società di persone;Donatore/trice: SVIT Romandie, Attore/trice: 2 x Ja zum Mietrecht / Bund für mehr Wohnraum, Zürich
it;2457;allowances;alphabetical;Finanziamento della campagna elettorale;14;24.11.2024 Modifica del 29 settembre 2023 del Codice delle obbligazioni (Diritto di locazione: disdetta per bisogno personale);;campaign_financing;Importi preventivati;persona giuridica o società di persone;Donatore/trice: USPI Suisse, Attore/trice: 2 x Ja zum Mietrecht / Bund für mehr Wohnraum, Zürich
it;2458;allowances;alphabetical;Finanziamento della campagna elettorale;14;24.11.2024 Modifica del 29 settembre 2023 del Codice delle obbligazioni (Diritto di locazione: disdetta per bisogno personale);;campaign_financing;Importi preventivati;persona giuridica o società di persone;Donatore/trice: HEV Aargau, Attore/trice: 2 x Ja zum Mietrecht / Bund für mehr Wohnraum, Zürich
it;2459;allowances;alphabetical;Finanziamento della campagna elettorale;14;24.11.2024 Modifica del 29 settembre 2023 del Codice delle obbligazioni (Diritto di locazione: disdetta per bisogno personale);;campaign_financing;Importi preventivati;persona giuridica o società di persone;Donatore/trice: HEV Schweiz, Attore/trice: 2 x Ja zum Mietrecht / Bund für mehr Wohnraum, Zürich
it;246;allowances;alphabetical;Finanziamento della campagna elettorale;1;22.10.2023 Elezioni del Consiglio nazionale 2023;2023;campaign_financing;Importi preventivati;persona fisica;Donatore/trice: Burkard Carmita, Attore/trice: Giovani Verdi Svizzera, Berna
it;2460;allowances;alphabetical;Finanziamento della campagna elettorale;14;24.11.2024 Modifica del 29 settembre 2023 del Codice delle obbligazioni (Diritto di locazione: disdetta per bisogno personale);;campaign_financing;Importi preventivati;persona giuridica o società di persone;Donatore/trice: USPI Vaud, Attore/trice: 2 x Ja zum Mietrecht / Bund für mehr Wohnraum, Zürich
it;2461;allowances;alphabetical;Finanziamento della campagna elettorale;14;24.11.2024 Modifica del 29 settembre 2023 del Codice delle obbligazioni (Diritto di locazione: disdetta per bisogno personale);;campaign_financing;Importi preventivati;persona giuridica o società di persone;Donatore/trice: Chambre vaudoise immobilière, Attore/trice: 2 x Ja zum Mietrecht / Bund für mehr Wohnraum, Zürich
it;2462;allowances;alphabetical;Finanziamento della campagna elettorale;13;24.11.2024 Modifica del 29 settembre 2023 del Codice delle obbligazioni (Diritto di locazione: sublocazione);;campaign_financing;Importi preventivati;persona giuridica o società di persone;Donatore/trice: Chambre vaudoise immobilière, Attore/trice: 2 x Ja zum Mietrecht / Bund für mehr Wohnraum, Zürich
it;247;allowances;alphabetical;Finanziamento della campagna elettorale;1;22.10.2023 Elezioni del Consiglio nazionale 2023;2023;campaign_financing;Importi preventivati;persona giuridica o società di persone;Donatore/trice: GRÜNE Schweiz, Attore/trice: Giovani Verdi Svizzera, Berna
it;248;allowances;alphabetical;Finanziamento della campagna elettorale;1;22.10.2023 Elezioni del Consiglio nazionale 2023;2023;campaign_financing;Importi preventivati;persona fisica;Donatore/trice: Thalmann Christian, Attore/trice: EG Ankli, Bartholdi & Thalmann, Breitenbach
it;249;allowances;alphabetical;Finanziamento della campagna elettorale;1;22.10.2023 Elezioni del Consiglio nazionale 2023;2023;campaign_financing;Importi preventivati;persona fisica;Donatore/trice: Burkard Carmita, Attore/trice: Grüne Kanton Solothurn, Solothurn
it;2492;allowances;alphabetical;Finanziamento della campagna elettorale;11;22.09.2024 Legge federale sulla previdenza professionale per la vecchiaia, i superstiti e l’invalidità (LPP) (Riforma della previdenza professionale);;campaign_financing;Importi finali;persona giuridica o società di persone;Donatore/trice: UNIA, Attore/trice: Unione sindacale svizzera (USS), Berna
it;2493;allowances;alphabetical;Finanziamento della campagna elettorale;11;22.09.2024 Legge federale sulla previdenza professionale per la vecchiaia, i superstiti e l’invalidità (LPP) (Riforma della previdenza professionale);;campaign_financing;Importi finali;persona giuridica o società di persone;Donatore/trice: SEV, Attore/trice: Unione sindacale svizzera (USS), Berna
it;2494;allowances;alphabetical;Finanziamento della campagna elettorale;11;22.09.2024 Legge federale sulla previdenza professionale per la vecchiaia, i superstiti e l’invalidità (LPP) (Riforma della previdenza professionale);;campaign_financing;Importi finali;persona giuridica o società di persone;Donatore/trice: Syndicom, Attore/trice: Unione sindacale svizzera (USS), Berna
it;2495;allowances;alphabetical;Finanziamento della campagna elettorale;11;22.09.2024 Legge federale sulla previdenza professionale per la vecchiaia, i superstiti e l’invalidità (LPP) (Riforma della previdenza professionale);;campaign_financing;Importi finali;persona giuridica o società di persone;Donatore/trice: VPOD, Attore/trice: Unione sindacale svizzera (USS), Berna
it;2496;allowances;alphabetical;Finanziamento della campagna elettorale;11;22.09.2024 Legge federale sulla previdenza professionale per la vecchiaia, i superstiti e l’invalidità (LPP) (Riforma della previdenza professionale);;campaign_financing;Importi finali;persona giuridica o società di persone;Donatore/trice: SGB - Schweizerischer Gewerkschaftsbund, Attore/trice: Unione sindacale svizzera (USS), Berna
it;25;allowances;alphabetical;Finanziamento della campagna elettorale;1;22.10.2023 Elezioni del Consiglio nazionale 2023;2023;campaign_financing;Importi preventivati;persona giuridica o società di persone;Donatore/trice: SP Schweiz, Attore/trice: Sozialdemokratische Partei Kanton Baselland, Liestal
it;250;allowances;alphabetical;Finanziamento della campagna elettorale;1;22.10.2023 Elezioni del Consiglio nazionale 2023;2023;campaign_financing;Importi preventivati;persona fisica;Donatore/trice: Burkard Carmita, Attore/trice: Verdi del Cantone Ticino, Bellinzona
it;253;allowances;alphabetical;Finanziamento della campagna elettorale;1;22.10.2023 Elezioni del Consiglio nazionale 2023;2023;campaign_financing;Importi preventivati;persona fisica;Donatore/trice: Gysin Greta, Attore/trice: Verdi del Cantone Ticino, Bellinzona
it;2533;allowances;alphabetical;Finanziamento della campagna elettorale;10;22.09.2024 Per il futuro della nostra natura e del nostro paesaggio (Iniziativa biodiversità);;campaign_financing;Importi finali;persona fisica;Donatore/trice: Brunner Daniel, Attore/trice: Ja zu mehr Natur, Landschaft und Baukultur, Basel
it;2534;allowances;alphabetical;Finanziamento della campagna elettorale;10;22.09.2024 Per il futuro della nostra natura e del nostro paesaggio (Iniziativa biodiversità);;campaign_financing;Importi finali;persona giuridica o società di persone;Donatore/trice: Pro Natura, Attore/trice: Ja zu mehr Natur, Landschaft und Baukultur, Basel
it;2535;allowances;alphabetical;Finanziamento della campagna elettorale;10;22.09.2024 Per il futuro della nostra natura e del nostro paesaggio (Iniziativa biodiversità);;campaign_financing;Importi finali;persona giuridica o società di persone;Donatore/trice: BirdLife Schweiz, Attore/trice: Ja zu mehr Natur, Landschaft und Baukultur, Basel
it;2536;allowances;alphabetical;Finanziamento della campagna elettorale;10;22.09.2024 Per il futuro della nostra natura e del nostro paesaggio (Iniziativa biodiversità);;campaign_financing;Importi finali;persona giuridica o società di persone;Donatore/trice: Stiftung Landschaftsschutz (SL), Attore/trice: Ja zu mehr Natur, Landschaft und Baukultur, Basel
it;2537;allowances;alphabetical;Finanziamento della campagna elettorale;10;22.09.2024 Per il futuro della nostra natura e del nostro paesaggio (Iniziativa biodiversità);;campaign_financing;Importi finali;persona giuridica o società di persone;Donatore/trice: Schweizer Heimatschutz (SHS), Attore/trice: Ja zu mehr Natur, Landschaft und Baukultur, Basel
it;2538;allowances;alphabetical;Finanziamento della campagna elettorale;10;22.09.2024 Per il futuro della nostra natura e del nostro paesaggio (Iniziativa biodiversità);;campaign_financing;Importi finali;persona giuridica o società di persone;Donatore/trice: BirdLife Schweiz, Attore/trice: Ja zu mehr Natur, Landschaft und Baukultur, Basel
it;2539;allowances;alphabetical;Finanziamento della campagna elettorale;10;22.09.2024 Per il futuro della nostra natura e del nostro paesaggio (Iniziativa biodiversità);;campaign_financing;Importi finali;persona giuridica o società di persone;Donatore/trice: Pro Natura, Attore/trice: Ja zu mehr Natur, Landschaft und Baukultur, Basel
it;254;allowances;alphabetical;Finanziamento della campagna elettorale;1;22.10.2023 Elezioni del Consiglio nazionale 2023;2023;campaign_financing;Importi preventivati;persona fisica;Donatore/trice: Wettstein Felix, Attore/trice: Grüne Kanton Solothurn, Solothurn
it;2540;allowances;alphabetical;Finanziamento della campagna elettorale;10;22.09.2024 Per il futuro della nostra natura e del nostro paesaggio (Iniziativa biodiversità);;campaign_financing;Importi finali;persona giuridica o società di persone;Donatore/trice: Schweizer Heimatschutz, Attore/trice: Ja zu mehr Natur, Landschaft und Baukultur, Basel
it;2541;allowances;alphabetical;Finanziamento della campagna elettorale;10;22.09.2024 Per il futuro della nostra natura e del nostro paesaggio (Iniziativa biodiversità);;campaign_financing;Importi finali;persona giuridica o società di persone;Donatore/trice: Stiftung Landschaftsschutz Schweiz, Attore/trice: Ja zu mehr Natur, Landschaft und Baukultur, Basel
it;2542;allowances;alphabetical;Finanziamento della campagna elettorale;10;22.09.2024 Per il futuro della nostra natura e del nostro paesaggio (Iniziativa biodiversità);;campaign_financing;Importi finali;persona giuridica o società di persone;Donatore/trice: Fondation Franz Weber, Attore/trice: Ja zu mehr Natur, Landschaft und Baukultur, Basel
it;255;allowances;alphabetical;Finanziamento della campagna elettorale;1;22.10.2023 Elezioni del Consiglio nazionale 2023;2023;campaign_financing;Importi preventivati;persona fisica;Donatore/trice: Wettstein Felix, Attore/trice: Grüne Kanton Solothurn, Solothurn
it;256;allowances;alphabetical;Finanziamento della campagna elettorale;1;22.10.2023 Elezioni del Consiglio nazionale 2023;2023;campaign_financing;Importi preventivati;persona fisica;Donatore/trice: Savary Josef, Attore/trice: Verdi del Cantone Ticino, Bellinzona
it;2561;allowances;alphabetical;Finanziamento della campagna elettorale;12;24.11.2024 Decreto federale del 29 settembre 2023 sulla Fase di potenziamento 2023 delle strade nazionali;2024;campaign_financing;Importi preventivati;persona giuridica o società di persone;Donatore/trice: Umverkehr, Attore/trice: ATA Associazione traffico e ambiente, Berna
it;2562;allowances;alphabetical;Finanziamento della campagna elettorale;12;24.11.2024 Decreto federale del 29 settembre 2023 sulla Fase di potenziamento 2023 delle strade nazionali;2024;campaign_financing;Importi preventivati;persona giuridica o società di persone;Donatore/trice: Pro Velo Schweiz, Attore/trice: ATA Associazione traffico e ambiente, Berna
it;2563;allowances;alphabetical;Finanziamento della campagna elettorale;12;24.11.2024 Decreto federale del 29 settembre 2023 sulla Fase di potenziamento 2023 delle strade nazionali;2024;campaign_financing;Importi preventivati;persona giuridica o società di persone;Donatore/trice: Pro Natura, Attore/trice: ATA Associazione traffico e ambiente, Berna
it;2564;allowances;alphabetical;Finanziamento della campagna elettorale;12;24.11.2024 Decreto federale del 29 settembre 2023 sulla Fase di potenziamento 2023 delle strade nazionali;2024;campaign_financing;Importi preventivati;persona giuridica o società di persone;Donatore/trice: VCS Verkehrs-Club der Schweiz, Attore/trice: ATA Associazione traffico e ambiente, Berna
it;2565;allowances;alphabetical;Finanziamento della campagna elettorale;12;24.11.2024 Decreto federale del 29 settembre 2023 sulla Fase di potenziamento 2023 delle strade nazionali;2024;campaign_financing;Importi preventivati;persona giuridica o società di persone;Donatore/trice: Asterito AG, Attore/trice: ATA Associazione traffico e ambiente, Berna
it;2566;allowances;alphabetical;Finanziamento della campagna elettorale;12;24.11.2024 Decreto federale del 29 settembre 2023 sulla Fase di potenziamento 2023 delle strade nazionali;2024;campaign_financing;Importi preventivati;persona giuridica o società di persone;Donatore/trice: Fondation Franz Weber, Attore/trice: ATA Associazione traffico e ambiente, Berna
it;2567;allowances;alphabetical;Finanziamento della campagna elettorale;12;24.11.2024 Decreto federale del 29 settembre 2023 sulla Fase di potenziamento 2023 delle strade nazionali;2024;campaign_financing;Importi preventivati;persona fisica;Donatore/trice: Burkard Carmita, Attore/trice: ATA Associazione traffico e ambiente, Berna
it;2568;allowances;alphabetical;Finanziamento della campagna elettorale;12;24.11.2024 Decreto federale del 29 settembre 2023 sulla Fase di potenziamento 2023 delle strade nazionali;2024;campaign_financing;Importi preventivati;persona giuridica o società di persone;Donatore/trice: WWF Schweiz, Attore/trice: ATA Associazione traffico e ambiente, Berna
it;2569;allowances;alphabetical;Finanziamento della campagna elettorale;15;24.11.2024 Modifica del 22 dicembre 2023 della legge federale sull’assicurazione malattie (Finanziamento uniforme delle prestazioni);;campaign_financing;Importi preventivati;persona giuridica o società di persone;Donatore/trice: FMH Verbindung der Schweizer Ärztinnen und Ärzte, Attore/trice: Gesundheitswesen mit Zukunft, Bern
it;257;allowances;alphabetical;Finanziamento della campagna elettorale;1;22.10.2023 Elezioni del Consiglio nazionale 2023;2023;campaign_financing;Importi preventivati;persona fisica;Donatore/trice: Majno-Hurst Pietro, Attore/trice: Verdi del Cantone Ticino, Bellinzona
it;2570;allowances;alphabetical;Finanziamento della campagna elettorale;15;24.11.2024 Modifica del 22 dicembre 2023 della legge federale sull’assicurazione malattie (Finanziamento uniforme delle prestazioni);;campaign_financing;Importi preventivati;persona giuridica o società di persone;Donatore/trice: curafutura, die innovativen Krankenversicherer, Attore/trice: Gesundheitswesen mit Zukunft, Bern
it;2571;allowances;alphabetical;Finanziamento della campagna elettorale;15;24.11.2024 Modifica del 22 dicembre 2023 della legge federale sull’assicurazione malattie (Finanziamento uniforme delle prestazioni);;campaign_financing;Importi preventivati;persona giuridica o società di persone;Donatore/trice: AerzteGesellschaft des Kantons Zürich AGZ, Attore/trice: Gesundheitswesen mit Zukunft, Bern
it;2572;allowances;alphabetical;Finanziamento della campagna elettorale;15;24.11.2024 Modifica del 22 dicembre 2023 della legge federale sull’assicurazione malattie (Finanziamento uniforme delle prestazioni);;campaign_financing;Importi preventivati;persona giuridica o società di persone;Donatore/trice: ARTISET / curaviva, Attore/trice: Gesundheitswesen mit Zukunft, Bern
it;2573;allowances;alphabetical;Finanziamento della campagna elettorale;15;24.11.2024 Modifica del 22 dicembre 2023 della legge federale sull’assicurazione malattie (Finanziamento uniforme delle prestazioni);;campaign_financing;Importi preventivati;persona giuridica o società di persone;Donatore/trice: Spitex Schweiz, Attore/trice: Gesundheitswesen mit Zukunft, Bern
it;2574;allowances;alphabetical;Finanziamento della campagna elettorale;15;24.11.2024 Modifica del 22 dicembre 2023 della legge federale sull’assicurazione malattie (Finanziamento uniforme delle prestazioni);;campaign_financing;Importi preventivati;persona giuridica o società di persone;Donatore/trice: Schweizerischer Apothekenverband (pharmaSuisse), Attore/trice: Gesundheitswesen mit Zukunft, Bern
it;2575;allowances;alphabetical;Finanziamento della campagna elettorale;15;24.11.2024 Modifica del 22 dicembre 2023 della legge federale sull’assicurazione malattie (Finanziamento uniforme delle prestazioni);;campaign_financing;Importi preventivati;persona giuridica o società di persone;Donatore/trice: Interpharma Verband der forschenden pharmazeutischen Firmen der Schweiz, Attore/trice: Gesundheitswesen mit Zukunft, Bern
it;2576;allowances;alphabetical;Finanziamento della campagna elettorale;15;24.11.2024 Modifica del 22 dicembre 2023 della legge federale sull’assicurazione malattie (Finanziamento uniforme delle prestazioni);;campaign_financing;Importi preventivati;persona giuridica o società di persone;Donatore/trice: H+ Die Schweizer Spitäler, Attore/trice: Gesundheitswesen mit Zukunft, Bern
it;2577;allowances;alphabetical;Finanziamento della campagna elettorale;15;24.11.2024 Modifica del 22 dicembre 2023 della legge federale sull’assicurazione malattie (Finanziamento uniforme delle prestazioni);;campaign_financing;Importi preventivati;persona giuridica o società di persone;Donatore/trice: Bündnis Freiheitliches Gesundheitswesen, Attore/trice: Gesundheitswesen mit Zukunft, Bern
it;2578;allowances;alphabetical;Finanziamento della campagna elettorale;15;24.11.2024 Modifica del 22 dicembre 2023 della legge federale sull’assicurazione malattie (Finanziamento uniforme delle prestazioni);;campaign_financing;Importi preventivati;persona giuridica o società di persone;Donatore/trice: medswissnet, Attore/trice: Gesundheitswesen mit Zukunft, Bern
it;2579;allowances;alphabetical;Finanziamento della campagna elettorale;15;24.11.2024 Modifica del 22 dicembre 2023 della legge federale sull’assicurazione malattie (Finanziamento uniforme delle prestazioni);;campaign_financing;Importi preventivati;persona giuridica o società di persone;Donatore/trice: SW!SS REHA, Attore/trice: Gesundheitswesen mit Zukunft, Bern
it;258;allowances;alphabetical;Finanziamento della campagna elettorale;1;22.10.2023 Elezioni del Consiglio nazionale 2023;2023;campaign_financing;Importi preventivati;persona giuridica o società di persone;Donatore/trice: HEV Zürich, Attore/trice: Bourgeois Yasmine, Zürich
it;2580;allowances;alphabetical;Finanziamento della campagna elettorale;15;24.11.2024 Modifica del 22 dicembre 2023 della legge federale sull’assicurazione malattie (Finanziamento uniforme delle prestazioni);;campaign_financing;Importi preventivati;persona giuridica o società di persone;Donatore/trice: Der Schweizerische Versicherungsverband SVV, Attore/trice: Gesundheitswesen mit Zukunft, Bern
it;2581;allowances;alphabetical;Finanziamento della campagna elettorale;15;24.11.2024 Modifica del 22 dicembre 2023 della legge federale sull’assicurazione malattie (Finanziamento uniforme delle prestazioni);;campaign_financing;Importi preventivati;persona giuridica o società di persone;Donatore/trice: Universitäre Medizin Schweiz, Unimedsuisse, Attore/trice: Gesundheitswesen mit Zukunft, Bern
it;2582;allowances;alphabetical;Finanziamento della campagna elettorale;15;24.11.2024 Modifica del 22 dicembre 2023 della legge federale sull’assicurazione malattie (Finanziamento uniforme delle prestazioni);;campaign_financing;Importi preventivati;persona giuridica o società di persone;Donatore/trice: Visana Beteiligungen AG, Attore/trice: Gesundheitswesen mit Zukunft, Bern
it;2583;allowances;alphabetical;Finanziamento della campagna elettorale;15;24.11.2024 Modifica del 22 dicembre 2023 della legge federale sull’assicurazione malattie (Finanziamento uniforme delle prestazioni);;campaign_financing;Importi preventivati;persona giuridica o società di persone;Donatore/trice: Aerztegesellschaft des Kantons Bern, Attore/trice: Gesundheitswesen mit Zukunft, Bern
it;2584;allowances;alphabetical;Finanziamento della campagna elettorale;15;24.11.2024 Modifica del 22 dicembre 2023 della legge federale sull’assicurazione malattie (Finanziamento uniforme delle prestazioni);;campaign_financing;Importi preventivati;persona giuridica o società di persone;Donatore/trice: Der Schweizerische Versicherungsverband SVV, Attore/trice: Gesundheitswesen mit Zukunft, Bern
it;2585;allowances;alphabetical;Finanziamento della campagna elettorale;15;24.11.2024 Modifica del 22 dicembre 2023 della legge federale sull’assicurazione malattie (Finanziamento uniforme delle prestazioni);;campaign_financing;Importi preventivati;persona giuridica o società di persone;Donatore/trice: economiesuisse, Attore/trice: Gesundheitswesen mit Zukunft, Bern
it;2586;allowances;alphabetical;Finanziamento della campagna elettorale;15;24.11.2024 Modifica del 22 dicembre 2023 della legge federale sull’assicurazione malattie (Finanziamento uniforme delle prestazioni);;campaign_financing;Importi preventivati;persona giuridica o società di persone;Donatore/trice: FMH Verbindung der Schweizer Ärztinnen und Ärzte, Attore/trice: Gesundheitswesen mit Zukunft, Bern
it;2587;allowances;alphabetical;Finanziamento della campagna elettorale;15;24.11.2024 Modifica del 22 dicembre 2023 della legge federale sull’assicurazione malattie (Finanziamento uniforme delle prestazioni);;campaign_financing;Importi preventivati;persona giuridica o società di persone;Donatore/trice: Ärzte-Gesellschaft des Kantons Zug, Attore/trice: Gesundheitswesen mit Zukunft, Bern
it;2588;allowances;alphabetical;Finanziamento della campagna elettorale;15;24.11.2024 Modifica del 22 dicembre 2023 della legge federale sull’assicurazione malattie (Finanziamento uniforme delle prestazioni);;campaign_financing;Importi preventivati;persona giuridica o società di persone;Donatore/trice: Schweizerischer Apothekenverband (pharmaSuisse), Attore/trice: Gesundheitswesen mit Zukunft, Bern
it;2589;allowances;alphabetical;Finanziamento della campagna elettorale;15;24.11.2024 Modifica del 22 dicembre 2023 della legge federale sull’assicurazione malattie (Finanziamento uniforme delle prestazioni);;campaign_financing;Importi preventivati;persona giuridica o società di persone;Donatore/trice: Spitex Schweiz, Attore/trice: Gesundheitswesen mit Zukunft, Bern
it;259;allowances;alphabetical;Finanziamento della campagna elettorale;1;22.10.2023 Elezioni del Consiglio nazionale 2023;2023;campaign_financing;Importi preventivati;persona giuridica o società di persone;Donatore/trice: Gemeinnützige Stiftung Gambit, Attore/trice: Gössi Petra, Küssnacht am Rigi
it;2590;allowances;alphabetical;Finanziamento della campagna elettorale;15;24.11.2024 Modifica del 22 dicembre 2023 della legge federale sull’assicurazione malattie (Finanziamento uniforme delle prestazioni);;campaign_financing;Importi preventivati;persona giuridica o società di persone;Donatore/trice: Intergenerika, Attore/trice: Gesundheitswesen mit Zukunft, Bern
it;2591;allowances;alphabetical;Finanziamento della campagna elettorale;15;24.11.2024 Modifica del 22 dicembre 2023 della legge federale sull’assicurazione malattie (Finanziamento uniforme delle prestazioni);;campaign_financing;Importi preventivati;persona giuridica o società di persone;Donatore/trice: Interpharma Verband der forschenden pharmazeutischen Firmen der Schweiz, Attore/trice: Gesundheitswesen mit Zukunft, Bern
it;2592;allowances;alphabetical;Finanziamento della campagna elettorale;15;24.11.2024 Modifica del 22 dicembre 2023 della legge federale sull’assicurazione malattie (Finanziamento uniforme delle prestazioni);;campaign_financing;Importi preventivati;persona giuridica o società di persone;Donatore/trice: Ärzte-Gesellschaft des Kantons Zug, Attore/trice: Gesundheitswesen mit Zukunft, Bern
it;2593;allowances;alphabetical;Finanziamento della campagna elettorale;15;24.11.2024 Modifica del 22 dicembre 2023 della legge federale sull’assicurazione malattie (Finanziamento uniforme delle prestazioni);;campaign_financing;Importi preventivati;persona giuridica o società di persone;Donatore/trice: curafutura, die innovativen Krankenversicherer, Attore/trice: Gesundheitswesen mit Zukunft, Bern
it;2594;allowances;alphabetical;Finanziamento della campagna elettorale;15;24.11.2024 Modifica del 22 dicembre 2023 della legge federale sull’assicurazione malattie (Finanziamento uniforme delle prestazioni);;campaign_financing;Importi preventivati;persona giuridica o società di persone;Donatore/trice: FMH Verbindung der Schweizer Ärztinnen und Ärzte, Attore/trice: Gesundheitswesen mit Zukunft, Bern
it;2595;allowances;alphabetical;Finanziamento della campagna elettorale;15;24.11.2024 Modifica del 22 dicembre 2023 della legge federale sull’assicurazione malattie (Finanziamento uniforme delle prestazioni);;campaign_financing;Importi preventivati;persona giuridica o società di persone;Donatore/trice: VEDAG Verband Deutschschweizer Ärztegesellschaft, Attore/trice: Gesundheitswesen mit Zukunft, Bern
it;2596;allowances;alphabetical;Finanziamento della campagna elettorale;15;24.11.2024 Modifica del 22 dicembre 2023 della legge federale sull’assicurazione malattie (Finanziamento uniforme delle prestazioni);;campaign_financing;Importi preventivati;persona giuridica o società di persone;Donatore/trice: Société Médicale de la Suisse Romande (SMSR), Attore/trice: Gesundheitswesen mit Zukunft, Bern
it;2597;allowances;alphabetical;Finanziamento della campagna elettorale;11;22.09.2024 Legge federale sulla previdenza professionale per la vecchiaia, i superstiti e l’invalidità (LPP) (Riforma della previdenza professionale);;campaign_financing;Importi finali;persona giuridica o società di persone;"Donatore/trice: economiesuisse, Attore/trice: Allianz ""Ja zur BVG-Reform"", Zürich"
it;2598;allowances;alphabetical;Finanziamento della campagna elettorale;11;22.09.2024 Legge federale sulla previdenza professionale per la vecchiaia, i superstiti e l’invalidità (LPP) (Riforma della previdenza professionale);;campaign_financing;Importi finali;persona giuridica o società di persone;"Donatore/trice: Schweizerischer Versicherungsverband, Attore/trice: Allianz ""Ja zur BVG-Reform"", Zürich"
it;2599;allowances;alphabetical;Finanziamento della campagna elettorale;11;22.09.2024 Legge federale sulla previdenza professionale per la vecchiaia, i superstiti e l’invalidità (LPP) (Riforma della previdenza professionale);;campaign_financing;Importi finali;persona giuridica o società di persone;"Donatore/trice: AXA Versicherungen, Attore/trice: Allianz ""Ja zur BVG-Reform"", Zürich"
it;26;allowances;alphabetical;Finanziamento della campagna elettorale;1;22.10.2023 Elezioni del Consiglio nazionale 2023;2023;campaign_financing;Importi preventivati;persona giuridica o società di persone;Donatore/trice: SP Schweiz, Attore/trice: Sozialdemokratische Partei Kanton Baselland, Liestal
it;260;allowances;alphabetical;Finanziamento della campagna elettorale;1;22.10.2023 Elezioni del Consiglio nazionale 2023;2023;campaign_financing;Importi preventivati;persona giuridica o società di persone;Donatore/trice: Schweizer Gewerbeverband, Attore/trice: Paganini Nicolò, Abtwil
it;2600;allowances;alphabetical;Finanziamento della campagna elettorale;11;22.09.2024 Legge federale sulla previdenza professionale per la vecchiaia, i superstiti e l’invalidità (LPP) (Riforma della previdenza professionale);;campaign_financing;Importi finali;persona giuridica o società di persone;"Donatore/trice: Asset Management Association Switzerland, Attore/trice: Allianz ""Ja zur BVG-Reform"", Zürich"
it;2601;allowances;alphabetical;Finanziamento della campagna elettorale;11;22.09.2024 Legge federale sulla previdenza professionale per la vecchiaia, i superstiti e l’invalidità (LPP) (Riforma della previdenza professionale);;campaign_financing;Importi finali;persona giuridica o società di persone;"Donatore/trice: Zürcher Handelskammer, Attore/trice: Allianz ""Ja zur BVG-Reform"", Zürich"
it;2602;allowances;alphabetical;Finanziamento della campagna elettorale;11;22.09.2024 Legge federale sulla previdenza professionale per la vecchiaia, i superstiti e l’invalidità (LPP) (Riforma della previdenza professionale);;campaign_financing;Importi finali;persona giuridica o società di persone;"Donatore/trice: Zürcher Handelskammer, Attore/trice: Allianz ""Ja zur BVG-Reform"", Zürich"
it;2603;allowances;alphabetical;Finanziamento della campagna elettorale;11;22.09.2024 Legge federale sulla previdenza professionale per la vecchiaia, i superstiti e l’invalidità (LPP) (Riforma della previdenza professionale);;campaign_financing;Importi finali;persona giuridica o società di persone;"Donatore/trice: Schweizerischer Arbeitgeberverband, Attore/trice: Allianz ""Ja zur BVG-Reform"", Zürich"
it;2604;allowances;alphabetical;Finanziamento della campagna elettorale;11;22.09.2024 Legge federale sulla previdenza professionale per la vecchiaia, i superstiti e l’invalidità (LPP) (Riforma della previdenza professionale);;campaign_financing;Importi finali;persona giuridica o società di persone;"Donatore/trice: Schweizerischer Versicherungsverband, Attore/trice: Allianz ""Ja zur BVG-Reform"", Zürich"
it;2605;allowances;alphabetical;Finanziamento della campagna elettorale;11;22.09.2024 Legge federale sulla previdenza professionale per la vecchiaia, i superstiti e l’invalidità (LPP) (Riforma della previdenza professionale);;campaign_financing;Importi finali;persona giuridica o società di persone;"Donatore/trice: AXA Versicherungen, Attore/trice: Allianz ""Ja zur BVG-Reform"", Zürich"
it;2606;allowances;alphabetical;Finanziamento della campagna elettorale;10;22.09.2024 Per il futuro della nostra natura e del nostro paesaggio (Iniziativa biodiversità);;campaign_financing;Importi finali;persona giuridica o società di persone;Donatore/trice: Luzerner Bäuerinnen- und Bauernverband, Attore/trice: Luzerner Bäuerinnen- und Bauernverband, Sursee
it;2607;allowances;alphabetical;Finanziamento della campagna elettorale;12;24.11.2024 Decreto federale del 29 settembre 2023 sulla Fase di potenziamento 2023 delle strade nazionali;2024;campaign_financing;Importi finali;persona giuridica o società di persone;Donatore/trice: TCS Sektion Zürich, Attore/trice: KMU- und Gewerbeverband Kanton Zürich, Zürich
it;261;allowances;alphabetical;Finanziamento della campagna elettorale;1;22.10.2023 Elezioni del Consiglio nazionale 2023;2023;campaign_financing;Importi preventivati;persona giuridica o società di persone;Donatore/trice: eit.swiss, Attore/trice: Jauslin Matthias Samuel, Wohlen
it;2667;allowances;alphabetical;Finanziamento della campagna elettorale;16;09.02.2025 Per un’economia responsabile entro i limiti del pianeta (Iniziativa per la responsabilità ambientale);;campaign_financing;Importi preventivati;persona giuridica o società di persone;Donatore/trice: economiesuisse, Attore/trice: PLR.I Liberali Radicali, Bern
it;2668;allowances;alphabetical;Finanziamento della campagna elettorale;16;09.02.2025 Per un’economia responsabile entro i limiti del pianeta (Iniziativa per la responsabilità ambientale);;campaign_financing;Importi preventivati;persona giuridica o società di persone;Donatore/trice: HEV Schweiz, Attore/trice: PLR.I Liberali Radicali, Bern
it;2670;allowances;alphabetical;Finanziamento della campagna elettorale;16;09.02.2025 Per un’economia responsabile entro i limiti del pianeta (Iniziativa per la responsabilità ambientale);;campaign_financing;Importi preventivati;persona giuridica o società di persone;Donatore/trice: Schweizerischer Gewerbeverband sgv, Attore/trice: PLR.I Liberali Radicali, Bern
it;2672;allowances;alphabetical;Finanziamento della campagna elettorale;16;09.02.2025 Per un’economia responsabile entro i limiti del pianeta (Iniziativa per la responsabilità ambientale);;campaign_financing;Importi preventivati;persona giuridica o società di persone;Donatore/trice: GRÜNE Schweiz, Attore/trice: Giovani Verdi Svizzera, Berna
it;2673;allowances;alphabetical;Finanziamento della campagna elettorale;16;09.02.2025 Per un’economia responsabile entro i limiti del pianeta (Iniziativa per la responsabilità ambientale);;campaign_financing;Importi preventivati;persona giuridica o società di persone;Donatore/trice: Junge Grüne Schweiz, Attore/trice: Giovani Verdi Svizzera, Berna
it;2674;allowances;alphabetical;Finanziamento della campagna elettorale;13;24.11.2024 Modifica del 29 settembre 2023 del Codice delle obbligazioni (Diritto di locazione: sublocazione);;campaign_financing;Importi finali;persona giuridica o società di persone;Donatore/trice: HEV Schweiz, Attore/trice: 2 x Ja zum Mietrecht / Bund für mehr Wohnraum, Zürich
it;2675;allowances;alphabetical;Finanziamento della campagna elettorale;13;24.11.2024 Modifica del 29 settembre 2023 del Codice delle obbligazioni (Diritto di locazione: sublocazione);;campaign_financing;Importi finali;persona giuridica o società di persone;Donatore/trice: CVI Chambre vaudoise immobilière, Attore/trice: 2 x Ja zum Mietrecht / Bund für mehr Wohnraum, Zürich
it;2676;allowances;alphabetical;Finanziamento della campagna elettorale;13;24.11.2024 Modifica del 29 settembre 2023 del Codice delle obbligazioni (Diritto di locazione: sublocazione);;campaign_financing;Importi finali;persona giuridica o società di persone;Donatore/trice: FRI Fédération romande immobilière, Attore/trice: 2 x Ja zum Mietrecht / Bund für mehr Wohnraum, Zürich
it;2677;allowances;alphabetical;Finanziamento della campagna elettorale;13;24.11.2024 Modifica del 29 settembre 2023 del Codice delle obbligazioni (Diritto di locazione: sublocazione);;campaign_financing;Importi finali;persona giuridica o società di persone;Donatore/trice: Chambre genevoise immobilière, Attore/trice: 2 x Ja zum Mietrecht / Bund für mehr Wohnraum, Zürich
it;2678;allowances;alphabetical;Finanziamento della campagna elettorale;13;24.11.2024 Modifica del 29 settembre 2023 del Codice delle obbligazioni (Diritto di locazione: sublocazione);;campaign_financing;Importi finali;persona giuridica o società di persone;Donatore/trice: SVIT Schweiz, Attore/trice: 2 x Ja zum Mietrecht / Bund für mehr Wohnraum, Zürich
it;2679;allowances;alphabetical;Finanziamento della campagna elettorale;13;24.11.2024 Modifica del 29 settembre 2023 del Codice delle obbligazioni (Diritto di locazione: sublocazione);;campaign_financing;Importi finali;persona giuridica o società di persone;Donatore/trice: VIS Verband Immobilien Schweiz, Attore/trice: 2 x Ja zum Mietrecht / Bund für mehr Wohnraum, Zürich
it;2680;allowances;alphabetical;Finanziamento della campagna elettorale;13;24.11.2024 Modifica del 29 settembre 2023 del Codice delle obbligazioni (Diritto di locazione: sublocazione);;campaign_financing;Importi finali;persona giuridica o società di persone;Donatore/trice: Centre Patronal, Attore/trice: 2 x Ja zum Mietrecht / Bund für mehr Wohnraum, Zürich
it;2681;allowances;alphabetical;Finanziamento della campagna elettorale;13;24.11.2024 Modifica del 29 settembre 2023 del Codice delle obbligazioni (Diritto di locazione: sublocazione);;campaign_financing;Importi finali;persona giuridica o società di persone;Donatore/trice: SVIT Romandie, Attore/trice: 2 x Ja zum Mietrecht / Bund für mehr Wohnraum, Zürich
it;2682;allowances;alphabetical;Finanziamento della campagna elettorale;13;24.11.2024 Modifica del 29 settembre 2023 del Codice delle obbligazioni (Diritto di locazione: sublocazione);;campaign_financing;Importi finali;persona giuridica o società di persone;Donatore/trice: USPI Suisse, Attore/trice: 2 x Ja zum Mietrecht / Bund für mehr Wohnraum, Zürich
it;2683;allowances;alphabetical;Finanziamento della campagna elettorale;13;24.11.2024 Modifica del 29 settembre 2023 del Codice delle obbligazioni (Diritto di locazione: sublocazione);;campaign_financing;Importi finali;persona giuridica o società di persone;Donatore/trice: HEV Aargau, Attore/trice: 2 x Ja zum Mietrecht / Bund für mehr Wohnraum, Zürich
it;2684;allowances;alphabetical;Finanziamento della campagna elettorale;13;24.11.2024 Modifica del 29 settembre 2023 del Codice delle obbligazioni (Diritto di locazione: sublocazione);;campaign_financing;Importi finali;persona giuridica o società di persone;Donatore/trice: HEV Schweiz, Attore/trice: 2 x Ja zum Mietrecht / Bund für mehr Wohnraum, Zürich
it;2685;allowances;alphabetical;Finanziamento della campagna elettorale;13;24.11.2024 Modifica del 29 settembre 2023 del Codice delle obbligazioni (Diritto di locazione: sublocazione);;campaign_financing;Importi finali;persona giuridica o società di persone;Donatore/trice: USPI Vaud, Attore/trice: 2 x Ja zum Mietrecht / Bund für mehr Wohnraum, Zürich
it;2686;allowances;alphabetical;Finanziamento della campagna elettorale;13;24.11.2024 Modifica del 29 settembre 2023 del Codice delle obbligazioni (Diritto di locazione: sublocazione);;campaign_financing;Importi finali;persona giuridica o società di persone;Donatore/trice: Chambre vaudoise immobilière, Attore/trice: 2 x Ja zum Mietrecht / Bund für mehr Wohnraum, Zürich
it;2687;allowances;alphabetical;Finanziamento della campagna elettorale;14;24.11.2024 Modifica del 29 settembre 2023 del Codice delle obbligazioni (Diritto di locazione: disdetta per bisogno personale);;campaign_financing;Importi finali;persona giuridica o società di persone;Donatore/trice: HEV Schweiz, Attore/trice: 2 x Ja zum Mietrecht / Bund für mehr Wohnraum, Zürich
it;2688;allowances;alphabetical;Finanziamento della campagna elettorale;14;24.11.2024 Modifica del 29 settembre 2023 del Codice delle obbligazioni (Diritto di locazione: disdetta per bisogno personale);;campaign_financing;Importi finali;persona giuridica o società di persone;Donatore/trice: CVI Chambre vaudoise immobilière, Attore/trice: 2 x Ja zum Mietrecht / Bund für mehr Wohnraum, Zürich
it;2689;allowances;alphabetical;Finanziamento della campagna elettorale;14;24.11.2024 Modifica del 29 settembre 2023 del Codice delle obbligazioni (Diritto di locazione: disdetta per bisogno personale);;campaign_financing;Importi finali;persona giuridica o società di persone;Donatore/trice: FRI Fédération romande immobilière, Attore/trice: 2 x Ja zum Mietrecht / Bund für mehr Wohnraum, Zürich
it;269;allowances;alphabetical;Finanziamento della campagna elettorale;1;22.10.2023 Elezioni del Consiglio nazionale 2023;2023;campaign_financing;Importi preventivati;persona giuridica o società di persone;Donatore/trice: Schweizerischer Gewerbeverband, Attore/trice: Müller Leo, Ruswil
it;2690;allowances;alphabetical;Finanziamento della campagna elettorale;14;24.11.2024 Modifica del 29 settembre 2023 del Codice delle obbligazioni (Diritto di locazione: disdetta per bisogno personale);;campaign_financing;Importi finali;persona giuridica o società di persone;Donatore/trice: CGI Chambre genevoise imobilière, Attore/trice: 2 x Ja zum Mietrecht / Bund für mehr Wohnraum, Zürich
it;2691;allowances;alphabetical;Finanziamento della campagna elettorale;14;24.11.2024 Modifica del 29 settembre 2023 del Codice delle obbligazioni (Diritto di locazione: disdetta per bisogno personale);;campaign_financing;Importi finali;persona giuridica o società di persone;Donatore/trice: SVIT Schweiz, Attore/trice: 2 x Ja zum Mietrecht / Bund für mehr Wohnraum, Zürich
it;2692;allowances;alphabetical;Finanziamento della campagna elettorale;14;24.11.2024 Modifica del 29 settembre 2023 del Codice delle obbligazioni (Diritto di locazione: disdetta per bisogno personale);;campaign_financing;Importi finali;persona giuridica o società di persone;Donatore/trice: VIS Verband Immobilien Schweiz, Attore/trice: 2 x Ja zum Mietrecht / Bund für mehr Wohnraum, Zürich
it;2693;allowances;alphabetical;Finanziamento della campagna elettorale;14;24.11.2024 Modifica del 29 settembre 2023 del Codice delle obbligazioni (Diritto di locazione: disdetta per bisogno personale);;campaign_financing;Importi finali;persona giuridica o società di persone;Donatore/trice: Centre Patronal, Attore/trice: 2 x Ja zum Mietrecht / Bund für mehr Wohnraum, Zürich
it;2694;allowances;alphabetical;Finanziamento della campagna elettorale;14;24.11.2024 Modifica del 29 settembre 2023 del Codice delle obbligazioni (Diritto di locazione: disdetta per bisogno personale);;campaign_financing;Importi finali;persona giuridica o società di persone;Donatore/trice: SVIT Romandie, Attore/trice: 2 x Ja zum Mietrecht / Bund für mehr Wohnraum, Zürich
it;2695;allowances;alphabetical;Finanziamento della campagna elettorale;14;24.11.2024 Modifica del 29 settembre 2023 del Codice delle obbligazioni (Diritto di locazione: disdetta per bisogno personale);;campaign_financing;Importi finali;persona giuridica o società di persone;Donatore/trice: USPI Suisse, Attore/trice: 2 x Ja zum Mietrecht / Bund für mehr Wohnraum, Zürich
it;2696;allowances;alphabetical;Finanziamento della campagna elettorale;14;24.11.2024 Modifica del 29 settembre 2023 del Codice delle obbligazioni (Diritto di locazione: disdetta per bisogno personale);;campaign_financing;Importi finali;persona giuridica o società di persone;Donatore/trice: HEV Aargau, Attore/trice: 2 x Ja zum Mietrecht / Bund für mehr Wohnraum, Zürich
it;2697;allowances;alphabetical;Finanziamento della campagna elettorale;14;24.11.2024 Modifica del 29 settembre 2023 del Codice delle obbligazioni (Diritto di locazione: disdetta per bisogno personale);;campaign_financing;Importi finali;persona giuridica o società di persone;Donatore/trice: HEV Schweiz, Attore/trice: 2 x Ja zum Mietrecht / Bund für mehr Wohnraum, Zürich
it;2698;allowances;alphabetical;Finanziamento della campagna elettorale;14;24.11.2024 Modifica del 29 settembre 2023 del Codice delle obbligazioni (Diritto di locazione: disdetta per bisogno personale);;campaign_financing;Importi finali;persona giuridica o società di persone;Donatore/trice: USPI Vaud, Attore/trice: 2 x Ja zum Mietrecht / Bund für mehr Wohnraum, Zürich
it;2699;allowances;alphabetical;Finanziamento della campagna elettorale;14;24.11.2024 Modifica del 29 settembre 2023 del Codice delle obbligazioni (Diritto di locazione: disdetta per bisogno personale);;campaign_financing;Importi finali;persona giuridica o società di persone;Donatore/trice: Chambre vaudoise immobilière, Attore/trice: 2 x Ja zum Mietrecht / Bund für mehr Wohnraum, Zürich
it;27;allowances;alphabetical;Finanziamento della campagna elettorale;1;22.10.2023 Elezioni del Consiglio nazionale 2023;2023;campaign_financing;Importi preventivati;persona giuridica o società di persone;Donatore/trice: SP Schweiz, Attore/trice: Sozialdemokratische Partei Kanton Baselland, Liestal
it;2710;allowances;alphabetical;Finanziamento della campagna elettorale;12;24.11.2024 Decreto federale del 29 settembre 2023 sulla Fase di potenziamento 2023 delle strade nazionali;2024;campaign_financing;Importi finali;persona giuridica o società di persone;"Donatore/trice: KGV St.Gallen, Attore/trice: Überparteiliches Komitee ""Ja zur Sicherung der Nationalstrassen SG/TG"", St. Gallen"
it;2711;allowances;alphabetical;Finanziamento della campagna elettorale;12;24.11.2024 Decreto federale del 29 settembre 2023 sulla Fase di potenziamento 2023 delle strade nazionali;2024;campaign_financing;Importi finali;persona giuridica o società di persone;"Donatore/trice: IG Engpassbeseitigung, Attore/trice: Überparteiliches Komitee ""Ja zur Sicherung der Nationalstrassen SG/TG"", St. Gallen"
it;2712;allowances;alphabetical;Finanziamento della campagna elettorale;12;24.11.2024 Decreto federale del 29 settembre 2023 sulla Fase di potenziamento 2023 delle strade nazionali;2024;campaign_financing;Importi finali;persona giuridica o società di persone;"Donatore/trice: Thurgauer Gewerbeverband TGV, Attore/trice: Überparteiliches Komitee ""Ja zur Sicherung der Nationalstrassen SG/TG"", St. Gallen"
it;2713;allowances;alphabetical;Finanziamento della campagna elettorale;12;24.11.2024 Decreto federale del 29 settembre 2023 sulla Fase di potenziamento 2023 delle strade nazionali;2024;campaign_financing;Importi finali;persona giuridica o società di persone;"Donatore/trice: TCS St.Gallen-Appenzell AI, Attore/trice: Überparteiliches Komitee ""Ja zur Sicherung der Nationalstrassen SG/TG"", St. Gallen"
it;2714;allowances;alphabetical;Finanziamento della campagna elettorale;12;24.11.2024 Decreto federale del 29 settembre 2023 sulla Fase di potenziamento 2023 delle strade nazionali;2024;campaign_financing;Importi finali;persona giuridica o società di persone;"Donatore/trice: ACS St.Gallen, Attore/trice: Überparteiliches Komitee ""Ja zur Sicherung der Nationalstrassen SG/TG"", St. Gallen"
it;2715;allowances;alphabetical;Finanziamento della campagna elettorale;12;24.11.2024 Decreto federale del 29 settembre 2023 sulla Fase di potenziamento 2023 delle strade nazionali;2024;campaign_financing;Importi finali;persona giuridica o società di persone;"Donatore/trice: AGVS SG-AR-AI-FL, Attore/trice: Überparteiliches Komitee ""Ja zur Sicherung der Nationalstrassen SG/TG"", St. Gallen"
it;2716;allowances;alphabetical;Finanziamento della campagna elettorale;12;24.11.2024 Decreto federale del 29 settembre 2023 sulla Fase di potenziamento 2023 delle strade nazionali;2024;campaign_financing;Importi finali;persona giuridica o società di persone;"Donatore/trice: Gewerbe Stadt St.Gallen, Attore/trice: Überparteiliches Komitee ""Ja zur Sicherung der Nationalstrassen SG/TG"", St. Gallen"
it;2717;allowances;alphabetical;Finanziamento della campagna elettorale;12;24.11.2024 Decreto federale del 29 settembre 2023 sulla Fase di potenziamento 2023 delle strade nazionali;2024;campaign_financing;Importi finali;persona giuridica o società di persone;"Donatore/trice: Wirtschaftregion St.Gallen WISG, Attore/trice: Überparteiliches Komitee ""Ja zur Sicherung der Nationalstrassen SG/TG"", St. Gallen"
it;2718;allowances;alphabetical;Finanziamento della campagna elettorale;12;24.11.2024 Decreto federale del 29 settembre 2023 sulla Fase di potenziamento 2023 delle strade nazionali;2024;campaign_financing;Importi finali;persona giuridica o società di persone;"Donatore/trice: HEV Stadt St.Gallen, Attore/trice: Überparteiliches Komitee ""Ja zur Sicherung der Nationalstrassen SG/TG"", St. Gallen"
it;2719;allowances;alphabetical;Finanziamento della campagna elettorale;12;24.11.2024 Decreto federale del 29 settembre 2023 sulla Fase di potenziamento 2023 delle strade nazionali;2024;campaign_financing;Importi finali;persona giuridica o società di persone;"Donatore/trice: HEV Kanton St.Gallen, Attore/trice: Überparteiliches Komitee ""Ja zur Sicherung der Nationalstrassen SG/TG"", St. Gallen"
it;2767;allowances;alphabetical;Finanziamento della campagna elettorale;12;24.11.2024 Decreto federale del 29 settembre 2023 sulla Fase di potenziamento 2023 delle strade nazionali;2024;campaign_financing;Importi finali;persona fisica;Donatore/trice: Werenfels Christine, Attore/trice: Greenpeace Svizzera, Zürich
it;2769;allowances;alphabetical;Finanziamento della campagna elettorale;13;24.11.2024 Modifica del 29 settembre 2023 del Codice delle obbligazioni (Diritto di locazione: sublocazione);;campaign_financing;Importi finali;persona giuridica o società di persone;Donatore/trice: Hauseigentümerverband Schweiz, Attore/trice: Hauseigentümerverband Kanton Bern, Bern
it;2770;allowances;alphabetical;Finanziamento della campagna elettorale;14;24.11.2024 Modifica del 29 settembre 2023 del Codice delle obbligazioni (Diritto di locazione: disdetta per bisogno personale);;campaign_financing;Importi finali;persona giuridica o società di persone;Donatore/trice: Hauseigentümerverband Schweiz, Attore/trice: Hauseigentümerverband Kanton Bern, Bern
it;2784;allowances;alphabetical;Finanziamento della campagna elettorale;12;24.11.2024 Decreto federale del 29 settembre 2023 sulla Fase di potenziamento 2023 delle strade nazionali;2024;campaign_financing;Importi finali;persona giuridica o società di persone;Donatore/trice: Temperatio Stiftung, Attore/trice: Straffico, Zurigo
it;2785;allowances;alphabetical;Finanziamento della campagna elettorale;12;24.11.2024 Decreto federale del 29 settembre 2023 sulla Fase di potenziamento 2023 delle strade nazionali;2024;campaign_financing;Importi finali;persona giuridica o società di persone;Donatore/trice: umverkehR, Attore/trice: Straffico, Zurigo
it;2787;allowances;alphabetical;Finanziamento della campagna elettorale;15;24.11.2024 Modifica del 22 dicembre 2023 della legge federale sull’assicurazione malattie (Finanziamento uniforme delle prestazioni);;campaign_financing;Importi finali;persona giuridica o società di persone;Donatore/trice: Schweizerischer Verband der Personals öffentlicher Dienste, Attore/trice: Sindacato svizzero dei servizi pubblici (SSP), Zurigo
it;2788;allowances;alphabetical;Finanziamento della campagna elettorale;15;24.11.2024 Modifica del 22 dicembre 2023 della legge federale sull’assicurazione malattie (Finanziamento uniforme delle prestazioni);;campaign_financing;Importi finali;persona giuridica o società di persone;Donatore/trice: VPOD - Verband des Personals öffentlicher Dienste, Attore/trice: Unione sindacale svizzera (USS), Berna
it;2789;allowances;alphabetical;Finanziamento della campagna elettorale;15;24.11.2024 Modifica del 22 dicembre 2023 della legge federale sull’assicurazione malattie (Finanziamento uniforme delle prestazioni);;campaign_financing;Importi finali;persona giuridica o società di persone;Donatore/trice: UNIA, Attore/trice: Unione sindacale svizzera (USS), Berna
it;2790;allowances;alphabetical;Finanziamento della campagna elettorale;15;24.11.2024 Modifica del 22 dicembre 2023 della legge federale sull’assicurazione malattie (Finanziamento uniforme delle prestazioni);;campaign_financing;Importi finali;persona giuridica o società di persone;Donatore/trice: SEV, Attore/trice: Unione sindacale svizzera (USS), Berna
it;2791;allowances;alphabetical;Finanziamento della campagna elettorale;15;24.11.2024 Modifica del 22 dicembre 2023 della legge federale sull’assicurazione malattie (Finanziamento uniforme delle prestazioni);;campaign_financing;Importi finali;persona giuridica o società di persone;Donatore/trice: Syndicom, Attore/trice: Unione sindacale svizzera (USS), Berna
it;2792;allowances;alphabetical;Finanziamento della campagna elettorale;15;24.11.2024 Modifica del 22 dicembre 2023 della legge federale sull’assicurazione malattie (Finanziamento uniforme delle prestazioni);;campaign_financing;Importi finali;persona giuridica o società di persone;Donatore/trice: SGB - Schweizerischer Gewerkschaftsbund, Attore/trice: Unione sindacale svizzera (USS), Berna
it;28;allowances;alphabetical;Finanziamento della campagna elettorale;1;22.10.2023 Elezioni del Consiglio nazionale 2023;2023;campaign_financing;Importi preventivati;persona giuridica o società di persone;Donatore/trice: Grünliberale Partei Schweiz, Attore/trice: Junge Grünliberale Partei Schweiz, Bern
it;2832;allowances;alphabetical;Finanziamento della campagna elettorale;14;24.11.2024 Modifica del 29 settembre 2023 del Codice delle obbligazioni (Diritto di locazione: disdetta per bisogno personale);;campaign_financing;Importi finali;persona giuridica o società di persone;Donatore/trice: Hauseigentümerverband Schweiz, Attore/trice: HEV Kanton Zürich, Zürich
it;2833;allowances;alphabetical;Finanziamento della campagna elettorale;13;24.11.2024 Modifica del 29 settembre 2023 del Codice delle obbligazioni (Diritto di locazione: sublocazione);;campaign_financing;Importi finali;persona giuridica o società di persone;Donatore/trice: Hauseigentümerverband Schweiz, Attore/trice: HEV Kanton Zürich, Zürich
it;2834;allowances;alphabetical;Finanziamento della campagna elettorale;14;24.11.2024 Modifica del 29 settembre 2023 del Codice delle obbligazioni (Diritto di locazione: disdetta per bisogno personale);;campaign_financing;Importi finali;persona giuridica o società di persone;Donatore/trice: Hauseigentümerverband Schweiz, Attore/trice: Hauseigentümerverband Aargau, Baden
it;2835;allowances;alphabetical;Finanziamento della campagna elettorale;13;24.11.2024 Modifica del 29 settembre 2023 del Codice delle obbligazioni (Diritto di locazione: sublocazione);;campaign_financing;Importi finali;persona giuridica o società di persone;Donatore/trice: Hauseigentümerverband Schweiz, Attore/trice: Hauseigentümerverband Aargau, Baden
it;2836;allowances;alphabetical;Finanziamento della campagna elettorale;15;24.11.2024 Modifica del 22 dicembre 2023 della legge federale sull’assicurazione malattie (Finanziamento uniforme delle prestazioni);;campaign_financing;Importi finali;persona giuridica o società di persone;Donatore/trice: FMH Verbindung der Schweizer Ärztinnen und Ärzte, Attore/trice: Gesundheitswesen mit Zukunft, Bern
it;2837;allowances;alphabetical;Finanziamento della campagna elettorale;15;24.11.2024 Modifica del 22 dicembre 2023 della legge federale sull’assicurazione malattie (Finanziamento uniforme delle prestazioni);;campaign_financing;Importi finali;persona giuridica o società di persone;Donatore/trice: curafutura, die innovativen Krankenversicherer, Attore/trice: Gesundheitswesen mit Zukunft, Bern
it;2838;allowances;alphabetical;Finanziamento della campagna elettorale;15;24.11.2024 Modifica del 22 dicembre 2023 della legge federale sull’assicurazione malattie (Finanziamento uniforme delle prestazioni);;campaign_financing;Importi finali;persona giuridica o società di persone;Donatore/trice: AerzteGesellschaft des Kantons Zürich AGZ, Attore/trice: Gesundheitswesen mit Zukunft, Bern
it;2839;allowances;alphabetical;Finanziamento della campagna elettorale;15;24.11.2024 Modifica del 22 dicembre 2023 della legge federale sull’assicurazione malattie (Finanziamento uniforme delle prestazioni);;campaign_financing;Importi finali;persona giuridica o società di persone;Donatore/trice: ARTISET, Attore/trice: Gesundheitswesen mit Zukunft, Bern
it;2840;allowances;alphabetical;Finanziamento della campagna elettorale;15;24.11.2024 Modifica del 22 dicembre 2023 della legge federale sull’assicurazione malattie (Finanziamento uniforme delle prestazioni);;campaign_financing;Importi finali;persona giuridica o società di persone;Donatore/trice: Spitex Schweiz, Attore/trice: Gesundheitswesen mit Zukunft, Bern
it;2841;allowances;alphabetical;Finanziamento della campagna elettorale;15;24.11.2024 Modifica del 22 dicembre 2023 della legge federale sull’assicurazione malattie (Finanziamento uniforme delle prestazioni);;campaign_financing;Importi finali;persona giuridica o società di persone;Donatore/trice: Schweizerischer Apothekenverband (pharmaSuisse), Attore/trice: Gesundheitswesen mit Zukunft, Bern
it;2842;allowances;alphabetical;Finanziamento della campagna elettorale;15;24.11.2024 Modifica del 22 dicembre 2023 della legge federale sull’assicurazione malattie (Finanziamento uniforme delle prestazioni);;campaign_financing;Importi finali;persona giuridica o società di persone;Donatore/trice: Interpharma Verband der forschenden pharmazeutischen Firmen der Schweiz, Attore/trice: Gesundheitswesen mit Zukunft, Bern
it;2843;allowances;alphabetical;Finanziamento della campagna elettorale;15;24.11.2024 Modifica del 22 dicembre 2023 della legge federale sull’assicurazione malattie (Finanziamento uniforme delle prestazioni);;campaign_financing;Importi finali;persona giuridica o società di persone;Donatore/trice: H+ Die Schweizer Spitäler, Attore/trice: Gesundheitswesen mit Zukunft, Bern
it;2844;allowances;alphabetical;Finanziamento della campagna elettorale;15;24.11.2024 Modifica del 22 dicembre 2023 della legge federale sull’assicurazione malattie (Finanziamento uniforme delle prestazioni);;campaign_financing;Importi finali;persona giuridica o società di persone;Donatore/trice: Bündnis Freiheitliches Gesundheitswesen, Attore/trice: Gesundheitswesen mit Zukunft, Bern
it;2845;allowances;alphabetical;Finanziamento della campagna elettorale;15;24.11.2024 Modifica del 22 dicembre 2023 della legge federale sull’assicurazione malattie (Finanziamento uniforme delle prestazioni);;campaign_financing;Importi finali;persona giuridica o società di persone;Donatore/trice: medswiss.net, Attore/trice: Gesundheitswesen mit Zukunft, Bern
it;2846;allowances;alphabetical;Finanziamento della campagna elettorale;15;24.11.2024 Modifica del 22 dicembre 2023 della legge federale sull’assicurazione malattie (Finanziamento uniforme delle prestazioni);;campaign_financing;Importi finali;persona giuridica o società di persone;Donatore/trice: SW!SS REHA, Attore/trice: Gesundheitswesen mit Zukunft, Bern
it;2847;allowances;alphabetical;Finanziamento della campagna elettorale;15;24.11.2024 Modifica del 22 dicembre 2023 della legge federale sull’assicurazione malattie (Finanziamento uniforme delle prestazioni);;campaign_financing;Importi finali;persona giuridica o società di persone;Donatore/trice: Der Schweizerische Versicherungsverband SVV, Attore/trice: Gesundheitswesen mit Zukunft, Bern
it;2848;allowances;alphabetical;Finanziamento della campagna elettorale;15;24.11.2024 Modifica del 22 dicembre 2023 della legge federale sull’assicurazione malattie (Finanziamento uniforme delle prestazioni);;campaign_financing;Importi finali;persona giuridica o società di persone;Donatore/trice: Universitäre Medizin Schweiz, Unimedsuisse, Attore/trice: Gesundheitswesen mit Zukunft, Bern
it;2849;allowances;alphabetical;Finanziamento della campagna elettorale;15;24.11.2024 Modifica del 22 dicembre 2023 della legge federale sull’assicurazione malattie (Finanziamento uniforme delle prestazioni);;campaign_financing;Importi finali;persona giuridica o società di persone;Donatore/trice: Visana Beteiligungen AG, Attore/trice: Gesundheitswesen mit Zukunft, Bern
it;2850;allowances;alphabetical;Finanziamento della campagna elettorale;15;24.11.2024 Modifica del 22 dicembre 2023 della legge federale sull’assicurazione malattie (Finanziamento uniforme delle prestazioni);;campaign_financing;Importi finali;persona giuridica o società di persone;Donatore/trice: Aerztegesellschaft des Kantons Bern, Attore/trice: Gesundheitswesen mit Zukunft, Bern
it;2851;allowances;alphabetical;Finanziamento della campagna elettorale;15;24.11.2024 Modifica del 22 dicembre 2023 della legge federale sull’assicurazione malattie (Finanziamento uniforme delle prestazioni);;campaign_financing;Importi finali;persona giuridica o società di persone;Donatore/trice: economiesuisse, Attore/trice: Gesundheitswesen mit Zukunft, Bern
it;2852;allowances;alphabetical;Finanziamento della campagna elettorale;15;24.11.2024 Modifica del 22 dicembre 2023 della legge federale sull’assicurazione malattie (Finanziamento uniforme delle prestazioni);;campaign_financing;Importi finali;persona giuridica o società di persone;Donatore/trice: Ärzte-Gesellschaft des Kantons Zug, Attore/trice: Gesundheitswesen mit Zukunft, Bern
it;2853;allowances;alphabetical;Finanziamento della campagna elettorale;15;24.11.2024 Modifica del 22 dicembre 2023 della legge federale sull’assicurazione malattie (Finanziamento uniforme delle prestazioni);;campaign_financing;Importi finali;persona giuridica o società di persone;Donatore/trice: Intergenerika, Attore/trice: Gesundheitswesen mit Zukunft, Bern
it;2854;allowances;alphabetical;Finanziamento della campagna elettorale;15;24.11.2024 Modifica del 22 dicembre 2023 della legge federale sull’assicurazione malattie (Finanziamento uniforme delle prestazioni);;campaign_financing;Importi finali;persona giuridica o società di persone;Donatore/trice: VEDAG Verband Deutschschweizer Ärztegesellschaft, Attore/trice: Gesundheitswesen mit Zukunft, Bern
it;2855;allowances;alphabetical;Finanziamento della campagna elettorale;15;24.11.2024 Modifica del 22 dicembre 2023 della legge federale sull’assicurazione malattie (Finanziamento uniforme delle prestazioni);;campaign_financing;Importi finali;persona giuridica o società di persone;Donatore/trice: Société Médicale de la Suisse Romande (SMSR), Attore/trice: Gesundheitswesen mit Zukunft, Bern
it;287;allowances;alphabetical;Finanziamento della campagna elettorale;1;22.10.2023 Elezioni del Consiglio nazionale 2023;2023;campaign_financing;Importi preventivati;persona giuridica o società di persone;Donatore/trice: Gesellschaft zum Zytthurm, Attore/trice: Die Mitte Kanton Zug, Rotkreuz
it;288;allowances;alphabetical;Finanziamento della campagna elettorale;1;22.10.2023 Elezioni del Consiglio nazionale 2023;2023;campaign_financing;Importi preventivati;persona giuridica o società di persone;Donatore/trice: St. Martinsgesellschaft, Attore/trice: Die Mitte Schwyz, Schwyz
it;289;allowances;alphabetical;Finanziamento della campagna elettorale;1;22.10.2023 Elezioni del Consiglio nazionale 2023;2023;campaign_financing;Importi preventivati;persona giuridica o società di persone;Donatore/trice: Verein für lösungsorientierte Politik, Attore/trice: Schneider-Schneiter Elisabeth, Biel-Benken
it;2894;allowances;alphabetical;Finanziamento della campagna elettorale;12;24.11.2024 Decreto federale del 29 settembre 2023 sulla Fase di potenziamento 2023 delle strade nazionali;2024;campaign_financing;Importi finali;persona giuridica o società di persone;Donatore/trice: Umverkehr, Attore/trice: ATA Associazione traffico e ambiente, Berna
it;2895;allowances;alphabetical;Finanziamento della campagna elettorale;12;24.11.2024 Decreto federale del 29 settembre 2023 sulla Fase di potenziamento 2023 delle strade nazionali;2024;campaign_financing;Importi finali;persona giuridica o società di persone;Donatore/trice: Pro Velo Schweiz, Attore/trice: ATA Associazione traffico e ambiente, Berna
it;2896;allowances;alphabetical;Finanziamento della campagna elettorale;12;24.11.2024 Decreto federale del 29 settembre 2023 sulla Fase di potenziamento 2023 delle strade nazionali;2024;campaign_financing;Importi finali;persona giuridica o società di persone;Donatore/trice: Pro Natura, Attore/trice: ATA Associazione traffico e ambiente, Berna
it;2897;allowances;alphabetical;Finanziamento della campagna elettorale;12;24.11.2024 Decreto federale del 29 settembre 2023 sulla Fase di potenziamento 2023 delle strade nazionali;2024;campaign_financing;Importi finali;persona giuridica o società di persone;Donatore/trice: VCS Verkehrs-Club der Schweiz, Attore/trice: ATA Associazione traffico e ambiente, Berna
it;2898;allowances;alphabetical;Finanziamento della campagna elettorale;12;24.11.2024 Decreto federale del 29 settembre 2023 sulla Fase di potenziamento 2023 delle strade nazionali;2024;campaign_financing;Importi finali;persona giuridica o società di persone;Donatore/trice: Asterito AG, Attore/trice: ATA Associazione traffico e ambiente, Berna
it;2899;allowances;alphabetical;Finanziamento della campagna elettorale;12;24.11.2024 Decreto federale del 29 settembre 2023 sulla Fase di potenziamento 2023 delle strade nazionali;2024;campaign_financing;Importi finali;persona giuridica o società di persone;Donatore/trice: Fondation Franz Weber, Attore/trice: ATA Associazione traffico e ambiente, Berna
it;290;allowances;alphabetical;Finanziamento della campagna elettorale;1;22.10.2023 Elezioni del Consiglio nazionale 2023;2023;campaign_financing;Importi preventivati;persona giuridica o società di persone;Donatore/trice: Handelskammer beider Basel, Attore/trice: Schneider-Schneiter Elisabeth, Biel-Benken
it;2900;allowances;alphabetical;Finanziamento della campagna elettorale;12;24.11.2024 Decreto federale del 29 settembre 2023 sulla Fase di potenziamento 2023 delle strade nazionali;2024;campaign_financing;Importi finali;persona fisica;Donatore/trice: Burkard Carmita, Attore/trice: ATA Associazione traffico e ambiente, Berna
it;2901;allowances;alphabetical;Finanziamento della campagna elettorale;12;24.11.2024 Decreto federale del 29 settembre 2023 sulla Fase di potenziamento 2023 delle strade nazionali;2024;campaign_financing;Importi finali;persona giuridica o società di persone;Donatore/trice: WWF Schweiz, Attore/trice: ATA Associazione traffico e ambiente, Berna
it;2902;allowances;alphabetical;Finanziamento della campagna elettorale;12;24.11.2024 Decreto federale del 29 settembre 2023 sulla Fase di potenziamento 2023 delle strade nazionali;2024;campaign_financing;Importi finali;persona giuridica o società di persone;Donatore/trice: Grüne Schweiz, Attore/trice: ATA Associazione traffico e ambiente, Berna
it;291;allowances;alphabetical;Finanziamento della campagna elettorale;1;22.10.2023 Elezioni del Consiglio nazionale 2023;2023;campaign_financing;Importi preventivati;persona giuridica o società di persone;Donatore/trice: Die Mitte Basel-Landschaft, Attore/trice: Schneider-Schneiter Elisabeth, Biel-Benken
it;2918;allowances;alphabetical;Finanziamento della campagna elettorale;12;24.11.2024 Decreto federale del 29 settembre 2023 sulla Fase di potenziamento 2023 delle strade nazionali;2024;campaign_financing;Importi finali;persona giuridica o società di persone;Donatore/trice: economiesuisse, Attore/trice: Unione svizzera delle arti e mestieri, Berna
it;2919;allowances;alphabetical;Finanziamento della campagna elettorale;12;24.11.2024 Decreto federale del 29 settembre 2023 sulla Fase di potenziamento 2023 delle strade nazionali;2024;campaign_financing;Importi finali;persona giuridica o società di persone;Donatore/trice: strasseschweiz, Attore/trice: Unione svizzera delle arti e mestieri, Berna
it;292;allowances;alphabetical;Finanziamento della campagna elettorale;1;22.10.2023 Elezioni del Consiglio nazionale 2023;2023;campaign_financing;Importi preventivati;persona giuridica o società di persone;Donatore/trice: Raiffeisen Schweiz, Attore/trice: Schneider-Schneiter Elisabeth, Biel-Benken
it;2920;allowances;alphabetical;Finanziamento della campagna elettorale;12;24.11.2024 Decreto federale del 29 settembre 2023 sulla Fase di potenziamento 2023 delle strade nazionali;2024;campaign_financing;Importi finali;persona giuridica o società di persone;Donatore/trice: Bund für mehr Wohnraum, Attore/trice: Unione svizzera delle arti e mestieri, Berna
it;2921;allowances;alphabetical;Finanziamento della campagna elettorale;13;24.11.2024 Modifica del 29 settembre 2023 del Codice delle obbligazioni (Diritto di locazione: sublocazione);;campaign_financing;Importi finali;persona giuridica o società di persone;Donatore/trice: economiesuisse, Attore/trice: Unione svizzera delle arti e mestieri, Berna
it;2922;allowances;alphabetical;Finanziamento della campagna elettorale;13;24.11.2024 Modifica del 29 settembre 2023 del Codice delle obbligazioni (Diritto di locazione: sublocazione);;campaign_financing;Importi finali;persona giuridica o società di persone;Donatore/trice: strasseschweiz, Attore/trice: Unione svizzera delle arti e mestieri, Berna
it;2923;allowances;alphabetical;Finanziamento della campagna elettorale;13;24.11.2024 Modifica del 29 settembre 2023 del Codice delle obbligazioni (Diritto di locazione: sublocazione);;campaign_financing;Importi finali;persona giuridica o società di persone;Donatore/trice: Bund für mehr Wohnraum, Attore/trice: Unione svizzera delle arti e mestieri, Berna
it;2924;allowances;alphabetical;Finanziamento della campagna elettorale;14;24.11.2024 Modifica del 29 settembre 2023 del Codice delle obbligazioni (Diritto di locazione: disdetta per bisogno personale);;campaign_financing;Importi finali;persona giuridica o società di persone;Donatore/trice: economiesuisse, Attore/trice: Unione svizzera delle arti e mestieri, Berna
it;2925;allowances;alphabetical;Finanziamento della campagna elettorale;14;24.11.2024 Modifica del 29 settembre 2023 del Codice delle obbligazioni (Diritto di locazione: disdetta per bisogno personale);;campaign_financing;Importi finali;persona giuridica o società di persone;Donatore/trice: strasseschweiz, Attore/trice: Unione svizzera delle arti e mestieri, Berna
it;2926;allowances;alphabetical;Finanziamento della campagna elettorale;14;24.11.2024 Modifica del 29 settembre 2023 del Codice delle obbligazioni (Diritto di locazione: disdetta per bisogno personale);;campaign_financing;Importi finali;persona giuridica o società di persone;Donatore/trice: Bund für mehr Wohnraum, Attore/trice: Unione svizzera delle arti e mestieri, Berna
it;2927;allowances;alphabetical;Finanziamento della campagna elettorale;15;24.11.2024 Modifica del 22 dicembre 2023 della legge federale sull’assicurazione malattie (Finanziamento uniforme delle prestazioni);;campaign_financing;Importi finali;persona giuridica o società di persone;Donatore/trice: economiesuisse, Attore/trice: Unione svizzera delle arti e mestieri, Berna
it;2928;allowances;alphabetical;Finanziamento della campagna elettorale;15;24.11.2024 Modifica del 22 dicembre 2023 della legge federale sull’assicurazione malattie (Finanziamento uniforme delle prestazioni);;campaign_financing;Importi finali;persona giuridica o società di persone;Donatore/trice: strasseschweiz, Attore/trice: Unione svizzera delle arti e mestieri, Berna
it;2929;allowances;alphabetical;Finanziamento della campagna elettorale;15;24.11.2024 Modifica del 22 dicembre 2023 della legge federale sull’assicurazione malattie (Finanziamento uniforme delle prestazioni);;campaign_financing;Importi finali;persona giuridica o società di persone;Donatore/trice: Bund für mehr Wohnraum, Attore/trice: Unione svizzera delle arti e mestieri, Berna
it;293;allowances;alphabetical;Finanziamento della campagna elettorale;1;22.10.2023 Elezioni del Consiglio nazionale 2023;2023;campaign_financing;Importi preventivati;persona giuridica o società di persone;"Donatore/trice: PAMAG Metallbau AG, Attore/trice: Überparteiliches Komitee ""KR Paul Mayer in den Nationalrat"", Marthalen"
it;2930;allowances;alphabetical;Finanziamento della campagna elettorale;12;24.11.2024 Decreto federale del 29 settembre 2023 sulla Fase di potenziamento 2023 delle strade nazionali;2024;campaign_financing;Importi finali;persona giuridica o società di persone;Donatore/trice: TCS, Attore/trice: Ja zur Sicherung der Nationalstrassen, Bern
it;2931;allowances;alphabetical;Finanziamento della campagna elettorale;12;24.11.2024 Decreto federale del 29 settembre 2023 sulla Fase di potenziamento 2023 delle strade nazionali;2024;campaign_financing;Importi finali;persona giuridica o società di persone;Donatore/trice: auto schweiz, Attore/trice: Ja zur Sicherung der Nationalstrassen, Bern
it;2932;allowances;alphabetical;Finanziamento della campagna elettorale;12;24.11.2024 Decreto federale del 29 settembre 2023 sulla Fase di potenziamento 2023 delle strade nazionali;2024;campaign_financing;Importi finali;persona giuridica o società di persone;Donatore/trice: Astag, Attore/trice: Ja zur Sicherung der Nationalstrassen, Bern
it;2933;allowances;alphabetical;Finanziamento della campagna elettorale;12;24.11.2024 Decreto federale del 29 settembre 2023 sulla Fase di potenziamento 2023 delle strade nazionali;2024;campaign_financing;Importi finali;persona giuridica o società di persone;Donatore/trice: AGVS, Attore/trice: Ja zur Sicherung der Nationalstrassen, Bern
it;2934;allowances;alphabetical;Finanziamento della campagna elettorale;12;24.11.2024 Decreto federale del 29 settembre 2023 sulla Fase di potenziamento 2023 delle strade nazionali;2024;campaign_financing;Importi finali;persona giuridica o società di persone;Donatore/trice: Schweizerischer Baumeisterverband, Attore/trice: Ja zur Sicherung der Nationalstrassen, Bern
it;2935;allowances;alphabetical;Finanziamento della campagna elettorale;12;24.11.2024 Decreto federale del 29 settembre 2023 sulla Fase di potenziamento 2023 delle strade nazionali;2024;campaign_financing;Importi finali;persona giuridica o società di persone;Donatore/trice: strasseschweiz, Attore/trice: Ja zur Sicherung der Nationalstrassen, Bern
it;2936;allowances;alphabetical;Finanziamento della campagna elettorale;12;24.11.2024 Decreto federale del 29 settembre 2023 sulla Fase di potenziamento 2023 delle strade nazionali;2024;campaign_financing;Importi finali;persona giuridica o società di persone;Donatore/trice: Infra Suisse, Attore/trice: Ja zur Sicherung der Nationalstrassen, Bern
it;2937;allowances;alphabetical;Finanziamento della campagna elettorale;12;24.11.2024 Decreto federale del 29 settembre 2023 sulla Fase di potenziamento 2023 delle strade nazionali;2024;campaign_financing;Importi finali;persona giuridica o società di persone;Donatore/trice: ACS, Attore/trice: Ja zur Sicherung der Nationalstrassen, Bern
it;2938;allowances;alphabetical;Finanziamento della campagna elettorale;12;24.11.2024 Decreto federale del 29 settembre 2023 sulla Fase di potenziamento 2023 delle strade nazionali;2024;campaign_financing;Importi finali;persona giuridica o società di persone;Donatore/trice: Les Routiers Suisses, Attore/trice: Ja zur Sicherung der Nationalstrassen, Bern
it;2939;allowances;alphabetical;Finanziamento della campagna elettorale;12;24.11.2024 Decreto federale del 29 settembre 2023 sulla Fase di potenziamento 2023 delle strade nazionali;2024;campaign_financing;Importi finali;persona giuridica o società di persone;Donatore/trice: economiesuisse, Attore/trice: Ja zur Sicherung der Nationalstrassen, Bern
it;294;allowances;alphabetical;Finanziamento della campagna elettorale;1;22.10.2023 Elezioni del Consiglio nazionale 2023;2023;campaign_financing;Importi preventivati;persona giuridica o società di persone;"Donatore/trice: PAMAG Konsolen & Montagen, Attore/trice: Überparteiliches Komitee ""KR Paul Mayer in den Nationalrat"", Marthalen"
it;2940;allowances;alphabetical;Finanziamento della campagna elettorale;12;24.11.2024 Decreto federale del 29 settembre 2023 sulla Fase di potenziamento 2023 delle strade nazionali;2024;campaign_financing;Importi finali;persona giuridica o società di persone;Donatore/trice: Centre Patronal, Attore/trice: Ja zur Sicherung der Nationalstrassen, Bern
it;2941;allowances;alphabetical;Finanziamento della campagna elettorale;12;24.11.2024 Decreto federale del 29 settembre 2023 sulla Fase di potenziamento 2023 delle strade nazionali;2024;campaign_financing;Importi finali;persona giuridica o società di persone;Donatore/trice: Scvhweizerischer Gewerbeverband sgv, Attore/trice: Ja zur Sicherung der Nationalstrassen, Bern
it;2942;allowances;alphabetical;Finanziamento della campagna elettorale;12;24.11.2024 Decreto federale del 29 settembre 2023 sulla Fase di potenziamento 2023 delle strade nazionali;2024;campaign_financing;Importi finali;persona giuridica o società di persone;Donatore/trice: TCS, Attore/trice: Ja zur Sicherung der Nationalstrassen, Bern
it;2943;allowances;alphabetical;Finanziamento della campagna elettorale;12;24.11.2024 Decreto federale del 29 settembre 2023 sulla Fase di potenziamento 2023 delle strade nazionali;2024;campaign_financing;Importi finali;persona giuridica o società di persone;Donatore/trice: auto-schweiz, Attore/trice: Ja zur Sicherung der Nationalstrassen, Bern
it;2944;allowances;alphabetical;Finanziamento della campagna elettorale;12;24.11.2024 Decreto federale del 29 settembre 2023 sulla Fase di potenziamento 2023 delle strade nazionali;2024;campaign_financing;Importi finali;persona giuridica o società di persone;Donatore/trice: ASTAG, Attore/trice: Ja zur Sicherung der Nationalstrassen, Bern
it;2945;allowances;alphabetical;Finanziamento della campagna elettorale;12;24.11.2024 Decreto federale del 29 settembre 2023 sulla Fase di potenziamento 2023 delle strade nazionali;2024;campaign_financing;Importi finali;persona giuridica o società di persone;Donatore/trice: AGVS, Attore/trice: Ja zur Sicherung der Nationalstrassen, Bern
it;2946;allowances;alphabetical;Finanziamento della campagna elettorale;12;24.11.2024 Decreto federale del 29 settembre 2023 sulla Fase di potenziamento 2023 delle strade nazionali;2024;campaign_financing;Importi finali;persona giuridica o società di persone;Donatore/trice: strasseschweiz, Attore/trice: Ja zur Sicherung der Nationalstrassen, Bern
it;2947;allowances;alphabetical;Finanziamento della campagna elettorale;12;24.11.2024 Decreto federale del 29 settembre 2023 sulla Fase di potenziamento 2023 delle strade nazionali;2024;campaign_financing;Importi finali;persona giuridica o società di persone;Donatore/trice: ACS, Attore/trice: Ja zur Sicherung der Nationalstrassen, Bern
it;2948;allowances;alphabetical;Finanziamento della campagna elettorale;12;24.11.2024 Decreto federale del 29 settembre 2023 sulla Fase di potenziamento 2023 delle strade nazionali;2024;campaign_financing;Importi finali;persona giuridica o società di persone;Donatore/trice: Schweizerischer Gewerbeverband sgv, Attore/trice: Ja zur Sicherung der Nationalstrassen, Bern
it;2949;allowances;alphabetical;Finanziamento della campagna elettorale;12;24.11.2024 Decreto federale del 29 settembre 2023 sulla Fase di potenziamento 2023 delle strade nazionali;2024;campaign_financing;Importi finali;persona giuridica o società di persone;Donatore/trice: Handelskammer beider Basel, Attore/trice: Ja zur Sicherung der Nationalstrassen, Bern
it;295;allowances;alphabetical;Finanziamento della campagna elettorale;1;22.10.2023 Elezioni del Consiglio nazionale 2023;2023;campaign_financing;Importi preventivati;persona fisica;"Donatore/trice: Paul Mayer Paul, Attore/trice: Überparteiliches Komitee ""KR Paul Mayer in den Nationalrat"", Marthalen"
it;2950;allowances;alphabetical;Finanziamento della campagna elettorale;12;24.11.2024 Decreto federale del 29 settembre 2023 sulla Fase di potenziamento 2023 delle strade nazionali;2024;campaign_financing;Importi finali;persona giuridica o società di persone;Donatore/trice: Handelskammer beider Basel, Attore/trice: Ja zur Sicherung der Nationalstrassen, Bern
it;2951;allowances;alphabetical;Finanziamento della campagna elettorale;12;24.11.2024 Decreto federale del 29 settembre 2023 sulla Fase di potenziamento 2023 delle strade nazionali;2024;campaign_financing;Importi finali;persona giuridica o società di persone;Donatore/trice: Wirtschaftskammer Baselland, Attore/trice: Ja zur Sicherung der Nationalstrassen, Bern
it;2952;allowances;alphabetical;Finanziamento della campagna elettorale;12;24.11.2024 Decreto federale del 29 settembre 2023 sulla Fase di potenziamento 2023 delle strade nazionali;2024;campaign_financing;Importi finali;persona giuridica o società di persone;Donatore/trice: Wirtschaftskammer Baselland, Attore/trice: Ja zur Sicherung der Nationalstrassen, Bern
it;2953;allowances;alphabetical;Finanziamento della campagna elettorale;12;24.11.2024 Decreto federale del 29 settembre 2023 sulla Fase di potenziamento 2023 delle strade nazionali;2024;campaign_financing;Importi finali;persona giuridica o società di persone;Donatore/trice: Bündner Gewerbeverband, Attore/trice: Ja zur Sicherung der Nationalstrassen, Bern
it;2954;allowances;alphabetical;Finanziamento della campagna elettorale;12;24.11.2024 Decreto federale del 29 settembre 2023 sulla Fase di potenziamento 2023 delle strade nazionali;2024;campaign_financing;Importi finali;persona giuridica o società di persone;Donatore/trice: Bündner Gewerbeverband, Attore/trice: Ja zur Sicherung der Nationalstrassen, Bern
it;2955;allowances;alphabetical;Finanziamento della campagna elettorale;12;24.11.2024 Decreto federale del 29 settembre 2023 sulla Fase di potenziamento 2023 delle strade nazionali;2024;campaign_financing;Importi finali;persona giuridica o società di persone;Donatore/trice: Freiburger Arbeitgeberverband, Attore/trice: Ja zur Sicherung der Nationalstrassen, Bern
it;2956;allowances;alphabetical;Finanziamento della campagna elettorale;12;24.11.2024 Decreto federale del 29 settembre 2023 sulla Fase di potenziamento 2023 delle strade nazionali;2024;campaign_financing;Importi finali;persona giuridica o società di persone;Donatore/trice: Unam, Attore/trice: Ja zur Sicherung der Nationalstrassen, Bern
it;2957;allowances;alphabetical;Finanziamento della campagna elettorale;12;24.11.2024 Decreto federale del 29 settembre 2023 sulla Fase di potenziamento 2023 delle strade nazionali;2024;campaign_financing;Importi finali;persona giuridica o società di persone;Donatore/trice: Unam, Attore/trice: Ja zur Sicherung der Nationalstrassen, Bern
it;2958;allowances;alphabetical;Finanziamento della campagna elettorale;12;24.11.2024 Decreto federale del 29 settembre 2023 sulla Fase di potenziamento 2023 delle strade nazionali;2024;campaign_financing;Importi finali;persona giuridica o società di persone;Donatore/trice: TCS Sektion Bern, Attore/trice: Ja zur Sicherung der Nationalstrassen, Bern
it;2959;allowances;alphabetical;Finanziamento della campagna elettorale;12;24.11.2024 Decreto federale del 29 settembre 2023 sulla Fase di potenziamento 2023 delle strade nazionali;2024;campaign_financing;Importi finali;persona giuridica o società di persone;Donatore/trice: Berner KMU, Attore/trice: Ja zur Sicherung der Nationalstrassen, Bern
it;2960;allowances;alphabetical;Finanziamento della campagna elettorale;12;24.11.2024 Decreto federale del 29 settembre 2023 sulla Fase di potenziamento 2023 delle strade nazionali;2024;campaign_financing;Importi finali;persona giuridica o società di persone;Donatore/trice: Berner KMU, Attore/trice: Ja zur Sicherung der Nationalstrassen, Bern
it;2961;allowances;alphabetical;Finanziamento della campagna elettorale;12;24.11.2024 Decreto federale del 29 settembre 2023 sulla Fase di potenziamento 2023 delle strade nazionali;2024;campaign_financing;Importi finali;persona giuridica o società di persone;Donatore/trice: HIV Bern, Attore/trice: Ja zur Sicherung der Nationalstrassen, Bern
it;2962;allowances;alphabetical;Finanziamento della campagna elettorale;12;24.11.2024 Decreto federale del 29 settembre 2023 sulla Fase di potenziamento 2023 delle strade nazionali;2024;campaign_financing;Importi finali;persona giuridica o società di persone;Donatore/trice: HIV Bern, Attore/trice: Ja zur Sicherung der Nationalstrassen, Bern
it;2963;allowances;alphabetical;Finanziamento della campagna elettorale;12;24.11.2024 Decreto federale del 29 settembre 2023 sulla Fase di potenziamento 2023 delle strade nazionali;2024;campaign_financing;Importi finali;persona giuridica o società di persone;Donatore/trice: HEV Bern, Attore/trice: Ja zur Sicherung der Nationalstrassen, Bern
it;2964;allowances;alphabetical;Finanziamento della campagna elettorale;12;24.11.2024 Decreto federale del 29 settembre 2023 sulla Fase di potenziamento 2023 delle strade nazionali;2024;campaign_financing;Importi finali;persona giuridica o società di persone;Donatore/trice: Avenergy suisse, Attore/trice: Ja zur Sicherung der Nationalstrassen, Bern
it;2965;allowances;alphabetical;Finanziamento della campagna elettorale;12;24.11.2024 Decreto federale del 29 settembre 2023 sulla Fase di potenziamento 2023 delle strade nazionali;2024;campaign_financing;Importi finali;persona giuridica o società di persone;Donatore/trice: FER-Genève, Attore/trice: Ja zur Sicherung der Nationalstrassen, Bern
it;2966;allowances;alphabetical;Finanziamento della campagna elettorale;12;24.11.2024 Decreto federale del 29 settembre 2023 sulla Fase di potenziamento 2023 delle strade nazionali;2024;campaign_financing;Importi finali;persona giuridica o società di persone;Donatore/trice: Schweizerischer Baumeisterverband, Attore/trice: Ja zur Sicherung der Nationalstrassen, Bern
it;2967;allowances;alphabetical;Finanziamento della campagna elettorale;13;24.11.2024 Modifica del 29 settembre 2023 del Codice delle obbligazioni (Diritto di locazione: sublocazione);;campaign_financing;Importi finali;persona giuridica o società di persone;Donatore/trice: SMV Schweizerischer Mieterinnen- und Mieterverband, Attore/trice: ASI Associazione Svizzera Inquilini, Berna
it;2968;allowances;alphabetical;Finanziamento della campagna elettorale;14;24.11.2024 Modifica del 29 settembre 2023 del Codice delle obbligazioni (Diritto di locazione: disdetta per bisogno personale);;campaign_financing;Importi finali;persona giuridica o società di persone;Donatore/trice: SMV Schweizerischer Mieterinnen- und Mieterverband, Attore/trice: ASI Associazione Svizzera Inquilini, Berna
it;2969;allowances;alphabetical;Finanziamento della campagna elettorale;12;24.11.2024 Decreto federale del 29 settembre 2023 sulla Fase di potenziamento 2023 delle strade nazionali;2024;campaign_financing;Importi finali;persona giuridica o società di persone;Donatore/trice: Centre Patronal, Attore/trice: Oui à la troisième voie – Assurer le futur des routes nationales, Paudex
it;2970;allowances;alphabetical;Finanziamento della campagna elettorale;12;24.11.2024 Decreto federale del 29 settembre 2023 sulla Fase di potenziamento 2023 delle strade nazionali;2024;campaign_financing;Importi finali;persona giuridica o società di persone;Donatore/trice: FER-Genève, Attore/trice: Oui à la troisième voie – Assurer le futur des routes nationales, Paudex
it;2971;allowances;alphabetical;Finanziamento della campagna elettorale;12;24.11.2024 Decreto federale del 29 settembre 2023 sulla Fase di potenziamento 2023 delle strade nazionali;2024;campaign_financing;Importi finali;persona giuridica o società di persone;Donatore/trice: CCIG, Attore/trice: Oui à la troisième voie – Assurer le futur des routes nationales, Paudex
it;2972;allowances;alphabetical;Finanziamento della campagna elettorale;12;24.11.2024 Decreto federale del 29 settembre 2023 sulla Fase di potenziamento 2023 delle strade nazionali;2024;campaign_financing;Importi finali;persona giuridica o società di persone;Donatore/trice: CVCI, Attore/trice: Oui à la troisième voie – Assurer le futur des routes nationales, Paudex
it;2973;allowances;alphabetical;Finanziamento della campagna elettorale;12;24.11.2024 Decreto federale del 29 settembre 2023 sulla Fase di potenziamento 2023 delle strade nazionali;2024;campaign_financing;Importi finali;persona giuridica o società di persone;Donatore/trice: FVE (fédération vaudoise des entrepreneurs), Attore/trice: Oui à la troisième voie – Assurer le futur des routes nationales, Paudex
it;2974;allowances;alphabetical;Finanziamento della campagna elettorale;12;24.11.2024 Decreto federale del 29 settembre 2023 sulla Fase di potenziamento 2023 delle strade nazionali;2024;campaign_financing;Importi finali;persona giuridica o società di persone;Donatore/trice: Centre Patronal, Attore/trice: Oui à la troisième voie – Assurer le futur des routes nationales, Paudex
it;2975;allowances;alphabetical;Finanziamento della campagna elettorale;12;24.11.2024 Decreto federale del 29 settembre 2023 sulla Fase di potenziamento 2023 delle strade nazionali;2024;campaign_financing;Importi finali;persona giuridica o società di persone;Donatore/trice: FER-Genève, Attore/trice: Oui à la troisième voie – Assurer le futur des routes nationales, Paudex
it;2976;allowances;alphabetical;Finanziamento della campagna elettorale;12;24.11.2024 Decreto federale del 29 settembre 2023 sulla Fase di potenziamento 2023 delle strade nazionali;2024;campaign_financing;Importi finali;persona giuridica o società di persone;Donatore/trice: CCIG, Attore/trice: Oui à la troisième voie – Assurer le futur des routes nationales, Paudex
it;2977;allowances;alphabetical;Finanziamento della campagna elettorale;12;24.11.2024 Decreto federale del 29 settembre 2023 sulla Fase di potenziamento 2023 delle strade nazionali;2024;campaign_financing;Importi finali;persona giuridica o società di persone;Donatore/trice: CVCI, Attore/trice: Oui à la troisième voie – Assurer le futur des routes nationales, Paudex
it;2978;allowances;alphabetical;Finanziamento della campagna elettorale;12;24.11.2024 Decreto federale del 29 settembre 2023 sulla Fase di potenziamento 2023 delle strade nazionali;2024;campaign_financing;Importi finali;persona giuridica o società di persone;Donatore/trice: FVE (fédération vaudoise des entrepreneurs), Attore/trice: Oui à la troisième voie – Assurer le futur des routes nationales, Paudex
it;2979;allowances;alphabetical;Finanziamento della campagna elettorale;12;24.11.2024 Decreto federale del 29 settembre 2023 sulla Fase di potenziamento 2023 delle strade nazionali;2024;campaign_financing;Importi finali;persona giuridica o società di persone;Donatore/trice: Centre Patronal, Attore/trice: Oui à la troisième voie – Assurer le futur des routes nationales, Paudex
it;2980;allowances;alphabetical;Finanziamento della campagna elettorale;12;24.11.2024 Decreto federale del 29 settembre 2023 sulla Fase di potenziamento 2023 delle strade nazionali;2024;campaign_financing;Importi finali;persona giuridica o società di persone;Donatore/trice: FER-Genève, Attore/trice: Oui à la troisième voie – Assurer le futur des routes nationales, Paudex
it;2981;allowances;alphabetical;Finanziamento della campagna elettorale;12;24.11.2024 Decreto federale del 29 settembre 2023 sulla Fase di potenziamento 2023 delle strade nazionali;2024;campaign_financing;Importi finali;persona giuridica o società di persone;Donatore/trice: CCIG, Attore/trice: Oui à la troisième voie – Assurer le futur des routes nationales, Paudex
it;2982;allowances;alphabetical;Finanziamento della campagna elettorale;12;24.11.2024 Decreto federale del 29 settembre 2023 sulla Fase di potenziamento 2023 delle strade nazionali;2024;campaign_financing;Importi finali;persona giuridica o società di persone;Donatore/trice: CVCI, Attore/trice: Oui à la troisième voie – Assurer le futur des routes nationales, Paudex
it;2983;allowances;alphabetical;Finanziamento della campagna elettorale;12;24.11.2024 Decreto federale del 29 settembre 2023 sulla Fase di potenziamento 2023 delle strade nazionali;2024;campaign_financing;Importi finali;persona giuridica o società di persone;Donatore/trice: FVE (fédération vaudoise des entrepreneurs), Attore/trice: Oui à la troisième voie – Assurer le futur des routes nationales, Paudex
it;2987;allowances;alphabetical;Finanziamento della campagna elettorale;16;09.02.2025 Per un’economia responsabile entro i limiti del pianeta (Iniziativa per la responsabilità ambientale);;campaign_financing;Importi finali;persona giuridica o società di persone;Donatore/trice: economiesuisse, Attore/trice: PLR.I Liberali Radicali, Bern
it;2988;allowances;alphabetical;Finanziamento della campagna elettorale;16;09.02.2025 Per un’economia responsabile entro i limiti del pianeta (Iniziativa per la responsabilità ambientale);;campaign_financing;Importi finali;persona giuridica o società di persone;Donatore/trice: HEV Schweiz, Attore/trice: PLR.I Liberali Radicali, Bern
it;2989;allowances;alphabetical;Finanziamento della campagna elettorale;16;09.02.2025 Per un’economia responsabile entro i limiti del pianeta (Iniziativa per la responsabilità ambientale);;campaign_financing;Importi finali;persona giuridica o società di persone;Donatore/trice: Schweizerischer Gewerbeverband sgv, Attore/trice: PLR.I Liberali Radicali, Bern
it;2990;allowances;alphabetical;Finanziamento della campagna elettorale;16;09.02.2025 Per un’economia responsabile entro i limiti del pianeta (Iniziativa per la responsabilità ambientale);;campaign_financing;Importi finali;persona giuridica o società di persone;Donatore/trice: GRÜNE Schweiz, Attore/trice: Giovani Verdi Svizzera, Berna
it;2991;allowances;alphabetical;Finanziamento della campagna elettorale;16;09.02.2025 Per un’economia responsabile entro i limiti del pianeta (Iniziativa per la responsabilità ambientale);;campaign_financing;Importi finali;persona giuridica o società di persone;Donatore/trice: Junge Grüne Schweiz, Attore/trice: Giovani Verdi Svizzera, Berna
it;30;allowances;alphabetical;Finanziamento della campagna elettorale;1;22.10.2023 Elezioni del Consiglio nazionale 2023;2023;campaign_financing;Importi preventivati;persona giuridica o società di persone;Donatore/trice: PLR Suisse, Attore/trice: PLR.Les Libéraux-Radicaux Vaud, Lausanne
it;3007;allowances;alphabetical;Finanziamento dei partiti politici;17;2024;;party_financing;;persona giuridica o società di persone;Donatore/trice: Raiffeisen Schweiz Genossenschaft, Attore/trice: Sozialdemokratische Partei der Schweiz, Bern
it;3008;allowances;alphabetical;Finanziamento dei partiti politici;17;2024;;party_financing;;persona giuridica o società di persone;Donatore/trice: Schweizerische Mobiliar Versicherungsgesellschaft AG, Attore/trice: Sozialdemokratische Partei der Schweiz, Bern
it;3009;allowances;alphabetical;Finanziamento dei partiti politici;17;2024;;party_financing;;persona fisica;Donatore/trice: Schwander Achim, Attore/trice: Sozialdemokratische Partei der Schweiz, Bern
it;3124;allowances;alphabetical;Finanziamento dei partiti politici;17;2024;;party_financing;;persona fisica;Donatore/trice: Looser selig Peter, Attore/trice: Evangelische Volkspartei der Schweiz, Bern
it;3158;allowances;alphabetical;Finanziamento dei partiti politici;17;2024;;party_financing;;persona giuridica o società di persone;Donatore/trice: Raiffeisen Schweiz Genossenschaft, Attore/trice: VERDI svizzeri, Berna
it;3159;allowances;alphabetical;Finanziamento dei partiti politici;17;2024;;party_financing;;persona giuridica o società di persone;Donatore/trice: AXA Versicherungen AG, Attore/trice: VERDI svizzeri, Berna
it;3160;allowances;alphabetical;Finanziamento dei partiti politici;17;2024;;party_financing;;persona giuridica o società di persone;Donatore/trice: Schweizerische Mobiliar Versicherungsgesellschaft AG, Attore/trice: VERDI svizzeri, Berna
it;3161;allowances;alphabetical;Finanziamento dei partiti politici;17;2024;;party_financing;;persona giuridica o società di persone;Donatore/trice: Helvetia Schweiz. Versicherung, Attore/trice: VERDI svizzeri, Berna
it;3162;allowances;alphabetical;Finanziamento dei partiti politici;17;2024;;party_financing;;persona giuridica o società di persone;Donatore/trice: Fondation Groupe Mutuel, Attore/trice: VERDI svizzeri, Berna
it;3163;allowances;alphabetical;Finanziamento dei partiti politici;17;2024;;party_financing;;persona fisica;Donatore/trice: Maire Jacques, Attore/trice: VERDI svizzeri, Berna
it;3164;allowances;alphabetical;Finanziamento dei partiti politici;17;2024;;party_financing;;persona fisica;Donatore/trice: Burkard Kroeber Carmita, Attore/trice: VERDI svizzeri, Berna
it;3165;allowances;alphabetical;Finanziamento dei partiti politici;17;2024;;party_financing;;persona fisica;Donatore/trice: Hug Piero, Attore/trice: VERDI svizzeri, Berna
it;3166;allowances;alphabetical;Finanziamento della campagna elettorale;18;28.09.2025 Decreto federale del 20 dicembre 2024 concernente l’imposta immobiliare cantonale sulle abitazioni secondarie;;campaign_financing;Importi preventivati;persona giuridica o società di persone;Donatore/trice: Hauseigentümerverband Schweiz, Attore/trice: Hauseigentümerverband Aargau, Baden
it;3167;allowances;alphabetical;Finanziamento dei partiti politici;17;2024;;party_financing;;persona giuridica o società di persone;Donatore/trice: Die Mitte Schaffhausen (Kantonalbeitrag 2024), Attore/trice: Alleanza del Centro, Bern
it;3168;allowances;alphabetical;Finanziamento dei partiti politici;17;2024;;party_financing;;persona giuridica o società di persone;Donatore/trice: Die Mitte Sense (Kantonalbeitrag 2024), Attore/trice: Alleanza del Centro, Bern
it;3169;allowances;alphabetical;Finanziamento dei partiti politici;17;2024;;party_financing;;persona giuridica o società di persone;Donatore/trice: Die Mitte Kanton Bern (Kantonalbeitrag 2024), Attore/trice: Alleanza del Centro, Bern
it;317;allowances;alphabetical;Finanziamento della campagna elettorale;1;22.10.2023 Elezioni del Consiglio nazionale 2023;2023;campaign_financing;Importi preventivati;persona giuridica o società di persone;Donatore/trice: Schweizerischer Arbeitgeberverband, Attore/trice: Alleanza del Centro, Bern
it;3170;allowances;alphabetical;Finanziamento dei partiti politici;17;2024;;party_financing;;persona giuridica o società di persone;Donatore/trice: Die Mitte Basel-Stadt (Kantonalbeitrag 2024), Attore/trice: Alleanza del Centro, Bern
it;3171;allowances;alphabetical;Finanziamento dei partiti politici;17;2024;;party_financing;;persona giuridica o società di persone;Donatore/trice: Die Mitte Nidwalden (Kantonalbeitrag 2024), Attore/trice: Alleanza del Centro, Bern
it;3172;allowances;alphabetical;Finanziamento dei partiti politici;17;2024;;party_financing;;persona giuridica o società di persone;Donatore/trice: Die Mitte Kanton Solothurn (Kantonalbeitrag 2024), Attore/trice: Alleanza del Centro, Bern
it;3173;allowances;alphabetical;Finanziamento dei partiti politici;17;2024;;party_financing;;persona giuridica o società di persone;Donatore/trice: Die Mitte Aargau (Kantonalbeitrag 2024), Attore/trice: Alleanza del Centro, Bern
it;3174;allowances;alphabetical;Finanziamento dei partiti politici;17;2024;;party_financing;;persona giuridica o società di persone;Donatore/trice: Die Mitte Obwalden (Kantonalbeitrag 2024), Attore/trice: Alleanza del Centro, Bern
it;3175;allowances;alphabetical;Finanziamento dei partiti politici;17;2024;;party_financing;;persona giuridica o società di persone;Donatore/trice: Le Centre Genève (Kantonalbeitrag 2024), Attore/trice: Alleanza del Centro, Bern
it;3176;allowances;alphabetical;Finanziamento dei partiti politici;17;2024;;party_financing;;persona giuridica o società di persone;Donatore/trice: Die Mitte Uri (Kantonalbeitrag 2024), Attore/trice: Alleanza del Centro, Bern
it;3177;allowances;alphabetical;Finanziamento dei partiti politici;17;2024;;party_financing;;persona giuridica o società di persone;Donatore/trice: Die Mitte Kanton Zug (Kantonalbeitrag 2024), Attore/trice: Alleanza del Centro, Bern
it;3178;allowances;alphabetical;Finanziamento dei partiti politici;17;2024;;party_financing;;persona giuridica o società di persone;Donatore/trice: Die Mitte AI (Kantonalbeitrag 2024), Attore/trice: Alleanza del Centro, Bern
it;3179;allowances;alphabetical;Finanziamento dei partiti politici;17;2024;;party_financing;;persona giuridica o società di persone;Donatore/trice: Parti Democrate Chretien Jura (Kantonalbeitrag 2024), Attore/trice: Alleanza del Centro, Bern
it;318;allowances;alphabetical;Finanziamento della campagna elettorale;1;22.10.2023 Elezioni del Consiglio nazionale 2023;2023;campaign_financing;Importi preventivati;persona giuridica o società di persone;Donatore/trice: Lehner Versand AG, Attore/trice: Meier Thomas, Schenkon
it;3180;allowances;alphabetical;Finanziamento dei partiti politici;17;2024;;party_financing;;persona giuridica o società di persone;Donatore/trice: Die Mitte Kanton St. Gallen (Kantonalbeitrag 2024), Attore/trice: Alleanza del Centro, Bern
it;3181;allowances;alphabetical;Finanziamento dei partiti politici;17;2024;;party_financing;;persona giuridica o società di persone;Donatore/trice: Die Mitte Thurgau (Kantonalbeitrag 2024), Attore/trice: Alleanza del Centro, Bern
it;3182;allowances;alphabetical;Finanziamento dei partiti politici;17;2024;;party_financing;;persona giuridica o società di persone;Donatore/trice: Die Mitte Basel-Landschaft (Kantonalbeitrag 2024), Attore/trice: Alleanza del Centro, Bern
it;3183;allowances;alphabetical;Finanziamento dei partiti politici;17;2024;;party_financing;;persona giuridica o società di persone;Donatore/trice: Die Mitte Kanton Luzern (Kantonalbeitrag 2024), Attore/trice: Alleanza del Centro, Bern
it;3184;allowances;alphabetical;Finanziamento dei partiti politici;17;2024;;party_financing;;persona giuridica o società di persone;Donatore/trice: Die Mitte Schwyz (Kantonalbeitrag 2024), Attore/trice: Alleanza del Centro, Bern
it;3185;allowances;alphabetical;Finanziamento dei partiti politici;17;2024;;party_financing;;persona giuridica o società di persone;Donatore/trice: Die Mitte Oberwallis (Kantonalbeitrag 2024), Attore/trice: Alleanza del Centro, Bern
it;3186;allowances;alphabetical;Finanziamento dei partiti politici;17;2024;;party_financing;;persona giuridica o società di persone;Donatore/trice: Die Mitte Glarus (Kantonalbeitrag 2024), Attore/trice: Alleanza del Centro, Bern
it;3187;allowances;alphabetical;Finanziamento dei partiti politici;17;2024;;party_financing;;persona giuridica o società di persone;Donatore/trice: Die Mitte Graubünden (Kantonalbeitrag 2024), Attore/trice: Alleanza del Centro, Bern
it;3188;allowances;alphabetical;Finanziamento dei partiti politici;17;2024;;party_financing;;persona giuridica o società di persone;Donatore/trice: Die Mitte Kanton Zürich (Kantonalbeitrag 2024), Attore/trice: Alleanza del Centro, Bern
it;3189;allowances;alphabetical;Finanziamento dei partiti politici;17;2024;;party_financing;;persona giuridica o società di persone;Donatore/trice: Le Centre Fribourg (Kantonalbeitrag 2024), Attore/trice: Alleanza del Centro, Bern
it;319;allowances;alphabetical;Finanziamento della campagna elettorale;1;22.10.2023 Elezioni del Consiglio nazionale 2023;2023;campaign_financing;Importi preventivati;persona giuridica o società di persone;Donatore/trice: scienceindustries, Attore/trice: scienceindustries, Zürich
it;3190;allowances;alphabetical;Finanziamento dei partiti politici;17;2024;;party_financing;;persona giuridica o società di persone;Donatore/trice: Le Centre du Canton de Neuchâtel (Kantonalbeitrag 2024), Attore/trice: Alleanza del Centro, Bern
it;3191;allowances;alphabetical;Finanziamento dei partiti politici;17;2024;;party_financing;;persona giuridica o società di persone;Donatore/trice: Il Centro (Kantonalbeitrag 2024), Attore/trice: Alleanza del Centro, Bern
it;3192;allowances;alphabetical;Finanziamento dei partiti politici;17;2024;;party_financing;;persona giuridica o società di persone;Donatore/trice: Parti Democrate Chretien du Valais Romand (Kantonalbeitrag 2024), Attore/trice: Alleanza del Centro, Bern
it;3193;allowances;alphabetical;Finanziamento dei partiti politici;17;2024;;party_financing;;persona giuridica o società di persone;Donatore/trice: Die Mitte Ausserrhoden (Kantonalbeitrag 2024), Attore/trice: Alleanza del Centro, Bern
it;3194;allowances;alphabetical;Finanziamento dei partiti politici;17;2024;;party_financing;;persona giuridica o società di persone;Donatore/trice: neo - Die sozialliberale Mitte (Kantonalbeitrag 2024), Attore/trice: Alleanza del Centro, Bern
it;3195;allowances;alphabetical;Finanziamento dei partiti politici;17;2024;;party_financing;;persona giuridica o società di persone;Donatore/trice: Le Centre Vaud (Kantonalbeitrag 2024), Attore/trice: Alleanza del Centro, Bern
it;3196;allowances;alphabetical;Finanziamento dei partiti politici;17;2024;;party_financing;;persona giuridica o società di persone;Donatore/trice: AXA Versicherungen AG (Unterstützungsbeitrag 2024), Attore/trice: Alleanza del Centro, Bern
it;3197;allowances;alphabetical;Finanziamento dei partiti politici;17;2024;;party_financing;;persona giuridica o società di persone;Donatore/trice: economiesuisse (Unterstützungsbeitrag 2024), Attore/trice: Alleanza del Centro, Bern
it;3198;allowances;alphabetical;Finanziamento dei partiti politici;17;2024;;party_financing;;persona giuridica o società di persone;Donatore/trice: Fondation Groupe Mutuel (Unterstützungsbeitrag 2024), Attore/trice: Alleanza del Centro, Bern
it;3199;allowances;alphabetical;Finanziamento dei partiti politici;17;2024;;party_financing;;persona giuridica o società di persone;Donatore/trice: Raiffeisen Schweiz Genossenschaft (Unterstützungsbeitrag 2024), Attore/trice: Alleanza del Centro, Bern
it;32;allowances;alphabetical;Finanziamento della campagna elettorale;1;22.10.2023 Elezioni del Consiglio nazionale 2023;2023;campaign_financing;Importi preventivati;persona giuridica o società di persone;Donatore/trice: SP Kanton Bern, Attore/trice: Sozialdemokratische Partei des Kantons Bern, Bern
it;3200;allowances;alphabetical;Finanziamento dei partiti politici;17;2024;;party_financing;;persona giuridica o società di persone;Donatore/trice: Novartis International AG (Unterstützungsbeitrag 2024), Attore/trice: Alleanza del Centro, Bern
it;3201;allowances;alphabetical;Finanziamento dei partiti politici;17;2024;;party_financing;;persona giuridica o società di persone;Donatore/trice: SVV (Unterstützungsbeitrag 2024), Attore/trice: Alleanza del Centro, Bern
it;3202;allowances;alphabetical;Finanziamento dei partiti politici;17;2024;;party_financing;;persona giuridica o società di persone;Donatore/trice: Schindler Aufzüge AG (Unterstützungsbeitrag 2024), Attore/trice: Alleanza del Centro, Bern
it;3203;allowances;alphabetical;Finanziamento dei partiti politici;17;2024;;party_financing;;persona giuridica o società di persone;Donatore/trice: Swiss Life AG (Unterstützungsbeitrag 2024), Attore/trice: Alleanza del Centro, Bern
it;3204;allowances;alphabetical;Finanziamento dei partiti politici;17;2024;;party_financing;;persona giuridica o società di persone;Donatore/trice: Schweizerische Mobiliar Versicherungsgesellschaft AG (Unterstützungsbeitrag 2024), Attore/trice: Alleanza del Centro, Bern
it;3205;allowances;alphabetical;Finanziamento dei partiti politici;17;2024;;party_financing;;persona giuridica o società di persone;Donatore/trice: Helvetia Schweiz Versicherung (Unterstützungsbeitrag 2024), Attore/trice: Alleanza del Centro, Bern
it;3206;allowances;alphabetical;Finanziamento dei partiti politici;17;2024;;party_financing;;persona giuridica o società di persone;Donatore/trice: Hauseigentümerverband Schweiz (Unterstützungsbeitrag 2024), Attore/trice: Alleanza del Centro, Bern
it;3207;allowances;alphabetical;Finanziamento dei partiti politici;17;2024;;party_financing;;persona giuridica o società di persone;Donatore/trice: Schweizerische Bankiervereinigung (Swiss Banking) (Unterstützungsbeitrag 2024), Attore/trice: Alleanza del Centro, Bern
it;3208;allowances;alphabetical;Finanziamento dei partiti politici;17;2024;;party_financing;;persona giuridica o società di persone;Donatore/trice: Roche Holding AG (Unterstützungsbeitrag 2024), Attore/trice: Alleanza del Centro, Bern
it;3209;allowances;alphabetical;Finanziamento dei partiti politici;17;2024;;party_financing;;persona giuridica o società di persone;Donatore/trice: Interpharma (Unterstützungsbeitrag 2024), Attore/trice: Alleanza del Centro, Bern
it;3210;allowances;alphabetical;Finanziamento dei partiti politici;17;2024;;party_financing;;persona giuridica o società di persone;Donatore/trice: Swiss International Air Lines AG (Unterstützungsbeitrag 2024), Attore/trice: Alleanza del Centro, Bern
it;3211;allowances;alphabetical;Finanziamento dei partiti politici;17;2024;;party_financing;;persona giuridica o società di persone;Donatore/trice: Zürich Versicherungs Gesellschaft AG (Unterstützungsbeitrag 2024), Attore/trice: Alleanza del Centro, Bern
it;3212;allowances;alphabetical;Finanziamento dei partiti politici;17;2024;;party_financing;;persona giuridica o società di persone;Donatore/trice: UBS AG (Unterstützungsbeitrag 2024), Attore/trice: Alleanza del Centro, Bern
it;3213;allowances;alphabetical;Finanziamento dei partiti politici;17;2024;;party_financing;;persona giuridica o società di persone;Donatore/trice: Swiss Re Management Ltd. (Unterstützungsbeitrag 2024), Attore/trice: Alleanza del Centro, Bern
it;3214;allowances;alphabetical;Finanziamento dei partiti politici;17;2024;;party_financing;;persona giuridica o società di persone;Donatore/trice: Nestlé S.A. (Unterstützungsbeitrag 2024), Attore/trice: Alleanza del Centro, Bern
it;3215;allowances;alphabetical;Finanziamento dei partiti politici;17;2024;;party_financing;;persona giuridica o società di persone;Donatore/trice: economiesuisse (überparteiliche Kampagne 13. AHV), Attore/trice: Alleanza del Centro, Bern
it;3216;allowances;alphabetical;Finanziamento dei partiti politici;17;2024;;party_financing;;persona giuridica o società di persone;"Donatore/trice: Schweiz. Arbeitgeberverband (überparteiliche Kampagne Allianz ""Ja zur BVG-Reform""), Attore/trice: Alleanza del Centro, Bern"
it;3217;allowances;alphabetical;Finanziamento dei partiti politici;17;2024;;party_financing;;persona giuridica o società di persone;Donatore/trice: Schweizer Bauernverband (überparteiliche Kampagne Biodiversität), Attore/trice: Alleanza del Centro, Bern
it;3218;allowances;alphabetical;Finanziamento dei partiti politici;17;2024;;party_financing;;persona giuridica o società di persone;Donatore/trice: Bank Julius Baer and CO. LTD (Unterstützung Parteistrategie), Attore/trice: Alleanza del Centro, Bern
it;3219;allowances;alphabetical;Finanziamento dei partiti politici;17;2024;;party_financing;;persona giuridica o società di persone;Donatore/trice: Schweiz. Arbeitgeberverband, Attore/trice: Grünliberale Partei Schweiz, Bern
it;3220;allowances;alphabetical;Finanziamento dei partiti politici;17;2024;;party_financing;;persona giuridica o società di persone;Donatore/trice: Schweizerische Bankiervereinigung, Attore/trice: Grünliberale Partei Schweiz, Bern
it;3221;allowances;alphabetical;Finanziamento dei partiti politici;17;2024;;party_financing;;persona giuridica o società di persone;Donatore/trice: Economiesuisse, Attore/trice: Grünliberale Partei Schweiz, Bern
it;3222;allowances;alphabetical;Finanziamento dei partiti politici;17;2024;;party_financing;;persona giuridica o società di persone;Donatore/trice: Verein FDP-Kampagnen, Attore/trice: Grünliberale Partei Schweiz, Bern
it;3223;allowances;alphabetical;Finanziamento dei partiti politici;17;2024;;party_financing;;persona fisica;Donatore/trice: Kottelat Pierre, Attore/trice: Grünliberale Partei Schweiz, Bern
it;3224;allowances;alphabetical;Finanziamento dei partiti politici;17;2024;;party_financing;;persona giuridica o società di persone;Donatore/trice: Interpharma, Attore/trice: Grünliberale Partei Schweiz, Bern
it;3225;allowances;alphabetical;Finanziamento dei partiti politici;17;2024;;party_financing;;persona fisica;Donatore/trice: Kottelat Schloesing Michèle, Attore/trice: Grünliberale Partei Schweiz, Bern
it;3226;allowances;alphabetical;Finanziamento dei partiti politici;17;2024;;party_financing;;persona giuridica o società di persone;Donatore/trice: Novartis International AG, Attore/trice: Grünliberale Partei Schweiz, Bern
it;3227;allowances;alphabetical;Finanziamento dei partiti politici;17;2024;;party_financing;;persona giuridica o società di persone;Donatore/trice: Roche Holding AG, Attore/trice: Grünliberale Partei Schweiz, Bern
it;3228;allowances;alphabetical;Finanziamento dei partiti politici;17;2024;;party_financing;;persona giuridica o società di persone;Donatore/trice: Schindler Aufzüge AG, Attore/trice: Grünliberale Partei Schweiz, Bern
it;3229;allowances;alphabetical;Finanziamento dei partiti politici;17;2024;;party_financing;;persona giuridica o società di persone;Donatore/trice: SVV, Attore/trice: Grünliberale Partei Schweiz, Bern
it;3230;allowances;alphabetical;Finanziamento dei partiti politici;17;2024;;party_financing;;persona giuridica o società di persone;Donatore/trice: Swiss Life AG, Attore/trice: Grünliberale Partei Schweiz, Bern
it;3231;allowances;alphabetical;Finanziamento dei partiti politici;17;2024;;party_financing;;persona giuridica o società di persone;Donatore/trice: UBS AG, Attore/trice: Grünliberale Partei Schweiz, Bern
it;3232;allowances;alphabetical;Finanziamento dei partiti politici;17;2024;;party_financing;;persona giuridica o società di persone;Donatore/trice: Zürich Versicherungsgesellschaft AG, Attore/trice: Grünliberale Partei Schweiz, Bern
it;3233;allowances;alphabetical;Finanziamento dei partiti politici;17;2024;;party_financing;;persona giuridica o società di persone;Donatore/trice: Schweiz. Mobiliarversicherungsgesellschaft AG, Attore/trice: Grünliberale Partei Schweiz, Bern
it;3234;allowances;alphabetical;Finanziamento della campagna elettorale;18;28.09.2025 Decreto federale del 20 dicembre 2024 concernente l’imposta immobiliare cantonale sulle abitazioni secondarie;;campaign_financing;Importi preventivati;persona giuridica o società di persone;Donatore/trice: Hauseigentümerverband Schweiz, Attore/trice: Hauseigentümerverband Kanton Luzern, Luzern
it;3235;allowances;alphabetical;Finanziamento della campagna elettorale;18;28.09.2025 Decreto federale del 20 dicembre 2024 concernente l’imposta immobiliare cantonale sulle abitazioni secondarie;;campaign_financing;Importi preventivati;persona giuridica o società di persone;Donatore/trice: Hauseigentümerverband Schweiz (HEV Schweiz), Attore/trice: Hauseigentümer-Verband Kanton St. Gallen, St. Gallen
it;3236;allowances;alphabetical;Finanziamento della campagna elettorale;18;28.09.2025 Decreto federale del 20 dicembre 2024 concernente l’imposta immobiliare cantonale sulle abitazioni secondarie;;campaign_financing;Importi preventivati;persona giuridica o società di persone;Donatore/trice: Kantonaler Gewerbeverband St.Gallen, Attore/trice: Hauseigentümer-Verband Kanton St. Gallen, St. Gallen
it;324;allowances;alphabetical;Finanziamento della campagna elettorale;1;22.10.2023 Elezioni del Consiglio nazionale 2023;2023;campaign_financing;Importi preventivati;persona giuridica o società di persone;Donatore/trice: scienceindustries, Attore/trice: scienceindustries, Zürich
it;3240;allowances;alphabetical;Finanziamento della campagna elettorale;18;28.09.2025 Decreto federale del 20 dicembre 2024 concernente l’imposta immobiliare cantonale sulle abitazioni secondarie;;campaign_financing;Importi preventivati;persona giuridica o società di persone;Donatore/trice: Hauseigentümerverband Basel-Stadt, Attore/trice: Kantonales Komitee «JA zur Abschaffung des Eigenmietwerts» (HEV Basel-Stadt), Basel
it;3241;allowances;alphabetical;Finanziamento della campagna elettorale;18;28.09.2025 Decreto federale del 20 dicembre 2024 concernente l’imposta immobiliare cantonale sulle abitazioni secondarie;;campaign_financing;Importi preventivati;persona giuridica o società di persone;Donatore/trice: HEV Schweiz, Attore/trice: Hauseigentümerverband Kanton Schwyz, Schwyz
it;325;allowances;alphabetical;Finanziamento della campagna elettorale;1;22.10.2023 Elezioni del Consiglio nazionale 2023;2023;campaign_financing;Importi preventivati;persona giuridica o società di persone;Donatore/trice: HEV Kanton Zürich, Attore/trice: Die Mitte Kanton Zürich, Zürich
it;326;allowances;alphabetical;Finanziamento della campagna elettorale;1;22.10.2023 Elezioni del Consiglio nazionale 2023;2023;campaign_financing;Importi preventivati;persona giuridica o società di persone;Donatore/trice: Flughafen Zürich AG, Attore/trice: Die Mitte Kanton Zürich, Zürich
it;327;allowances;alphabetical;Finanziamento della campagna elettorale;1;22.10.2023 Elezioni del Consiglio nazionale 2023;2023;campaign_financing;Importi preventivati;persona fisica;Donatore/trice: Kutter Philipp, Attore/trice: Die Mitte Kanton Zürich, Zürich
it;3272;allowances;alphabetical;Finanziamento della campagna elettorale;18;28.09.2025 Decreto federale del 20 dicembre 2024 concernente l’imposta immobiliare cantonale sulle abitazioni secondarie;;campaign_financing;Importi preventivati;persona giuridica o società di persone;Donatore/trice: Hauseigentümerverband Schweiz, Attore/trice: Hauseigentümerverband Graubünden, Chur
it;3275;allowances;alphabetical;Finanziamento della campagna elettorale;18;28.09.2025 Decreto federale del 20 dicembre 2024 concernente l’imposta immobiliare cantonale sulle abitazioni secondarie;;campaign_financing;Importi preventivati;persona giuridica o società di persone;Donatore/trice: Hauseigentümerverband (HEV) Schweiz, Attore/trice: Überparteiliches Komitee JA zur Abschaffung des Eigenmietwerts (HEV Schweiz), Zürich
it;3276;allowances;alphabetical;Finanziamento della campagna elettorale;18;28.09.2025 Decreto federale del 20 dicembre 2024 concernente l’imposta immobiliare cantonale sulle abitazioni secondarie;;campaign_financing;Importi preventivati;persona giuridica o società di persone;Donatore/trice: Hauseigentümerverband (HEV) Schweiz, Attore/trice: Überparteiliches Komitee JA zur Abschaffung des Eigenmietwerts (HEV Schweiz), Zürich
it;3277;allowances;alphabetical;Finanziamento della campagna elettorale;18;28.09.2025 Decreto federale del 20 dicembre 2024 concernente l’imposta immobiliare cantonale sulle abitazioni secondarie;;campaign_financing;Importi preventivati;persona giuridica o società di persone;Donatore/trice: Hauseigentümerverband (HEV) Schweiz, Attore/trice: Überparteiliches Komitee JA zur Abschaffung des Eigenmietwerts (HEV Schweiz), Zürich
it;328;allowances;alphabetical;Finanziamento della campagna elettorale;1;22.10.2023 Elezioni del Consiglio nazionale 2023;2023;campaign_financing;Importi preventivati;persona fisica;Donatore/trice: Matter Michel, Attore/trice: Parti vert'libéral genevois, Genève
it;3281;allowances;alphabetical;Finanziamento della campagna elettorale;18;28.09.2025 Decreto federale del 20 dicembre 2024 concernente l’imposta immobiliare cantonale sulle abitazioni secondarie;;campaign_financing;Importi preventivati;persona giuridica o società di persone;Donatore/trice: HEV Schweiz, Attore/trice: Hauseigentümerverband Thurgau, Kreuzlingen
it;3282;allowances;alphabetical;Finanziamento della campagna elettorale;18;28.09.2025 Decreto federale del 20 dicembre 2024 concernente l’imposta immobiliare cantonale sulle abitazioni secondarie;;campaign_financing;Importi preventivati;persona giuridica o società di persone;Donatore/trice: Hauseigentümerverband Schweiz, Attore/trice: Hauseigentümerverband Kanton Bern, Bern
it;3283;allowances;alphabetical;Finanziamento della campagna elettorale;18;28.09.2025 Decreto federale del 20 dicembre 2024 concernente l’imposta immobiliare cantonale sulle abitazioni secondarie;;campaign_financing;Importi preventivati;persona giuridica o società di persone;Donatore/trice: Hauseigentümerverband Bern und Umgebung, Attore/trice: Hauseigentümerverband Kanton Bern, Bern
it;3284;allowances;alphabetical;Finanziamento della campagna elettorale;18;28.09.2025 Decreto federale del 20 dicembre 2024 concernente l’imposta immobiliare cantonale sulle abitazioni secondarie;;campaign_financing;Importi preventivati;persona giuridica o società di persone;Donatore/trice: Hauseigentümerverband Schweiz (HEV Schweiz), Attore/trice: Hauseigentümerverband Baselland, Pratteln
it;3287;allowances;alphabetical;Finanziamento dei partiti politici;17;2024;;party_financing;;persona giuridica o società di persone;Donatore/trice: Auto-Schweiz Vereinigung, Attore/trice: Unione Democratica di Centro (UDC), Bern
it;3288;allowances;alphabetical;Finanziamento dei partiti politici;17;2024;;party_financing;;persona giuridica o società di persone;Donatore/trice: AXA Versicherungen AG, Attore/trice: Unione Democratica di Centro (UDC), Bern
it;3289;allowances;alphabetical;Finanziamento dei partiti politici;17;2024;;party_financing;;persona giuridica o società di persone;Donatore/trice: Baloise Versicherung AG, Attore/trice: Unione Democratica di Centro (UDC), Bern
it;329;allowances;alphabetical;Finanziamento della campagna elettorale;1;22.10.2023 Elezioni del Consiglio nazionale 2023;2023;campaign_financing;Importi preventivati;persona giuridica o società di persone;Donatore/trice: HEV Kanton Zürich, Attore/trice: Bigler Hans-Ulrich, Affoltern am Albis
it;3290;allowances;alphabetical;Finanziamento dei partiti politici;17;2024;;party_financing;;persona giuridica o società di persone;Donatore/trice: Bank Julius Baer and Co Ltd, Attore/trice: Unione Democratica di Centro (UDC), Bern
it;3291;allowances;alphabetical;Finanziamento dei partiti politici;17;2024;;party_financing;;persona fisica;Donatore/trice: Dörig Rolf, Attore/trice: Unione Democratica di Centro (UDC), Bern
it;3292;allowances;alphabetical;Finanziamento dei partiti politici;17;2024;;party_financing;;persona giuridica o società di persone;Donatore/trice: economiesuisse, Attore/trice: Unione Democratica di Centro (UDC), Bern
it;3293;allowances;alphabetical;Finanziamento dei partiti politici;17;2024;;party_financing;;persona giuridica o società di persone;Donatore/trice: Fondation Groupe Mutuel, Attore/trice: Unione Democratica di Centro (UDC), Bern
it;3294;allowances;alphabetical;Finanziamento dei partiti politici;17;2024;;party_financing;;persona giuridica o società di persone;Donatore/trice: Helvetia Schweizerische Versicherungsgesellschaft AG, Attore/trice: Unione Democratica di Centro (UDC), Bern
it;3295;allowances;alphabetical;Finanziamento dei partiti politici;17;2024;;party_financing;;persona giuridica o società di persone;Donatore/trice: Hauseigentümerverband Schweiz, Attore/trice: Unione Democratica di Centro (UDC), Bern
it;3296;allowances;alphabetical;Finanziamento dei partiti politici;17;2024;;party_financing;;persona giuridica o società di persone;Donatore/trice: Interpharma, Attore/trice: Unione Democratica di Centro (UDC), Bern
it;3297;allowances;alphabetical;Finanziamento dei partiti politici;17;2024;;party_financing;;persona giuridica o società di persone;Donatore/trice: Nestlé S.A, Attore/trice: Unione Democratica di Centro (UDC), Bern
it;3298;allowances;alphabetical;Finanziamento dei partiti politici;17;2024;;party_financing;;persona giuridica o società di persone;Donatore/trice: Novartis International AG, Attore/trice: Unione Democratica di Centro (UDC), Bern
it;3299;allowances;alphabetical;Finanziamento dei partiti politici;17;2024;;party_financing;;persona giuridica o società di persone;Donatore/trice: Raiffeisen Schweiz Genossenschaft, Attore/trice: Unione Democratica di Centro (UDC), Bern
it;33;allowances;alphabetical;Finanziamento della campagna elettorale;1;22.10.2023 Elezioni del Consiglio nazionale 2023;2023;campaign_financing;Importi preventivati;persona fisica;Donatore/trice: Schaffner Barbara, Attore/trice: Grünliberale Kanton Zürich, Zürich
it;330;allowances;alphabetical;Finanziamento della campagna elettorale;1;22.10.2023 Elezioni del Consiglio nazionale 2023;2023;campaign_financing;Importi preventivati;persona giuridica o società di persone;Donatore/trice: Schweizerischer Gewerbeverband, Attore/trice: Bigler Hans-Ulrich, Affoltern am Albis
it;3300;allowances;alphabetical;Finanziamento dei partiti politici;17;2024;;party_financing;;persona giuridica o società di persone;Donatore/trice: Roche Holding AG, Attore/trice: Unione Democratica di Centro (UDC), Bern
it;3301;allowances;alphabetical;Finanziamento dei partiti politici;17;2024;;party_financing;;persona giuridica o società di persone;Donatore/trice: Schindler Aufzüge AG, Attore/trice: Unione Democratica di Centro (UDC), Bern
it;3302;allowances;alphabetical;Finanziamento dei partiti politici;17;2024;;party_financing;;persona giuridica o società di persone;Donatore/trice: Schweizer Bauernverband (SBV), Attore/trice: Unione Democratica di Centro (UDC), Bern
it;3303;allowances;alphabetical;Finanziamento dei partiti politici;17;2024;;party_financing;;persona giuridica o società di persone;Donatore/trice: Schweizerische Bankiervereinigung, Attore/trice: Unione Democratica di Centro (UDC), Bern
it;3304;allowances;alphabetical;Finanziamento dei partiti politici;17;2024;;party_financing;;persona giuridica o società di persone;Donatore/trice: Schweizerische Mobiliar Versicherungsgesellschaft AG, Attore/trice: Unione Democratica di Centro (UDC), Bern
it;3305;allowances;alphabetical;Finanziamento dei partiti politici;17;2024;;party_financing;;persona giuridica o società di persone;Donatore/trice: Schweizerischer Gewerbeverband, Attore/trice: Unione Democratica di Centro (UDC), Bern
it;3306;allowances;alphabetical;Finanziamento dei partiti politici;17;2024;;party_financing;;persona giuridica o società di persone;Donatore/trice: Schweizerischer Versicherungsverband (SVV), Attore/trice: Unione Democratica di Centro (UDC), Bern
it;3307;allowances;alphabetical;Finanziamento dei partiti politici;17;2024;;party_financing;;persona giuridica o società di persone;Donatore/trice: Schweizerischer Arbeitgeberverband, Attore/trice: Unione Democratica di Centro (UDC), Bern
it;3308;allowances;alphabetical;Finanziamento dei partiti politici;17;2024;;party_financing;;persona giuridica o società di persone;Donatore/trice: Swiss International Air Lines AG, Attore/trice: Unione Democratica di Centro (UDC), Bern
it;3309;allowances;alphabetical;Finanziamento dei partiti politici;17;2024;;party_financing;;persona giuridica o società di persone;Donatore/trice: Swiss Life AG, Attore/trice: Unione Democratica di Centro (UDC), Bern
it;331;allowances;alphabetical;Finanziamento della campagna elettorale;1;22.10.2023 Elezioni del Consiglio nazionale 2023;2023;campaign_financing;Importi preventivati;persona giuridica o società di persone;Donatore/trice: Parti socialiste suisse, Attore/trice: Parti socialiste neuchâtelois, Neuchâtel
it;3310;allowances;alphabetical;Finanziamento dei partiti politici;17;2024;;party_financing;;persona giuridica o società di persone;Donatore/trice: Swiss Re Management Ltd, Attore/trice: Unione Democratica di Centro (UDC), Bern
it;3311;allowances;alphabetical;Finanziamento dei partiti politici;17;2024;;party_financing;;persona giuridica o società di persone;Donatore/trice: UBS AG, Attore/trice: Unione Democratica di Centro (UDC), Bern
it;3312;allowances;alphabetical;Finanziamento dei partiti politici;17;2024;;party_financing;;persona giuridica o società di persone;Donatore/trice: Verein FDP-Kampagnen, Attore/trice: Unione Democratica di Centro (UDC), Bern
it;3313;allowances;alphabetical;Finanziamento dei partiti politici;17;2024;;party_financing;;persona giuridica o società di persone;Donatore/trice: Renteninitiative, Attore/trice: Unione Democratica di Centro (UDC), Bern
it;3314;allowances;alphabetical;Finanziamento della campagna elettorale;18;28.09.2025 Decreto federale del 20 dicembre 2024 concernente l’imposta immobiliare cantonale sulle abitazioni secondarie;;campaign_financing;Importi preventivati;persona giuridica o società di persone;Donatore/trice: aeesuisse – Dachorganisation der Wirtschaft für erneuerbare Energien und Energieeffizienz, Attore/trice: aeesuisse - Dachverband der Wirtschaft für erneuerbare Energien und Energieeffizienz, Bern
it;3315;allowances;alphabetical;Finanziamento della campagna elettorale;18;28.09.2025 Decreto federale del 20 dicembre 2024 concernente l’imposta immobiliare cantonale sulle abitazioni secondarie;;campaign_financing;Importi preventivati;persona giuridica o società di persone;Donatore/trice: Schweizerisch-Liechtensteinischer Gebäudetechnikverband (suissetec), Attore/trice: aeesuisse - Dachverband der Wirtschaft für erneuerbare Energien und Energieeffizienz, Bern
it;3316;allowances;alphabetical;Finanziamento della campagna elettorale;18;28.09.2025 Decreto federale del 20 dicembre 2024 concernente l’imposta immobiliare cantonale sulle abitazioni secondarie;;campaign_financing;Importi preventivati;persona giuridica o società di persone;Donatore/trice: constructionromande, Attore/trice: aeesuisse - Dachverband der Wirtschaft für erneuerbare Energien und Energieeffizienz, Bern
it;3317;allowances;alphabetical;Finanziamento della campagna elettorale;18;28.09.2025 Decreto federale del 20 dicembre 2024 concernente l’imposta immobiliare cantonale sulle abitazioni secondarie;;campaign_financing;Importi preventivati;persona giuridica o società di persone;Donatore/trice: Centre Patronal, Attore/trice: aeesuisse - Dachverband der Wirtschaft für erneuerbare Energien und Energieeffizienz, Bern
it;3318;allowances;alphabetical;Finanziamento della campagna elettorale;18;28.09.2025 Decreto federale del 20 dicembre 2024 concernente l’imposta immobiliare cantonale sulle abitazioni secondarie;;campaign_financing;Importi preventivati;persona giuridica o società di persone;Donatore/trice: Union suisse des professionnels de l'immobilier Vaud (USPI Vaud), Attore/trice: aeesuisse - Dachverband der Wirtschaft für erneuerbare Energien und Energieeffizienz, Bern
it;3319;allowances;alphabetical;Finanziamento della campagna elettorale;18;28.09.2025 Decreto federale del 20 dicembre 2024 concernente l’imposta immobiliare cantonale sulle abitazioni secondarie;;campaign_financing;Importi preventivati;persona giuridica o società di persone;Donatore/trice: Union suisse des professionnels de l'immobilier Suisse (USPI Suisse), Attore/trice: aeesuisse - Dachverband der Wirtschaft für erneuerbare Energien und Energieeffizienz, Bern
it;332;allowances;alphabetical;Finanziamento della campagna elettorale;1;22.10.2023 Elezioni del Consiglio nazionale 2023;2023;campaign_financing;Importi preventivati;persona giuridica o società di persone;Donatore/trice: Parti socialiste suisse, Attore/trice: Parti socialiste neuchâtelois, Neuchâtel
it;334;allowances;alphabetical;Finanziamento della campagna elettorale;1;22.10.2023 Elezioni del Consiglio nazionale 2023;2023;campaign_financing;Importi preventivati;persona giuridica o società di persone;Donatore/trice: Greenpeace Schweiz, Attore/trice: Greenpeace Svizzera, Zürich
it;335;allowances;alphabetical;Finanziamento della campagna elettorale;1;22.10.2023 Elezioni del Consiglio nazionale 2023;2023;campaign_financing;Importi preventivati;persona giuridica o società di persone;Donatore/trice: Holcim Schweiz AG, Attore/trice: Alleanza del Centro, Bern
it;336;allowances;alphabetical;Finanziamento della campagna elettorale;1;22.10.2023 Elezioni del Consiglio nazionale 2023;2023;campaign_financing;Importi preventivati;persona fisica;Donatore/trice: Silberschmidt Andri, Attore/trice: FDP.Die Liberalen Kanton Zürich, Zürich
it;3364;allowances;alphabetical;Finanziamento della campagna elettorale;19;28.09.2025 Legge federale del 20 dicembre 2024 sul mezzo d’identificazione elettronico e altri mezzi di autenticazione elettronici (Legge sull’Id-e, LIdE);;campaign_financing;Importi preventivati;persona fisica;Donatore/trice: Kocher Stephan, Attore/trice: Referendumskomitee E-ID 2.0, Zürich
it;3365;allowances;alphabetical;Finanziamento della campagna elettorale;19;28.09.2025 Legge federale del 20 dicembre 2024 sul mezzo d’identificazione elettronico e altri mezzi di autenticazione elettronici (Legge sull’Id-e, LIdE);;campaign_financing;Importi preventivati;persona giuridica o società di persone;Donatore/trice: economiesuisse, Attore/trice: Wirtschaftskomitee Schweizer e-ID, Bern
it;3366;allowances;alphabetical;Finanziamento della campagna elettorale;19;28.09.2025 Legge federale del 20 dicembre 2024 sul mezzo d’identificazione elettronico e altri mezzi di autenticazione elettronici (Legge sull’Id-e, LIdE);;campaign_financing;Importi preventivati;persona giuridica o società di persone;Donatore/trice: Swisscom, Attore/trice: Wirtschaftskomitee Schweizer e-ID, Bern
it;3367;allowances;alphabetical;Finanziamento della campagna elettorale;19;28.09.2025 Legge federale del 20 dicembre 2024 sul mezzo d’identificazione elettronico e altri mezzi di autenticazione elettronici (Legge sull’Id-e, LIdE);;campaign_financing;Importi preventivati;persona giuridica o società di persone;Donatore/trice: Schweizerischer Versicherungsverband SVV, Attore/trice: Wirtschaftskomitee Schweizer e-ID, Bern
it;3368;allowances;alphabetical;Finanziamento della campagna elettorale;19;28.09.2025 Legge federale del 20 dicembre 2024 sul mezzo d’identificazione elettronico e altri mezzi di autenticazione elettronici (Legge sull’Id-e, LIdE);;campaign_financing;Importi preventivati;persona giuridica o società di persone;Donatore/trice: digitalswitzerland, Attore/trice: Allianz Pro e-ID, Bern
it;3369;allowances;alphabetical;Finanziamento della campagna elettorale;19;28.09.2025 Legge federale del 20 dicembre 2024 sul mezzo d’identificazione elettronico e altri mezzi di autenticazione elettronici (Legge sull’Id-e, LIdE);;campaign_financing;Importi preventivati;persona giuridica o società di persone;Donatore/trice: digitalswitzerland, Attore/trice: Allianz Pro e-ID, Bern
it;337;allowances;alphabetical;Finanziamento della campagna elettorale;1;22.10.2023 Elezioni del Consiglio nazionale 2023;2023;campaign_financing;Importi preventivati;persona fisica;Donatore/trice: Portmann Hans-Peter, Attore/trice: FDP.Die Liberalen Kanton Zürich, Zürich
it;3370;allowances;alphabetical;Finanziamento della campagna elettorale;19;28.09.2025 Legge federale del 20 dicembre 2024 sul mezzo d’identificazione elettronico e altri mezzi di autenticazione elettronici (Legge sull’Id-e, LIdE);;campaign_financing;Importi preventivati;persona giuridica o società di persone;Donatore/trice: Swiss Cigarette, Attore/trice: Allianz Pro e-ID, Bern
it;3371;allowances;alphabetical;Finanziamento della campagna elettorale;19;28.09.2025 Legge federale del 20 dicembre 2024 sul mezzo d’identificazione elettronico e altri mezzi di autenticazione elettronici (Legge sull’Id-e, LIdE);;campaign_financing;Importi preventivati;persona giuridica o società di persone;Donatore/trice: Ringier AG, Attore/trice: Allianz Pro e-ID, Bern
it;3372;allowances;alphabetical;Finanziamento della campagna elettorale;19;28.09.2025 Legge federale del 20 dicembre 2024 sul mezzo d’identificazione elettronico e altri mezzi di autenticazione elettronici (Legge sull’Id-e, LIdE);;campaign_financing;Importi preventivati;persona giuridica o società di persone;Donatore/trice: TX Group AG, Attore/trice: Allianz Pro e-ID, Bern
it;338;allowances;alphabetical;Finanziamento della campagna elettorale;1;22.10.2023 Elezioni del Consiglio nazionale 2023;2023;campaign_financing;Importi preventivati;persona fisica;Donatore/trice: Balmer Bettina, Attore/trice: FDP.Die Liberalen Kanton Zürich, Zürich
it;339;allowances;alphabetical;Finanziamento della campagna elettorale;1;22.10.2023 Elezioni del Consiglio nazionale 2023;2023;campaign_financing;Importi preventivati;persona fisica;Donatore/trice: Walti Beat, Attore/trice: FDP.Die Liberalen Kanton Zürich, Zürich
it;34;allowances;alphabetical;Finanziamento della campagna elettorale;1;22.10.2023 Elezioni del Consiglio nazionale 2023;2023;campaign_financing;Importi preventivati;persona fisica;Donatore/trice: Mäder Jörg, Attore/trice: Grünliberale Kanton Zürich, Zürich
it;340;allowances;alphabetical;Finanziamento della campagna elettorale;1;22.10.2023 Elezioni del Consiglio nazionale 2023;2023;campaign_financing;Importi preventivati;persona giuridica o società di persone;Donatore/trice: Swiss Life AG, Attore/trice: FDP.Die Liberalen Kanton Zürich, Zürich
it;3407;allowances;alphabetical;Finanziamento della campagna elettorale;21;30.11.2025 Per una politica climatica sociale finanziata in modo fiscalmente equo (Iniziativa per il futuro);;campaign_financing;Importi preventivati;persona giuridica o società di persone;Donatore/trice: Sozialdemokratische Partei der Schweiz, Attore/trice: Gioventù Socialista Svizzera, Bern
it;3408;allowances;alphabetical;Finanziamento della campagna elettorale;21;30.11.2025 Per una politica climatica sociale finanziata in modo fiscalmente equo (Iniziativa per il futuro);;campaign_financing;Importi preventivati;persona fisica;Donatore/trice: Weber Beat, Attore/trice: Gioventù Socialista Svizzera, Bern
it;341;allowances;alphabetical;Finanziamento della campagna elettorale;1;22.10.2023 Elezioni del Consiglio nazionale 2023;2023;campaign_financing;Importi preventivati;persona fisica;Donatore/trice: Müller Matthias, Attore/trice: FDP.Die Liberalen Kanton Zürich, Zürich
it;342;allowances;alphabetical;Finanziamento della campagna elettorale;1;22.10.2023 Elezioni del Consiglio nazionale 2023;2023;campaign_financing;Importi preventivati;persona giuridica o società di persone;Donatore/trice: HEV Kanton Zürich, Attore/trice: FDP.Die Liberalen Kanton Zürich, Zürich
it;343;allowances;alphabetical;Finanziamento della campagna elettorale;1;22.10.2023 Elezioni del Consiglio nazionale 2023;2023;campaign_financing;Importi preventivati;persona fisica;Donatore/trice: Farner Martin, Attore/trice: FDP.Die Liberalen Kanton Zürich, Zürich
it;344;allowances;alphabetical;Finanziamento della campagna elettorale;1;22.10.2023 Elezioni del Consiglio nazionale 2023;2023;campaign_financing;Importi preventivati;persona fisica;Donatore/trice: Sauter Regine, Attore/trice: FDP.Die Liberalen Kanton Zürich, Zürich
it;345;allowances;alphabetical;Finanziamento della campagna elettorale;1;22.10.2023 Elezioni del Consiglio nazionale 2023;2023;campaign_financing;Importi preventivati;persona giuridica o società di persone;Donatore/trice: Swiss Re Management Ltd., Attore/trice: FDP.Die Liberalen Kanton Zürich, Zürich
it;346;allowances;alphabetical;Finanziamento della campagna elettorale;1;22.10.2023 Elezioni del Consiglio nazionale 2023;2023;campaign_financing;Importi preventivati;persona giuridica o società di persone;Donatore/trice: Swissmem, Attore/trice: Brupbacher Trivigno Stefan, Zürich
it;347;allowances;alphabetical;Finanziamento della campagna elettorale;1;22.10.2023 Elezioni del Consiglio nazionale 2023;2023;campaign_financing;Importi preventivati;persona giuridica o società di persone;Donatore/trice: Swissmem, Attore/trice: Brupbacher Trivigno Stefan, Zürich
it;348;allowances;alphabetical;Finanziamento della campagna elettorale;1;22.10.2023 Elezioni del Consiglio nazionale 2023;2023;campaign_financing;Importi preventivati;persona giuridica o società di persone;Donatore/trice: Handelskammer beider Basel, Attore/trice: Dätwyler Martin, Laufen
it;349;allowances;alphabetical;Finanziamento della campagna elettorale;1;22.10.2023 Elezioni del Consiglio nazionale 2023;2023;campaign_financing;Importi preventivati;persona giuridica o società di persone;Donatore/trice: Bobst MEX SA, Attore/trice: Brupbacher Trivigno Stefan, Zürich
it;35;allowances;alphabetical;Finanziamento della campagna elettorale;1;22.10.2023 Elezioni del Consiglio nazionale 2023;2023;campaign_financing;Importi preventivati;persona fisica;Donatore/trice: Bäumle Martin, Attore/trice: Grünliberale Kanton Zürich, Zürich
it;350;allowances;alphabetical;Finanziamento della campagna elettorale;1;22.10.2023 Elezioni del Consiglio nazionale 2023;2023;campaign_financing;Importi preventivati;persona giuridica o società di persone;Donatore/trice: Gemeinnützige Stiftung GAMBIT, Attore/trice: Brupbacher Trivigno Stefan, Zürich
it;351;allowances;alphabetical;Finanziamento della campagna elettorale;1;22.10.2023 Elezioni del Consiglio nazionale 2023;2023;campaign_financing;Importi preventivati;persona giuridica o società di persone;Donatore/trice: Hauseigentümerverband Kanton Zürich, Attore/trice: Farner Martin, Oberstammheim
it;3515;allowances;alphabetical;Finanziamento della campagna elettorale;21;30.11.2025 Per una politica climatica sociale finanziata in modo fiscalmente equo (Iniziativa per il futuro);;campaign_financing;Importi preventivati;persona giuridica o società di persone;Donatore/trice: Industrie- und Handelskammer Thurgau (IHK Thurgau), Attore/trice: Industrie und Handelskammer St. Gallen-Appenzell, St. Gallen
it;3516;allowances;alphabetical;Finanziamento della campagna elettorale;21;30.11.2025 Per una politica climatica sociale finanziata in modo fiscalmente equo (Iniziativa per il futuro);;campaign_financing;Importi preventivati;persona giuridica o società di persone;Donatore/trice: Industrie- und Handelskammer Thurgau (IHK Thurgau), Attore/trice: Industrie und Handelskammer St. Gallen-Appenzell, St. Gallen
it;352;allowances;alphabetical;Finanziamento della campagna elettorale;1;22.10.2023 Elezioni del Consiglio nazionale 2023;2023;campaign_financing;Importi preventivati;persona giuridica o società di persone;Donatore/trice: Schweizerischer Gewerbeverband sgv, Attore/trice: Farner Martin, Oberstammheim
it;3521;allowances;alphabetical;Finanziamento della campagna elettorale;21;30.11.2025 Per una politica climatica sociale finanziata in modo fiscalmente equo (Iniziativa per il futuro);;campaign_financing;Importi preventivati;persona giuridica o società di persone;Donatore/trice: Aktiionskomitee für Freiheit, Attore/trice: Swiss Family Business, Zürich
it;3524;allowances;alphabetical;Finanziamento della campagna elettorale;21;30.11.2025 Per una politica climatica sociale finanziata in modo fiscalmente equo (Iniziativa per il futuro);;campaign_financing;Importi preventivati;persona giuridica o società di persone;Donatore/trice: Aktionskomitee für Freiheit, Attore/trice: PLR.I Liberali Radicali, Bern
it;3527;allowances;alphabetical;Finanziamento della campagna elettorale;21;30.11.2025 Per una politica climatica sociale finanziata in modo fiscalmente equo (Iniziativa per il futuro);;campaign_financing;Importi preventivati;persona fisica;Donatore/trice: Baumann Maja, Attore/trice: PLR.I Liberali Radicali, Bern
it;3528;allowances;alphabetical;Finanziamento della campagna elettorale;21;30.11.2025 Per una politica climatica sociale finanziata in modo fiscalmente equo (Iniziativa per il futuro);;campaign_financing;Importi preventivati;persona giuridica o società di persone;Donatore/trice: HESTA Services AG, Attore/trice: PLR.I Liberali Radicali, Bern
it;3529;allowances;alphabetical;Finanziamento della campagna elettorale;21;30.11.2025 Per una politica climatica sociale finanziata in modo fiscalmente equo (Iniziativa per il futuro);;campaign_financing;Importi preventivati;persona fisica;Donatore/trice: Meier Werner, Attore/trice: PLR.I Liberali Radicali, Bern
it;353;allowances;alphabetical;Finanziamento della campagna elettorale;1;22.10.2023 Elezioni del Consiglio nazionale 2023;2023;campaign_financing;Importi preventivati;persona giuridica o società di persone;Donatore/trice: Comité de coordination des associations économiques, Attore/trice: Le Centre du canton de Genève, Genève
it;3530;allowances;alphabetical;Finanziamento della campagna elettorale;21;30.11.2025 Per una politica climatica sociale finanziata in modo fiscalmente equo (Iniziativa per il futuro);;campaign_financing;Importi preventivati;persona giuridica o società di persone;Donatore/trice: ARTEMIS HOLDING AG, Attore/trice: PLR.I Liberali Radicali, Bern
it;3531;allowances;alphabetical;Finanziamento della campagna elettorale;21;30.11.2025 Per una politica climatica sociale finanziata in modo fiscalmente equo (Iniziativa per il futuro);;campaign_financing;Importi preventivati;persona giuridica o società di persone;Donatore/trice: Aktionskomitee für Freiheit, Attore/trice: PLR.I Liberali Radicali, Bern
it;3532;allowances;alphabetical;Finanziamento della campagna elettorale;21;30.11.2025 Per una politica climatica sociale finanziata in modo fiscalmente equo (Iniziativa per il futuro);;campaign_financing;Importi preventivati;persona giuridica o società di persone;Donatore/trice: ARTEMIS HOLDING AG, Attore/trice: PLR.I Liberali Radicali, Bern
it;3533;allowances;alphabetical;Finanziamento della campagna elettorale;20;30.11.2025 Per una Svizzera che si impegna (Iniziativa Servizio civico);2025;campaign_financing;Importi preventivati;persona fisica;Donatore/trice: Brügger Leopold, Attore/trice: Association suisse pour la promotion de l'engagement de milice, Genève
it;3534;allowances;alphabetical;Finanziamento della campagna elettorale;20;30.11.2025 Per una Svizzera che si impegna (Iniziativa Servizio civico);2025;campaign_financing;Importi preventivati;persona fisica;Donatore/trice: Gueissaz Pascal, Attore/trice: Association suisse pour la promotion de l'engagement de milice, Genève
it;3535;allowances;alphabetical;Finanziamento della campagna elettorale;20;30.11.2025 Per una Svizzera che si impegna (Iniziativa Servizio civico);2025;campaign_financing;Importi preventivati;persona giuridica o società di persone;Donatore/trice: Bonny Stiftung für Freiheit, Attore/trice: Association suisse pour la promotion de l'engagement de milice, Genève
it;3537;allowances;alphabetical;Finanziamento della campagna elettorale;20;30.11.2025 Per una Svizzera che si impegna (Iniziativa Servizio civico);2025;campaign_financing;Importi preventivati;persona fisica;Donatore/trice: Angéloz Claude Pascal, Attore/trice: Association suisse pour la promotion de l'engagement de milice, Genève
it;3539;allowances;alphabetical;Finanziamento della campagna elettorale;21;30.11.2025 Per una politica climatica sociale finanziata in modo fiscalmente equo (Iniziativa per il futuro);;campaign_financing;Importi preventivati;persona giuridica o società di persone;Donatore/trice: Association de Banques Privées Suisses, Attore/trice: Chambre de commerce, d'industrie et des services de Genève, Genève
it;354;allowances;alphabetical;Finanziamento della campagna elettorale;1;22.10.2023 Elezioni del Consiglio nazionale 2023;2023;campaign_financing;Importi preventivati;persona giuridica o società di persone;Donatore/trice: Hauseigentümerverband Region Winterthur, Attore/trice: Farner Martin, Oberstammheim
it;3540;allowances;alphabetical;Finanziamento della campagna elettorale;21;30.11.2025 Per una politica climatica sociale finanziata in modo fiscalmente equo (Iniziativa per il futuro);;campaign_financing;Importi preventivati;persona giuridica o società di persone;Donatore/trice: Parti Libéral-Radical Genève, Attore/trice: Chambre de commerce, d'industrie et des services de Genève, Genève
it;3541;allowances;alphabetical;Finanziamento della campagna elettorale;21;30.11.2025 Per una politica climatica sociale finanziata in modo fiscalmente equo (Iniziativa per il futuro);;campaign_financing;Importi preventivati;persona giuridica o società di persone;Donatore/trice: Fédération des entreprises romandes Genève (FER Genève), Attore/trice: Chambre de commerce, d'industrie et des services de Genève, Genève
it;3543;allowances;alphabetical;Finanziamento della campagna elettorale;20;30.11.2025 Per una Svizzera che si impegna (Iniziativa Servizio civico);2025;campaign_financing;Importi preventivati;persona giuridica o società di persone;Donatore/trice: Verband Militärischer Gesellschaften VMG, Attore/trice: Allianz Sicherheit Schweiz, Zürich
it;3544;allowances;alphabetical;Finanziamento della campagna elettorale;20;30.11.2025 Per una Svizzera che si impegna (Iniziativa Servizio civico);2025;campaign_financing;Importi preventivati;persona giuridica o società di persone;Donatore/trice: economiesuisse, Attore/trice: Allianz Sicherheit Schweiz, Zürich
it;3545;allowances;alphabetical;Finanziamento della campagna elettorale;20;30.11.2025 Per una Svizzera che si impegna (Iniziativa Servizio civico);2025;campaign_financing;Importi preventivati;persona giuridica o società di persone;Donatore/trice: Swissmem, Attore/trice: Allianz Sicherheit Schweiz, Zürich
it;3546;allowances;alphabetical;Finanziamento dei partiti politici;17;2024;;party_financing;;persona giuridica o società di persone;Donatore/trice: Verein Aktionskomitee für Freiheit und Verantwortung, Attore/trice: PLR.I Liberali Radicali, Bern
it;3547;allowances;alphabetical;Finanziamento dei partiti politici;17;2024;;party_financing;;persona giuridica o società di persone;Donatore/trice: SCHWEIZERISCHE BANKIERVEREINIGUNG, Attore/trice: PLR.I Liberali Radicali, Bern
it;3548;allowances;alphabetical;Finanziamento dei partiti politici;17;2024;;party_financing;;persona giuridica o società di persone;Donatore/trice: Roche Holding AG, Attore/trice: PLR.I Liberali Radicali, Bern
it;3549;allowances;alphabetical;Finanziamento dei partiti politici;17;2024;;party_financing;;persona giuridica o società di persone;Donatore/trice: Aneba Holding AG, Attore/trice: PLR.I Liberali Radicali, Bern
it;355;allowances;alphabetical;Finanziamento della campagna elettorale;1;22.10.2023 Elezioni del Consiglio nazionale 2023;2023;campaign_financing;Importi preventivati;persona giuridica o società di persone;Donatore/trice: Hauseigentümerverband Region Winterthur, Attore/trice: Farner Martin, Oberstammheim
it;3550;allowances;alphabetical;Finanziamento dei partiti politici;17;2024;;party_financing;;persona giuridica o società di persone;Donatore/trice: Swiss Life AG, Attore/trice: PLR.I Liberali Radicali, Bern
it;3551;allowances;alphabetical;Finanziamento dei partiti politici;17;2024;;party_financing;;persona giuridica o società di persone;Donatore/trice: Bank Julius Bär and Co Ltd, Attore/trice: PLR.I Liberali Radicali, Bern
it;3552;allowances;alphabetical;Finanziamento dei partiti politici;17;2024;;party_financing;;persona giuridica o società di persone;Donatore/trice: Interpharma, Attore/trice: PLR.I Liberali Radicali, Bern
it;3553;allowances;alphabetical;Finanziamento dei partiti politici;17;2024;;party_financing;;persona giuridica o società di persone;Donatore/trice: Schweizerischer Versicherungsverband SVV, Attore/trice: PLR.I Liberali Radicali, Bern
it;3554;allowances;alphabetical;Finanziamento dei partiti politici;17;2024;;party_financing;;persona giuridica o società di persone;Donatore/trice: UBS AG, Attore/trice: PLR.I Liberali Radicali, Bern
it;3555;allowances;alphabetical;Finanziamento dei partiti politici;17;2024;;party_financing;;persona giuridica o società di persone;Donatore/trice: Sulzer Management AG, Attore/trice: PLR.I Liberali Radicali, Bern
it;3556;allowances;alphabetical;Finanziamento dei partiti politici;17;2024;;party_financing;;persona giuridica o società di persone;Donatore/trice: SWISS INTERNATIONAL AIR LINES AG, Attore/trice: PLR.I Liberali Radicali, Bern
it;3557;allowances;alphabetical;Finanziamento dei partiti politici;17;2024;;party_financing;;persona fisica;Donatore/trice: Sprüngli Luzius, Attore/trice: PLR.I Liberali Radicali, Bern
it;3558;allowances;alphabetical;Finanziamento dei partiti politici;17;2024;;party_financing;;persona fisica;Donatore/trice: Michel Simon, Attore/trice: PLR.I Liberali Radicali, Bern
it;3559;allowances;alphabetical;Finanziamento dei partiti politici;17;2024;;party_financing;;persona fisica;Donatore/trice: Brechbühl Beat, Attore/trice: PLR.I Liberali Radicali, Bern
it;356;allowances;alphabetical;Finanziamento della campagna elettorale;1;22.10.2023 Elezioni del Consiglio nazionale 2023;2023;campaign_financing;Importi preventivati;persona giuridica o società di persone;Donatore/trice: Union Bancaire Privée, Attore/trice: Parti libéral-radical genevois, Genève
it;3560;allowances;alphabetical;Finanziamento dei partiti politici;17;2024;;party_financing;;persona fisica;Donatore/trice: Heberlein Trix u Robert, Attore/trice: PLR.I Liberali Radicali, Bern
it;3561;allowances;alphabetical;Finanziamento dei partiti politici;17;2024;;party_financing;;persona giuridica o società di persone;Donatore/trice: Bucher Industries, Attore/trice: PLR.I Liberali Radicali, Bern
it;3562;allowances;alphabetical;Finanziamento dei partiti politici;17;2024;;party_financing;;persona fisica;Donatore/trice: Wellauer Thomas, Attore/trice: PLR.I Liberali Radicali, Bern
it;3563;allowances;alphabetical;Finanziamento dei partiti politici;17;2024;;party_financing;;persona giuridica o società di persone;Donatore/trice: Schindler Aufzüge AG, Attore/trice: PLR.I Liberali Radicali, Bern
it;3564;allowances;alphabetical;Finanziamento dei partiti politici;17;2024;;party_financing;;persona giuridica o società di persone;Donatore/trice: Raiffeisen Schweiz Genossenschaft, Attore/trice: PLR.I Liberali Radicali, Bern
it;3565;allowances;alphabetical;Finanziamento dei partiti politici;17;2024;;party_financing;;persona giuridica o società di persone;Donatore/trice: economiesuisse, Attore/trice: PLR.I Liberali Radicali, Bern
it;3566;allowances;alphabetical;Finanziamento dei partiti politici;17;2024;;party_financing;;persona giuridica o società di persone;Donatore/trice: AXA Versicherungen AG, Attore/trice: PLR.I Liberali Radicali, Bern
it;3567;allowances;alphabetical;Finanziamento dei partiti politici;17;2024;;party_financing;;persona giuridica o società di persone;Donatore/trice: Aneba Holding AG, Attore/trice: PLR.I Liberali Radicali, Bern
it;3568;allowances;alphabetical;Finanziamento dei partiti politici;17;2024;;party_financing;;persona giuridica o società di persone;Donatore/trice: Novartis International AG, Attore/trice: PLR.I Liberali Radicali, Bern
it;3569;allowances;alphabetical;Finanziamento dei partiti politici;17;2024;;party_financing;;persona giuridica o società di persone;Donatore/trice: Holcim (Schweiz) AG, Attore/trice: PLR.I Liberali Radicali, Bern
it;357;allowances;alphabetical;Finanziamento della campagna elettorale;1;22.10.2023 Elezioni del Consiglio nazionale 2023;2023;campaign_financing;Importi preventivati;persona giuridica o società di persone;Donatore/trice: Comité de coordination des associations économiques, Attore/trice: Parti libéral-radical genevois, Genève
it;3570;allowances;alphabetical;Finanziamento dei partiti politici;17;2024;;party_financing;;persona giuridica o società di persone;Donatore/trice: Zürich Versicherungs-Gesellschaft AG, Attore/trice: PLR.I Liberali Radicali, Bern
it;3571;allowances;alphabetical;Finanziamento dei partiti politici;17;2024;;party_financing;;persona giuridica o società di persone;Donatore/trice: Schweizerische Mobiliar Versicherungsgesellschaft AG, Attore/trice: PLR.I Liberali Radicali, Bern
it;3572;allowances;alphabetical;Finanziamento dei partiti politici;17;2024;;party_financing;;persona giuridica o società di persone;Donatore/trice: Helvetia Schweiz Versicherung, Attore/trice: PLR.I Liberali Radicali, Bern
it;3573;allowances;alphabetical;Finanziamento dei partiti politici;17;2024;;party_financing;;persona giuridica o società di persone;Donatore/trice: Baloise Versicherung AG, Attore/trice: PLR.I Liberali Radicali, Bern
it;3574;allowances;alphabetical;Finanziamento dei partiti politici;17;2024;;party_financing;;persona giuridica o società di persone;Donatore/trice: Nestle SA, Attore/trice: PLR.I Liberali Radicali, Bern
it;3575;allowances;alphabetical;Finanziamento dei partiti politici;17;2024;;party_financing;;persona giuridica o società di persone;Donatore/trice: SCHWEIZERISCHE BANKIERVEREINIGUNG, Attore/trice: PLR.I Liberali Radicali, Bern
it;3576;allowances;alphabetical;Finanziamento dei partiti politici;17;2024;;party_financing;;persona giuridica o società di persone;Donatore/trice: economiesuisse, Attore/trice: PLR.I Liberali Radicali, Bern
it;3577;allowances;alphabetical;Finanziamento dei partiti politici;17;2024;;party_financing;;persona giuridica o società di persone;Donatore/trice: SIX Group Services AG, Attore/trice: PLR.I Liberali Radicali, Bern
it;3578;allowances;alphabetical;Finanziamento dei partiti politici;17;2024;;party_financing;;persona giuridica o società di persone;Donatore/trice: SIX Group Services AG, Attore/trice: PLR.I Liberali Radicali, Bern
it;3579;allowances;alphabetical;Finanziamento dei partiti politici;17;2024;;party_financing;;persona fisica;Donatore/trice: Thut Rolf, Attore/trice: PLR.I Liberali Radicali, Bern
it;358;allowances;alphabetical;Finanziamento della campagna elettorale;1;22.10.2023 Elezioni del Consiglio nazionale 2023;2023;campaign_financing;Importi preventivati;persona fisica;Donatore/trice: De Planta Renaud, Attore/trice: Parti libéral-radical genevois, Genève
it;3580;allowances;alphabetical;Finanziamento dei partiti politici;17;2024;;party_financing;;persona giuridica o società di persone;Donatore/trice: Verein Aktionskomitee für Freiheit und Verantwortung, Attore/trice: PLR.I Liberali Radicali, Bern
it;3581;allowances;alphabetical;Finanziamento dei partiti politici;17;2024;;party_financing;;persona fisica;Donatore/trice: Vogt Valentin, Attore/trice: PLR.I Liberali Radicali, Bern
it;3582;allowances;alphabetical;Finanziamento dei partiti politici;17;2024;;party_financing;;persona fisica;Donatore/trice: Vogt Valentin, Attore/trice: PLR.I Liberali Radicali, Bern
it;3583;allowances;alphabetical;Finanziamento dei partiti politici;17;2024;;party_financing;;persona giuridica o società di persone;Donatore/trice: Schaffner Ryhiner Beteiligungen AG, Attore/trice: PLR.I Liberali Radicali, Bern
it;3584;allowances;alphabetical;Finanziamento dei partiti politici;17;2024;;party_financing;;persona fisica;Donatore/trice: Haefner Martin, Attore/trice: PLR.I Liberali Radicali, Bern
it;3585;allowances;alphabetical;Finanziamento dei partiti politici;17;2024;;party_financing;;persona fisica;Donatore/trice: Michel Simon, Attore/trice: PLR.I Liberali Radicali, Bern
it;3586;allowances;alphabetical;Finanziamento dei partiti politici;17;2024;;party_financing;;persona fisica;Donatore/trice: Baumann Maja, Attore/trice: PLR.I Liberali Radicali, Bern
it;3587;allowances;alphabetical;Finanziamento dei partiti politici;17;2024;;party_financing;;persona giuridica o società di persone;Donatore/trice: Schweizerischer Hauseigentümerverband, Attore/trice: PLR.I Liberali Radicali, Bern
it;3588;allowances;alphabetical;Finanziamento dei partiti politici;17;2024;;party_financing;;persona giuridica o società di persone;Donatore/trice: economiesuisse, Attore/trice: PLR.I Liberali Radicali, Bern
it;3589;allowances;alphabetical;Finanziamento dei partiti politici;17;2024;;party_financing;;persona giuridica o società di persone;Donatore/trice: Schweizerischer Hauseigentümerverband, Attore/trice: PLR.I Liberali Radicali, Bern
it;359;allowances;alphabetical;Finanziamento della campagna elettorale;1;22.10.2023 Elezioni del Consiglio nazionale 2023;2023;campaign_financing;Importi preventivati;persona fisica;Donatore/trice: Burger Philippe, Attore/trice: Piratenpartei Zürich, Zürich
it;3590;allowances;alphabetical;Finanziamento dei partiti politici;17;2024;;party_financing;;persona giuridica o società di persone;Donatore/trice: Schweizerischer Hauseigentümerverband, Attore/trice: PLR.I Liberali Radicali, Bern
it;3591;allowances;alphabetical;Finanziamento dei partiti politici;17;2024;;party_financing;;persona giuridica o società di persone;Donatore/trice: Schweizer Bauernverband, Attore/trice: PLR.I Liberali Radicali, Bern
it;3592;allowances;alphabetical;Finanziamento dei partiti politici;17;2024;;party_financing;;persona giuridica o società di persone;Donatore/trice: Schweizerischer Arbeitgeberverband SAV, Attore/trice: PLR.I Liberali Radicali, Bern
it;3593;allowances;alphabetical;Finanziamento dei partiti politici;17;2024;;party_financing;;persona giuridica o società di persone;Donatore/trice: KMU-und Gewerbeverband Kanton Zürich, Attore/trice: PLR.I Liberali Radicali, Bern
it;3594;allowances;alphabetical;Finanziamento dei partiti politici;17;2024;;party_financing;;persona giuridica o società di persone;Donatore/trice: economiesuisse, Attore/trice: PLR.I Liberali Radicali, Bern
it;3595;allowances;alphabetical;Finanziamento dei partiti politici;17;2024;;party_financing;;persona giuridica o società di persone;Donatore/trice: economiesuisse, Attore/trice: PLR.I Liberali Radicali, Bern
it;3596;allowances;alphabetical;Finanziamento dei partiti politici;17;2024;;party_financing;;persona giuridica o società di persone;Donatore/trice: economiesuisse, Attore/trice: PLR.I Liberali Radicali, Bern
it;3597;allowances;alphabetical;Finanziamento dei partiti politici;17;2024;;party_financing;;persona giuridica o società di persone;Donatore/trice: economiesuisse, Attore/trice: PLR.I Liberali Radicali, Bern
it;3598;allowances;alphabetical;Finanziamento dei partiti politici;17;2024;;party_financing;;persona giuridica o società di persone;Donatore/trice: economiesuisse, Attore/trice: PLR.I Liberali Radicali, Bern
it;3599;allowances;alphabetical;Finanziamento dei partiti politici;17;2024;;party_financing;;persona giuridica o società di persone;Donatore/trice: economiesuisse, Attore/trice: PLR.I Liberali Radicali, Bern
it;36;allowances;alphabetical;Finanziamento della campagna elettorale;1;22.10.2023 Elezioni del Consiglio nazionale 2023;2023;campaign_financing;Importi preventivati;persona fisica;Donatore/trice: Gredig Corina, Attore/trice: Grünliberale Kanton Zürich, Zürich
it;3600;allowances;alphabetical;Finanziamento dei partiti politici;17;2024;;party_financing;;persona giuridica o società di persone;Donatore/trice: Avesco AG, Attore/trice: PLR.I Liberali Radicali, Bern
it;3601;allowances;alphabetical;Finanziamento dei partiti politici;17;2024;;party_financing;;persona giuridica o società di persone;Donatore/trice: Avesco AG, Attore/trice: PLR.I Liberali Radicali, Bern
it;3602;allowances;alphabetical;Finanziamento dei partiti politici;17;2024;;party_financing;;persona giuridica o società di persone;Donatore/trice: Helvetia Schweiz Versicherung, Attore/trice: PLR.I Liberali Radicali, Bern
it;3603;allowances;alphabetical;Finanziamento dei partiti politici;17;2024;;party_financing;;persona giuridica o società di persone;Donatore/trice: Maerki Baumann & Co. AG, Attore/trice: PLR.I Liberali Radicali, Bern
it;3604;allowances;alphabetical;Finanziamento dei partiti politici;17;2024;;party_financing;;persona giuridica o società di persone;Donatore/trice: Maerki Baumann & Co. AG, Attore/trice: PLR.I Liberali Radicali, Bern
it;3605;allowances;alphabetical;Finanziamento dei partiti politici;17;2024;;party_financing;;persona giuridica o società di persone;Donatore/trice: Maerki Baumann & Co. AG, Attore/trice: PLR.I Liberali Radicali, Bern
it;3606;allowances;alphabetical;Finanziamento dei partiti politici;17;2024;;party_financing;;persona giuridica o società di persone;Donatore/trice: Maerki Baumann & Co. AG, Attore/trice: PLR.I Liberali Radicali, Bern
it;3607;allowances;alphabetical;Finanziamento dei partiti politici;17;2024;;party_financing;;persona giuridica o società di persone;Donatore/trice: Maerki Baumann & Co. AG, Attore/trice: PLR.I Liberali Radicali, Bern
it;3608;allowances;alphabetical;Finanziamento dei partiti politici;17;2024;;party_financing;;persona giuridica o società di persone;Donatore/trice: Schelling AG, Attore/trice: PLR.I Liberali Radicali, Bern
it;3609;allowances;alphabetical;Finanziamento dei partiti politici;17;2024;;party_financing;;persona giuridica o società di persone;Donatore/trice: Schelling AG, Attore/trice: PLR.I Liberali Radicali, Bern
it;3610;allowances;alphabetical;Finanziamento dei partiti politici;17;2024;;party_financing;;persona giuridica o società di persone;Donatore/trice: Schelling AG, Attore/trice: PLR.I Liberali Radicali, Bern
it;3611;allowances;alphabetical;Finanziamento dei partiti politici;17;2024;;party_financing;;persona fisica;Donatore/trice: Mosimann Philip, Attore/trice: PLR.I Liberali Radicali, Bern
it;3612;allowances;alphabetical;Finanziamento dei partiti politici;17;2024;;party_financing;;persona fisica;Donatore/trice: Mosimann Philip, Attore/trice: PLR.I Liberali Radicali, Bern
it;3613;allowances;alphabetical;Finanziamento dei partiti politici;17;2024;;party_financing;;persona fisica;Donatore/trice: Mosimann Philip, Attore/trice: PLR.I Liberali Radicali, Bern
it;3614;allowances;alphabetical;Finanziamento dei partiti politici;17;2024;;party_financing;;persona fisica;Donatore/trice: Mosimann Philip, Attore/trice: PLR.I Liberali Radicali, Bern
it;3616;allowances;alphabetical;Finanziamento dei partiti politici;17;2024;;party_financing;;persona giuridica o società di persone;Donatore/trice: Fondation Groupe Mutuel, Attore/trice: PLR.I Liberali Radicali, Bern
it;3621;allowances;alphabetical;Finanziamento della campagna elettorale;20;30.11.2025 Per una Svizzera che si impegna (Iniziativa Servizio civico);2025;campaign_financing;Importi preventivati;persona fisica;Donatore/trice: Brügger Leopold, Attore/trice: Amicale Populaire et Patriotique pour un Service Citoyen, Villarzel
it;3622;allowances;alphabetical;Finanziamento della campagna elettorale;20;30.11.2025 Per una Svizzera che si impegna (Iniziativa Servizio civico);2025;campaign_financing;Importi preventivati;persona fisica;Donatore/trice: Brügger Leopold, Attore/trice: Amicale Populaire et Patriotique pour un Service Citoyen, Villarzel
it;3626;allowances;alphabetical;Finanziamento della campagna elettorale;19;28.09.2025 Legge federale del 20 dicembre 2024 sul mezzo d’identificazione elettronico e altri mezzi di autenticazione elettronici (Legge sull’Id-e, LIdE);;campaign_financing;Importi finali;persona giuridica o società di persone;Donatore/trice: economiesuisse, Attore/trice: Wirtschaftskomitee Schweizer e-ID, Bern
it;3627;allowances;alphabetical;Finanziamento della campagna elettorale;19;28.09.2025 Legge federale del 20 dicembre 2024 sul mezzo d’identificazione elettronico e altri mezzi di autenticazione elettronici (Legge sull’Id-e, LIdE);;campaign_financing;Importi finali;persona giuridica o società di persone;Donatore/trice: Swisscom, Attore/trice: Wirtschaftskomitee Schweizer e-ID, Bern
it;3628;allowances;alphabetical;Finanziamento della campagna elettorale;19;28.09.2025 Legge federale del 20 dicembre 2024 sul mezzo d’identificazione elettronico e altri mezzi di autenticazione elettronici (Legge sull’Id-e, LIdE);;campaign_financing;Importi finali;persona giuridica o società di persone;Donatore/trice: Schweizerischer Versicherungsverband SVV, Attore/trice: Wirtschaftskomitee Schweizer e-ID, Bern
it;3629;allowances;alphabetical;Finanziamento della campagna elettorale;21;30.11.2025 Per una politica climatica sociale finanziata in modo fiscalmente equo (Iniziativa per il futuro);;campaign_financing;Importi preventivati;persona giuridica o società di persone;"Donatore/trice: economiesuisse, Attore/trice: Allianz ""Nein zur extremen Juso-Initiative"", Bern"
it;363;allowances;alphabetical;Finanziamento della campagna elettorale;1;22.10.2023 Elezioni del Consiglio nazionale 2023;2023;campaign_financing;Importi preventivati;persona giuridica o società di persone;Donatore/trice: EDU Schweiz, Attore/trice: Eidgenössisch-Demokratische Union des Kantons Bern, Münsingen
it;3630;allowances;alphabetical;Finanziamento della campagna elettorale;21;30.11.2025 Per una politica climatica sociale finanziata in modo fiscalmente equo (Iniziativa per il futuro);;campaign_financing;Importi preventivati;persona giuridica o società di persone;"Donatore/trice: Handelskammer beider Basel, Attore/trice: Allianz ""Nein zur extremen Juso-Initiative"", Bern"
it;3631;allowances;alphabetical;Finanziamento della campagna elettorale;21;30.11.2025 Per una politica climatica sociale finanziata in modo fiscalmente equo (Iniziativa per il futuro);;campaign_financing;Importi preventivati;persona giuridica o società di persone;"Donatore/trice: Verein Mehrwert Schweiz, Attore/trice: Allianz ""Nein zur extremen Juso-Initiative"", Bern"
it;3632;allowances;alphabetical;Finanziamento della campagna elettorale;21;30.11.2025 Per una politica climatica sociale finanziata in modo fiscalmente equo (Iniziativa per il futuro);;campaign_financing;Importi preventivati;persona giuridica o società di persone;"Donatore/trice: Zürcher Handelskammer, Attore/trice: Allianz ""Nein zur extremen Juso-Initiative"", Bern"
it;3633;allowances;alphabetical;Finanziamento della campagna elettorale;18;28.09.2025 Decreto federale del 20 dicembre 2024 concernente l’imposta immobiliare cantonale sulle abitazioni secondarie;;campaign_financing;Importi finali;persona giuridica o società di persone;Donatore/trice: HEV Schweiz, Attore/trice: Hauseigentümerverband Kanton Schwyz, Schwyz
it;3636;allowances;alphabetical;Finanziamento della campagna elettorale;18;28.09.2025 Decreto federale del 20 dicembre 2024 concernente l’imposta immobiliare cantonale sulle abitazioni secondarie;;campaign_financing;Importi finali;persona giuridica o società di persone;Donatore/trice: Hauseigentümerverband Schweiz (HEV Schweiz), Attore/trice: Hauseigentümer-Verband Kanton St. Gallen, St. Gallen
it;3637;allowances;alphabetical;Finanziamento della campagna elettorale;18;28.09.2025 Decreto federale del 20 dicembre 2024 concernente l’imposta immobiliare cantonale sulle abitazioni secondarie;;campaign_financing;Importi finali;persona giuridica o società di persone;Donatore/trice: Kantonaler Gewerbeverband St.Gallen, Attore/trice: Hauseigentümer-Verband Kanton St. Gallen, St. Gallen
it;364;allowances;alphabetical;Finanziamento della campagna elettorale;1;22.10.2023 Elezioni del Consiglio nazionale 2023;2023;campaign_financing;Importi preventivati;persona giuridica o società di persone;Donatore/trice: EDU Schweiz, Attore/trice: Eidgenössisch-Demokratische Union (EDU) Kanton Zürich, Winterthur
it;3642;allowances;alphabetical;Finanziamento della campagna elettorale;18;28.09.2025 Decreto federale del 20 dicembre 2024 concernente l’imposta immobiliare cantonale sulle abitazioni secondarie;;campaign_financing;Importi finali;persona giuridica o società di persone;Donatore/trice: Hauseigentümerverband Schweiz, Attore/trice: Hauseigentümerverband Kanton Luzern, Luzern
it;3643;allowances;alphabetical;Finanziamento della campagna elettorale;18;28.09.2025 Decreto federale del 20 dicembre 2024 concernente l’imposta immobiliare cantonale sulle abitazioni secondarie;;campaign_financing;Importi finali;persona giuridica o società di persone;Donatore/trice: Hauseigentümerverband (HEV) Schweiz, Attore/trice: Überparteiliches Komitee JA zur Abschaffung des Eigenmietwerts (HEV Schweiz), Zürich
it;3644;allowances;alphabetical;Finanziamento della campagna elettorale;18;28.09.2025 Decreto federale del 20 dicembre 2024 concernente l’imposta immobiliare cantonale sulle abitazioni secondarie;;campaign_financing;Importi finali;persona giuridica o società di persone;Donatore/trice: Hauseigentümerverband (HEV) Schweiz, Attore/trice: Überparteiliches Komitee JA zur Abschaffung des Eigenmietwerts (HEV Schweiz), Zürich
it;3645;allowances;alphabetical;Finanziamento della campagna elettorale;18;28.09.2025 Decreto federale del 20 dicembre 2024 concernente l’imposta immobiliare cantonale sulle abitazioni secondarie;;campaign_financing;Importi finali;persona giuridica o società di persone;Donatore/trice: Hauseigentümerverband (HEV) Schweiz, Attore/trice: Überparteiliches Komitee JA zur Abschaffung des Eigenmietwerts (HEV Schweiz), Zürich
it;3648;allowances;alphabetical;Finanziamento della campagna elettorale;18;28.09.2025 Decreto federale del 20 dicembre 2024 concernente l’imposta immobiliare cantonale sulle abitazioni secondarie;;campaign_financing;Importi finali;persona giuridica o società di persone;Donatore/trice: HEV Schweiz, Attore/trice: Hauseigentümerverband Aargau, Baden
it;3649;allowances;alphabetical;Finanziamento della campagna elettorale;18;28.09.2025 Decreto federale del 20 dicembre 2024 concernente l’imposta immobiliare cantonale sulle abitazioni secondarie;;campaign_financing;Importi finali;persona giuridica o società di persone;Donatore/trice: Hauseigentümerverband Schweiz, Attore/trice: Hauseigentümerverband Graubünden, Chur
it;3650;allowances;alphabetical;Finanziamento della campagna elettorale;19;28.09.2025 Legge federale del 20 dicembre 2024 sul mezzo d’identificazione elettronico e altri mezzi di autenticazione elettronici (Legge sull’Id-e, LIdE);;campaign_financing;Importi finali;persona giuridica o società di persone;Donatore/trice: digitalswitzerland, Attore/trice: Allianz Pro e-ID, Bern
it;3651;allowances;alphabetical;Finanziamento della campagna elettorale;19;28.09.2025 Legge federale del 20 dicembre 2024 sul mezzo d’identificazione elettronico e altri mezzi di autenticazione elettronici (Legge sull’Id-e, LIdE);;campaign_financing;Importi finali;persona giuridica o società di persone;Donatore/trice: digitalswitzerland, Attore/trice: Allianz Pro e-ID, Bern
it;3652;allowances;alphabetical;Finanziamento della campagna elettorale;19;28.09.2025 Legge federale del 20 dicembre 2024 sul mezzo d’identificazione elettronico e altri mezzi di autenticazione elettronici (Legge sull’Id-e, LIdE);;campaign_financing;Importi finali;persona giuridica o società di persone;Donatore/trice: Swiss Cigarette, Attore/trice: Allianz Pro e-ID, Bern
it;3653;allowances;alphabetical;Finanziamento della campagna elettorale;19;28.09.2025 Legge federale del 20 dicembre 2024 sul mezzo d’identificazione elettronico e altri mezzi di autenticazione elettronici (Legge sull’Id-e, LIdE);;campaign_financing;Importi finali;persona giuridica o società di persone;Donatore/trice: Ringier AG, Attore/trice: Allianz Pro e-ID, Bern
it;3654;allowances;alphabetical;Finanziamento della campagna elettorale;19;28.09.2025 Legge federale del 20 dicembre 2024 sul mezzo d’identificazione elettronico e altri mezzi di autenticazione elettronici (Legge sull’Id-e, LIdE);;campaign_financing;Importi finali;persona giuridica o società di persone;Donatore/trice: TX Group AG, Attore/trice: Allianz Pro e-ID, Bern
it;3655;allowances;alphabetical;Finanziamento della campagna elettorale;19;28.09.2025 Legge federale del 20 dicembre 2024 sul mezzo d’identificazione elettronico e altri mezzi di autenticazione elettronici (Legge sull’Id-e, LIdE);;campaign_financing;Importi finali;persona giuridica o società di persone;Donatore/trice: digitalswitzerland, Attore/trice: Allianz Pro e-ID, Bern
it;3656;allowances;alphabetical;Finanziamento della campagna elettorale;19;28.09.2025 Legge federale del 20 dicembre 2024 sul mezzo d’identificazione elettronico e altri mezzi di autenticazione elettronici (Legge sull’Id-e, LIdE);;campaign_financing;Importi finali;persona giuridica o società di persone;Donatore/trice: Ringier AG, Attore/trice: Allianz Pro e-ID, Bern
it;3657;allowances;alphabetical;Finanziamento della campagna elettorale;19;28.09.2025 Legge federale del 20 dicembre 2024 sul mezzo d’identificazione elettronico e altri mezzi di autenticazione elettronici (Legge sull’Id-e, LIdE);;campaign_financing;Importi finali;persona giuridica o società di persone;Donatore/trice: digitalswitzerland, Attore/trice: Allianz Pro e-ID, Bern
it;3672;allowances;alphabetical;Finanziamento della campagna elettorale;18;28.09.2025 Decreto federale del 20 dicembre 2024 concernente l’imposta immobiliare cantonale sulle abitazioni secondarie;;campaign_financing;Importi finali;persona giuridica o società di persone;Donatore/trice: Hauseigentümerverband Schweiz, Attore/trice: Hauseigentümerverband Kanton Bern, Bern
it;3673;allowances;alphabetical;Finanziamento della campagna elettorale;18;28.09.2025 Decreto federale del 20 dicembre 2024 concernente l’imposta immobiliare cantonale sulle abitazioni secondarie;;campaign_financing;Importi finali;persona giuridica o società di persone;Donatore/trice: Hauseigentümerverband Bern und Umgebung, Attore/trice: Hauseigentümerverband Kanton Bern, Bern
it;3688;allowances;alphabetical;Finanziamento della campagna elettorale;18;28.09.2025 Decreto federale del 20 dicembre 2024 concernente l’imposta immobiliare cantonale sulle abitazioni secondarie;;campaign_financing;Importi finali;persona giuridica o società di persone;Donatore/trice: Hauseigentümerverband Basel-Stadt, Attore/trice: Kantonales Komitee «JA zur Abschaffung des Eigenmietwerts» (HEV Basel-Stadt), Basel
it;3692;allowances;alphabetical;Finanziamento della campagna elettorale;19;28.09.2025 Legge federale del 20 dicembre 2024 sul mezzo d’identificazione elettronico e altri mezzi di autenticazione elettronici (Legge sull’Id-e, LIdE);;campaign_financing;Importi finali;persona fisica;Donatore/trice: Kocher Stephan, Attore/trice: Referendumskomitee E-ID 2.0, Zürich
it;3693;allowances;alphabetical;Finanziamento della campagna elettorale;18;28.09.2025 Decreto federale del 20 dicembre 2024 concernente l’imposta immobiliare cantonale sulle abitazioni secondarie;;campaign_financing;Importi finali;persona giuridica o società di persone;Donatore/trice: Hauseigentümerverband Schweiz (HEV Schweiz), Attore/trice: Hauseigentümerverband Baselland, Pratteln
it;3694;allowances;alphabetical;Finanziamento della campagna elettorale;21;30.11.2025 Per una politica climatica sociale finanziata in modo fiscalmente equo (Iniziativa per il futuro);;campaign_financing;Importi preventivati;persona giuridica o società di persone;Donatore/trice: Gemeinnützige Stiftung Gambit, Attore/trice: Unione svizzera delle arti e mestieri, Berna
it;3695;allowances;alphabetical;Finanziamento della campagna elettorale;18;28.09.2025 Decreto federale del 20 dicembre 2024 concernente l’imposta immobiliare cantonale sulle abitazioni secondarie;;campaign_financing;Importi finali;persona giuridica o società di persone;Donatore/trice: HEV Schweiz, Attore/trice: Hauseigentümerverband Thurgau, Kreuzlingen
it;3696;allowances;alphabetical;Finanziamento della campagna elettorale;18;28.09.2025 Decreto federale del 20 dicembre 2024 concernente l’imposta immobiliare cantonale sulle abitazioni secondarie;;campaign_financing;Importi finali;persona giuridica o società di persone;Donatore/trice: aeesuisse – Dachorganisation der Wirtschaft für erneuerbare Energien und Energieeffizienz, Attore/trice: aeesuisse - Dachverband der Wirtschaft für erneuerbare Energien und Energieeffizienz, Bern
it;3697;allowances;alphabetical;Finanziamento della campagna elettorale;18;28.09.2025 Decreto federale del 20 dicembre 2024 concernente l’imposta immobiliare cantonale sulle abitazioni secondarie;;campaign_financing;Importi finali;persona giuridica o società di persone;Donatore/trice: Schweizerisch-Liechtensteinischer Gebäudetechnikverband (suissetec), Attore/trice: aeesuisse - Dachverband der Wirtschaft für erneuerbare Energien und Energieeffizienz, Bern
it;3698;allowances;alphabetical;Finanziamento della campagna elettorale;18;28.09.2025 Decreto federale del 20 dicembre 2024 concernente l’imposta immobiliare cantonale sulle abitazioni secondarie;;campaign_financing;Importi finali;persona giuridica o società di persone;Donatore/trice: constructionromande, Attore/trice: aeesuisse - Dachverband der Wirtschaft für erneuerbare Energien und Energieeffizienz, Bern
it;3699;allowances;alphabetical;Finanziamento della campagna elettorale;18;28.09.2025 Decreto federale del 20 dicembre 2024 concernente l’imposta immobiliare cantonale sulle abitazioni secondarie;;campaign_financing;Importi finali;persona giuridica o società di persone;Donatore/trice: Centre Patronal, Attore/trice: aeesuisse - Dachverband der Wirtschaft für erneuerbare Energien und Energieeffizienz, Bern
it;37;allowances;alphabetical;Finanziamento della campagna elettorale;1;22.10.2023 Elezioni del Consiglio nazionale 2023;2023;campaign_financing;Importi preventivati;persona fisica;Donatore/trice: Bellaiche Judith, Attore/trice: Grünliberale Kanton Zürich, Zürich
it;3700;allowances;alphabetical;Finanziamento della campagna elettorale;18;28.09.2025 Decreto federale del 20 dicembre 2024 concernente l’imposta immobiliare cantonale sulle abitazioni secondarie;;campaign_financing;Importi finali;persona giuridica o società di persone;Donatore/trice: Union suisse des professionnels de l'immobilier Vaud (USPI Vaud), Attore/trice: aeesuisse - Dachverband der Wirtschaft für erneuerbare Energien und Energieeffizienz, Bern
it;3701;allowances;alphabetical;Finanziamento della campagna elettorale;18;28.09.2025 Decreto federale del 20 dicembre 2024 concernente l’imposta immobiliare cantonale sulle abitazioni secondarie;;campaign_financing;Importi finali;persona giuridica o società di persone;Donatore/trice: Union suisse des professionnels de l'immobilier Suisse (USPI Suisse), Attore/trice: aeesuisse - Dachverband der Wirtschaft für erneuerbare Energien und Energieeffizienz, Bern
it;3702;allowances;alphabetical;Finanziamento della campagna elettorale;18;28.09.2025 Decreto federale del 20 dicembre 2024 concernente l’imposta immobiliare cantonale sulle abitazioni secondarie;;campaign_financing;Importi finali;persona giuridica o società di persone;Donatore/trice: cR Kommunikation AG, Attore/trice: aeesuisse - Dachverband der Wirtschaft für erneuerbare Energien und Energieeffizienz, Bern
it;3704;allowances;alphabetical;Finanziamento della campagna elettorale;20;30.11.2025 Per una Svizzera che si impegna (Iniziativa Servizio civico);2025;campaign_financing;Importi finali;persona giuridica o società di persone;Donatore/trice: Verband Militärischer Gesellschaften VMG, Attore/trice: Allianz Sicherheit Schweiz, Zürich
it;3705;allowances;alphabetical;Finanziamento della campagna elettorale;20;30.11.2025 Per una Svizzera che si impegna (Iniziativa Servizio civico);2025;campaign_financing;Importi finali;persona giuridica o società di persone;Donatore/trice: economiesuisse, Attore/trice: Allianz Sicherheit Schweiz, Zürich
it;3706;allowances;alphabetical;Finanziamento della campagna elettorale;20;30.11.2025 Per una Svizzera che si impegna (Iniziativa Servizio civico);2025;campaign_financing;Importi finali;persona giuridica o società di persone;Donatore/trice: Swissmem, Attore/trice: Allianz Sicherheit Schweiz, Zürich
it;3737;allowances;alphabetical;Finanziamento della campagna elettorale;20;30.11.2025 Per una Svizzera che si impegna (Iniziativa Servizio civico);2025;campaign_financing;Importi finali;persona fisica;Donatore/trice: Brügger Leopold Daniel, Attore/trice: Amicale Populaire et Patriotique pour un Service Citoyen, Villarzel
it;3738;allowances;alphabetical;Finanziamento della campagna elettorale;20;30.11.2025 Per una Svizzera che si impegna (Iniziativa Servizio civico);2025;campaign_financing;Importi finali;persona fisica;Donatore/trice: Brügger Leopold Daniel, Attore/trice: Amicale Populaire et Patriotique pour un Service Citoyen, Villarzel
it;3739;allowances;alphabetical;Finanziamento della campagna elettorale;20;30.11.2025 Per una Svizzera che si impegna (Iniziativa Servizio civico);2025;campaign_financing;Importi finali;persona fisica;Donatore/trice: Brügger Leopold Daniel, Attore/trice: Amicale Populaire et Patriotique pour un Service Citoyen, Villarzel
it;3740;allowances;alphabetical;Finanziamento della campagna elettorale;26;08.03.2026 Legge federale del 20 giugno 2025 sull’imposizione individuale;;campaign_financing;Importi preventivati;persona giuridica o società di persone;Donatore/trice: Schweizerische Volkspartei SVP, Attore/trice: Alleanza del Centro, Bern
it;3741;allowances;alphabetical;Finanziamento della campagna elettorale;27;08.03.2026 Elezione del Consiglio nazionale (Appenzello Esterno);;campaign_financing;Importi preventivati;persona giuridica o società di persone;Donatore/trice: Gönnervereinigung Treffpunkt AR Plus, Attore/trice: Schweizerische Volkspartei von Appenzell Ausserrhoden, Schönengrund
it;3742;allowances;alphabetical;Finanziamento della campagna elettorale;25;08.03.2026 Per una politica energetica e climatica equa: investire per la prosperità, il lavoro e l’ambiente (Iniziativa per un fondo per il clima);;campaign_financing;Importi preventivati;persona giuridica o società di persone;"Donatore/trice: economiesuisse, Attore/trice: Allianz ""NEIN zum Klima-Schuldenfonds"", Bern"
it;3743;allowances;alphabetical;Finanziamento della campagna elettorale;25;08.03.2026 Per una politica energetica e climatica equa: investire per la prosperità, il lavoro e l’ambiente (Iniziativa per un fondo per il clima);;campaign_financing;Importi preventivati;persona giuridica o società di persone;"Donatore/trice: economiesuisse, Attore/trice: Allianz ""NEIN zum Klima-Schuldenfonds"", Bern"
it;3744;allowances;alphabetical;Finanziamento della campagna elettorale;25;08.03.2026 Per una politica energetica e climatica equa: investire per la prosperità, il lavoro e l’ambiente (Iniziativa per un fondo per il clima);;campaign_financing;Importi preventivati;persona giuridica o società di persone;"Donatore/trice: Avenergy Suisse, Attore/trice: Allianz ""NEIN zum Klima-Schuldenfonds"", Bern"
it;3752;allowances;alphabetical;Finanziamento della campagna elettorale;21;30.11.2025 Per una politica climatica sociale finanziata in modo fiscalmente equo (Iniziativa per il futuro);;campaign_financing;Importi finali;persona giuridica o società di persone;Donatore/trice: Industrie- und Handelskammer Thurgau (IHK Thurgau), Attore/trice: Industrie und Handelskammer St. Gallen-Appenzell, St. Gallen
it;3753;allowances;alphabetical;Finanziamento della campagna elettorale;21;30.11.2025 Per una politica climatica sociale finanziata in modo fiscalmente equo (Iniziativa per il futuro);;campaign_financing;Importi finali;persona giuridica o società di persone;Donatore/trice: Industrie- und Handelskammer Thurgau (IHK Thurgau), Attore/trice: Industrie und Handelskammer St. Gallen-Appenzell, St. Gallen
it;3764;allowances;alphabetical;Finanziamento della campagna elettorale;24;08.03.2026 200 franchi bastano! (Iniziativa SSR);;campaign_financing;Importi preventivati;persona giuridica o società di persone;Donatore/trice: SUISA, Attore/trice: Consiglio Svizzero da la Musica CSM, Aarau
it;3765;allowances;alphabetical;Finanziamento della campagna elettorale;24;08.03.2026 200 franchi bastano! (Iniziativa SSR);;campaign_financing;Importi preventivati;persona giuridica o società di persone;Donatore/trice: Fondation Suisa, Attore/trice: Consiglio Svizzero da la Musica CSM, Aarau
it;3766;allowances;alphabetical;Finanziamento della campagna elettorale;24;08.03.2026 200 franchi bastano! (Iniziativa SSR);;campaign_financing;Importi preventivati;persona giuridica o società di persone;Donatore/trice: Schweizerische Interpretengenossenschaft, Attore/trice: Consiglio Svizzero da la Musica CSM, Aarau
it;3767;allowances;alphabetical;Finanziamento della campagna elettorale;24;08.03.2026 200 franchi bastano! (Iniziativa SSR);;campaign_financing;Importi preventivati;persona giuridica o società di persone;Donatore/trice: Stiftung Phonoproduzierende, Attore/trice: Consiglio Svizzero da la Musica CSM, Aarau
it;3771;allowances;alphabetical;Finanziamento della campagna elettorale;21;30.11.2025 Per una politica climatica sociale finanziata in modo fiscalmente equo (Iniziativa per il futuro);;campaign_financing;Importi finali;persona giuridica o società di persone;Donatore/trice: Gemeinnützige Stiftung Gambit, Attore/trice: Unione svizzera delle arti e mestieri, Berna
it;3777;allowances;alphabetical;Finanziamento della campagna elettorale;20;30.11.2025 Per una Svizzera che si impegna (Iniziativa Servizio civico);2025;campaign_financing;Importi finali;persona fisica;Donatore/trice: Brügger Leopold, Attore/trice: Association suisse pour la promotion de l'engagement de milice, Genève
it;3778;allowances;alphabetical;Finanziamento della campagna elettorale;20;30.11.2025 Per una Svizzera che si impegna (Iniziativa Servizio civico);2025;campaign_financing;Importi finali;persona fisica;Donatore/trice: Gueissaz Pascal, Attore/trice: Association suisse pour la promotion de l'engagement de milice, Genève
it;3779;allowances;alphabetical;Finanziamento della campagna elettorale;20;30.11.2025 Per una Svizzera che si impegna (Iniziativa Servizio civico);2025;campaign_financing;Importi finali;persona giuridica o società di persone;Donatore/trice: Bonny Stiftung für Freiheit, Attore/trice: Association suisse pour la promotion de l'engagement de milice, Genève
it;3780;allowances;alphabetical;Finanziamento della campagna elettorale;20;30.11.2025 Per una Svizzera che si impegna (Iniziativa Servizio civico);2025;campaign_financing;Importi finali;persona fisica;Donatore/trice: Angéloz Claude Pascal, Attore/trice: Association suisse pour la promotion de l'engagement de milice, Genève
it;3781;allowances;alphabetical;Finanziamento della campagna elettorale;20;30.11.2025 Per una Svizzera che si impegna (Iniziativa Servizio civico);2025;campaign_financing;Importi finali;persona fisica;Donatore/trice: Gueissaz Pascal, Attore/trice: Association suisse pour la promotion de l'engagement de milice, Genève
it;3784;allowances;alphabetical;Finanziamento della campagna elettorale;24;08.03.2026 200 franchi bastano! (Iniziativa SSR);;campaign_financing;Importi preventivati;persona giuridica o società di persone;Donatore/trice: Schweizerische Kulturstiftung für Audiovision, Attore/trice: Unsere Filme retten, Bern
it;3785;allowances;alphabetical;Finanziamento della campagna elettorale;24;08.03.2026 200 franchi bastano! (Iniziativa SSR);;campaign_financing;Importi preventivati;persona giuridica o società di persone;Donatore/trice: Kulturfonds Suissimage, Attore/trice: Unsere Filme retten, Bern
it;3786;allowances;alphabetical;Finanziamento della campagna elettorale;24;08.03.2026 200 franchi bastano! (Iniziativa SSR);;campaign_financing;Importi preventivati;persona giuridica o società di persone;Donatore/trice: Suissimage, Attore/trice: Unsere Filme retten, Bern
it;3787;allowances;alphabetical;Finanziamento della campagna elettorale;24;08.03.2026 200 franchi bastano! (Iniziativa SSR);;campaign_financing;Importi preventivati;persona giuridica o società di persone;Donatore/trice: Fonds culturel SSA, Attore/trice: Unsere Filme retten, Bern
it;379;allowances;alphabetical;Finanziamento della campagna elettorale;1;22.10.2023 Elezioni del Consiglio nazionale 2023;2023;campaign_financing;Importi preventivati;persona giuridica o società di persone;Donatore/trice: EDU Bezirk Winterthur, Attore/trice: Eidgenössisch-Demokratische Union (EDU) Kanton Zürich, Winterthur
it;3795;allowances;alphabetical;Finanziamento della campagna elettorale;21;30.11.2025 Per una politica climatica sociale finanziata in modo fiscalmente equo (Iniziativa per il futuro);;campaign_financing;Importi finali;persona giuridica o società di persone;Donatore/trice: Aktionskomitee für Freiheit, Attore/trice: Swiss Family Business, Zürich
it;38;allowances;alphabetical;Finanziamento della campagna elettorale;1;22.10.2023 Elezioni del Consiglio nazionale 2023;2023;campaign_financing;Importi preventivati;persona fisica;Donatore/trice: Moser Tiana, Attore/trice: Grünliberale Kanton Zürich, Zürich
it;3803;allowances;alphabetical;Finanziamento della campagna elettorale;21;30.11.2025 Per una politica climatica sociale finanziata in modo fiscalmente equo (Iniziativa per il futuro);;campaign_financing;Importi finali;persona giuridica o società di persone;Donatore/trice: Sozialdemokratische Partei der Schweiz, Attore/trice: Gioventù Socialista Svizzera, Bern
it;3804;allowances;alphabetical;Finanziamento della campagna elettorale;21;30.11.2025 Per una politica climatica sociale finanziata in modo fiscalmente equo (Iniziativa per il futuro);;campaign_financing;Importi finali;persona fisica;Donatore/trice: Weber Beat Kaspar, Attore/trice: Gioventù Socialista Svizzera, Bern
it;3805;allowances;alphabetical;Finanziamento della campagna elettorale;21;30.11.2025 Per una politica climatica sociale finanziata in modo fiscalmente equo (Iniziativa per il futuro);;campaign_financing;Importi finali;persona giuridica o società di persone;Donatore/trice: Aktionskomitee für Freiheit, Attore/trice: PLR.I Liberali Radicali, Bern
it;3806;allowances;alphabetical;Finanziamento della campagna elettorale;21;30.11.2025 Per una politica climatica sociale finanziata in modo fiscalmente equo (Iniziativa per il futuro);;campaign_financing;Importi finali;persona fisica;Donatore/trice: Baumann Maja, Attore/trice: PLR.I Liberali Radicali, Bern
it;3807;allowances;alphabetical;Finanziamento della campagna elettorale;21;30.11.2025 Per una politica climatica sociale finanziata in modo fiscalmente equo (Iniziativa per il futuro);;campaign_financing;Importi finali;persona giuridica o società di persone;Donatore/trice: HESTA Services AG, Attore/trice: PLR.I Liberali Radicali, Bern
it;3808;allowances;alphabetical;Finanziamento della campagna elettorale;21;30.11.2025 Per una politica climatica sociale finanziata in modo fiscalmente equo (Iniziativa per il futuro);;campaign_financing;Importi finali;persona fisica;Donatore/trice: Meier Werner, Attore/trice: PLR.I Liberali Radicali, Bern
it;3809;allowances;alphabetical;Finanziamento della campagna elettorale;21;30.11.2025 Per una politica climatica sociale finanziata in modo fiscalmente equo (Iniziativa per il futuro);;campaign_financing;Importi finali;persona giuridica o società di persone;Donatore/trice: ARTEMIS HOLDING AG, Attore/trice: PLR.I Liberali Radicali, Bern
it;3810;allowances;alphabetical;Finanziamento della campagna elettorale;21;30.11.2025 Per una politica climatica sociale finanziata in modo fiscalmente equo (Iniziativa per il futuro);;campaign_financing;Importi finali;persona giuridica o società di persone;Donatore/trice: Aktionskomitee für Freiheit, Attore/trice: PLR.I Liberali Radicali, Bern
it;3811;allowances;alphabetical;Finanziamento della campagna elettorale;21;30.11.2025 Per una politica climatica sociale finanziata in modo fiscalmente equo (Iniziativa per il futuro);;campaign_financing;Importi finali;persona giuridica o società di persone;Donatore/trice: ARTEMIS HOLDING AG, Attore/trice: PLR.I Liberali Radicali, Bern
it;3812;allowances;alphabetical;Finanziamento della campagna elettorale;21;30.11.2025 Per una politica climatica sociale finanziata in modo fiscalmente equo (Iniziativa per il futuro);;campaign_financing;Importi finali;persona giuridica o società di persone;Donatore/trice: swissmem, Attore/trice: Swissmem, Zürich
it;3813;allowances;alphabetical;Finanziamento della campagna elettorale;21;30.11.2025 Per una politica climatica sociale finanziata in modo fiscalmente equo (Iniziativa per il futuro);;campaign_financing;Importi finali;persona giuridica o società di persone;Donatore/trice: Schweizerischer Gewerbeverband sgv, Attore/trice: Unione svizzera delle arti e mestieri, Berna
it;3814;allowances;alphabetical;Finanziamento della campagna elettorale;21;30.11.2025 Per una politica climatica sociale finanziata in modo fiscalmente equo (Iniziativa per il futuro);;campaign_financing;Importi finali;persona giuridica o società di persone;Donatore/trice: Association de Banques Privées Suisses, Attore/trice: Chambre de commerce, d'industrie et des services de Genève, Genève
it;3815;allowances;alphabetical;Finanziamento della campagna elettorale;21;30.11.2025 Per una politica climatica sociale finanziata in modo fiscalmente equo (Iniziativa per il futuro);;campaign_financing;Importi finali;persona giuridica o società di persone;Donatore/trice: Parti Libéral-Radical Genève, Attore/trice: Chambre de commerce, d'industrie et des services de Genève, Genève
it;3816;allowances;alphabetical;Finanziamento della campagna elettorale;21;30.11.2025 Per una politica climatica sociale finanziata in modo fiscalmente equo (Iniziativa per il futuro);;campaign_financing;Importi finali;persona giuridica o società di persone;Donatore/trice: Fédération des entreprises romandes Genève (FER Genève), Attore/trice: Chambre de commerce, d'industrie et des services de Genève, Genève
it;3817;allowances;alphabetical;Finanziamento della campagna elettorale;24;08.03.2026 200 franchi bastano! (Iniziativa SSR);;campaign_financing;Importi preventivati;persona fisica;Donatore/trice: Hess Hermann Ernst, Attore/trice: IG SRG-Initiative «200 Franken sind genug!», Dübendorf
it;3818;allowances;alphabetical;Finanziamento della campagna elettorale;24;08.03.2026 200 franchi bastano! (Iniziativa SSR);;campaign_financing;Importi preventivati;persona giuridica o società di persone;Donatore/trice: Stiftung für bürgerliche Politik, Attore/trice: IG SRG-Initiative «200 Franken sind genug!», Dübendorf
it;3819;allowances;alphabetical;Finanziamento della campagna elettorale;24;08.03.2026 200 franchi bastano! (Iniziativa SSR);;campaign_financing;Importi preventivati;persona giuridica o società di persone;Donatore/trice: Schweizerische Volkspartei, Attore/trice: IG SRG-Initiative «200 Franken sind genug!», Dübendorf
it;3820;allowances;alphabetical;Finanziamento della campagna elettorale;24;08.03.2026 200 franchi bastano! (Iniziativa SSR);;campaign_financing;Importi preventivati;persona giuridica o società di persone;Donatore/trice: Avenergy Suisse, Attore/trice: IG SRG-Initiative «200 Franken sind genug!», Dübendorf
it;3821;allowances;alphabetical;Finanziamento della campagna elettorale;24;08.03.2026 200 franchi bastano! (Iniziativa SSR);;campaign_financing;Importi preventivati;persona giuridica o società di persone;Donatore/trice: Meutel 2000 SA, Attore/trice: IG SRG-Initiative «200 Franken sind genug!», Dübendorf
it;3822;allowances;alphabetical;Finanziamento della campagna elettorale;24;08.03.2026 200 franchi bastano! (Iniziativa SSR);;campaign_financing;Importi preventivati;persona giuridica o società di persone;Donatore/trice: Schweizerischer Gewerbeverband, Attore/trice: IG SRG-Initiative «200 Franken sind genug!», Dübendorf
it;3823;allowances;alphabetical;Finanziamento della campagna elettorale;24;08.03.2026 200 franchi bastano! (Iniziativa SSR);;campaign_financing;Importi preventivati;persona giuridica o società di persone;Donatore/trice: Schweizerischer Gewerbeverband, Attore/trice: IG SRG-Initiative «200 Franken sind genug!», Dübendorf
it;3824;allowances;alphabetical;Finanziamento della campagna elettorale;24;08.03.2026 200 franchi bastano! (Iniziativa SSR);;campaign_financing;Importi preventivati;persona giuridica o società di persone;Donatore/trice: BFG HALTER KLG, Attore/trice: IG SRG-Initiative «200 Franken sind genug!», Dübendorf
it;3830;allowances;alphabetical;Finanziamento della campagna elettorale;21;30.11.2025 Per una politica climatica sociale finanziata in modo fiscalmente equo (Iniziativa per il futuro);;campaign_financing;Importi finali;persona giuridica o società di persone;"Donatore/trice: economiesuisse, Attore/trice: Allianz ""Nein zur extremen Juso-Initiative"", Bern"
it;3831;allowances;alphabetical;Finanziamento della campagna elettorale;21;30.11.2025 Per una politica climatica sociale finanziata in modo fiscalmente equo (Iniziativa per il futuro);;campaign_financing;Importi finali;persona giuridica o società di persone;"Donatore/trice: Handelskammer beider Basel, Attore/trice: Allianz ""Nein zur extremen Juso-Initiative"", Bern"
it;3832;allowances;alphabetical;Finanziamento della campagna elettorale;21;30.11.2025 Per una politica climatica sociale finanziata in modo fiscalmente equo (Iniziativa per il futuro);;campaign_financing;Importi finali;persona giuridica o società di persone;"Donatore/trice: Verein Mehrwert Schweiz, Attore/trice: Allianz ""Nein zur extremen Juso-Initiative"", Bern"
it;3833;allowances;alphabetical;Finanziamento della campagna elettorale;21;30.11.2025 Per una politica climatica sociale finanziata in modo fiscalmente equo (Iniziativa per il futuro);;campaign_financing;Importi finali;persona giuridica o società di persone;"Donatore/trice: Zürcher Handelskammer, Attore/trice: Allianz ""Nein zur extremen Juso-Initiative"", Bern"
it;3834;allowances;alphabetical;Finanziamento della campagna elettorale;24;08.03.2026 200 franchi bastano! (Iniziativa SSR);;campaign_financing;Importi preventivati;persona giuridica o società di persone;Donatore/trice: Volkart Stiftung, Attore/trice: Allianz Pro Medienvielfalt, Bern
it;3835;allowances;alphabetical;Finanziamento della campagna elettorale;24;08.03.2026 200 franchi bastano! (Iniziativa SSR);;campaign_financing;Importi preventivati;persona giuridica o società di persone;Donatore/trice: Stiftung für Medienvielfalt, Attore/trice: Allianz Pro Medienvielfalt, Bern
it;3836;allowances;alphabetical;Finanziamento della campagna elettorale;24;08.03.2026 200 franchi bastano! (Iniziativa SSR);;campaign_financing;Importi preventivati;persona giuridica o società di persone;Donatore/trice: Trägerschaftsverein SRG Zentralschweiz, Attore/trice: Allianz Pro Medienvielfalt, Bern
it;3837;allowances;alphabetical;Finanziamento della campagna elettorale;24;08.03.2026 200 franchi bastano! (Iniziativa SSR);;campaign_financing;Importi preventivati;persona fisica;Donatore/trice: Bachmann Therese, Attore/trice: Allianz Pro Medienvielfalt, Bern
it;3838;allowances;alphabetical;Finanziamento della campagna elettorale;24;08.03.2026 200 franchi bastano! (Iniziativa SSR);;campaign_financing;Importi preventivati;persona giuridica o società di persone;Donatore/trice: Kulturfonds SSA, Attore/trice: Allianz Pro Medienvielfalt, Bern
it;3839;allowances;alphabetical;Finanziamento della campagna elettorale;24;08.03.2026 200 franchi bastano! (Iniziativa SSR);;campaign_financing;Importi preventivati;persona giuridica o società di persone;Donatore/trice: Schweizerische Gemeinnützige Gesellschaft, Attore/trice: Allianz Pro Medienvielfalt, Bern
it;3840;allowances;alphabetical;Finanziamento della campagna elettorale;25;08.03.2026 Per una politica energetica e climatica equa: investire per la prosperità, il lavoro e l’ambiente (Iniziativa per un fondo per il clima);;campaign_financing;Importi preventivati;persona giuridica o società di persone;Donatore/trice: GRÜNE Schweiz, Attore/trice: Komitee Klimafonds-Initiative, Bern
it;3841;allowances;alphabetical;Finanziamento della campagna elettorale;25;08.03.2026 Per una politica energetica e climatica equa: investire per la prosperità, il lavoro e l’ambiente (Iniziativa per un fondo per il clima);;campaign_financing;Importi preventivati;persona giuridica o società di persone;Donatore/trice: SP Schweiz, Attore/trice: Komitee Klimafonds-Initiative, Bern
it;3842;allowances;alphabetical;Finanziamento della campagna elettorale;25;08.03.2026 Per una politica energetica e climatica equa: investire per la prosperità, il lavoro e l’ambiente (Iniziativa per un fondo per il clima);;campaign_financing;Importi preventivati;persona giuridica o società di persone;Donatore/trice: Pro Natura, Attore/trice: Komitee Klimafonds-Initiative, Bern
it;3843;allowances;alphabetical;Finanziamento della campagna elettorale;24;08.03.2026 200 franchi bastano! (Iniziativa SSR);;campaign_financing;Importi preventivati;persona giuridica o società di persone;Donatore/trice: Meutel 2000 SA, Attore/trice: Unione svizzera delle arti e mestieri, Berna
it;3844;allowances;alphabetical;Finanziamento della campagna elettorale;24;08.03.2026 200 franchi bastano! (Iniziativa SSR);;campaign_financing;Importi preventivati;persona giuridica o società di persone;Donatore/trice: Meutel 2000 SA, Attore/trice: Unione svizzera delle arti e mestieri, Berna
it;3845;allowances;alphabetical;Finanziamento della campagna elettorale;24;08.03.2026 200 franchi bastano! (Iniziativa SSR);;campaign_financing;Importi preventivati;persona giuridica o società di persone;Donatore/trice: Centre Patronal, Attore/trice: Unione svizzera delle arti e mestieri, Berna
it;3846;allowances;alphabetical;Finanziamento della campagna elettorale;24;08.03.2026 200 franchi bastano! (Iniziativa SSR);;campaign_financing;Importi preventivati;persona giuridica o società di persone;Donatore/trice: GastroSuisse, Attore/trice: Unione svizzera delle arti e mestieri, Berna
it;3847;allowances;alphabetical;Finanziamento della campagna elettorale;24;08.03.2026 200 franchi bastano! (Iniziativa SSR);;campaign_financing;Importi preventivati;persona giuridica o società di persone;Donatore/trice: Schweizerischer Baumeisterverband SBV, Attore/trice: Unione svizzera delle arti e mestieri, Berna
it;3849;allowances;alphabetical;Finanziamento della campagna elettorale;26;08.03.2026 Legge federale del 20 giugno 2025 sull’imposizione individuale;;campaign_financing;Importi preventivati;persona fisica;Donatore/trice: Sprüngli Luzius, Attore/trice: PLR.I Liberali Radicali, Bern
it;3850;allowances;alphabetical;Finanziamento della campagna elettorale;24;08.03.2026 200 franchi bastano! (Iniziativa SSR);;campaign_financing;Importi preventivati;persona giuridica o società di persone;Donatore/trice: Cooperativa SSR Svizzera italiana Corsi, Attore/trice: Associazione Pro Servizio Pubblico Radiotelevisivo, Comano
it;3851;allowances;alphabetical;Finanziamento della campagna elettorale;24;08.03.2026 200 franchi bastano! (Iniziativa SSR);;campaign_financing;Importi preventivati;persona giuridica o società di persone;Donatore/trice: Cooperativa SSR Svizzera italiana Corsi, Attore/trice: Associazione Pro Servizio Pubblico Radiotelevisivo, Comano
it;3852;allowances;alphabetical;Finanziamento della campagna elettorale;26;08.03.2026 Legge federale del 20 giugno 2025 sull’imposizione individuale;;campaign_financing;Importi preventivati;persona giuridica o società di persone;Donatore/trice: economiesuisse, Attore/trice: JA zur Individualbesteuerung, Bern
it;3853;allowances;alphabetical;Finanziamento della campagna elettorale;26;08.03.2026 Legge federale del 20 giugno 2025 sull’imposizione individuale;;campaign_financing;Importi preventivati;persona giuridica o società di persone;Donatore/trice: Sulzer Management AG, Attore/trice: JA zur Individualbesteuerung, Bern
it;3854;allowances;alphabetical;Finanziamento della campagna elettorale;26;08.03.2026 Legge federale del 20 giugno 2025 sull’imposizione individuale;;campaign_financing;Importi preventivati;persona giuridica o società di persone;Donatore/trice: Müller-Möhl Foundation, Attore/trice: JA zur Individualbesteuerung, Bern
it;3855;allowances;alphabetical;Finanziamento della campagna elettorale;26;08.03.2026 Legge federale del 20 giugno 2025 sull’imposizione individuale;;campaign_financing;Importi preventivati;persona giuridica o società di persone;Donatore/trice: Bonny Stiftung für Freiheit, Attore/trice: JA zur Individualbesteuerung, Bern
it;3856;allowances;alphabetical;Finanziamento della campagna elettorale;26;08.03.2026 Legge federale del 20 giugno 2025 sull’imposizione individuale;;campaign_financing;Importi preventivati;persona giuridica o società di persone;Donatore/trice: Zürcher Handelskammer, Attore/trice: JA zur Individualbesteuerung, Bern
it;3857;allowances;alphabetical;Finanziamento della campagna elettorale;26;08.03.2026 Legge federale del 20 giugno 2025 sull’imposizione individuale;;campaign_financing;Importi preventivati;persona giuridica o società di persone;Donatore/trice: FDP.Die Liberalen Schweiz, Attore/trice: JA zur Individualbesteuerung, Bern
it;3858;allowances;alphabetical;Finanziamento della campagna elettorale;26;08.03.2026 Legge federale del 20 giugno 2025 sull’imposizione individuale;;campaign_financing;Importi preventivati;persona giuridica o società di persone;Donatore/trice: Müller-Möhl Foundation, Attore/trice: JA zur Individualbesteuerung, Bern
it;3859;allowances;alphabetical;Finanziamento della campagna elettorale;24;08.03.2026 200 franchi bastano! (Iniziativa SSR);;campaign_financing;Importi preventivati;persona fisica;Donatore/trice: Brunner Frey Verena, Attore/trice: Stiftung für direkte Demokratie, Basel
it;3860;allowances;alphabetical;Finanziamento della campagna elettorale;24;08.03.2026 200 franchi bastano! (Iniziativa SSR);;campaign_financing;Importi preventivati;persona giuridica o società di persone;Donatore/trice: Radio- und Fernsehgenossenschaft Zürich Schaffhausen (RFZ), Attore/trice: Souveräne Medien Schweiz, Zürich
it;3861;allowances;alphabetical;Finanziamento della campagna elettorale;24;08.03.2026 200 franchi bastano! (Iniziativa SSR);;campaign_financing;Importi preventivati;persona giuridica o società di persone;Donatore/trice: GENOSSENSCHAFT SRG REGION BASEL, Attore/trice: Souveräne Medien Schweiz, Zürich
it;3862;allowances;alphabetical;Finanziamento della campagna elettorale;24;08.03.2026 200 franchi bastano! (Iniziativa SSR);;campaign_financing;Importi preventivati;persona giuridica o società di persone;Donatore/trice: Schweizerischer Verband der FilmproduzentInnen, Attore/trice: Souveräne Medien Schweiz, Zürich
it;3863;allowances;alphabetical;Finanziamento della campagna elettorale;24;08.03.2026 200 franchi bastano! (Iniziativa SSR);;campaign_financing;Importi preventivati;persona giuridica o società di persone;Donatore/trice: Schweizer Syndikat Medienschaffender SSM, Attore/trice: Souveräne Medien Schweiz, Zürich
it;3864;allowances;alphabetical;Finanziamento della campagna elettorale;24;08.03.2026 200 franchi bastano! (Iniziativa SSR);;campaign_financing;Importi preventivati;persona giuridica o società di persone;Donatore/trice: SRG Ostschweiz, Attore/trice: Souveräne Medien Schweiz, Zürich
it;3865;allowances;alphabetical;Finanziamento della campagna elettorale;24;08.03.2026 200 franchi bastano! (Iniziativa SSR);;campaign_financing;Importi preventivati;persona fisica;Donatore/trice: Meili Daniel und Martin, Attore/trice: Souveräne Medien Schweiz, Zürich
it;3866;allowances;alphabetical;Finanziamento della campagna elettorale;24;08.03.2026 200 franchi bastano! (Iniziativa SSR);;campaign_financing;Importi preventivati;persona fisica;Donatore/trice: Rihs Oliver, Attore/trice: Souveräne Medien Schweiz, Zürich
it;3867;allowances;alphabetical;Finanziamento della campagna elettorale;24;08.03.2026 200 franchi bastano! (Iniziativa SSR);;campaign_financing;Importi preventivati;persona giuridica o società di persone;Donatore/trice: Radio- und Fernsehgenossenschaft Zürich Schaffhausen (RFZ), Attore/trice: Souveräne Medien Schweiz, Zürich
it;3868;allowances;alphabetical;Finanziamento della campagna elettorale;24;08.03.2026 200 franchi bastano! (Iniziativa SSR);;campaign_financing;Importi preventivati;persona fisica;Donatore/trice: Gerber Rudolf Ernst, Attore/trice: Souveräne Medien Schweiz, Zürich
it;3869;allowances;alphabetical;Finanziamento della campagna elettorale;24;08.03.2026 200 franchi bastano! (Iniziativa SSR);;campaign_financing;Importi preventivati;persona giuridica o società di persone;Donatore/trice: Kulturfonds Société Suisse des Auteurs (SSA), Attore/trice: Souveräne Medien Schweiz, Zürich
it;387;allowances;alphabetical;Finanziamento della campagna elettorale;1;22.10.2023 Elezioni del Consiglio nazionale 2023;2023;campaign_financing;Importi preventivati;persona fisica;Donatore/trice: Bösiger Beat, Attore/trice: NR-Kandidat Beat Bösiger, Niederbipp
it;3870;allowances;alphabetical;Finanziamento della campagna elettorale;24;08.03.2026 200 franchi bastano! (Iniziativa SSR);;campaign_financing;Importi preventivati;persona giuridica o società di persone;Donatore/trice: Trägerschaft SRG Aargau Solothurn, Attore/trice: Souveräne Medien Schweiz, Zürich
it;3871;allowances;alphabetical;Finanziamento della campagna elettorale;24;08.03.2026 200 franchi bastano! (Iniziativa SSR);;campaign_financing;Importi preventivati;persona giuridica o società di persone;Donatore/trice: Suisseimage, Attore/trice: Souveräne Medien Schweiz, Zürich
it;3872;allowances;alphabetical;Finanziamento della campagna elettorale;24;08.03.2026 200 franchi bastano! (Iniziativa SSR);;campaign_financing;Importi preventivati;persona giuridica o società di persone;Donatore/trice: SWISSPERFORM, Attore/trice: Souveräne Medien Schweiz, Zürich
it;3873;allowances;alphabetical;Finanziamento della campagna elettorale;24;08.03.2026 200 franchi bastano! (Iniziativa SSR);;campaign_financing;Importi preventivati;persona giuridica o società di persone;Donatore/trice: TRfinanz Holding AG, Attore/trice: Souveräne Medien Schweiz, Zürich
it;3874;allowances;alphabetical;Finanziamento della campagna elettorale;24;08.03.2026 200 franchi bastano! (Iniziativa SSR);;campaign_financing;Importi preventivati;persona fisica;Donatore/trice: Gantner Alfred, Attore/trice: Souveräne Medien Schweiz, Zürich
it;3875;allowances;alphabetical;Finanziamento della campagna elettorale;24;08.03.2026 200 franchi bastano! (Iniziativa SSR);;campaign_financing;Importi preventivati;persona giuridica o società di persone;Donatore/trice: Genossenschaft SRG Bern Freiburg Wallis, Attore/trice: Souveräne Medien Schweiz, Zürich
it;3876;allowances;alphabetical;Finanziamento della campagna elettorale;24;08.03.2026 200 franchi bastano! (Iniziativa SSR);;campaign_financing;Importi preventivati;persona giuridica o società di persone;Donatore/trice: SUISA Genossenschaft der Urheber und Verleger von Musik, Attore/trice: Souveräne Medien Schweiz, Zürich
it;3877;allowances;alphabetical;Finanziamento della campagna elettorale;24;08.03.2026 200 franchi bastano! (Iniziativa SSR);;campaign_financing;Importi preventivati;persona fisica;Donatore/trice: Brunner Daniel, Attore/trice: Souveräne Medien Schweiz, Zürich
it;3878;allowances;alphabetical;Finanziamento della campagna elettorale;26;08.03.2026 Legge federale del 20 giugno 2025 sull’imposizione individuale;;campaign_financing;Importi preventivati;persona giuridica o società di persone;Donatore/trice: Arbeitsgruppe Jugend & Familie, Attore/trice: IG Familie 3plus, Wolhusen
it;3879;allowances;alphabetical;Finanziamento della campagna elettorale;26;08.03.2026 Legge federale del 20 giugno 2025 sull’imposizione individuale;;campaign_financing;Importi preventivati;persona giuridica o società di persone;Donatore/trice: Pro Family International, Attore/trice: IG Familie 3plus, Wolhusen
it;3880;allowances;alphabetical;Finanziamento della campagna elettorale;26;08.03.2026 Legge federale del 20 giugno 2025 sull’imposizione individuale;;campaign_financing;Importi preventivati;persona fisica;Donatore/trice: Michel Simon, Attore/trice: JA zur Individualbesteuerung, Bern
it;3881;allowances;alphabetical;Finanziamento della campagna elettorale;24;08.03.2026 200 franchi bastano! (Iniziativa SSR);;campaign_financing;Importi preventivati;persona giuridica o società di persone;Donatore/trice: SwissTopSport, Attore/trice: Sportkomitee gegen die Halbierungsinitiative, Gstaad
it;3882;allowances;alphabetical;Finanziamento della campagna elettorale;24;08.03.2026 200 franchi bastano! (Iniziativa SSR);;campaign_financing;Importi preventivati;persona giuridica o società di persone;Donatore/trice: Swiss Olympic, Attore/trice: Sportkomitee gegen die Halbierungsinitiative, Gstaad
it;3883;allowances;alphabetical;Finanziamento della campagna elettorale;24;08.03.2026 200 franchi bastano! (Iniziativa SSR);;campaign_financing;Importi preventivati;persona giuridica o società di persone;Donatore/trice: SwissTopSport, Attore/trice: Sportkomitee gegen die Halbierungsinitiative, Gstaad
it;3884;allowances;alphabetical;Finanziamento della campagna elettorale;24;08.03.2026 200 franchi bastano! (Iniziativa SSR);;campaign_financing;Importi preventivati;persona giuridica o società di persone;Donatore/trice: Swiss Olympic, Attore/trice: Sportkomitee gegen die Halbierungsinitiative, Gstaad
it;3885;allowances;alphabetical;Finanziamento della campagna elettorale;24;08.03.2026 200 franchi bastano! (Iniziativa SSR);;campaign_financing;Importi preventivati;persona giuridica o società di persone;Donatore/trice: Swiss Olympic, Attore/trice: Sportkomitee gegen die Halbierungsinitiative, Gstaad
it;3886;allowances;alphabetical;Finanziamento della campagna elettorale;27;08.03.2026 Elezione del Consiglio nazionale (Appenzello Esterno);;campaign_financing;Importi preventivati;persona giuridica o società di persone;Donatore/trice: Supporter-Club FDP AR, Attore/trice: FDP.Die Liberalen des Kantons Appenzell Ausserrhoden, Heiden
it;3909;allowances;alphabetical;Finanziamento della campagna elettorale;29;14.06.2026 Modifica del 26 settembre 2025 della legge federale sul servizio civile sostitutivo (Legge sul servizio civile, LSC);;campaign_financing;Importi preventivati;persona giuridica o società di persone;Donatore/trice: Verband Militärischer Gesellschaften Schweiz (VMG), Attore/trice: Allianz Sicherheit Schweiz, Zürich
it;391;allowances;alphabetical;Finanziamento della campagna elettorale;1;22.10.2023 Elezioni del Consiglio nazionale 2023;2023;campaign_financing;Importi preventivati;persona fisica;Donatore/trice: Burger Philippe, Attore/trice: Partito Pirata Svizzero, Berna
it;3910;allowances;alphabetical;Finanziamento della campagna elettorale;29;14.06.2026 Modifica del 26 settembre 2025 della legge federale sul servizio civile sostitutivo (Legge sul servizio civile, LSC);;campaign_financing;Importi preventivati;persona giuridica o società di persone;Donatore/trice: Swissmem, Attore/trice: Allianz Sicherheit Schweiz, Zürich
it;3926;allowances;alphabetical;Finanziamento della campagna elettorale;24;08.03.2026 200 franchi bastano! (Iniziativa SSR);;campaign_financing;Importi finali;persona giuridica o società di persone;Donatore/trice: Meutel 2000 SA, Attore/trice: Unione svizzera delle arti e mestieri, Berna
it;3927;allowances;alphabetical;Finanziamento della campagna elettorale;24;08.03.2026 200 franchi bastano! (Iniziativa SSR);;campaign_financing;Importi finali;persona giuridica o società di persone;Donatore/trice: Meutel 2000 SA, Attore/trice: Unione svizzera delle arti e mestieri, Berna
it;3928;allowances;alphabetical;Finanziamento della campagna elettorale;24;08.03.2026 200 franchi bastano! (Iniziativa SSR);;campaign_financing;Importi finali;persona giuridica o società di persone;Donatore/trice: Centre Patronal, Attore/trice: Unione svizzera delle arti e mestieri, Berna
it;3929;allowances;alphabetical;Finanziamento della campagna elettorale;24;08.03.2026 200 franchi bastano! (Iniziativa SSR);;campaign_financing;Importi finali;persona giuridica o società di persone;Donatore/trice: GastroSuisse, Attore/trice: Unione svizzera delle arti e mestieri, Berna
it;393;allowances;alphabetical;Finanziamento della campagna elettorale;1;22.10.2023 Elezioni del Consiglio nazionale 2023;2023;campaign_financing;Importi preventivati;persona fisica;Donatore/trice: Burger Philippe, Attore/trice: Piratenpartei Bern, Bern
it;3930;allowances;alphabetical;Finanziamento della campagna elettorale;24;08.03.2026 200 franchi bastano! (Iniziativa SSR);;campaign_financing;Importi finali;persona giuridica o società di persone;Donatore/trice: Schweizerischer Baumeisterverband SBV, Attore/trice: Unione svizzera delle arti e mestieri, Berna
it;3949;allowances;alphabetical;Finanziamento della campagna elettorale;28;14.06.2026 No a una Svizzera da 10 milioni! (Iniziativa per la sostenibilità);;campaign_financing;Importi preventivati;persona giuridica o società di persone;Donatore/trice: Schweizer Tourismus-Verband, Attore/trice: Comitato per il turismo, Berna
it;395;allowances;alphabetical;Finanziamento della campagna elettorale;1;22.10.2023 Elezioni del Consiglio nazionale 2023;2023;campaign_financing;Importi preventivati;persona giuridica o società di persone;Donatore/trice: Planzer Transport AG, Attore/trice: PLR.I Liberali Radicali, Bern
it;3950;allowances;alphabetical;Finanziamento della campagna elettorale;28;14.06.2026 No a una Svizzera da 10 milioni! (Iniziativa per la sostenibilità);;campaign_financing;Importi preventivati;persona giuridica o società di persone;Donatore/trice: economiesuisse, Attore/trice: Comitato per il turismo, Berna
it;3951;allowances;alphabetical;Finanziamento della campagna elettorale;28;14.06.2026 No a una Svizzera da 10 milioni! (Iniziativa per la sostenibilità);;campaign_financing;Importi preventivati;persona giuridica o società di persone;Donatore/trice: HotellerieSuisse, Attore/trice: Comitato per il turismo, Berna
it;3952;allowances;alphabetical;Finanziamento della campagna elettorale;28;14.06.2026 No a una Svizzera da 10 milioni! (Iniziativa per la sostenibilità);;campaign_financing;Importi preventivati;persona giuridica o società di persone;Donatore/trice: GastroSuisse, Attore/trice: Comitato per il turismo, Berna
it;3953;allowances;alphabetical;Finanziamento della campagna elettorale;28;14.06.2026 No a una Svizzera da 10 milioni! (Iniziativa per la sostenibilità);;campaign_financing;Importi preventivati;persona giuridica o società di persone;Donatore/trice: GastroSuisse, Attore/trice: Alleanza per una Svizzera che funziona, Berna
it;3954;allowances;alphabetical;Finanziamento della campagna elettorale;24;08.03.2026 200 franchi bastano! (Iniziativa SSR);;campaign_financing;Importi finali;persona fisica;Donatore/trice: Hess Hermann Ernst, Attore/trice: IG SRG-Initiative «200 Franken sind genug!», Dübendorf
it;3955;allowances;alphabetical;Finanziamento della campagna elettorale;24;08.03.2026 200 franchi bastano! (Iniziativa SSR);;campaign_financing;Importi finali;persona giuridica o società di persone;Donatore/trice: Stiftung für bürgerliche Politik, Attore/trice: IG SRG-Initiative «200 Franken sind genug!», Dübendorf
it;3956;allowances;alphabetical;Finanziamento della campagna elettorale;24;08.03.2026 200 franchi bastano! (Iniziativa SSR);;campaign_financing;Importi finali;persona giuridica o società di persone;Donatore/trice: Schweizerische Volkspartei, Attore/trice: IG SRG-Initiative «200 Franken sind genug!», Dübendorf
it;3957;allowances;alphabetical;Finanziamento della campagna elettorale;24;08.03.2026 200 franchi bastano! (Iniziativa SSR);;campaign_financing;Importi finali;persona giuridica o società di persone;Donatore/trice: Avenergy Suisse, Attore/trice: IG SRG-Initiative «200 Franken sind genug!», Dübendorf
it;3958;allowances;alphabetical;Finanziamento della campagna elettorale;24;08.03.2026 200 franchi bastano! (Iniziativa SSR);;campaign_financing;Importi finali;persona giuridica o società di persone;Donatore/trice: Meutel 2000 SA, Attore/trice: IG SRG-Initiative «200 Franken sind genug!», Dübendorf
it;3959;allowances;alphabetical;Finanziamento della campagna elettorale;24;08.03.2026 200 franchi bastano! (Iniziativa SSR);;campaign_financing;Importi finali;persona giuridica o società di persone;Donatore/trice: Schweizerischer Gewerbeverband, Attore/trice: IG SRG-Initiative «200 Franken sind genug!», Dübendorf
it;396;allowances;alphabetical;Finanziamento della campagna elettorale;1;22.10.2023 Elezioni del Consiglio nazionale 2023;2023;campaign_financing;Importi preventivati;persona giuridica o società di persone;Donatore/trice: Schweizerischer Arbeitgeberverband, Attore/trice: PLR.I Liberali Radicali, Bern
it;3960;allowances;alphabetical;Finanziamento della campagna elettorale;24;08.03.2026 200 franchi bastano! (Iniziativa SSR);;campaign_financing;Importi finali;persona giuridica o società di persone;Donatore/trice: BFG HALTER KLG, Attore/trice: IG SRG-Initiative «200 Franken sind genug!», Dübendorf
it;3968;allowances;alphabetical;Finanziamento della campagna elettorale;24;08.03.2026 200 franchi bastano! (Iniziativa SSR);;campaign_financing;Importi finali;persona giuridica o società di persone;Donatore/trice: Schweizerische Kulturstiftung für Audiovision, Attore/trice: Unsere Filme retten, Bern
it;3969;allowances;alphabetical;Finanziamento della campagna elettorale;24;08.03.2026 200 franchi bastano! (Iniziativa SSR);;campaign_financing;Importi finali;persona giuridica o società di persone;Donatore/trice: Kulturfonds Suissimage, Attore/trice: Unsere Filme retten, Bern
it;397;allowances;alphabetical;Finanziamento della campagna elettorale;1;22.10.2023 Elezioni del Consiglio nazionale 2023;2023;campaign_financing;Importi preventivati;persona fisica;Donatore/trice: Albers Franz, Attore/trice: PLR.I Liberali Radicali, Bern
it;3970;allowances;alphabetical;Finanziamento della campagna elettorale;24;08.03.2026 200 franchi bastano! (Iniziativa SSR);;campaign_financing;Importi finali;persona giuridica o società di persone;Donatore/trice: Suissimage, Attore/trice: Unsere Filme retten, Bern
it;3971;allowances;alphabetical;Finanziamento della campagna elettorale;24;08.03.2026 200 franchi bastano! (Iniziativa SSR);;campaign_financing;Importi finali;persona giuridica o società di persone;Donatore/trice: SSA. SOCIÉTE SUISSE DES AUTEURS, Attore/trice: Unsere Filme retten, Bern
it;3972;allowances;alphabetical;Finanziamento della campagna elettorale;24;08.03.2026 200 franchi bastano! (Iniziativa SSR);;campaign_financing;Importi finali;persona giuridica o società di persone;Donatore/trice: Schweizer Interpretengenossenschaft (SSFV), Attore/trice: Unsere Filme retten, Bern
it;3973;allowances;alphabetical;Finanziamento della campagna elettorale;24;08.03.2026 200 franchi bastano! (Iniziativa SSR);;campaign_financing;Importi finali;persona giuridica o società di persone;Donatore/trice: Cinésuisse, Attore/trice: Unsere Filme retten, Bern
it;3975;allowances;alphabetical;Finanziamento della campagna elettorale;24;08.03.2026 200 franchi bastano! (Iniziativa SSR);;campaign_financing;Importi finali;persona giuridica o società di persone;Donatore/trice: GENOSSENSCHAFT SRG REGION BASEL, Attore/trice: Souveräne Medien Schweiz, Zürich
it;3976;allowances;alphabetical;Finanziamento della campagna elettorale;24;08.03.2026 200 franchi bastano! (Iniziativa SSR);;campaign_financing;Importi finali;persona giuridica o società di persone;Donatore/trice: Schweizerischer Verband der FilmproduzentInnen, Attore/trice: Souveräne Medien Schweiz, Zürich
it;3977;allowances;alphabetical;Finanziamento della campagna elettorale;24;08.03.2026 200 franchi bastano! (Iniziativa SSR);;campaign_financing;Importi finali;persona giuridica o società di persone;Donatore/trice: Schweizer Syndikat Medienschaffender SSM, Attore/trice: Souveräne Medien Schweiz, Zürich
it;3978;allowances;alphabetical;Finanziamento della campagna elettorale;24;08.03.2026 200 franchi bastano! (Iniziativa SSR);;campaign_financing;Importi finali;persona giuridica o società di persone;Donatore/trice: SRG Ostschweiz, Attore/trice: Souveräne Medien Schweiz, Zürich
it;3979;allowances;alphabetical;Finanziamento della campagna elettorale;24;08.03.2026 200 franchi bastano! (Iniziativa SSR);;campaign_financing;Importi finali;persona fisica;Donatore/trice: Meili Daniel und Martin, Attore/trice: Souveräne Medien Schweiz, Zürich
it;398;allowances;alphabetical;Finanziamento della campagna elettorale;1;22.10.2023 Elezioni del Consiglio nazionale 2023;2023;campaign_financing;Importi preventivati;persona fisica;Donatore/trice: Kielholz Walter, Attore/trice: PLR.I Liberali Radicali, Bern
it;3980;allowances;alphabetical;Finanziamento della campagna elettorale;24;08.03.2026 200 franchi bastano! (Iniziativa SSR);;campaign_financing;Importi finali;persona fisica;Donatore/trice: Rihs Oliver, Attore/trice: Souveräne Medien Schweiz, Zürich
it;3981;allowances;alphabetical;Finanziamento della campagna elettorale;24;08.03.2026 200 franchi bastano! (Iniziativa SSR);;campaign_financing;Importi finali;persona giuridica o società di persone;Donatore/trice: Radio- und Fernsehgenossenschaft Zürich Schaffhausen (RFZ), Attore/trice: Souveräne Medien Schweiz, Zürich
it;3982;allowances;alphabetical;Finanziamento della campagna elettorale;24;08.03.2026 200 franchi bastano! (Iniziativa SSR);;campaign_financing;Importi finali;persona fisica;Donatore/trice: Gerber Rudolf Ernst, Attore/trice: Souveräne Medien Schweiz, Zürich
it;3983;allowances;alphabetical;Finanziamento della campagna elettorale;24;08.03.2026 200 franchi bastano! (Iniziativa SSR);;campaign_financing;Importi finali;persona giuridica o società di persone;Donatore/trice: Kulturfonds Société Suisse des Auteurs (SSA), Attore/trice: Souveräne Medien Schweiz, Zürich
it;3984;allowances;alphabetical;Finanziamento della campagna elettorale;24;08.03.2026 200 franchi bastano! (Iniziativa SSR);;campaign_financing;Importi finali;persona giuridica o società di persone;Donatore/trice: Trägerschaft SRG Aargau Solothurn, Attore/trice: Souveräne Medien Schweiz, Zürich
it;3985;allowances;alphabetical;Finanziamento della campagna elettorale;24;08.03.2026 200 franchi bastano! (Iniziativa SSR);;campaign_financing;Importi finali;persona giuridica o società di persone;Donatore/trice: Suisseimage, Attore/trice: Souveräne Medien Schweiz, Zürich
it;3986;allowances;alphabetical;Finanziamento della campagna elettorale;24;08.03.2026 200 franchi bastano! (Iniziativa SSR);;campaign_financing;Importi finali;persona giuridica o società di persone;Donatore/trice: SWISSPERFORM, Attore/trice: Souveräne Medien Schweiz, Zürich
it;3987;allowances;alphabetical;Finanziamento della campagna elettorale;24;08.03.2026 200 franchi bastano! (Iniziativa SSR);;campaign_financing;Importi finali;persona giuridica o società di persone;Donatore/trice: TRfinanz Holding AG, Attore/trice: Souveräne Medien Schweiz, Zürich
it;3988;allowances;alphabetical;Finanziamento della campagna elettorale;24;08.03.2026 200 franchi bastano! (Iniziativa SSR);;campaign_financing;Importi finali;persona fisica;Donatore/trice: Gantner Alfred, Attore/trice: Souveräne Medien Schweiz, Zürich
it;3989;allowances;alphabetical;Finanziamento della campagna elettorale;24;08.03.2026 200 franchi bastano! (Iniziativa SSR);;campaign_financing;Importi finali;persona giuridica o società di persone;Donatore/trice: Genossenschaft SRG Bern Freiburg Wallis, Attore/trice: Souveräne Medien Schweiz, Zürich
it;399;allowances;alphabetical;Finanziamento della campagna elettorale;1;22.10.2023 Elezioni del Consiglio nazionale 2023;2023;campaign_financing;Importi preventivati;persona fisica;Donatore/trice: Mosimann Philip, Attore/trice: PLR.I Liberali Radicali, Bern
it;3990;allowances;alphabetical;Finanziamento della campagna elettorale;24;08.03.2026 200 franchi bastano! (Iniziativa SSR);;campaign_financing;Importi finali;persona giuridica o società di persone;Donatore/trice: SUISA Genossenschaft der Urheber und Verleger von Musik, Attore/trice: Souveräne Medien Schweiz, Zürich
it;3991;allowances;alphabetical;Finanziamento della campagna elettorale;24;08.03.2026 200 franchi bastano! (Iniziativa SSR);;campaign_financing;Importi finali;persona fisica;Donatore/trice: Brunner Daniel, Attore/trice: Souveräne Medien Schweiz, Zürich
it;3992;allowances;alphabetical;Finanziamento della campagna elettorale;24;08.03.2026 200 franchi bastano! (Iniziativa SSR);;campaign_financing;Importi finali;persona giuridica o società di persone;Donatore/trice: Radio- und Fernsehgenossenschaft Zürich Schaffhausen (RFZ), Attore/trice: Souveräne Medien Schweiz, Zürich
it;3993;allowances;alphabetical;Finanziamento della campagna elettorale;26;08.03.2026 Legge federale del 20 giugno 2025 sull’imposizione individuale;;campaign_financing;Importi finali;persona giuridica o società di persone;Donatore/trice: economiesuisse, Attore/trice: JA zur Individualbesteuerung, Bern
it;3994;allowances;alphabetical;Finanziamento della campagna elettorale;26;08.03.2026 Legge federale del 20 giugno 2025 sull’imposizione individuale;;campaign_financing;Importi finali;persona giuridica o società di persone;Donatore/trice: Sulzer Management AG, Attore/trice: JA zur Individualbesteuerung, Bern
it;3995;allowances;alphabetical;Finanziamento della campagna elettorale;26;08.03.2026 Legge federale del 20 giugno 2025 sull’imposizione individuale;;campaign_financing;Importi finali;persona giuridica o società di persone;Donatore/trice: Müller-Möhl Foundation, Attore/trice: JA zur Individualbesteuerung, Bern
it;3996;allowances;alphabetical;Finanziamento della campagna elettorale;26;08.03.2026 Legge federale del 20 giugno 2025 sull’imposizione individuale;;campaign_financing;Importi finali;persona giuridica o società di persone;Donatore/trice: Bonny Stiftung für Freiheit, Attore/trice: JA zur Individualbesteuerung, Bern
it;3997;allowances;alphabetical;Finanziamento della campagna elettorale;26;08.03.2026 Legge federale del 20 giugno 2025 sull’imposizione individuale;;campaign_financing;Importi finali;persona giuridica o società di persone;Donatore/trice: Zürcher Handelskammer, Attore/trice: JA zur Individualbesteuerung, Bern
it;3998;allowances;alphabetical;Finanziamento della campagna elettorale;26;08.03.2026 Legge federale del 20 giugno 2025 sull’imposizione individuale;;campaign_financing;Importi finali;persona giuridica o società di persone;Donatore/trice: FDP.Die Liberalen Schweiz, Attore/trice: JA zur Individualbesteuerung, Bern
it;3999;allowances;alphabetical;Finanziamento della campagna elettorale;26;08.03.2026 Legge federale del 20 giugno 2025 sull’imposizione individuale;;campaign_financing;Importi finali;persona giuridica o società di persone;Donatore/trice: Müller-Möhl Foundation, Attore/trice: JA zur Individualbesteuerung, Bern
it;4;allowances;alphabetical;Finanziamento della campagna elettorale;1;22.10.2023 Elezioni del Consiglio nazionale 2023;2023;campaign_financing;Importi preventivati;persona fisica;Donatore/trice: Kern Georges, Attore/trice: Bellaïche Jäger Judith, Kilchberg
it;400;allowances;alphabetical;Finanziamento della campagna elettorale;1;22.10.2023 Elezioni del Consiglio nazionale 2023;2023;campaign_financing;Importi preventivati;persona fisica;Donatore/trice: Mosimann Philip, Attore/trice: PLR.I Liberali Radicali, Bern
it;4000;allowances;alphabetical;Finanziamento della campagna elettorale;26;08.03.2026 Legge federale del 20 giugno 2025 sull’imposizione individuale;;campaign_financing;Importi finali;persona fisica;Donatore/trice: Michel Simon, Attore/trice: JA zur Individualbesteuerung, Bern
it;4001;allowances;alphabetical;Finanziamento della campagna elettorale;26;08.03.2026 Legge federale del 20 giugno 2025 sull’imposizione individuale;;campaign_financing;Importi finali;persona giuridica o società di persone;Donatore/trice: Ringier AG, Attore/trice: JA zur Individualbesteuerung, Bern
it;4002;allowances;alphabetical;Finanziamento della campagna elettorale;24;08.03.2026 200 franchi bastano! (Iniziativa SSR);;campaign_financing;Importi finali;persona giuridica o società di persone;Donatore/trice: SwissTopSport, Attore/trice: Sportkomitee gegen die Halbierungsinitiative, Gstaad
it;4003;allowances;alphabetical;Finanziamento della campagna elettorale;24;08.03.2026 200 franchi bastano! (Iniziativa SSR);;campaign_financing;Importi finali;persona giuridica o società di persone;Donatore/trice: Swiss Olympic, Attore/trice: Sportkomitee gegen die Halbierungsinitiative, Gstaad
it;4004;allowances;alphabetical;Finanziamento della campagna elettorale;24;08.03.2026 200 franchi bastano! (Iniziativa SSR);;campaign_financing;Importi finali;persona giuridica o società di persone;Donatore/trice: SwissTopSport, Attore/trice: Sportkomitee gegen die Halbierungsinitiative, Gstaad
it;4005;allowances;alphabetical;Finanziamento della campagna elettorale;24;08.03.2026 200 franchi bastano! (Iniziativa SSR);;campaign_financing;Importi finali;persona giuridica o società di persone;Donatore/trice: Swiss Olympic, Attore/trice: Sportkomitee gegen die Halbierungsinitiative, Gstaad
it;4006;allowances;alphabetical;Finanziamento della campagna elettorale;24;08.03.2026 200 franchi bastano! (Iniziativa SSR);;campaign_financing;Importi finali;persona giuridica o società di persone;Donatore/trice: Swiss Olympic, Attore/trice: Sportkomitee gegen die Halbierungsinitiative, Gstaad
it;401;allowances;alphabetical;Finanziamento della campagna elettorale;1;22.10.2023 Elezioni del Consiglio nazionale 2023;2023;campaign_financing;Importi preventivati;persona fisica;Donatore/trice: Sprüngli Luzius, Attore/trice: PLR.I Liberali Radicali, Bern
it;4017;allowances;alphabetical;Finanziamento della campagna elettorale;28;14.06.2026 No a una Svizzera da 10 milioni! (Iniziativa per la sostenibilità);;campaign_financing;Importi preventivati;persona giuridica o società di persone;Donatore/trice: SEV, Attore/trice: Unione sindacale svizzera (USS), Berna
it;4018;allowances;alphabetical;Finanziamento della campagna elettorale;28;14.06.2026 No a una Svizzera da 10 milioni! (Iniziativa per la sostenibilità);;campaign_financing;Importi preventivati;persona giuridica o società di persone;Donatore/trice: Syndicom, Attore/trice: Unione sindacale svizzera (USS), Berna
it;4019;allowances;alphabetical;Finanziamento della campagna elettorale;28;14.06.2026 No a una Svizzera da 10 milioni! (Iniziativa per la sostenibilità);;campaign_financing;Importi preventivati;persona giuridica o società di persone;Donatore/trice: Unia, Attore/trice: Unione sindacale svizzera (USS), Berna
it;402;allowances;alphabetical;Finanziamento della campagna elettorale;1;22.10.2023 Elezioni del Consiglio nazionale 2023;2023;campaign_financing;Importi preventivati;persona fisica;Donatore/trice: Syz David, Attore/trice: PLR.I Liberali Radicali, Bern
it;4020;allowances;alphabetical;Finanziamento della campagna elettorale;28;14.06.2026 No a una Svizzera da 10 milioni! (Iniziativa per la sostenibilità);;campaign_financing;Importi preventivati;persona giuridica o società di persone;Donatore/trice: VPOD, Attore/trice: Unione sindacale svizzera (USS), Berna
it;4029;allowances;alphabetical;Finanziamento della campagna elettorale;29;14.06.2026 Modifica del 26 settembre 2025 della legge federale sul servizio civile sostitutivo (Legge sul servizio civile, LSC);;campaign_financing;Importi preventivati;persona giuridica o società di persone;Donatore/trice: Bonny Stiftung für die Freiheit, Attore/trice: Allianz Sicherheit Schweiz, Zürich
it;403;allowances;alphabetical;Finanziamento della campagna elettorale;1;22.10.2023 Elezioni del Consiglio nazionale 2023;2023;campaign_financing;Importi preventivati;persona fisica;Donatore/trice: Vogt Valentin, Attore/trice: PLR.I Liberali Radicali, Bern
it;4030;allowances;alphabetical;Finanziamento della campagna elettorale;28;14.06.2026 No a una Svizzera da 10 milioni! (Iniziativa per la sostenibilità);;campaign_financing;Importi preventivati;persona giuridica o società di persone;Donatore/trice: Schweizerischer Gewerkschaftsbund, Attore/trice: Unione sindacale svizzera (USS), Berna
it;404;allowances;alphabetical;Finanziamento della campagna elettorale;1;22.10.2023 Elezioni del Consiglio nazionale 2023;2023;campaign_financing;Importi preventivati;persona fisica;Donatore/trice: Vogt Valentin, Attore/trice: PLR.I Liberali Radicali, Bern
it;4042;allowances;alphabetical;Finanziamento della campagna elettorale;24;08.03.2026 200 franchi bastano! (Iniziativa SSR);;campaign_financing;Importi finali;persona fisica;Donatore/trice: Brunner Frey Verena, Attore/trice: Stiftung für direkte Demokratie, Basel
it;4044;allowances;alphabetical;Finanziamento della campagna elettorale;27;08.03.2026 Elezione del Consiglio nazionale (Appenzello Esterno);;campaign_financing;Importi finali;persona giuridica o società di persone;Donatore/trice: Gönnervereinigung Treffpunkt AR Plus, Attore/trice: Schweizerische Volkspartei von Appenzell Ausserrhoden, Schönengrund
it;4045;allowances;alphabetical;Finanziamento della campagna elettorale;28;14.06.2026 No a una Svizzera da 10 milioni! (Iniziativa per la sostenibilità);;campaign_financing;Importi preventivati;persona giuridica o società di persone;Donatore/trice: Gewerkschaft Unia, Attore/trice: Sindacato Unia, Berna
it;405;allowances;alphabetical;Finanziamento della campagna elettorale;1;22.10.2023 Elezioni del Consiglio nazionale 2023;2023;campaign_financing;Importi preventivati;persona fisica;Donatore/trice: Kurer Peter, Attore/trice: PLR.I Liberali Radicali, Bern
it;4054;allowances;alphabetical;Finanziamento della campagna elettorale;25;08.03.2026 Per una politica energetica e climatica equa: investire per la prosperità, il lavoro e l’ambiente (Iniziativa per un fondo per il clima);;campaign_financing;Importi finali;persona giuridica o società di persone;Donatore/trice: SP Schweiz, Attore/trice: Komitee Klimafonds-Initiative, Bern
it;4055;allowances;alphabetical;Finanziamento della campagna elettorale;25;08.03.2026 Per una politica energetica e climatica equa: investire per la prosperità, il lavoro e l’ambiente (Iniziativa per un fondo per il clima);;campaign_financing;Importi finali;persona giuridica o società di persone;Donatore/trice: GRÜNE Schweiz, Attore/trice: Komitee Klimafonds-Initiative, Bern
it;4056;allowances;alphabetical;Finanziamento della campagna elettorale;25;08.03.2026 Per una politica energetica e climatica equa: investire per la prosperità, il lavoro e l’ambiente (Iniziativa per un fondo per il clima);;campaign_financing;Importi finali;persona giuridica o società di persone;Donatore/trice: Pro Natura, Attore/trice: Komitee Klimafonds-Initiative, Bern
it;406;allowances;alphabetical;Finanziamento della campagna elettorale;1;22.10.2023 Elezioni del Consiglio nazionale 2023;2023;campaign_financing;Importi preventivati;persona fisica;Donatore/trice: Kurer Peter, Attore/trice: PLR.I Liberali Radicali, Bern
it;407;allowances;alphabetical;Finanziamento della campagna elettorale;1;22.10.2023 Elezioni del Consiglio nazionale 2023;2023;campaign_financing;Importi preventivati;persona fisica;Donatore/trice: Schmidheiny Thomas, Attore/trice: PLR.I Liberali Radicali, Bern
it;4071;allowances;alphabetical;Finanziamento della campagna elettorale;27;08.03.2026 Elezione del Consiglio nazionale (Appenzello Esterno);;campaign_financing;Importi finali;persona giuridica o società di persone;Donatore/trice: Supporter-Club FDP AR, Attore/trice: FDP.Die Liberalen des Kantons Appenzell Ausserrhoden, Heiden
it;4072;allowances;alphabetical;Finanziamento della campagna elettorale;26;08.03.2026 Legge federale del 20 giugno 2025 sull’imposizione individuale;;campaign_financing;Importi finali;persona giuridica o società di persone;Donatore/trice: Schweizerische Volkspartei SVP, Attore/trice: Alleanza del Centro, Bern
it;4073;allowances;alphabetical;Finanziamento della campagna elettorale;25;08.03.2026 Per una politica energetica e climatica equa: investire per la prosperità, il lavoro e l’ambiente (Iniziativa per un fondo per il clima);;campaign_financing;Importi finali;persona giuridica o società di persone;"Donatore/trice: economiesuisse, Attore/trice: Allianz ""NEIN zum Klima-Schuldenfonds"", Bern"
it;4074;allowances;alphabetical;Finanziamento della campagna elettorale;25;08.03.2026 Per una politica energetica e climatica equa: investire per la prosperità, il lavoro e l’ambiente (Iniziativa per un fondo per il clima);;campaign_financing;Importi finali;persona giuridica o società di persone;"Donatore/trice: economiesuisse, Attore/trice: Allianz ""NEIN zum Klima-Schuldenfonds"", Bern"
it;4075;allowances;alphabetical;Finanziamento della campagna elettorale;25;08.03.2026 Per una politica energetica e climatica equa: investire per la prosperità, il lavoro e l’ambiente (Iniziativa per un fondo per il clima);;campaign_financing;Importi finali;persona giuridica o società di persone;"Donatore/trice: Avenergy Suisse, Attore/trice: Allianz ""NEIN zum Klima-Schuldenfonds"", Bern"
it;408;allowances;alphabetical;Finanziamento della campagna elettorale;1;22.10.2023 Elezioni del Consiglio nazionale 2023;2023;campaign_financing;Importi preventivati;persona fisica;Donatore/trice: Meier Robert, Attore/trice: PLR.I Liberali Radicali, Bern
it;409;allowances;alphabetical;Finanziamento della campagna elettorale;1;22.10.2023 Elezioni del Consiglio nazionale 2023;2023;campaign_financing;Importi preventivati;persona fisica;Donatore/trice: Mosimann Philip, Attore/trice: PLR.I Liberali Radicali, Bern
it;4098;allowances;alphabetical;Finanziamento della campagna elettorale;26;08.03.2026 Legge federale del 20 giugno 2025 sull’imposizione individuale;;campaign_financing;Importi finali;persona giuridica o società di persone;Donatore/trice: Arbeitsgruppe Jugend & Familie, Attore/trice: IG Familie 3plus, Wolhusen
it;4099;allowances;alphabetical;Finanziamento della campagna elettorale;26;08.03.2026 Legge federale del 20 giugno 2025 sull’imposizione individuale;;campaign_financing;Importi finali;persona giuridica o società di persone;Donatore/trice: Pro Family International, Attore/trice: IG Familie 3plus, Wolhusen
it;410;allowances;alphabetical;Finanziamento della campagna elettorale;1;22.10.2023 Elezioni del Consiglio nazionale 2023;2023;campaign_financing;Importi preventivati;persona fisica;Donatore/trice: Meier Robert, Attore/trice: PLR.I Liberali Radicali, Bern
it;4101;allowances;alphabetical;Finanziamento della campagna elettorale;24;08.03.2026 200 franchi bastano! (Iniziativa SSR);;campaign_financing;Importi finali;persona giuridica o società di persone;Donatore/trice: SUISA, Attore/trice: Consiglio Svizzero da la Musica CSM, Aarau
it;4102;allowances;alphabetical;Finanziamento della campagna elettorale;24;08.03.2026 200 franchi bastano! (Iniziativa SSR);;campaign_financing;Importi finali;persona giuridica o società di persone;Donatore/trice: Fondation Suisa, Attore/trice: Consiglio Svizzero da la Musica CSM, Aarau
it;4103;allowances;alphabetical;Finanziamento della campagna elettorale;24;08.03.2026 200 franchi bastano! (Iniziativa SSR);;campaign_financing;Importi finali;persona giuridica o società di persone;Donatore/trice: Schweizerische Interpretengenossenschaft, Attore/trice: Consiglio Svizzero da la Musica CSM, Aarau
it;4104;allowances;alphabetical;Finanziamento della campagna elettorale;24;08.03.2026 200 franchi bastano! (Iniziativa SSR);;campaign_financing;Importi finali;persona giuridica o società di persone;Donatore/trice: Stiftung Phonoproduzierende, Attore/trice: Consiglio Svizzero da la Musica CSM, Aarau
it;4105;allowances;alphabetical;Finanziamento della campagna elettorale;24;08.03.2026 200 franchi bastano! (Iniziativa SSR);;campaign_financing;Importi finali;persona giuridica o società di persone;Donatore/trice: IFPI Schweiz, Attore/trice: Consiglio Svizzero da la Musica CSM, Aarau
it;4106;allowances;alphabetical;Finanziamento della campagna elettorale;24;08.03.2026 200 franchi bastano! (Iniziativa SSR);;campaign_financing;Importi finali;persona giuridica o società di persone;Donatore/trice: SUISA, Attore/trice: Consiglio Svizzero da la Musica CSM, Aarau
it;411;allowances;alphabetical;Finanziamento della campagna elettorale;1;22.10.2023 Elezioni del Consiglio nazionale 2023;2023;campaign_financing;Importi preventivati;persona giuridica o società di persone;Donatore/trice: Philip Morris Switzerland Sàrl, Attore/trice: PLR.I Liberali Radicali, Bern
it;4111;allowances;alphabetical;Finanziamento della campagna elettorale;26;08.03.2026 Legge federale del 20 giugno 2025 sull’imposizione individuale;;campaign_financing;Importi finali;persona fisica;Donatore/trice: Sprüngli Luzius, Attore/trice: PLR.I Liberali Radicali, Bern
it;4112;allowances;alphabetical;Finanziamento della campagna elettorale;26;08.03.2026 Legge federale del 20 giugno 2025 sull’imposizione individuale;;campaign_financing;Importi finali;persona giuridica o società di persone;Donatore/trice: economiesuisse, Attore/trice: PLR.I Liberali Radicali, Bern
it;412;allowances;alphabetical;Finanziamento della campagna elettorale;1;22.10.2023 Elezioni del Consiglio nazionale 2023;2023;campaign_financing;Importi preventivati;persona giuridica o società di persone;Donatore/trice: Freunde der FDP, Attore/trice: PLR.I Liberali Radicali, Bern
it;4150;allowances;alphabetical;Finanziamento della campagna elettorale;28;14.06.2026 No a una Svizzera da 10 milioni! (Iniziativa per la sostenibilità);;campaign_financing;Importi preventivati;persona giuridica o società di persone;Donatore/trice: Schweizerische Volkspartei des Kantons Zürich, Attore/trice: IG Nachhaltigkeitsinitiative, Dübendorf
it;4151;allowances;alphabetical;Finanziamento della campagna elettorale;28;14.06.2026 No a una Svizzera da 10 milioni! (Iniziativa per la sostenibilità);;campaign_financing;Importi preventivati;persona giuridica o società di persone;Donatore/trice: Stiftung für bürgerliche Politik, Attore/trice: IG Nachhaltigkeitsinitiative, Dübendorf
it;4152;allowances;alphabetical;Finanziamento della campagna elettorale;28;14.06.2026 No a una Svizzera da 10 milioni! (Iniziativa per la sostenibilità);;campaign_financing;Importi preventivati;persona giuridica o società di persone;Donatore/trice: Schweizerische Volkspartei (SVP Schweiz), Attore/trice: IG Nachhaltigkeitsinitiative, Dübendorf
it;4153;allowances;alphabetical;Finanziamento della campagna elettorale;28;14.06.2026 No a una Svizzera da 10 milioni! (Iniziativa per la sostenibilità);;campaign_financing;Importi preventivati;persona fisica;Donatore/trice: Blocher Christoph, Attore/trice: IG Nachhaltigkeitsinitiative, Dübendorf
it;4154;allowances;alphabetical;Finanziamento della campagna elettorale;28;14.06.2026 No a una Svizzera da 10 milioni! (Iniziativa per la sostenibilità);;campaign_financing;Importi preventivati;persona giuridica o società di persone;Donatore/trice: Emil Frey AG, Attore/trice: IG Nachhaltigkeitsinitiative, Dübendorf
it;4155;allowances;alphabetical;Finanziamento della campagna elettorale;28;14.06.2026 No a una Svizzera da 10 milioni! (Iniziativa per la sostenibilità);;campaign_financing;Importi preventivati;persona giuridica o società di persone;Donatore/trice: Schweizerische Volkspartei (SVP Schweiz), Attore/trice: IG Nachhaltigkeitsinitiative, Dübendorf
it;4156;allowances;alphabetical;Finanziamento della campagna elettorale;28;14.06.2026 No a una Svizzera da 10 milioni! (Iniziativa per la sostenibilità);;campaign_financing;Importi preventivati;persona giuridica o società di persone;Donatore/trice: Stiftung für bürgerliche Politik, Attore/trice: IG Nachhaltigkeitsinitiative, Dübendorf
it;4157;allowances;alphabetical;Finanziamento della campagna elettorale;28;14.06.2026 No a una Svizzera da 10 milioni! (Iniziativa per la sostenibilità);;campaign_financing;Importi preventivati;persona fisica;Donatore/trice: Matter Thomas, Attore/trice: IG Nachhaltigkeitsinitiative, Dübendorf
it;4158;allowances;alphabetical;Finanziamento della campagna elettorale;28;14.06.2026 No a una Svizzera da 10 milioni! (Iniziativa per la sostenibilità);;campaign_financing;Importi preventivati;persona fisica;Donatore/trice: Gaydoul Philippe, Attore/trice: IG Nachhaltigkeitsinitiative, Dübendorf
it;4159;allowances;alphabetical;Finanziamento della campagna elettorale;28;14.06.2026 No a una Svizzera da 10 milioni! (Iniziativa per la sostenibilità);;campaign_financing;Importi preventivati;persona fisica;Donatore/trice: Blocher Christoph, Attore/trice: IG Nachhaltigkeitsinitiative, Dübendorf
it;4160;allowances;alphabetical;Finanziamento della campagna elettorale;28;14.06.2026 No a una Svizzera da 10 milioni! (Iniziativa per la sostenibilità);;campaign_financing;Importi preventivati;persona giuridica o società di persone;Donatore/trice: Patinex AG, Attore/trice: IG Nachhaltigkeitsinitiative, Dübendorf
it;4161;allowances;alphabetical;Finanziamento della campagna elettorale;28;14.06.2026 No a una Svizzera da 10 milioni! (Iniziativa per la sostenibilità);;campaign_financing;Importi preventivati;persona fisica;Donatore/trice: Urs Murbach und Theresa Nussbaum Urs Murbach und Theresa Nussbaum, Attore/trice: Sozialdemokratische Partei der Schweiz, Bern
it;4180;allowances;alphabetical;Finanziamento della campagna elettorale;28;14.06.2026 No a una Svizzera da 10 milioni! (Iniziativa per la sostenibilità);;campaign_financing;Importi preventivati;persona fisica;Donatore/trice: Brändlin Sabine und Dominik, Attore/trice: Sozialdemokratische Partei der Schweiz, Bern
it;4181;allowances;alphabetical;Finanziamento della campagna elettorale;24;08.03.2026 200 franchi bastano! (Iniziativa SSR);;campaign_financing;Importi finali;persona giuridica o società di persone;Donatore/trice: Cooperativa SSR Svizzera italiana Corsi, Attore/trice: Associazione Pro Servizio Pubblico Radiotelevisivo, Comano
it;4182;allowances;alphabetical;Finanziamento della campagna elettorale;24;08.03.2026 200 franchi bastano! (Iniziativa SSR);;campaign_financing;Importi finali;persona giuridica o società di persone;Donatore/trice: Cooperativa SSR Svizzera italiana Corsi, Attore/trice: Associazione Pro Servizio Pubblico Radiotelevisivo, Comano
it;4183;allowances;alphabetical;Finanziamento della campagna elettorale;24;08.03.2026 200 franchi bastano! (Iniziativa SSR);;campaign_financing;Importi finali;persona giuridica o società di persone;Donatore/trice: Volkart Stiftung, Attore/trice: Allianz Pro Medienvielfalt, Bern
it;4184;allowances;alphabetical;Finanziamento della campagna elettorale;24;08.03.2026 200 franchi bastano! (Iniziativa SSR);;campaign_financing;Importi finali;persona giuridica o società di persone;Donatore/trice: Stiftung für Medienvielfalt, Attore/trice: Allianz Pro Medienvielfalt, Bern
it;4185;allowances;alphabetical;Finanziamento della campagna elettorale;24;08.03.2026 200 franchi bastano! (Iniziativa SSR);;campaign_financing;Importi finali;persona giuridica o società di persone;Donatore/trice: Trägerschaftsverein SRG Zentralschweiz, Attore/trice: Allianz Pro Medienvielfalt, Bern
it;4186;allowances;alphabetical;Finanziamento della campagna elettorale;24;08.03.2026 200 franchi bastano! (Iniziativa SSR);;campaign_financing;Importi finali;persona fisica;Donatore/trice: Bachmann & Fust Therese & Patrick, Attore/trice: Allianz Pro Medienvielfalt, Bern
it;4187;allowances;alphabetical;Finanziamento della campagna elettorale;24;08.03.2026 200 franchi bastano! (Iniziativa SSR);;campaign_financing;Importi finali;persona giuridica o società di persone;Donatore/trice: Schweizerische Gemeinnützige Gesellschaft, Attore/trice: Allianz Pro Medienvielfalt, Bern
it;4188;allowances;alphabetical;Finanziamento della campagna elettorale;24;08.03.2026 200 franchi bastano! (Iniziativa SSR);;campaign_financing;Importi finali;persona giuridica o società di persone;Donatore/trice: European Broadcasting Union, Attore/trice: Allianz Pro Medienvielfalt, Bern
it;4189;allowances;alphabetical;Finanziamento della campagna elettorale;24;08.03.2026 200 franchi bastano! (Iniziativa SSR);;campaign_financing;Importi finali;persona giuridica o società di persone;Donatore/trice: Demokratie Stiftung Basel, Attore/trice: Allianz Pro Medienvielfalt, Bern
it;4190;allowances;alphabetical;Finanziamento della campagna elettorale;24;08.03.2026 200 franchi bastano! (Iniziativa SSR);;campaign_financing;Importi finali;persona giuridica o società di persone;Donatore/trice: Genossenschaft SRG Bern Fribourg Wallis, Attore/trice: Allianz Pro Medienvielfalt, Bern
it;4191;allowances;alphabetical;Finanziamento della campagna elettorale;24;08.03.2026 200 franchi bastano! (Iniziativa SSR);;campaign_financing;Importi finali;persona giuridica o società di persone;Donatore/trice: Kulturfonds SSA, Attore/trice: Allianz Pro Medienvielfalt, Bern
it;4192;allowances;alphabetical;Finanziamento della campagna elettorale;24;08.03.2026 200 franchi bastano! (Iniziativa SSR);;campaign_financing;Importi finali;persona giuridica o società di persone;Donatore/trice: Schweizerische Interpreten Gesellschaft SIG, Attore/trice: Allianz Pro Medienvielfalt, Bern
it;4193;allowances;alphabetical;Finanziamento della campagna elettorale;24;08.03.2026 200 franchi bastano! (Iniziativa SSR);;campaign_financing;Importi finali;persona giuridica o società di persone;Donatore/trice: Bewegung Courage Civil, Attore/trice: Allianz Pro Medienvielfalt, Bern
it;4194;allowances;alphabetical;Finanziamento della campagna elettorale;24;08.03.2026 200 franchi bastano! (Iniziativa SSR);;campaign_financing;Importi finali;persona fisica;Donatore/trice: Eder Joachim, Attore/trice: Allianz Pro Medienvielfalt, Bern
it;4195;allowances;alphabetical;Finanziamento della campagna elettorale;24;08.03.2026 200 franchi bastano! (Iniziativa SSR);;campaign_financing;Importi finali;persona fisica;Donatore/trice: Balsiger Mark, Attore/trice: Allianz Pro Medienvielfalt, Bern
it;4196;allowances;alphabetical;Finanziamento della campagna elettorale;24;08.03.2026 200 franchi bastano! (Iniziativa SSR);;campaign_financing;Importi finali;persona fisica;Donatore/trice: Hauser Maximilian, Attore/trice: Allianz Pro Medienvielfalt, Bern
it;4197;allowances;alphabetical;Finanziamento della campagna elettorale;24;08.03.2026 200 franchi bastano! (Iniziativa SSR);;campaign_financing;Importi finali;persona fisica;Donatore/trice: Rytz Regula, Attore/trice: Allianz Pro Medienvielfalt, Bern
it;4198;allowances;alphabetical;Finanziamento della campagna elettorale;24;08.03.2026 200 franchi bastano! (Iniziativa SSR);;campaign_financing;Importi finali;persona fisica;Donatore/trice: Leutwyler Christina, Attore/trice: Allianz Pro Medienvielfalt, Bern
it;4199;allowances;alphabetical;Finanziamento della campagna elettorale;24;08.03.2026 200 franchi bastano! (Iniziativa SSR);;campaign_financing;Importi finali;persona fisica;Donatore/trice: Gysi Peter, Attore/trice: Allianz Pro Medienvielfalt, Bern
it;4200;allowances;alphabetical;Finanziamento della campagna elettorale;24;08.03.2026 200 franchi bastano! (Iniziativa SSR);;campaign_financing;Importi finali;persona fisica;Donatore/trice: Henzi Ursula, Attore/trice: Allianz Pro Medienvielfalt, Bern
it;4201;allowances;alphabetical;Finanziamento della campagna elettorale;24;08.03.2026 200 franchi bastano! (Iniziativa SSR);;campaign_financing;Importi finali;persona giuridica o società di persone;Donatore/trice: Border Crossing AG, Attore/trice: Allianz Pro Medienvielfalt, Bern
it;4203;allowances;alphabetical;Finanziamento della campagna elettorale;28;14.06.2026 No a una Svizzera da 10 milioni! (Iniziativa per la sostenibilità);;campaign_financing;Importi preventivati;persona giuridica o società di persone;Donatore/trice: Economiesuisse, Attore/trice: Alleanza del Centro, Bern
it;4204;allowances;alphabetical;Finanziamento della campagna elettorale;28;14.06.2026 No a una Svizzera da 10 milioni! (Iniziativa per la sostenibilità);;campaign_financing;Importi preventivati;persona giuridica o società di persone;Donatore/trice: Economiesuisse, Attore/trice: Alleanza del Centro, Bern
it;421;allowances;alphabetical;Finanziamento della campagna elettorale;1;22.10.2023 Elezioni del Consiglio nazionale 2023;2023;campaign_financing;Importi preventivati;persona giuridica o società di persone;Donatore/trice: Baumeisterverband Solothurn, Attore/trice: Spielmann Markus, Starrkirch-Wil
it;4211;allowances;alphabetical;Finanziamento della campagna elettorale;28;14.06.2026 No a una Svizzera da 10 milioni! (Iniziativa per la sostenibilità);;campaign_financing;Importi preventivati;persona giuridica o società di persone;Donatore/trice: Handelskammer beider Basel, Attore/trice: Alleanza «NO all'iniziativa del caos», Berna
it;4212;allowances;alphabetical;Finanziamento della campagna elettorale;28;14.06.2026 No a una Svizzera da 10 milioni! (Iniziativa per la sostenibilità);;campaign_financing;Importi preventivati;persona giuridica o società di persone;Donatore/trice: Fédération des Entreprises Romandes Genève, Attore/trice: Alleanza «NO all'iniziativa del caos», Berna
it;4213;allowances;alphabetical;Finanziamento della campagna elettorale;28;14.06.2026 No a una Svizzera da 10 milioni! (Iniziativa per la sostenibilità);;campaign_financing;Importi preventivati;persona giuridica o società di persone;Donatore/trice: Groupement des Entreprises Multinationales, Attore/trice: Alleanza «NO all'iniziativa del caos», Berna
it;4214;allowances;alphabetical;Finanziamento della campagna elettorale;28;14.06.2026 No a una Svizzera da 10 milioni! (Iniziativa per la sostenibilità);;campaign_financing;Importi preventivati;persona giuridica o società di persone;Donatore/trice: Chambre de commerce, d’industrie et des services de Genève, Attore/trice: Alleanza «NO all'iniziativa del caos», Berna
it;4215;allowances;alphabetical;Finanziamento della campagna elettorale;28;14.06.2026 No a una Svizzera da 10 milioni! (Iniziativa per la sostenibilità);;campaign_financing;Importi preventivati;persona giuridica o società di persone;Donatore/trice: Chambre vaudoise du commerce et de l'industrie, Attore/trice: Alleanza «NO all'iniziativa del caos», Berna
it;4216;allowances;alphabetical;Finanziamento della campagna elettorale;28;14.06.2026 No a una Svizzera da 10 milioni! (Iniziativa per la sostenibilità);;campaign_financing;Importi preventivati;persona giuridica o società di persone;Donatore/trice: Zürcher Handelskammer, Attore/trice: Alleanza «NO all'iniziativa del caos», Berna
it;4217;allowances;alphabetical;Finanziamento della campagna elettorale;28;14.06.2026 No a una Svizzera da 10 milioni! (Iniziativa per la sostenibilità);;campaign_financing;Importi preventivati;persona giuridica o società di persone;Donatore/trice: economiesuisse, Attore/trice: Alleanza «NO all'iniziativa del caos», Berna
it;4218;allowances;alphabetical;Finanziamento della campagna elettorale;28;14.06.2026 No a una Svizzera da 10 milioni! (Iniziativa per la sostenibilità);;campaign_financing;Importi preventivati;persona giuridica o società di persone;Donatore/trice: economiesuisse, Attore/trice: Alleanza «NO all'iniziativa del caos», Berna
it;4219;allowances;alphabetical;Finanziamento della campagna elettorale;28;14.06.2026 No a una Svizzera da 10 milioni! (Iniziativa per la sostenibilità);;campaign_financing;Importi preventivati;persona giuridica o società di persone;Donatore/trice: economiesuisse, Attore/trice: Alleanza «NO all'iniziativa del caos», Berna
it;422;allowances;alphabetical;Finanziamento della campagna elettorale;1;22.10.2023 Elezioni del Consiglio nazionale 2023;2023;campaign_financing;Importi preventivati;persona giuridica o società di persone;Donatore/trice: Fondazione per una politica liberal-conservatrice, Attore/trice: Unione Democratica di Centro del Canton Ticino, Pregassona
it;4220;allowances;alphabetical;Finanziamento della campagna elettorale;28;14.06.2026 No a una Svizzera da 10 milioni! (Iniziativa per la sostenibilità);;campaign_financing;Importi preventivati;persona giuridica o società di persone;Donatore/trice: Fondation Genève Place Financière, Attore/trice: Alleanza «NO all'iniziativa del caos», Berna
it;4221;allowances;alphabetical;Finanziamento della campagna elettorale;28;14.06.2026 No a una Svizzera da 10 milioni! (Iniziativa per la sostenibilità);;campaign_financing;Importi preventivati;persona giuridica o società di persone;Donatore/trice: economiesuisse, Attore/trice: PLR.I Liberali Radicali, Bern
it;4222;allowances;alphabetical;Finanziamento della campagna elettorale;28;14.06.2026 No a una Svizzera da 10 milioni! (Iniziativa per la sostenibilità);;campaign_financing;Importi preventivati;persona giuridica o società di persone;Donatore/trice: economiesuisse, Attore/trice: PLR.I Liberali Radicali, Bern
it;4223;allowances;alphabetical;Finanziamento della campagna elettorale;28;14.06.2026 No a una Svizzera da 10 milioni! (Iniziativa per la sostenibilità);;campaign_financing;Importi preventivati;persona giuridica o società di persone;Donatore/trice: economiesuisse, Attore/trice: PLR.I Liberali Radicali, Bern
it;423;allowances;alphabetical;Finanziamento della campagna elettorale;1;22.10.2023 Elezioni del Consiglio nazionale 2023;2023;campaign_financing;Importi preventivati;persona giuridica o società di persone;Donatore/trice: Verein «Für bürgerliche Politiker im Kanton Zug», Attore/trice: Schweizerische Volkspartei des Kantons und Freistaates Zug, Zug
it;424;allowances;alphabetical;Finanziamento della campagna elettorale;1;22.10.2023 Elezioni del Consiglio nazionale 2023;2023;campaign_financing;Importi preventivati;persona fisica;Donatore/trice: Leuppi Ruedi, Attore/trice: Jill Nussbaumer in den Nationalrat, Zug
it;425;allowances;alphabetical;Finanziamento della campagna elettorale;1;22.10.2023 Elezioni del Consiglio nazionale 2023;2023;campaign_financing;Importi preventivati;persona giuridica o società di persone;Donatore/trice: WMN Services GmbH, Attore/trice: Alijaj Islam, Zürich
it;426;allowances;alphabetical;Finanziamento della campagna elettorale;1;22.10.2023 Elezioni del Consiglio nazionale 2023;2023;campaign_financing;Importi preventivati;persona fisica;Donatore/trice: Schärer David, Attore/trice: Alijaj Islam, Zürich
it;427;allowances;alphabetical;Finanziamento della campagna elettorale;1;22.10.2023 Elezioni del Consiglio nazionale 2023;2023;campaign_financing;Importi preventivati;persona giuridica o società di persone;Donatore/trice: WMN Services GmbH, Attore/trice: Alijaj Islam, Zürich
it;428;allowances;alphabetical;Finanziamento della campagna elettorale;1;22.10.2023 Elezioni del Consiglio nazionale 2023;2023;campaign_financing;Importi preventivati;persona giuridica o società di persone;Donatore/trice: Pro Infirmis, Attore/trice: Alijaj Islam, Zürich
it;429;allowances;alphabetical;Finanziamento della campagna elettorale;1;22.10.2023 Elezioni del Consiglio nazionale 2023;2023;campaign_financing;Importi preventivati;persona giuridica o società di persone;Donatore/trice: Supporter-Club FDP AR, Attore/trice: FDP.Die Liberalen des Kantons Appenzell Ausserrhoden, Heiden
it;43;allowances;alphabetical;Finanziamento della campagna elettorale;1;22.10.2023 Elezioni del Consiglio nazionale 2023;2023;campaign_financing;Importi preventivati;persona giuridica o società di persone;Donatore/trice: Raiffeisen Schweiz Genossenschaft, Attore/trice: Komitee Thomas de Courten in den Nationalrat, Rünenberg
it;430;allowances;alphabetical;Finanziamento della campagna elettorale;1;22.10.2023 Elezioni del Consiglio nazionale 2023;2023;campaign_financing;Importi preventivati;persona fisica;Donatore/trice: Marchand Christina, Attore/trice: Grüne Kanton Zürich, Zürich
it;431;allowances;alphabetical;Finanziamento della campagna elettorale;1;22.10.2023 Elezioni del Consiglio nazionale 2023;2023;campaign_financing;Importi preventivati;persona giuridica o società di persone;Donatore/trice: SP Schweiz, Attore/trice: Sozialdemokratische Partei Basel-Stadt, Basel-Stadt
it;432;allowances;alphabetical;Finanziamento della campagna elettorale;1;22.10.2023 Elezioni del Consiglio nazionale 2023;2023;campaign_financing;Importi preventivati;persona giuridica o società di persone;Donatore/trice: SP Schweiz, Attore/trice: Sozialdemokratische Partei Basel-Stadt, Basel-Stadt
it;433;allowances;alphabetical;Finanziamento della campagna elettorale;1;22.10.2023 Elezioni del Consiglio nazionale 2023;2023;campaign_financing;Importi preventivati;persona giuridica o società di persone;Donatore/trice: Moving Media Basel AG, Attore/trice: Sozialdemokratische Partei Basel-Stadt, Basel-Stadt
it;434;allowances;alphabetical;Finanziamento della campagna elettorale;1;22.10.2023 Elezioni del Consiglio nazionale 2023;2023;campaign_financing;Importi finali;persona giuridica o società di persone;Donatore/trice: Greenpeace Schweiz, Attore/trice: Greenpeace Svizzera, Zürich
it;439;allowances;alphabetical;Finanziamento della campagna elettorale;1;22.10.2023 Elezioni del Consiglio nazionale 2023;2023;campaign_financing;Importi finali;persona fisica;Donatore/trice: Weidmann Tobias, Attore/trice: Schweizerische Volkspartei des Bezirkes Winterthur, Hünikon (Neftenbach)
it;44;allowances;alphabetical;Finanziamento della campagna elettorale;1;22.10.2023 Elezioni del Consiglio nazionale 2023;2023;campaign_financing;Importi preventivati;persona giuridica o società di persone;Donatore/trice: Sozialdemokratische Partei Schweiz, Attore/trice: Sozialdemokratische Partei Kanton Aargau, Aarau
it;441;allowances;alphabetical;Finanziamento della campagna elettorale;1;22.10.2023 Elezioni del Consiglio nazionale 2023;2023;campaign_financing;Importi finali;persona giuridica o società di persone;Donatore/trice: Grünliberale Partei Schweiz, Attore/trice: Grünliberale Kanton Zürich, Zürich
it;446;allowances;alphabetical;Finanziamento della campagna elettorale;1;22.10.2023 Elezioni del Consiglio nazionale 2023;2023;campaign_financing;Importi finali;persona fisica;Donatore/trice: Töngi Michael, Attore/trice: Grüne Kanton Luzern, Luzern
it;447;allowances;alphabetical;Finanziamento della campagna elettorale;1;22.10.2023 Elezioni del Consiglio nazionale 2023;2023;campaign_financing;Importi finali;persona fisica;Donatore/trice: Schlepfer Thom, Attore/trice: Grüne Kanton Luzern, Luzern
it;448;allowances;alphabetical;Finanziamento della campagna elettorale;1;22.10.2023 Elezioni del Consiglio nazionale 2023;2023;campaign_financing;Importi finali;persona giuridica o società di persone;Donatore/trice: Grünliberale Partei Schweiz, Attore/trice: Grünliberale Kanton Zürich, Zürich
it;449;allowances;alphabetical;Finanziamento della campagna elettorale;1;22.10.2023 Elezioni del Consiglio nazionale 2023;2023;campaign_financing;Importi finali;persona fisica;Donatore/trice: Schaffner Barbara, Attore/trice: Grünliberale Kanton Zürich, Zürich
it;45;allowances;alphabetical;Finanziamento della campagna elettorale;1;22.10.2023 Elezioni del Consiglio nazionale 2023;2023;campaign_financing;Importi preventivati;persona giuridica o società di persone;Donatore/trice: Club économique libéral, Attore/trice: Parti libéral-radical neuchâtelois, Neuchâtel
it;450;allowances;alphabetical;Finanziamento della campagna elettorale;1;22.10.2023 Elezioni del Consiglio nazionale 2023;2023;campaign_financing;Importi finali;persona fisica;Donatore/trice: Bäumle Martin, Attore/trice: Grünliberale Kanton Zürich, Zürich
it;4510;allowances;alphabetical;Finanziamento della campagna elettorale;28;14.06.2026 No a una Svizzera da 10 milioni! (Iniziativa per la sostenibilità);;campaign_financing;Importi finali;persona giuridica o società di persone;Donatore/trice: SEV, Attore/trice: Unione sindacale svizzera (USS), Berna
it;4511;allowances;alphabetical;Finanziamento della campagna elettorale;28;14.06.2026 No a una Svizzera da 10 milioni! (Iniziativa per la sostenibilità);;campaign_financing;Importi finali;persona giuridica o società di persone;Donatore/trice: Syndicom, Attore/trice: Unione sindacale svizzera (USS), Berna
it;4512;allowances;alphabetical;Finanziamento della campagna elettorale;28;14.06.2026 No a una Svizzera da 10 milioni! (Iniziativa per la sostenibilità);;campaign_financing;Importi finali;persona giuridica o società di persone;Donatore/trice: Unia, Attore/trice: Unione sindacale svizzera (USS), Berna
it;4513;allowances;alphabetical;Finanziamento della campagna elettorale;28;14.06.2026 No a una Svizzera da 10 milioni! (Iniziativa per la sostenibilità);;campaign_financing;Importi finali;persona giuridica o società di persone;Donatore/trice: VPOD, Attore/trice: Unione sindacale svizzera (USS), Berna
it;4514;allowances;alphabetical;Finanziamento della campagna elettorale;28;14.06.2026 No a una Svizzera da 10 milioni! (Iniziativa per la sostenibilità);;campaign_financing;Importi finali;persona giuridica o società di persone;Donatore/trice: Schweizerischer Gewerkschaftsbund, Attore/trice: Unione sindacale svizzera (USS), Berna
it;4516;allowances;alphabetical;Finanziamento della campagna elettorale;29;14.06.2026 Modifica del 26 settembre 2025 della legge federale sul servizio civile sostitutivo (Legge sul servizio civile, LSC);;campaign_financing;Importi preventivati;persona giuridica o società di persone;Donatore/trice: Junge Grüne Schweiz, Attore/trice: Allianz Zivildienstgesetz-nein, Bern
it;4517;allowances;alphabetical;Finanziamento della campagna elettorale;29;14.06.2026 Modifica del 26 settembre 2025 della legge federale sul servizio civile sostitutivo (Legge sul servizio civile, LSC);;campaign_financing;Importi preventivati;persona giuridica o società di persone;Donatore/trice: Junge Grüne Schweiz, Attore/trice: Allianz Zivildienstgesetz-nein, Bern
it;4526;allowances;alphabetical;Finanziamento della campagna elettorale;29;14.06.2026 Modifica del 26 settembre 2025 della legge federale sul servizio civile sostitutivo (Legge sul servizio civile, LSC);;campaign_financing;Importi preventivati;persona fisica;Donatore/trice: Werenfels Samuel, Attore/trice: Allianz Zivildienstgesetz-nein, Bern
it;454;allowances;alphabetical;Finanziamento della campagna elettorale;1;22.10.2023 Elezioni del Consiglio nazionale 2023;2023;campaign_financing;Importi finali;persona giuridica o società di persone;Donatore/trice: FDP Schweiz, Attore/trice: Partito Liberale Radicale Ticinese, Bellinzona
it;4546;allowances;alphabetical;Finanziamento della campagna elettorale;32;27.09.2026 Per un’alimentazione sicura – mediante il rafforzamento di una produzione nazionale sostenibile, più derrate alimentari vegetali e acqua potabile pulita (Iniziativa sull’alimentazione);;campaign_financing;Importi preventivati;persona giuridica o società di persone;Donatore/trice: Prométerre, Attore/trice: Agri Médias Sàrl, Lausanne
it;4547;allowances;alphabetical;Finanziamento della campagna elettorale;32;27.09.2026 Per un’alimentazione sicura – mediante il rafforzamento di una produzione nazionale sostenibile, più derrate alimentari vegetali e acqua potabile pulita (Iniziativa sull’alimentazione);;campaign_financing;Importi preventivati;persona giuridica o società di persone;Donatore/trice: AgorA, Attore/trice: Agri Médias Sàrl, Lausanne
it;4548;allowances;alphabetical;Finanziamento della campagna elettorale;28;14.06.2026 No a una Svizzera da 10 milioni! (Iniziativa per la sostenibilità);;campaign_financing;Importi finali;persona giuridica o società di persone;Donatore/trice: GastroSuisse, Attore/trice: Alleanza per una Svizzera che funziona, Berna
it;455;allowances;alphabetical;Finanziamento della campagna elettorale;1;22.10.2023 Elezioni del Consiglio nazionale 2023;2023;campaign_financing;Importi finali;persona giuridica o società di persone;Donatore/trice: Schweizerischer Gewerbeverband, Attore/trice: Schweizerische Volkspartei von Appenzell Ausserrhoden, Schönengrund
it;456;allowances;alphabetical;Finanziamento della campagna elettorale;1;22.10.2023 Elezioni del Consiglio nazionale 2023;2023;campaign_financing;Importi finali;persona giuridica o società di persone;Donatore/trice: Treffpunkt AR plus, Attore/trice: Schweizerische Volkspartei von Appenzell Ausserrhoden, Schönengrund
it;458;allowances;alphabetical;Finanziamento della campagna elettorale;1;22.10.2023 Elezioni del Consiglio nazionale 2023;2023;campaign_financing;Importi finali;persona fisica;Donatore/trice: Studer Lilian, Attore/trice: Evangelische Volkspartei des Kantons Aargau, Aarau
it;459;allowances;alphabetical;Finanziamento della campagna elettorale;1;22.10.2023 Elezioni del Consiglio nazionale 2023;2023;campaign_financing;Importi finali;persona giuridica o società di persone;Donatore/trice: HEV Kanton Zürich, Attore/trice: Rueff-Frenkel Sonja, Zürich
it;46;allowances;alphabetical;Finanziamento della campagna elettorale;1;22.10.2023 Elezioni del Consiglio nazionale 2023;2023;campaign_financing;Importi preventivati;persona fisica;Donatore/trice: Blocher Christoph, Attore/trice: Unione Democratica di Centro (UDC), Bern
it;460;allowances;alphabetical;Finanziamento della campagna elettorale;1;22.10.2023 Elezioni del Consiglio nazionale 2023;2023;campaign_financing;Importi finali;persona giuridica o società di persone;Donatore/trice: Verein «Für bürgerliche Politiker im Kanton Zug», Attore/trice: Schweizerische Volkspartei des Kantons und Freistaates Zug, Zug
it;462;allowances;alphabetical;Finanziamento della campagna elettorale;1;22.10.2023 Elezioni del Consiglio nazionale 2023;2023;campaign_financing;Importi finali;persona giuridica o società di persone;Donatore/trice: Baumeisterverband Solothurn, Attore/trice: Spielmann Markus, Starrkirch-Wil
it;463;allowances;alphabetical;Finanziamento della campagna elettorale;1;22.10.2023 Elezioni del Consiglio nazionale 2023;2023;campaign_financing;Importi finali;persona giuridica o società di persone;Donatore/trice: Grünliberale Partei Schweiz, Attore/trice: Grünliberale Kanton Thurgau, Frauenfeld
it;464;allowances;alphabetical;Finanziamento della campagna elettorale;1;22.10.2023 Elezioni del Consiglio nazionale 2023;2023;campaign_financing;Importi finali;persona fisica;Donatore/trice: Thalmann Vroni, Attore/trice: Grüter Franz, Eich
it;465;allowances;alphabetical;Finanziamento della campagna elettorale;1;22.10.2023 Elezioni del Consiglio nazionale 2023;2023;campaign_financing;Importi finali;persona fisica;Donatore/trice: Gredig Corina, Attore/trice: Grünliberale Kanton Zürich, Zürich
it;466;allowances;alphabetical;Finanziamento della campagna elettorale;1;22.10.2023 Elezioni del Consiglio nazionale 2023;2023;campaign_financing;Importi finali;persona fisica;Donatore/trice: Hässig Patrick, Attore/trice: Grünliberale Kanton Zürich, Zürich
it;467;allowances;alphabetical;Finanziamento della campagna elettorale;1;22.10.2023 Elezioni del Consiglio nazionale 2023;2023;campaign_financing;Importi finali;persona fisica;Donatore/trice: Moser Tiana, Attore/trice: Grünliberale Kanton Zürich, Zürich
it;468;allowances;alphabetical;Finanziamento della campagna elettorale;1;22.10.2023 Elezioni del Consiglio nazionale 2023;2023;campaign_financing;Importi finali;persona fisica;Donatore/trice: Staub Zeno, Attore/trice: Arbeitsgemeinschaft Wirtschaft und Gesellschaft des Kantons Zürich (AWG), Zürich
it;469;allowances;alphabetical;Finanziamento della campagna elettorale;1;22.10.2023 Elezioni del Consiglio nazionale 2023;2023;campaign_financing;Importi finali;persona giuridica o società di persone;Donatore/trice: HEV Kanton Zürich, Attore/trice: Die Mitte Kanton Zürich, Zürich
it;47;allowances;alphabetical;Finanziamento della campagna elettorale;1;22.10.2023 Elezioni del Consiglio nazionale 2023;2023;campaign_financing;Importi preventivati;persona fisica;Donatore/trice: Frey Walter, Attore/trice: Unione Democratica di Centro (UDC), Bern
it;470;allowances;alphabetical;Finanziamento della campagna elettorale;1;22.10.2023 Elezioni del Consiglio nazionale 2023;2023;campaign_financing;Importi finali;persona fisica;Donatore/trice: Eric Syz, Attore/trice: Arbeitsgemeinschaft Wirtschaft und Gesellschaft des Kantons Zürich (AWG), Zürich
it;471;allowances;alphabetical;Finanziamento della campagna elettorale;1;22.10.2023 Elezioni del Consiglio nazionale 2023;2023;campaign_financing;Importi finali;persona giuridica o società di persone;Donatore/trice: Flughafen Zürich, Attore/trice: Die Mitte Kanton Zürich, Zürich
it;472;allowances;alphabetical;Finanziamento della campagna elettorale;2;22.10.2023 Elezioni del Consiglio agli Stati 2023;;campaign_financing;Importi finali;persona giuridica o società di persone;Donatore/trice: Gem, Attore/trice: Gössi Petra, Küssnacht am Rigi
it;473;allowances;alphabetical;Finanziamento della campagna elettorale;1;22.10.2023 Elezioni del Consiglio nazionale 2023;2023;campaign_financing;Importi finali;persona giuridica o società di persone;Donatore/trice: Evangelische Volkspartei der Schweiz, Attore/trice: Evangelische Volkspartei des Kantons Aargau, Aarau
it;474;allowances;alphabetical;Finanziamento della campagna elettorale;1;22.10.2023 Elezioni del Consiglio nazionale 2023;2023;campaign_financing;Importi finali;persona giuridica o società di persone;Donatore/trice: Gesellschaft zum Zytthurm, Attore/trice: Die Mitte Kanton Zug, Rotkreuz
it;475;allowances;alphabetical;Finanziamento della campagna elettorale;1;22.10.2023 Elezioni del Consiglio nazionale 2023;2023;campaign_financing;Importi finali;persona giuridica o società di persone;Donatore/trice: Schweizerischer Arbeitgeberverband, Attore/trice: Grünliberale Partei Schweiz, Bern
it;478;allowances;alphabetical;Finanziamento della campagna elettorale;1;22.10.2023 Elezioni del Consiglio nazionale 2023;2023;campaign_financing;Importi finali;persona giuridica o società di persone;Donatore/trice: Hauseigentümerverband Kanton Zürich, Attore/trice: Farner Martin, Oberstammheim
it;48;allowances;alphabetical;Finanziamento della campagna elettorale;1;22.10.2023 Elezioni del Consiglio nazionale 2023;2023;campaign_financing;Importi preventivati;persona fisica;Donatore/trice: Martullo-Blocher Magdalena, Attore/trice: Unione Democratica di Centro (UDC), Bern
it;482;allowances;alphabetical;Finanziamento della campagna elettorale;1;22.10.2023 Elezioni del Consiglio nazionale 2023;2023;campaign_financing;Importi finali;persona giuridica o società di persone;Donatore/trice: SSIC TI, Attore/trice: Farinelli Alex, Comano
it;484;allowances;alphabetical;Finanziamento della campagna elettorale;1;22.10.2023 Elezioni del Consiglio nazionale 2023;2023;campaign_financing;Importi finali;persona giuridica o società di persone;Donatore/trice: FORUM AARGAU, Attore/trice: FDP.Die Liberalen Aargau, Aarau
it;485;allowances;alphabetical;Finanziamento della campagna elettorale;1;22.10.2023 Elezioni del Consiglio nazionale 2023;2023;campaign_financing;Importi finali;persona giuridica o società di persone;Donatore/trice: HEV Zürich, Attore/trice: Freisinnig-Demokratische Partei der Stadt Zürich, Zürich
it;487;allowances;alphabetical;Finanziamento della campagna elettorale;2;22.10.2023 Elezioni del Consiglio agli Stati 2023;;campaign_financing;Importi finali;persona fisica;Donatore/trice: Burkard Carmita, Attore/trice: UNTERSTÜTZUNGSKOMITEE MAYA GRAF - UNSERE STÄNDERÄTIN WIEDER NACH BERN, Sissach
it;489;allowances;alphabetical;Finanziamento della campagna elettorale;1;22.10.2023 Elezioni del Consiglio nazionale 2023;2023;campaign_financing;Importi finali;persona giuridica o società di persone;Donatore/trice: Schweizerischer Gewerbeverband sgv, Attore/trice: Schneeberger Daniela, Thürnen
it;49;allowances;alphabetical;Finanziamento della campagna elettorale;1;22.10.2023 Elezioni del Consiglio nazionale 2023;2023;campaign_financing;Importi preventivati;persona fisica;Donatore/trice: Matter Thomas, Attore/trice: Unione Democratica di Centro (UDC), Bern
it;495;allowances;alphabetical;Finanziamento della campagna elettorale;1;22.10.2023 Elezioni del Consiglio nazionale 2023;2023;campaign_financing;Importi finali;persona fisica;Donatore/trice: Ruppen Franz, Attore/trice: Schweizerische Volkspartei Oberwallis, Brig
it;496;allowances;alphabetical;Finanziamento della campagna elettorale;1;22.10.2023 Elezioni del Consiglio nazionale 2023;2023;campaign_financing;Importi finali;persona fisica;Donatore/trice: Graber Michael, Attore/trice: Schweizerische Volkspartei Oberwallis, Brig
it;497;allowances;alphabetical;Finanziamento della campagna elettorale;1;22.10.2023 Elezioni del Consiglio nazionale 2023;2023;campaign_financing;Importi finali;persona giuridica o società di persone;Donatore/trice: Pomona Media AG, Attore/trice: Schweizerische Volkspartei Oberwallis, Brig
it;498;allowances;alphabetical;Finanziamento della campagna elettorale;1;22.10.2023 Elezioni del Consiglio nazionale 2023;2023;campaign_financing;Importi finali;persona giuridica o società di persone;Donatore/trice: Kuratorium Thurgau, Attore/trice: Schweizerische Volkspartei des Kantons Thurgau, Mettlen
it;499;allowances;alphabetical;Finanziamento della campagna elettorale;1;22.10.2023 Elezioni del Consiglio nazionale 2023;2023;campaign_financing;Importi finali;persona giuridica o società di persone;Donatore/trice: Kuratorium Thurgau, Attore/trice: Schweizerische Volkspartei des Kantons Thurgau, Mettlen
it;5;allowances;alphabetical;Finanziamento della campagna elettorale;1;22.10.2023 Elezioni del Consiglio nazionale 2023;2023;campaign_financing;Importi preventivati;persona giuridica o società di persone;Donatore/trice: Grünliberale Partei Bezirk Horgen, Attore/trice: Bellaïche Jäger Judith, Kilchberg
it;50;allowances;alphabetical;Finanziamento della campagna elettorale;1;22.10.2023 Elezioni del Consiglio nazionale 2023;2023;campaign_financing;Importi preventivati;persona giuridica o società di persone;Donatore/trice: Schweiz. Arbeitgeberverband, Attore/trice: Unione Democratica di Centro (UDC), Bern
it;500;allowances;alphabetical;Finanziamento della campagna elettorale;1;22.10.2023 Elezioni del Consiglio nazionale 2023;2023;campaign_financing;Importi finali;persona giuridica o società di persone;Donatore/trice: PCS Holding AG, Attore/trice: Schweizerische Volkspartei des Kantons Thurgau, Mettlen
it;501;allowances;alphabetical;Finanziamento della campagna elettorale;1;22.10.2023 Elezioni del Consiglio nazionale 2023;2023;campaign_financing;Importi finali;persona giuridica o società di persone;Donatore/trice: Grünliberale Partei Schweiz, Attore/trice: Junge Grünliberale Partei Schweiz, Bern
it;504;allowances;alphabetical;Finanziamento della campagna elettorale;1;22.10.2023 Elezioni del Consiglio nazionale 2023;2023;campaign_financing;Importi finali;persona giuridica o società di persone;Donatore/trice: Sozialdemokratische Partei der Schweiz, Attore/trice: Sozialdemokratische Partei des Kantons Zürich, Zürich
it;505;allowances;alphabetical;Finanziamento della campagna elettorale;1;22.10.2023 Elezioni del Consiglio nazionale 2023;2023;campaign_financing;Importi finali;persona giuridica o società di persone;Donatore/trice: Sozialdemokratische Partei der Schweiz, Attore/trice: Sozialdemokratische Partei des Kantons Zürich, Zürich
it;506;allowances;alphabetical;Finanziamento della campagna elettorale;1;22.10.2023 Elezioni del Consiglio nazionale 2023;2023;campaign_financing;Importi finali;persona giuridica o società di persone;Donatore/trice: Sozialdemokratische Partei der Schweiz, Attore/trice: Sozialdemokratische Partei des Kantons Zürich, Zürich
it;507;allowances;alphabetical;Finanziamento della campagna elettorale;1;22.10.2023 Elezioni del Consiglio nazionale 2023;2023;campaign_financing;Importi finali;persona fisica;Donatore/trice: Ursprung Jasmin, Attore/trice: Schweizerische Volkspartei Ortspartei Udligenswil, Udligenswil
it;51;allowances;alphabetical;Finanziamento della campagna elettorale;1;22.10.2023 Elezioni del Consiglio nazionale 2023;2023;campaign_financing;Importi preventivati;persona giuridica o società di persone;Donatore/trice: Swiss Life AG, Attore/trice: Schweizerische Volkspartei des Kantons Zürich, Dübendorf
it;511;allowances;alphabetical;Finanziamento della campagna elettorale;1;22.10.2023 Elezioni del Consiglio nazionale 2023;2023;campaign_financing;Importi finali;persona fisica;Donatore/trice: Burkart Carmita, Attore/trice: Alternative - die Grünen Zug, Zug
it;514;allowances;alphabetical;Finanziamento della campagna elettorale;1;22.10.2023 Elezioni del Consiglio nazionale 2023;2023;campaign_financing;Importi finali;persona giuridica o società di persone;Donatore/trice: Aerztegesellschaft Zürich AGZ, Attore/trice: Balmer Bettina, Zürich
it;515;allowances;alphabetical;Finanziamento della campagna elettorale;1;22.10.2023 Elezioni del Consiglio nazionale 2023;2023;campaign_financing;Importi finali;persona giuridica o società di persone;Donatore/trice: WWF Bern, Attore/trice: Klima-Allianz Schweiz, Genf
it;516;allowances;alphabetical;Finanziamento della campagna elettorale;1;22.10.2023 Elezioni del Consiglio nazionale 2023;2023;campaign_financing;Importi finali;persona giuridica o società di persone;Donatore/trice: Stiftung Stopp Klimakrise, Attore/trice: Klima-Allianz Schweiz, Genf
it;517;allowances;alphabetical;Finanziamento della campagna elettorale;1;22.10.2023 Elezioni del Consiglio nazionale 2023;2023;campaign_financing;Importi finali;persona giuridica o società di persone;Donatore/trice: Greenpeace Schweiz, Attore/trice: Klima-Allianz Schweiz, Genf
it;518;allowances;alphabetical;Finanziamento della campagna elettorale;1;22.10.2023 Elezioni del Consiglio nazionale 2023;2023;campaign_financing;Importi finali;persona fisica;Donatore/trice: Marchand Christina und Oliver, Attore/trice: Klima-Allianz Schweiz, Genf
it;519;allowances;alphabetical;Finanziamento della campagna elettorale;1;22.10.2023 Elezioni del Consiglio nazionale 2023;2023;campaign_financing;Importi finali;persona giuridica o società di persone;Donatore/trice: WWF Schweiz inklusive kantonale Sektionen, Attore/trice: Klima-Allianz Schweiz, Genf
it;52;allowances;alphabetical;Finanziamento della campagna elettorale;1;22.10.2023 Elezioni del Consiglio nazionale 2023;2023;campaign_financing;Importi preventivati;persona giuridica o società di persone;Donatore/trice: Hauseigentümerverband Kanton Zürich, Attore/trice: Schweizerische Volkspartei des Kantons Zürich, Dübendorf
it;520;allowances;alphabetical;Finanziamento della campagna elettorale;1;22.10.2023 Elezioni del Consiglio nazionale 2023;2023;campaign_financing;Importi finali;persona giuridica o società di persone;Donatore/trice: Raiffeisenbank, Attore/trice: Schneider-Schneiter Elisabeth, Biel-Benken
it;521;allowances;alphabetical;Finanziamento della campagna elettorale;1;22.10.2023 Elezioni del Consiglio nazionale 2023;2023;campaign_financing;Importi finali;persona giuridica o società di persone;Donatore/trice: Verein für lösungsorientierte Politik, Attore/trice: Schneider-Schneiter Elisabeth, Biel-Benken
it;522;allowances;alphabetical;Finanziamento della campagna elettorale;1;22.10.2023 Elezioni del Consiglio nazionale 2023;2023;campaign_financing;Importi finali;persona giuridica o società di persone;Donatore/trice: Handelskammer beider Basel, Attore/trice: Schneider-Schneiter Elisabeth, Biel-Benken
it;523;allowances;alphabetical;Finanziamento della campagna elettorale;1;22.10.2023 Elezioni del Consiglio nazionale 2023;2023;campaign_financing;Importi finali;persona fisica;Donatore/trice: Weidmann Tobias, Attore/trice: Schweizerische Volkspartei des Bezirkes Winterthur, Hünikon (Neftenbach)
it;524;allowances;alphabetical;Finanziamento della campagna elettorale;1;22.10.2023 Elezioni del Consiglio nazionale 2023;2023;campaign_financing;Importi finali;persona fisica;Donatore/trice: Schärer David, Attore/trice: Alijaj Islam, Zürich
it;525;allowances;alphabetical;Finanziamento della campagna elettorale;1;22.10.2023 Elezioni del Consiglio nazionale 2023;2023;campaign_financing;Importi finali;persona giuridica o società di persone;Donatore/trice: Pro Infirmis, Attore/trice: Alijaj Islam, Zürich
it;526;allowances;alphabetical;Finanziamento della campagna elettorale;1;22.10.2023 Elezioni del Consiglio nazionale 2023;2023;campaign_financing;Importi finali;persona giuridica o società di persone;Donatore/trice: WMN Services GmbH, Attore/trice: Alijaj Islam, Zürich
it;527;allowances;alphabetical;Finanziamento della campagna elettorale;1;22.10.2023 Elezioni del Consiglio nazionale 2023;2023;campaign_financing;Importi finali;persona giuridica o società di persone;Donatore/trice: WMN Services GmbH, Attore/trice: Alijaj Islam, Zürich
it;528;allowances;alphabetical;Finanziamento della campagna elettorale;1;22.10.2023 Elezioni del Consiglio nazionale 2023;2023;campaign_financing;Importi finali;persona giuridica o società di persone;Donatore/trice: schweiz. Arbeitgeberverband, Attore/trice: Unione Democratica di Centro (UDC), Bern
it;529;allowances;alphabetical;Finanziamento della campagna elettorale;1;22.10.2023 Elezioni del Consiglio nazionale 2023;2023;campaign_financing;Importi finali;persona fisica;Donatore/trice: Matter Thomas, Attore/trice: Unione Democratica di Centro (UDC), Bern
it;530;allowances;alphabetical;Finanziamento della campagna elettorale;1;22.10.2023 Elezioni del Consiglio nazionale 2023;2023;campaign_financing;Importi finali;persona fisica;Donatore/trice: Frey Walter, Attore/trice: Unione Democratica di Centro (UDC), Bern
it;531;allowances;alphabetical;Finanziamento della campagna elettorale;1;22.10.2023 Elezioni del Consiglio nazionale 2023;2023;campaign_financing;Importi finali;persona fisica;Donatore/trice: Martullo Blocher Magdalena Silvia, Attore/trice: Unione Democratica di Centro (UDC), Bern
it;532;allowances;alphabetical;Finanziamento della campagna elettorale;1;22.10.2023 Elezioni del Consiglio nazionale 2023;2023;campaign_financing;Importi finali;persona giuridica o società di persone;Donatore/trice: Stiftung für bürgerliche Politik, Attore/trice: Unione Democratica di Centro (UDC), Bern
it;533;allowances;alphabetical;Finanziamento della campagna elettorale;1;22.10.2023 Elezioni del Consiglio nazionale 2023;2023;campaign_financing;Importi finali;persona giuridica o società di persone;Donatore/trice: Philip Morris Switzerland Sarl, Attore/trice: Unione Democratica di Centro (UDC), Bern
it;534;allowances;alphabetical;Finanziamento della campagna elettorale;1;22.10.2023 Elezioni del Consiglio nazionale 2023;2023;campaign_financing;Importi finali;persona giuridica o società di persone;Donatore/trice: FDP.Die Liberalen Schweiz, Attore/trice: FDP.Die Liberalen Kanton Bern, Bern
it;535;allowances;alphabetical;Finanziamento della campagna elettorale;1;22.10.2023 Elezioni del Consiglio nazionale 2023;2023;campaign_financing;Importi finali;persona giuridica o società di persone;Donatore/trice: Supporterclub der FDP Kanton Bern, Attore/trice: FDP.Die Liberalen Kanton Bern, Bern
it;55;allowances;alphabetical;Finanziamento della campagna elettorale;1;22.10.2023 Elezioni del Consiglio nazionale 2023;2023;campaign_financing;Importi preventivati;persona giuridica o società di persone;Donatore/trice: Aerztegesellschaft Zürich AGZ, Attore/trice: Balmer Bettina, Zürich
it;556;allowances;alphabetical;Finanziamento della campagna elettorale;1;22.10.2023 Elezioni del Consiglio nazionale 2023;2023;campaign_financing;Importi finali;persona giuridica o società di persone;Donatore/trice: PS Suisse, Attore/trice: Parti socialiste neuchâtelois, Neuchâtel
it;557;allowances;alphabetical;Finanziamento della campagna elettorale;1;22.10.2023 Elezioni del Consiglio nazionale 2023;2023;campaign_financing;Importi finali;persona giuridica o società di persone;Donatore/trice: PS Suisse, Attore/trice: Parti socialiste neuchâtelois, Neuchâtel
it;56;allowances;alphabetical;Finanziamento della campagna elettorale;1;22.10.2023 Elezioni del Consiglio nazionale 2023;2023;campaign_financing;Importi preventivati;persona giuridica o società di persone;Donatore/trice: Schweizer Bauernverband, Attore/trice: IG der Wirtschaftsverbände, Zürich
it;560;allowances;alphabetical;Finanziamento della campagna elettorale;1;22.10.2023 Elezioni del Consiglio nazionale 2023;2023;campaign_financing;Importi finali;persona giuridica o società di persone;Donatore/trice: Swiss Life AG, Attore/trice: Schweizerische Volkspartei des Kantons Zürich, Dübendorf
it;561;allowances;alphabetical;Finanziamento della campagna elettorale;1;22.10.2023 Elezioni del Consiglio nazionale 2023;2023;campaign_financing;Importi finali;persona giuridica o società di persone;Donatore/trice: HEV Kanton Zürich, Attore/trice: Schweizerische Volkspartei des Kantons Zürich, Dübendorf
it;564;allowances;alphabetical;Finanziamento della campagna elettorale;1;22.10.2023 Elezioni del Consiglio nazionale 2023;2023;campaign_financing;Importi finali;persona giuridica o società di persone;Donatore/trice: Club Bürgerliche 100, Attore/trice: Schweizerische Volkspartei Aargau, Staufen
it;569;allowances;alphabetical;Finanziamento della campagna elettorale;1;22.10.2023 Elezioni del Consiglio nazionale 2023;2023;campaign_financing;Importi finali;persona giuridica o società di persone;Donatore/trice: SP Schweiz, Attore/trice: Sozialdemokratische Partei des Kantons Bern, Bern
it;57;allowances;alphabetical;Finanziamento della campagna elettorale;1;22.10.2023 Elezioni del Consiglio nazionale 2023;2023;campaign_financing;Importi preventivati;persona giuridica o società di persone;Donatore/trice: Schweizer Bauernverband, Attore/trice: IG der Wirtschaftsverbände, Zürich
it;570;allowances;alphabetical;Finanziamento della campagna elettorale;1;22.10.2023 Elezioni del Consiglio nazionale 2023;2023;campaign_financing;Importi finali;persona giuridica o società di persone;Donatore/trice: SP Kanton Bern, Attore/trice: Sozialdemokratische Partei des Kantons Bern, Bern
it;571;allowances;alphabetical;Finanziamento della campagna elettorale;1;22.10.2023 Elezioni del Consiglio nazionale 2023;2023;campaign_financing;Importi finali;persona giuridica o società di persone;Donatore/trice: SP Schweiz, Attore/trice: Sozialdemokratische Partei des Kantons Bern, Bern
it;572;allowances;alphabetical;Finanziamento della campagna elettorale;1;22.10.2023 Elezioni del Consiglio nazionale 2023;2023;campaign_financing;Importi finali;persona giuridica o società di persone;Donatore/trice: Nokté Média Sàrl, Attore/trice: Association Nasrat Latif au Conseil national, Lausanne
it;573;allowances;alphabetical;Finanziamento della campagna elettorale;2;22.10.2023 Elezioni del Consiglio agli Stati 2023;;campaign_financing;Importi finali;persona giuridica o società di persone;Donatore/trice: SP des Bezirks Meilen, Attore/trice: Jositsch Daniel, Stäfa
it;574;allowances;alphabetical;Finanziamento della campagna elettorale;2;22.10.2023 Elezioni del Consiglio agli Stati 2023;;campaign_financing;Importi finali;persona giuridica o società di persone;Donatore/trice: Sozialdemokratische Partei Zürich, Attore/trice: Jositsch Daniel, Stäfa
it;575;allowances;alphabetical;Finanziamento della campagna elettorale;2;22.10.2023 Elezioni del Consiglio agli Stati 2023;;campaign_financing;Importi finali;anonimo;Donatore/trice: Liberalità anonima, Attore/trice: Jositsch Daniel, Stäfa
it;576;allowances;alphabetical;Finanziamento della campagna elettorale;2;22.10.2023 Elezioni del Consiglio agli Stati 2023;;campaign_financing;Importi finali;anonimo;Donatore/trice: Liberalità anonima, Attore/trice: Jositsch Daniel, Stäfa
it;577;allowances;alphabetical;Finanziamento della campagna elettorale;2;22.10.2023 Elezioni del Consiglio agli Stati 2023;;campaign_financing;Importi finali;anonimo;Donatore/trice: Liberalità anonima, Attore/trice: Jositsch Daniel, Stäfa
it;578;allowances;alphabetical;Finanziamento della campagna elettorale;2;22.10.2023 Elezioni del Consiglio agli Stati 2023;;campaign_financing;Importi finali;anonimo;Donatore/trice: Liberalità anonima, Attore/trice: Jositsch Daniel, Stäfa
it;579;allowances;alphabetical;Finanziamento della campagna elettorale;1;22.10.2023 Elezioni del Consiglio nazionale 2023;2023;campaign_financing;Importi finali;persona giuridica o società di persone;Donatore/trice: Partito Socialista Svizzero, Attore/trice: Partito Socialista Ticino, Bellinzona
it;580;allowances;alphabetical;Finanziamento della campagna elettorale;1;22.10.2023 Elezioni del Consiglio nazionale 2023;2023;campaign_financing;Importi finali;persona fisica;Donatore/trice: Hug Piero, Attore/trice: VERDI svizzeri, Berna
it;581;allowances;alphabetical;Finanziamento della campagna elettorale;1;22.10.2023 Elezioni del Consiglio nazionale 2023;2023;campaign_financing;Importi finali;persona fisica;Donatore/trice: Burkard Carmita, Attore/trice: VERDI svizzeri, Berna
it;582;allowances;alphabetical;Finanziamento della campagna elettorale;1;22.10.2023 Elezioni del Consiglio nazionale 2023;2023;campaign_financing;Importi finali;persona fisica;Donatore/trice: Burkard Carmita, Attore/trice: GRÜNE Kanton Bern, Bern
it;583;allowances;alphabetical;Finanziamento della campagna elettorale;1;22.10.2023 Elezioni del Consiglio nazionale 2023;2023;campaign_financing;Importi finali;persona giuridica o società di persone;Donatore/trice: SP Kanton Zürich, Attore/trice: Jungsozialist*innen des Kantons Zürich, Zürich
it;586;allowances;alphabetical;Finanziamento della campagna elettorale;1;22.10.2023 Elezioni del Consiglio nazionale 2023;2023;campaign_financing;Importi finali;persona giuridica o società di persone;Donatore/trice: Donatorenvereinigung FDP Luzern, Attore/trice: FDP.Die Liberalen Luzern, Luzern
it;587;allowances;alphabetical;Finanziamento della campagna elettorale;1;22.10.2023 Elezioni del Consiglio nazionale 2023;2023;campaign_financing;Importi finali;persona giuridica o società di persone;Donatore/trice: Arbeitgeberverband Region Basel, Attore/trice: Schenker Saskia, Itingen
it;588;allowances;alphabetical;Finanziamento della campagna elettorale;1;22.10.2023 Elezioni del Consiglio nazionale 2023;2023;campaign_financing;Importi finali;persona fisica;Donatore/trice: Huber Rosmarie, Attore/trice: Prelicz-Huber Katharina, Zürich
it;589;allowances;alphabetical;Finanziamento della campagna elettorale;1;22.10.2023 Elezioni del Consiglio nazionale 2023;2023;campaign_financing;Importi finali;persona fisica;Donatore/trice: Schmid Sascha, Attore/trice: Mike Egger und Sascha Schmid in den Nationalrat, Au
it;590;allowances;alphabetical;Finanziamento della campagna elettorale;1;22.10.2023 Elezioni del Consiglio nazionale 2023;2023;campaign_financing;Importi finali;persona giuridica o società di persone;Donatore/trice: Schweizer Bauernverband, Attore/trice: IG der Wirtschaftsverbände, Zürich
it;591;allowances;alphabetical;Finanziamento della campagna elettorale;1;22.10.2023 Elezioni del Consiglio nazionale 2023;2023;campaign_financing;Importi finali;persona giuridica o società di persone;Donatore/trice: Schweizerischer Gewerbeverband, Attore/trice: IG der Wirtschaftsverbände, Zürich
it;592;allowances;alphabetical;Finanziamento della campagna elettorale;1;22.10.2023 Elezioni del Consiglio nazionale 2023;2023;campaign_financing;Importi finali;persona giuridica o società di persone;Donatore/trice: Schweizerischer Arbeitgeberverband, Attore/trice: IG der Wirtschaftsverbände, Zürich
it;593;allowances;alphabetical;Finanziamento della campagna elettorale;1;22.10.2023 Elezioni del Consiglio nazionale 2023;2023;campaign_financing;Importi finali;persona giuridica o società di persone;Donatore/trice: economiesuisse, Attore/trice: IG der Wirtschaftsverbände, Zürich
it;594;allowances;alphabetical;Finanziamento della campagna elettorale;1;22.10.2023 Elezioni del Consiglio nazionale 2023;2023;campaign_financing;Importi finali;persona giuridica o società di persone;Donatore/trice: Schweizer Bauernverband, Attore/trice: IG der Wirtschaftsverbände, Zürich
it;595;allowances;alphabetical;Finanziamento della campagna elettorale;1;22.10.2023 Elezioni del Consiglio nazionale 2023;2023;campaign_financing;Importi finali;persona giuridica o società di persone;Donatore/trice: economiesuisse, Attore/trice: IG der Wirtschaftsverbände, Zürich
it;596;allowances;alphabetical;Finanziamento della campagna elettorale;1;22.10.2023 Elezioni del Consiglio nazionale 2023;2023;campaign_financing;Importi finali;persona giuridica o società di persone;Donatore/trice: Schweizerischer Gewerbeverband, Attore/trice: IG der Wirtschaftsverbände, Zürich
it;597;allowances;alphabetical;Finanziamento della campagna elettorale;1;22.10.2023 Elezioni del Consiglio nazionale 2023;2023;campaign_financing;Importi finali;persona giuridica o società di persone;Donatore/trice: Schweizerischer Arbeitgeberverband, Attore/trice: IG der Wirtschaftsverbände, Zürich
it;598;allowances;alphabetical;Finanziamento della campagna elettorale;1;22.10.2023 Elezioni del Consiglio nazionale 2023;2023;campaign_financing;Importi finali;persona fisica;Donatore/trice: Schlatter Patrick, Attore/trice: Die Mitte Kanton Solothurn, Solothurn
it;599;allowances;alphabetical;Finanziamento della campagna elettorale;1;22.10.2023 Elezioni del Consiglio nazionale 2023;2023;campaign_financing;Importi finali;persona fisica;Donatore/trice: Bösiger Beat, Attore/trice: NR-Kandidat Beat Bösiger, Niederbipp
it;6;allowances;alphabetical;Finanziamento della campagna elettorale;1;22.10.2023 Elezioni del Consiglio nazionale 2023;2023;campaign_financing;Importi preventivati;persona fisica;Donatore/trice: Roth Franziska, Attore/trice: Sozialdemokratische Partei des Kantons Solothurn, Solothurn
it;600;allowances;alphabetical;Finanziamento della campagna elettorale;1;22.10.2023 Elezioni del Consiglio nazionale 2023;2023;campaign_financing;Importi finali;persona giuridica o società di persone;Donatore/trice: SP Schweiz, Attore/trice: Sozialdemokratische Partei Kanton Baselland, Liestal
it;601;allowances;alphabetical;Finanziamento della campagna elettorale;1;22.10.2023 Elezioni del Consiglio nazionale 2023;2023;campaign_financing;Importi finali;persona giuridica o società di persone;Donatore/trice: SP Schweiz, Attore/trice: Sozialdemokratische Partei Kanton Baselland, Liestal
it;602;allowances;alphabetical;Finanziamento della campagna elettorale;1;22.10.2023 Elezioni del Consiglio nazionale 2023;2023;campaign_financing;Importi finali;persona giuridica o società di persone;Donatore/trice: SP Schweiz, Attore/trice: Sozialdemokratische Partei Kanton Baselland, Liestal
it;603;allowances;alphabetical;Finanziamento della campagna elettorale;2;22.10.2023 Elezioni del Consiglio agli Stati 2023;;campaign_financing;Importi finali;persona giuridica o società di persone;Donatore/trice: Sozialdemokratische Partei Kanton Bern (SP Kanton Bern), Attore/trice: Komitee Flavia in den Ständerat, Bern
it;604;allowances;alphabetical;Finanziamento della campagna elettorale;2;22.10.2023 Elezioni del Consiglio agli Stati 2023;;campaign_financing;Importi finali;anonimo;Donatore/trice: Liberalità anonima, Attore/trice: Komitee Flavia in den Ständerat, Bern
it;606;allowances;alphabetical;Finanziamento della campagna elettorale;1;22.10.2023 Elezioni del Consiglio nazionale 2023;2023;campaign_financing;Importi finali;persona giuridica o società di persone;Donatore/trice: Gönnerverein Bären-Club der SVP Kanton Bern, Attore/trice: Schweizerische Volkspartei Kanton Bern, Bern
it;608;allowances;alphabetical;Finanziamento della campagna elettorale;1;22.10.2023 Elezioni del Consiglio nazionale 2023;2023;campaign_financing;Importi finali;persona giuridica o società di persone;Donatore/trice: Zürcher Bankenverband, Attore/trice: Portmann Hans-Peter, Rüschlikon
it;61;allowances;alphabetical;Finanziamento della campagna elettorale;1;22.10.2023 Elezioni del Consiglio nazionale 2023;2023;campaign_financing;Importi preventivati;persona giuridica o società di persone;Donatore/trice: Sozialdemokratische Partei Schweiz, Attore/trice: Sozialdemokratische Partei Kanton Aargau, Aarau
it;611;allowances;alphabetical;Finanziamento della campagna elettorale;1;22.10.2023 Elezioni del Consiglio nazionale 2023;2023;campaign_financing;Importi finali;persona giuridica o società di persone;Donatore/trice: WWF Schweiz, Attore/trice: Umweltallianz, Zürich
it;612;allowances;alphabetical;Finanziamento della campagna elettorale;1;22.10.2023 Elezioni del Consiglio nazionale 2023;2023;campaign_financing;Importi finali;persona giuridica o società di persone;Donatore/trice: Greenpeace Schweiz, Attore/trice: Umweltallianz, Zürich
it;613;allowances;alphabetical;Finanziamento della campagna elettorale;1;22.10.2023 Elezioni del Consiglio nazionale 2023;2023;campaign_financing;Importi finali;persona giuridica o società di persone;Donatore/trice: Pro Natura, Attore/trice: Umweltallianz, Zürich
it;614;allowances;alphabetical;Finanziamento della campagna elettorale;1;22.10.2023 Elezioni del Consiglio nazionale 2023;2023;campaign_financing;Importi finali;persona giuridica o società di persone;Donatore/trice: VCS Verkehrs-Club der Schweiz, Attore/trice: Umweltallianz, Zürich
it;615;allowances;alphabetical;Finanziamento della campagna elettorale;1;22.10.2023 Elezioni del Consiglio nazionale 2023;2023;campaign_financing;Importi finali;persona giuridica o società di persone;Donatore/trice: Schweizerische Energiestiftung SES, Attore/trice: Umweltallianz, Zürich
it;616;allowances;alphabetical;Finanziamento della campagna elettorale;1;22.10.2023 Elezioni del Consiglio nazionale 2023;2023;campaign_financing;Importi finali;persona giuridica o società di persone;Donatore/trice: BirdLife Schweiz, Attore/trice: Umweltallianz, Zürich
it;617;allowances;alphabetical;Finanziamento della campagna elettorale;1;22.10.2023 Elezioni del Consiglio nazionale 2023;2023;campaign_financing;Importi finali;persona giuridica o società di persone;Donatore/trice: Greenpeace Schweiz, Attore/trice: Umweltallianz, Zürich
it;618;allowances;alphabetical;Finanziamento della campagna elettorale;1;22.10.2023 Elezioni del Consiglio nazionale 2023;2023;campaign_financing;Importi finali;persona giuridica o società di persone;Donatore/trice: Pro Natura, Attore/trice: Umweltallianz, Zürich
it;619;allowances;alphabetical;Finanziamento della campagna elettorale;1;22.10.2023 Elezioni del Consiglio nazionale 2023;2023;campaign_financing;Importi finali;persona giuridica o società di persone;Donatore/trice: Swissmem, Attore/trice: Brupbacher Trivigno Stefan, Zürich
it;62;allowances;alphabetical;Finanziamento della campagna elettorale;1;22.10.2023 Elezioni del Consiglio nazionale 2023;2023;campaign_financing;Importi preventivati;persona giuridica o società di persone;Donatore/trice: Sozialdemokratische Partei Schweiz, Attore/trice: Sozialdemokratische Partei Kanton Aargau, Aarau
it;620;allowances;alphabetical;Finanziamento della campagna elettorale;1;22.10.2023 Elezioni del Consiglio nazionale 2023;2023;campaign_financing;Importi finali;persona giuridica o società di persone;Donatore/trice: VCS Verkehrs-Club der Schweiz, Attore/trice: Umweltallianz, Zürich
it;621;allowances;alphabetical;Finanziamento della campagna elettorale;1;22.10.2023 Elezioni del Consiglio nazionale 2023;2023;campaign_financing;Importi finali;persona giuridica o società di persone;Donatore/trice: Swissmem, Attore/trice: Brupbacher Trivigno Stefan, Zürich
it;622;allowances;alphabetical;Finanziamento della campagna elettorale;1;22.10.2023 Elezioni del Consiglio nazionale 2023;2023;campaign_financing;Importi finali;persona giuridica o società di persone;Donatore/trice: Schweizerische Energiestiftung SES, Attore/trice: Umweltallianz, Zürich
it;623;allowances;alphabetical;Finanziamento della campagna elettorale;1;22.10.2023 Elezioni del Consiglio nazionale 2023;2023;campaign_financing;Importi finali;persona giuridica o società di persone;Donatore/trice: BirdLife Schweiz, Attore/trice: Umweltallianz, Zürich
it;624;allowances;alphabetical;Finanziamento della campagna elettorale;1;22.10.2023 Elezioni del Consiglio nazionale 2023;2023;campaign_financing;Importi finali;persona giuridica o società di persone;Donatore/trice: WWF Schweiz, Attore/trice: Umweltallianz, Zürich
it;625;allowances;alphabetical;Finanziamento della campagna elettorale;1;22.10.2023 Elezioni del Consiglio nazionale 2023;2023;campaign_financing;Importi finali;persona giuridica o società di persone;Donatore/trice: WWF Schweiz, Attore/trice: WWF Svizzera, Zurigo
it;626;allowances;alphabetical;Finanziamento della campagna elettorale;1;22.10.2023 Elezioni del Consiglio nazionale 2023;2023;campaign_financing;Importi finali;persona giuridica o società di persone;Donatore/trice: SUITO 1833, Attore/trice: FDP.Die Liberalen Kanton Schwyz, Gersau
it;627;allowances;alphabetical;Finanziamento della campagna elettorale;1;22.10.2023 Elezioni del Consiglio nazionale 2023;2023;campaign_financing;Importi finali;persona giuridica o società di persone;Donatore/trice: Freunde der FDP des Kantons Schwyz, Attore/trice: FDP.Die Liberalen Kanton Schwyz, Gersau
it;628;allowances;alphabetical;Finanziamento della campagna elettorale;1;22.10.2023 Elezioni del Consiglio nazionale 2023;2023;campaign_financing;Importi finali;persona fisica;Donatore/trice: Bulliard-Marbach Christine, Attore/trice: Le Centre Fribourg, Fribourg
it;629;allowances;alphabetical;Finanziamento della campagna elettorale;1;22.10.2023 Elezioni del Consiglio nazionale 2023;2023;campaign_financing;Importi finali;persona fisica;Donatore/trice: Bulliard-Marbach Christine, Attore/trice: Le Centre Fribourg, Fribourg
it;630;allowances;alphabetical;Finanziamento della campagna elettorale;1;22.10.2023 Elezioni del Consiglio nazionale 2023;2023;campaign_financing;Importi finali;persona fisica;Donatore/trice: Roth Pasquier Marie-France, Attore/trice: Le Centre Fribourg, Fribourg
it;631;allowances;alphabetical;Finanziamento della campagna elettorale;1;22.10.2023 Elezioni del Consiglio nazionale 2023;2023;campaign_financing;Importi finali;persona fisica;Donatore/trice: Roth Pasquier Marie-France, Attore/trice: Le Centre Fribourg, Fribourg
it;632;allowances;alphabetical;Finanziamento della campagna elettorale;1;22.10.2023 Elezioni del Consiglio nazionale 2023;2023;campaign_financing;Importi finali;persona fisica;Donatore/trice: Chassot Isabelle, Attore/trice: Le Centre Fribourg, Fribourg
it;633;allowances;alphabetical;Finanziamento della campagna elettorale;1;22.10.2023 Elezioni del Consiglio nazionale 2023;2023;campaign_financing;Importi finali;persona fisica;Donatore/trice: Chassot Isabelle, Attore/trice: Le Centre Fribourg, Fribourg
it;634;allowances;alphabetical;Finanziamento della campagna elettorale;2;22.10.2023 Elezioni del Consiglio agli Stati 2023;;campaign_financing;Importi finali;persona giuridica o società di persone;Donatore/trice: SUITO 1833, Attore/trice: FDP.Die Liberalen Kanton Schwyz, Gersau
it;635;allowances;alphabetical;Finanziamento della campagna elettorale;2;22.10.2023 Elezioni del Consiglio agli Stati 2023;;campaign_financing;Importi finali;persona giuridica o società di persone;Donatore/trice: Freunde der FDP des Kantons Schwyz, Attore/trice: FDP.Die Liberalen Kanton Schwyz, Gersau
it;636;allowances;alphabetical;Finanziamento della campagna elettorale;1;22.10.2023 Elezioni del Consiglio nazionale 2023;2023;campaign_financing;Importi finali;persona giuridica o società di persone;Donatore/trice: Lehner Versand AG, Attore/trice: Meier Thomas, Schenkon
it;637;allowances;alphabetical;Finanziamento della campagna elettorale;1;22.10.2023 Elezioni del Consiglio nazionale 2023;2023;campaign_financing;Importi finali;persona fisica;Donatore/trice: Kern Georges, Attore/trice: Bellaïche Jäger Judith, Kilchberg
it;638;allowances;alphabetical;Finanziamento della campagna elettorale;1;22.10.2023 Elezioni del Consiglio nazionale 2023;2023;campaign_financing;Importi finali;persona giuridica o società di persone;Donatore/trice: Grünliberale Partei Bezirk Horgen, Attore/trice: Bellaïche Jäger Judith, Kilchberg
it;646;allowances;alphabetical;Finanziamento della campagna elettorale;1;22.10.2023 Elezioni del Consiglio nazionale 2023;2023;campaign_financing;Importi finali;persona fisica;Donatore/trice: Chassot Isabelle, Attore/trice: Le Centre Fribourg, Fribourg
it;647;allowances;alphabetical;Finanziamento della campagna elettorale;1;22.10.2023 Elezioni del Consiglio nazionale 2023;2023;campaign_financing;Importi finali;persona fisica;Donatore/trice: De Planta Renaud, Attore/trice: Parti libéral-radical genevois, Genève
it;648;allowances;alphabetical;Finanziamento della campagna elettorale;1;22.10.2023 Elezioni del Consiglio nazionale 2023;2023;campaign_financing;Importi finali;persona giuridica o società di persone;Donatore/trice: Union Bancaire Privée, Attore/trice: Parti libéral-radical genevois, Genève
it;649;allowances;alphabetical;Finanziamento della campagna elettorale;1;22.10.2023 Elezioni del Consiglio nazionale 2023;2023;campaign_financing;Importi finali;persona giuridica o società di persone;Donatore/trice: Comité de coordination des associations économiques, Attore/trice: Parti libéral-radical genevois, Genève
it;650;allowances;alphabetical;Finanziamento della campagna elettorale;1;22.10.2023 Elezioni del Consiglio nazionale 2023;2023;campaign_financing;Importi finali;persona fisica;Donatore/trice: Burkard Kroeber Carmita, Attore/trice: Les Vert-e-s neuchâtelois-es, Neuchâtel
it;653;allowances;alphabetical;Finanziamento della campagna elettorale;1;22.10.2023 Elezioni del Consiglio nazionale 2023;2023;campaign_financing;Importi finali;persona giuridica o società di persone;Donatore/trice: HEV Kanton Zürich, Attore/trice: Bigler Hans-Ulrich, Affoltern am Albis
it;654;allowances;alphabetical;Finanziamento della campagna elettorale;1;22.10.2023 Elezioni del Consiglio nazionale 2023;2023;campaign_financing;Importi finali;persona giuridica o società di persone;Donatore/trice: Schweizerischer Gewerbeverband sgv, Attore/trice: Bigler Hans-Ulrich, Affoltern am Albis
it;655;allowances;alphabetical;Finanziamento della campagna elettorale;2;22.10.2023 Elezioni del Consiglio agli Stati 2023;;campaign_financing;Importi finali;persona giuridica o società di persone;Donatore/trice: Supporter-Club der FDP Graubünden, Attore/trice: Freisinnig-Demokratische Partei Graubünden, Chur
it;656;allowances;alphabetical;Finanziamento della campagna elettorale;1;22.10.2023 Elezioni del Consiglio nazionale 2023;2023;campaign_financing;Importi finali;persona giuridica o società di persone;Donatore/trice: Supporter-Club der FDP Graubünden, Attore/trice: Freisinnig-Demokratische Partei Graubünden, Chur
it;658;allowances;alphabetical;Finanziamento della campagna elettorale;1;22.10.2023 Elezioni del Consiglio nazionale 2023;2023;campaign_financing;Importi finali;persona giuridica o società di persone;Donatore/trice: Raiffeisen Schweiz Genossenschaft, Attore/trice: Komitee Thomas de Courten in den Nationalrat, Rünenberg
it;659;allowances;alphabetical;Finanziamento della campagna elettorale;1;22.10.2023 Elezioni del Consiglio nazionale 2023;2023;campaign_financing;Importi finali;persona giuridica o società di persone;Donatore/trice: Club économique libéral neuchâtelois, Attore/trice: Parti libéral-radical neuchâtelois, Neuchâtel
it;66;allowances;alphabetical;Finanziamento della campagna elettorale;1;22.10.2023 Elezioni del Consiglio nazionale 2023;2023;campaign_financing;Importi preventivati;persona giuridica o società di persone;Donatore/trice: Supporter-Club der FDP des Kantons St.Gallen, Attore/trice: Freisinnig-Demokratische Partei des Kantons St. Gallen, St. Gallen
it;660;allowances;alphabetical;Finanziamento della campagna elettorale;1;22.10.2023 Elezioni del Consiglio nazionale 2023;2023;campaign_financing;Importi finali;persona giuridica o società di persone;Donatore/trice: Swissetec, Attore/trice: Parti libéral-radical neuchâtelois, Neuchâtel
it;662;allowances;alphabetical;Finanziamento della campagna elettorale;1;22.10.2023 Elezioni del Consiglio nazionale 2023;2023;campaign_financing;Importi finali;persona giuridica o società di persone;Donatore/trice: Churfisten-Club, Attore/trice: Schweizerische Volkspartei des Kantons St. Gallen, St. Gallen
it;663;allowances;alphabetical;Finanziamento della campagna elettorale;1;22.10.2023 Elezioni del Consiglio nazionale 2023;2023;campaign_financing;Importi finali;persona giuridica o società di persone;Donatore/trice: Churfirsten-Club, Attore/trice: Schweizerische Volkspartei des Kantons St. Gallen, St. Gallen
it;664;allowances;alphabetical;Finanziamento della campagna elettorale;1;22.10.2023 Elezioni del Consiglio nazionale 2023;2023;campaign_financing;Importi finali;persona giuridica o società di persone;Donatore/trice: Handelskammer beider Basel, Attore/trice: Dätwyler Martin, Laufen
it;666;allowances;alphabetical;Finanziamento della campagna elettorale;1;22.10.2023 Elezioni del Consiglio nazionale 2023;2023;campaign_financing;Importi finali;persona fisica;Donatore/trice: Giacometti Anna, Attore/trice: Freisinnig-Demokratische Partei Graubünden, Chur
it;667;allowances;alphabetical;Finanziamento della campagna elettorale;2;22.10.2023 Elezioni del Consiglio agli Stati 2023;;campaign_financing;Importi finali;persona fisica;Donatore/trice: Schmid Martin, Attore/trice: Freisinnig-Demokratische Partei Graubünden, Chur
it;668;allowances;alphabetical;Finanziamento della campagna elettorale;1;22.10.2023 Elezioni del Consiglio nazionale 2023;2023;campaign_financing;Importi finali;persona giuridica o società di persone;Donatore/trice: Moving Media Basel AG, Attore/trice: Sozialdemokratische Partei Basel-Stadt, Basel-Stadt
it;67;allowances;alphabetical;Finanziamento della campagna elettorale;1;22.10.2023 Elezioni del Consiglio nazionale 2023;2023;campaign_financing;Importi preventivati;persona giuridica o società di persone;Donatore/trice: SP Schweiz, Attore/trice: Sozialdemokratische Partei des Kantons Bern, Bern
it;671;allowances;alphabetical;Finanziamento della campagna elettorale;1;22.10.2023 Elezioni del Consiglio nazionale 2023;2023;campaign_financing;Importi finali;persona giuridica o società di persone;Donatore/trice: Raiffeisenbank Schweiz, Attore/trice: Schilliger Peter, Udligenswil
it;672;allowances;alphabetical;Finanziamento della campagna elettorale;1;22.10.2023 Elezioni del Consiglio nazionale 2023;2023;campaign_financing;Importi finali;persona giuridica o società di persone;Donatore/trice: Schweizerischer Gebäudetechnikverband - suissetec, Attore/trice: Schilliger Peter, Udligenswil
it;673;allowances;alphabetical;Finanziamento della campagna elettorale;1;22.10.2023 Elezioni del Consiglio nazionale 2023;2023;campaign_financing;Importi finali;persona giuridica o società di persone;Donatore/trice: TCS Schweiz und Sektion Waldstätte (3 Zahlungen insgesamt), Attore/trice: Schilliger Peter, Udligenswil
it;674;allowances;alphabetical;Finanziamento della campagna elettorale;1;22.10.2023 Elezioni del Consiglio nazionale 2023;2023;campaign_financing;Importi finali;persona giuridica o società di persone;Donatore/trice: SGV Schweizerischer Gewerbeverband, Attore/trice: Schilliger Peter, Udligenswil
it;687;allowances;alphabetical;Finanziamento della campagna elettorale;1;22.10.2023 Elezioni del Consiglio nazionale 2023;2023;campaign_financing;Importi finali;persona giuridica o società di persone;Donatore/trice: scienceindustries, Attore/trice: scienceindustries, Zürich
it;688;allowances;alphabetical;Finanziamento della campagna elettorale;1;22.10.2023 Elezioni del Consiglio nazionale 2023;2023;campaign_financing;Importi finali;persona giuridica o società di persone;Donatore/trice: eit.swiss, Attore/trice: Jauslin Matthias Samuel, Wohlen
it;69;allowances;alphabetical;Finanziamento della campagna elettorale;1;22.10.2023 Elezioni del Consiglio nazionale 2023;2023;campaign_financing;Importi preventivati;persona giuridica o società di persone;Donatore/trice: FORUM AARGAU, Attore/trice: FDP.Die Liberalen Aargau, Aarau
it;690;allowances;alphabetical;Finanziamento della campagna elettorale;1;22.10.2023 Elezioni del Consiglio nazionale 2023;2023;campaign_financing;Importi finali;persona fisica;Donatore/trice: Vietze Kristiane, Attore/trice: Kris nach Bern, Frauenfeld
it;691;allowances;alphabetical;Finanziamento della campagna elettorale;1;22.10.2023 Elezioni del Consiglio nazionale 2023;2023;campaign_financing;Importi finali;persona giuridica o società di persone;Donatore/trice: scienceindustries, Attore/trice: scienceindustries, Zürich
it;692;allowances;alphabetical;Finanziamento della campagna elettorale;1;22.10.2023 Elezioni del Consiglio nazionale 2023;2023;campaign_financing;Importi finali;persona giuridica o società di persone;Donatore/trice: SwissLife, Attore/trice: FDP.Die Liberalen Kanton Zürich, Zürich
it;693;allowances;alphabetical;Finanziamento della campagna elettorale;1;22.10.2023 Elezioni del Consiglio nazionale 2023;2023;campaign_financing;Importi finali;persona giuridica o società di persone;Donatore/trice: HEV Kanton Zürich, Attore/trice: FDP.Die Liberalen Kanton Zürich, Zürich
it;694;allowances;alphabetical;Finanziamento della campagna elettorale;1;22.10.2023 Elezioni del Consiglio nazionale 2023;2023;campaign_financing;Importi finali;persona giuridica o società di persone;Donatore/trice: SWISS REINSURANCE COMPANY LIMITED, Attore/trice: FDP.Die Liberalen Kanton Zürich, Zürich
it;695;allowances;alphabetical;Finanziamento della campagna elettorale;1;22.10.2023 Elezioni del Consiglio nazionale 2023;2023;campaign_financing;Importi finali;persona fisica;Donatore/trice: Portmann Hans-Peter, Attore/trice: FDP.Die Liberalen Kanton Zürich, Zürich
it;696;allowances;alphabetical;Finanziamento della campagna elettorale;1;22.10.2023 Elezioni del Consiglio nazionale 2023;2023;campaign_financing;Importi finali;persona fisica;Donatore/trice: Balmer Bettina, Attore/trice: FDP.Die Liberalen Kanton Zürich, Zürich
it;697;allowances;alphabetical;Finanziamento della campagna elettorale;1;22.10.2023 Elezioni del Consiglio nazionale 2023;2023;campaign_financing;Importi finali;persona fisica;Donatore/trice: Sauter Regine, Attore/trice: FDP.Die Liberalen Kanton Zürich, Zürich
it;698;allowances;alphabetical;Finanziamento della campagna elettorale;1;22.10.2023 Elezioni del Consiglio nazionale 2023;2023;campaign_financing;Importi finali;persona fisica;Donatore/trice: Walti Beat, Attore/trice: FDP.Die Liberalen Kanton Zürich, Zürich
it;699;allowances;alphabetical;Finanziamento della campagna elettorale;1;22.10.2023 Elezioni del Consiglio nazionale 2023;2023;campaign_financing;Importi finali;persona fisica;Donatore/trice: Walti Beat, Attore/trice: FDP.Die Liberalen Kanton Zürich, Zürich
it;7;allowances;alphabetical;Finanziamento della campagna elettorale;1;22.10.2023 Elezioni del Consiglio nazionale 2023;2023;campaign_financing;Importi preventivati;persona fisica;Donatore/trice: Steinmann-Fehr Sabine, Attore/trice: Sozialdemokratische Partei des Kantons Glarus, Netstal
it;70;allowances;alphabetical;Finanziamento della campagna elettorale;1;22.10.2023 Elezioni del Consiglio nazionale 2023;2023;campaign_financing;Importi preventivati;persona giuridica o società di persone;Donatore/trice: SP Schweiz, Attore/trice: Sozialdemokratische Partei des Kantons Bern, Bern
it;700;allowances;alphabetical;Finanziamento della campagna elettorale;1;22.10.2023 Elezioni del Consiglio nazionale 2023;2023;campaign_financing;Importi finali;persona fisica;Donatore/trice: Silberschmidt Andri, Attore/trice: FDP.Die Liberalen Kanton Zürich, Zürich
it;701;allowances;alphabetical;Finanziamento della campagna elettorale;1;22.10.2023 Elezioni del Consiglio nazionale 2023;2023;campaign_financing;Importi finali;persona fisica;Donatore/trice: Farner Martin, Attore/trice: FDP.Die Liberalen Kanton Zürich, Zürich
it;702;allowances;alphabetical;Finanziamento della campagna elettorale;1;22.10.2023 Elezioni del Consiglio nazionale 2023;2023;campaign_financing;Importi finali;persona fisica;Donatore/trice: Müller Matthias, Attore/trice: FDP.Die Liberalen Kanton Zürich, Zürich
it;703;allowances;alphabetical;Finanziamento della campagna elettorale;1;22.10.2023 Elezioni del Consiglio nazionale 2023;2023;campaign_financing;Importi finali;persona fisica;Donatore/trice: Portmann Hans-Peter, Attore/trice: FDP.Die Liberalen Kanton Zürich, Zürich
it;704;allowances;alphabetical;Finanziamento della campagna elettorale;1;22.10.2023 Elezioni del Consiglio nazionale 2023;2023;campaign_financing;Importi finali;persona giuridica o società di persone;"Donatore/trice: PAMAG Konsolen & Montagen, Attore/trice: Überparteiliches Komitee ""KR Paul Mayer in den Nationalrat"", Marthalen"
it;705;allowances;alphabetical;Finanziamento della campagna elettorale;1;22.10.2023 Elezioni del Consiglio nazionale 2023;2023;campaign_financing;Importi finali;persona giuridica o società di persone;"Donatore/trice: PAMAG Metallbau AG, Attore/trice: Überparteiliches Komitee ""KR Paul Mayer in den Nationalrat"", Marthalen"
it;706;allowances;alphabetical;Finanziamento della campagna elettorale;1;22.10.2023 Elezioni del Consiglio nazionale 2023;2023;campaign_financing;Importi finali;persona fisica;"Donatore/trice: Mayer Paul, Attore/trice: Überparteiliches Komitee ""KR Paul Mayer in den Nationalrat"", Marthalen"
it;707;allowances;alphabetical;Finanziamento della campagna elettorale;1;22.10.2023 Elezioni del Consiglio nazionale 2023;2023;campaign_financing;Importi finali;persona giuridica o società di persone;Donatore/trice: SP Schweiz, Attore/trice: Sozialdemokratische Partei Basel-Stadt, Basel-Stadt
it;708;allowances;alphabetical;Finanziamento della campagna elettorale;1;22.10.2023 Elezioni del Consiglio nazionale 2023;2023;campaign_financing;Importi finali;persona giuridica o società di persone;Donatore/trice: SP Schweiz, Attore/trice: Sozialdemokratische Partei Basel-Stadt, Basel-Stadt
it;711;allowances;alphabetical;Finanziamento della campagna elettorale;2;22.10.2023 Elezioni del Consiglio agli Stati 2023;;campaign_financing;Importi finali;persona giuridica o società di persone;Donatore/trice: Bärenclub der SVP des Kantons Bern, Attore/trice: Überparteiliches Wahlkomitee Werner Salzmann in den Ständerat, Mülchi
it;719;allowances;alphabetical;Finanziamento della campagna elettorale;1;22.10.2023 Elezioni del Consiglio nazionale 2023;2023;campaign_financing;Importi finali;persona giuridica o società di persone;Donatore/trice: BastA!, Attore/trice: Grünes Bündnis, Basel
it;720;allowances;alphabetical;Finanziamento della campagna elettorale;1;22.10.2023 Elezioni del Consiglio nazionale 2023;2023;campaign_financing;Importi finali;persona giuridica o società di persone;Donatore/trice: GRÜNE Basel-Stadt, Attore/trice: Grünes Bündnis, Basel
it;721;allowances;alphabetical;Finanziamento della campagna elettorale;1;22.10.2023 Elezioni del Consiglio nazionale 2023;2023;campaign_financing;Importi finali;persona giuridica o società di persone;Donatore/trice: Der Schweizerische Arbeitgeberverband, Attore/trice: Alleanza del Centro, Bern
it;722;allowances;alphabetical;Finanziamento della campagna elettorale;1;22.10.2023 Elezioni del Consiglio nazionale 2023;2023;campaign_financing;Importi finali;persona giuridica o società di persone;Donatore/trice: Holcim Schweiz AG, Attore/trice: Alleanza del Centro, Bern
it;723;allowances;alphabetical;Finanziamento della campagna elettorale;1;22.10.2023 Elezioni del Consiglio nazionale 2023;2023;campaign_financing;Importi finali;persona giuridica o società di persone;Donatore/trice: DIE MITTE-FRAKTION. DIE MITTE. EVP. (M-E), Attore/trice: Alleanza del Centro, Bern
it;728;allowances;alphabetical;Finanziamento della campagna elettorale;2;22.10.2023 Elezioni del Consiglio agli Stati 2023;;campaign_financing;Importi finali;persona fisica;Donatore/trice: Burkard Kroeber Carmita, Attore/trice: Les Vert-e-s neuchâtelois-es, Neuchâtel
it;734;allowances;alphabetical;Finanziamento della campagna elettorale;2;22.10.2023 Elezioni del Consiglio agli Stati 2023;;campaign_financing;Importi finali;persona fisica;Donatore/trice: Germann Hannes, Attore/trice: Schweizerische Volkspartei des Kantons Schaffhausen, Schaffhausen
it;735;allowances;alphabetical;Finanziamento della campagna elettorale;1;22.10.2023 Elezioni del Consiglio nazionale 2023;2023;campaign_financing;Importi finali;persona giuridica o società di persone;Donatore/trice: Comité de coordination des associations économiques, Attore/trice: Le Centre du canton de Genève, Genève
it;737;allowances;alphabetical;Finanziamento della campagna elettorale;1;22.10.2023 Elezioni del Consiglio nazionale 2023;2023;campaign_financing;Importi finali;persona giuridica o società di persone;Donatore/trice: Evangelische Volkspartei der Schweiz, Attore/trice: Evangelische Volkspartei Kanton Bern, Bern
it;744;allowances;alphabetical;Finanziamento della campagna elettorale;1;22.10.2023 Elezioni del Consiglio nazionale 2023;2023;campaign_financing;Importi finali;persona giuridica o società di persone;Donatore/trice: SP Kanton Bern, Attore/trice: Jungsozialist*innen Kanton Bern, Bern
it;745;allowances;alphabetical;Finanziamento della campagna elettorale;2;22.10.2023 Elezioni del Consiglio agli Stati 2023;;campaign_financing;Importi finali;persona giuridica o società di persone;Donatore/trice: PLR Canton de Fribourg, Attore/trice: Gapany Johanna, Bulle
it;746;allowances;alphabetical;Finanziamento della campagna elettorale;1;22.10.2023 Elezioni del Consiglio nazionale 2023;2023;campaign_financing;Importi finali;persona giuridica o società di persone;Donatore/trice: SP Schweiz, Attore/trice: Sozialdemokratische Partei des Kantons Luzern, Luzern
it;747;allowances;alphabetical;Finanziamento della campagna elettorale;1;22.10.2023 Elezioni del Consiglio nazionale 2023;2023;campaign_financing;Importi finali;persona giuridica o società di persone;Donatore/trice: SP Schweiz, Attore/trice: Sozialdemokratische Partei des Kantons Luzern, Luzern
it;752;allowances;alphabetical;Finanziamento della campagna elettorale;1;22.10.2023 Elezioni del Consiglio nazionale 2023;2023;campaign_financing;Importi finali;persona giuridica o società di persone;Donatore/trice: Supporterclub FDP AR, Attore/trice: FDP.Die Liberalen des Kantons Appenzell Ausserrhoden, Heiden
it;753;allowances;alphabetical;Finanziamento della campagna elettorale;1;22.10.2023 Elezioni del Consiglio nazionale 2023;2023;campaign_financing;Importi finali;persona giuridica o società di persone;Donatore/trice: Supporter-Club der FDP des Kantons St.Gallen, Attore/trice: Freisinnig-Demokratische Partei des Kantons St. Gallen, St. Gallen
it;754;allowances;alphabetical;Finanziamento della campagna elettorale;1;22.10.2023 Elezioni del Consiglio nazionale 2023;2023;campaign_financing;Importi finali;persona giuridica o società di persone;Donatore/trice: Parti démocrate chrétien / Fêtes du printemps, Attore/trice: Le Centre Fribourg, Fribourg
it;755;allowances;alphabetical;Finanziamento della campagna elettorale;1;22.10.2023 Elezioni del Consiglio nazionale 2023;2023;campaign_financing;Importi finali;persona giuridica o società di persone;Donatore/trice: Parti démocrate chrétien / Fêtes du printemps, Attore/trice: Le Centre Fribourg, Fribourg
it;759;allowances;alphabetical;Finanziamento della campagna elettorale;1;22.10.2023 Elezioni del Consiglio nazionale 2023;2023;campaign_financing;Importi finali;persona fisica;Donatore/trice: Burger Philippe, Attore/trice: Piratenpartei Bern, Bern
it;761;allowances;alphabetical;Finanziamento della campagna elettorale;1;22.10.2023 Elezioni del Consiglio nazionale 2023;2023;campaign_financing;Importi finali;persona fisica;Donatore/trice: Burger Philippe, Attore/trice: Partito Pirata Svizzero, Berna
it;762;allowances;alphabetical;Finanziamento della campagna elettorale;1;22.10.2023 Elezioni del Consiglio nazionale 2023;2023;campaign_financing;Importi finali;persona fisica;Donatore/trice: Burkard Carmita, Attore/trice: Verdi del Cantone Ticino, Bellinzona
it;763;allowances;alphabetical;Finanziamento della campagna elettorale;1;22.10.2023 Elezioni del Consiglio nazionale 2023;2023;campaign_financing;Importi finali;persona fisica;Donatore/trice: Gysin Greta, Attore/trice: Verdi del Cantone Ticino, Bellinzona
it;764;allowances;alphabetical;Finanziamento della campagna elettorale;1;22.10.2023 Elezioni del Consiglio nazionale 2023;2023;campaign_financing;Importi finali;persona fisica;Donatore/trice: Savary Josef, Attore/trice: Verdi del Cantone Ticino, Bellinzona
it;765;allowances;alphabetical;Finanziamento della campagna elettorale;1;22.10.2023 Elezioni del Consiglio nazionale 2023;2023;campaign_financing;Importi finali;persona fisica;Donatore/trice: Majno-Hurst Pietro, Attore/trice: Verdi del Cantone Ticino, Bellinzona
it;770;allowances;alphabetical;Finanziamento della campagna elettorale;1;22.10.2023 Elezioni del Consiglio nazionale 2023;2023;campaign_financing;Importi finali;persona fisica;Donatore/trice: Berthoud Alexandre, Attore/trice: Campagne commune Alexandre Berthoud, Thierry Amy, Carlos Bujard, Neyruz-sur-Moudon
it;771;allowances;alphabetical;Finanziamento della campagna elettorale;1;22.10.2023 Elezioni del Consiglio nazionale 2023;2023;campaign_financing;Importi finali;persona giuridica o società di persone;Donatore/trice: Fondazione per una politica liberal-conservatrice, Attore/trice: Unione Democratica di Centro del Canton Ticino, Pregassona
it;772;allowances;alphabetical;Finanziamento della campagna elettorale;1;22.10.2023 Elezioni del Consiglio nazionale 2023;2023;campaign_financing;Importi finali;persona giuridica o società di persone;Donatore/trice: Fondazione per una politica liberal-conservatrice, Attore/trice: Unione Democratica di Centro del Canton Ticino, Pregassona
it;773;allowances;alphabetical;Finanziamento della campagna elettorale;1;22.10.2023 Elezioni del Consiglio nazionale 2023;2023;campaign_financing;Importi finali;persona fisica;Donatore/trice: Matter Michel, Attore/trice: Parti vert'libéral genevois, Genève
it;774;allowances;alphabetical;Finanziamento della campagna elettorale;1;22.10.2023 Elezioni del Consiglio nazionale 2023;2023;campaign_financing;Importi finali;persona fisica;Donatore/trice: Marchand Christina, Attore/trice: Grüne Kanton Zürich, Zürich
it;776;allowances;alphabetical;Finanziamento della campagna elettorale;2;22.10.2023 Elezioni del Consiglio agli Stati 2023;;campaign_financing;Importi finali;persona fisica;Donatore/trice: Burkard Kroeber Carmita, Attore/trice: Campagne commune des candidat-es PS et Vert-es à l'élection au Conseil des États - Genève, Genève
it;777;allowances;alphabetical;Finanziamento della campagna elettorale;2;22.10.2023 Elezioni del Consiglio agli Stati 2023;;campaign_financing;Importi finali;persona giuridica o società di persone;Donatore/trice: Grüne Partei der Schweiz, Attore/trice: Campagne commune des candidat-es PS et Vert-es à l'élection au Conseil des États - Genève, Genève
it;778;allowances;alphabetical;Finanziamento della campagna elettorale;1;22.10.2023 Elezioni del Consiglio nazionale 2023;2023;campaign_financing;Importi finali;persona giuridica o società di persone;Donatore/trice: EDU Schweiz, Attore/trice: Eidgenössisch-Demokratische Union des Kantons Bern, Münsingen
it;779;allowances;alphabetical;Finanziamento della campagna elettorale;1;22.10.2023 Elezioni del Consiglio nazionale 2023;2023;campaign_financing;Importi finali;persona fisica;Donatore/trice: Burkard Carmita, Attore/trice: Les Vert.e.s, mouvement écologiste vaudois, Lausanne
it;780;allowances;alphabetical;Finanziamento della campagna elettorale;1;22.10.2023 Elezioni del Consiglio nazionale 2023;2023;campaign_financing;Importi finali;persona giuridica o società di persone;Donatore/trice: GRÜNE Schweiz, Attore/trice: Giovani Verdi Svizzera, Berna
it;781;allowances;alphabetical;Finanziamento della campagna elettorale;1;22.10.2023 Elezioni del Consiglio nazionale 2023;2023;campaign_financing;Importi finali;persona fisica;Donatore/trice: Burkard Carmita, Attore/trice: Giovani Verdi Svizzera, Berna
it;784;allowances;alphabetical;Finanziamento della campagna elettorale;2;22.10.2023 Elezioni del Consiglio agli Stati 2023;;campaign_financing;Importi finali;persona giuridica o società di persone;Donatore/trice: Parti socialiste genevois, Attore/trice: Campagne commune des candidat-es PS et Vert-es à l'élection au Conseil des États - Genève, Genève
it;785;allowances;alphabetical;Finanziamento della campagna elettorale;2;22.10.2023 Elezioni del Consiglio agli Stati 2023;;campaign_financing;Importi finali;persona giuridica o società di persone;Donatore/trice: Les Vert-e-s genevois-es, Attore/trice: Campagne commune des candidat-es PS et Vert-es à l'élection au Conseil des États - Genève, Genève
it;786;allowances;alphabetical;Finanziamento della campagna elettorale;1;22.10.2023 Elezioni del Consiglio nazionale 2023;2023;campaign_financing;Importi finali;persona fisica;Donatore/trice: Candinas Martin, Attore/trice: Alleanza del Centro Grigioni, Coira
it;787;allowances;alphabetical;Finanziamento della campagna elettorale;2;22.10.2023 Elezioni del Consiglio agli Stati 2023;;campaign_financing;Importi finali;persona fisica;Donatore/trice: Engler Stefan, Attore/trice: Alleanza del Centro Grigioni, Coira
it;788;allowances;alphabetical;Finanziamento della campagna elettorale;1;22.10.2023 Elezioni del Consiglio nazionale 2023;2023;campaign_financing;Importi finali;persona giuridica o società di persone;Donatore/trice: Gönnervereinigung der Mitte Kanton Bern, Attore/trice: Die Mitte Kanton Bern, Bern
it;795;allowances;alphabetical;Finanziamento della campagna elettorale;2;22.10.2023 Elezioni del Consiglio agli Stati 2023;;campaign_financing;Importi finali;persona fisica;Donatore/trice: Burkard Kroeber Carmita, Attore/trice: Les Vert.e.s, mouvement écologiste vaudois, Lausanne
it;796;allowances;alphabetical;Finanziamento della campagna elettorale;2;22.10.2023 Elezioni del Consiglio agli Stati 2023;;campaign_financing;Importi finali;persona fisica;Donatore/trice: Burkard Kroeber Carmita, Attore/trice: Les Vert.e.s, mouvement écologiste vaudois, Lausanne
it;798;allowances;alphabetical;Finanziamento della campagna elettorale;2;22.10.2023 Elezioni del Consiglio agli Stati 2023;;campaign_financing;Importi finali;persona fisica;Donatore/trice: Kern Georges Alexander, Attore/trice: Moser Tiana Angelina, Zürich
it;799;allowances;alphabetical;Finanziamento della campagna elettorale;2;22.10.2023 Elezioni del Consiglio agli Stati 2023;;campaign_financing;Importi finali;persona giuridica o società di persone;Donatore/trice: Grünliberale Partei Kanton Zürich, Attore/trice: Moser Tiana Angelina, Zürich
it;800;allowances;alphabetical;Finanziamento della campagna elettorale;2;22.10.2023 Elezioni del Consiglio agli Stati 2023;;campaign_financing;Importi finali;persona fisica;Donatore/trice: Curran-Steiner Barbara M., Attore/trice: Moser Tiana Angelina, Zürich
it;801;allowances;alphabetical;Finanziamento della campagna elettorale;2;22.10.2023 Elezioni del Consiglio agli Stati 2023;;campaign_financing;Importi finali;persona giuridica o società di persone;Donatore/trice: Parti socialiste vaudois, Attore/trice: Les Vert.e.s, mouvement écologiste vaudois, Lausanne
it;802;allowances;alphabetical;Finanziamento della campagna elettorale;2;22.10.2023 Elezioni del Consiglio agli Stati 2023;;campaign_financing;Importi finali;persona giuridica o società di persone;Donatore/trice: Il Centro Ticino, Attore/trice: Regazzi Fabio, Gordola
it;803;allowances;alphabetical;Finanziamento della campagna elettorale;1;22.10.2023 Elezioni del Consiglio nazionale 2023;2023;campaign_financing;Importi finali;persona giuridica o società di persone;Donatore/trice: Raiffeisen Schweiz, Attore/trice: Guggisberg Lars, Kirchlindach
it;804;allowances;alphabetical;Finanziamento della campagna elettorale;1;22.10.2023 Elezioni del Consiglio nazionale 2023;2023;campaign_financing;Importi finali;persona giuridica o società di persone;Donatore/trice: TCS Schweiz, Sektion Bern, Region Bern-Mittelland, Attore/trice: Guggisberg Lars, Kirchlindach
it;805;allowances;alphabetical;Finanziamento della campagna elettorale;2;22.10.2023 Elezioni del Consiglio agli Stati 2023;;campaign_financing;Importi finali;persona giuridica o società di persone;Donatore/trice: Grünliberale Partei Schweiz, Attore/trice: Moser Tiana Angelina, Zürich
it;806;allowances;alphabetical;Finanziamento della campagna elettorale;2;22.10.2023 Elezioni del Consiglio agli Stati 2023;;campaign_financing;Importi finali;persona giuridica o società di persone;Donatore/trice: Grünliberale Partei Schweiz, Attore/trice: Moser Tiana Angelina, Zürich
it;807;allowances;alphabetical;Finanziamento della campagna elettorale;1;22.10.2023 Elezioni del Consiglio nazionale 2023;2023;campaign_financing;Importi finali;persona fisica;Donatore/trice: Burkard Carmita, Attore/trice: Grüne Kanton Solothurn, Solothurn
it;808;allowances;alphabetical;Finanziamento della campagna elettorale;1;22.10.2023 Elezioni del Consiglio nazionale 2023;2023;campaign_financing;Importi finali;persona giuridica o società di persone;Donatore/trice: Schweizerischer Gewerbeverband, Attore/trice: Müller Leo, Ruswil
it;81;allowances;alphabetical;Finanziamento della campagna elettorale;1;22.10.2023 Elezioni del Consiglio nazionale 2023;2023;campaign_financing;Importi preventivati;persona fisica;Donatore/trice: Burkard Carmita, Attore/trice: GRÜNE Kanton Bern, Bern
it;810;allowances;alphabetical;Finanziamento della campagna elettorale;1;22.10.2023 Elezioni del Consiglio nazionale 2023;2023;campaign_financing;Importi finali;persona fisica;Donatore/trice: Thalmann Christian, Attore/trice: EG Ankli, Bartholdi & Thalmann, Breitenbach
it;811;allowances;alphabetical;Finanziamento della campagna elettorale;1;22.10.2023 Elezioni del Consiglio nazionale 2023;2023;campaign_financing;Importi finali;persona giuridica o società di persone;Donatore/trice: Bandfabrik Breitenbach AG, Attore/trice: EG Ankli, Bartholdi & Thalmann, Breitenbach
it;812;allowances;alphabetical;Finanziamento della campagna elettorale;2;22.10.2023 Elezioni del Consiglio agli Stati 2023;;campaign_financing;Importi finali;persona giuridica o società di persone;Donatore/trice: Churfirsten-Club, Attore/trice: Friedli Esther, Ebnat-Kappel
it;813;allowances;alphabetical;Finanziamento della campagna elettorale;1;22.10.2023 Elezioni del Consiglio nazionale 2023;2023;campaign_financing;Importi finali;persona giuridica o società di persone;Donatore/trice: Intergrund, Attore/trice: Schoop Adrian, Turgi
it;814;allowances;alphabetical;Finanziamento della campagna elettorale;1;22.10.2023 Elezioni del Consiglio nazionale 2023;2023;campaign_financing;Importi finali;persona giuridica o società di persone;Donatore/trice: Suissetec, Attore/trice: Schoop Adrian, Turgi
it;815;allowances;alphabetical;Finanziamento della campagna elettorale;2;22.10.2023 Elezioni del Consiglio agli Stati 2023;;campaign_financing;Importi finali;persona giuridica o società di persone;Donatore/trice: Le Centre, Attore/trice: Chassot Isabelle, Granges-Paccot
it;819;allowances;alphabetical;Finanziamento della campagna elettorale;2;22.10.2023 Elezioni del Consiglio agli Stati 2023;;campaign_financing;Importi finali;persona giuridica o società di persone;Donatore/trice: SP Schaffhausen, Attore/trice: Stocker Simon, Schaffhausen
it;820;allowances;alphabetical;Finanziamento della campagna elettorale;2;22.10.2023 Elezioni del Consiglio agli Stati 2023;;campaign_financing;Importi finali;persona giuridica o società di persone;Donatore/trice: SP Schweiz, Attore/trice: Stocker Simon, Schaffhausen
it;821;allowances;alphabetical;Finanziamento della campagna elettorale;1;22.10.2023 Elezioni del Consiglio nazionale 2023;2023;campaign_financing;Importi finali;persona giuridica o società di persone;Donatore/trice: St. Martinsgesellschaft, Attore/trice: Die Mitte Schwyz, Schwyz
it;822;allowances;alphabetical;Finanziamento della campagna elettorale;2;22.10.2023 Elezioni del Consiglio agli Stati 2023;;campaign_financing;Importi finali;persona giuridica o società di persone;Donatore/trice: WWF Schweiz, Attore/trice: Umweltallianz, Zürich
it;823;allowances;alphabetical;Finanziamento della campagna elettorale;2;22.10.2023 Elezioni del Consiglio agli Stati 2023;;campaign_financing;Importi finali;persona giuridica o società di persone;Donatore/trice: WWF Schweiz, Attore/trice: Umweltallianz, Zürich
it;824;allowances;alphabetical;Finanziamento della campagna elettorale;2;22.10.2023 Elezioni del Consiglio agli Stati 2023;;campaign_financing;Importi finali;persona giuridica o società di persone;Donatore/trice: Le Centre Valais romand, Attore/trice: Maret Marianne, Troistorrents
it;827;allowances;alphabetical;Finanziamento della campagna elettorale;2;22.10.2023 Elezioni del Consiglio agli Stati 2023;;campaign_financing;Importi finali;persona giuridica o società di persone;Donatore/trice: Union Démocratique du Centre, Genève, Attore/trice: Alliance Genevoise (MCG-UDC), Genève
it;828;allowances;alphabetical;Finanziamento della campagna elettorale;2;22.10.2023 Elezioni del Consiglio agli Stati 2023;;campaign_financing;Importi finali;persona giuridica o società di persone;Donatore/trice: Mouvement Citoyens Genevois, Attore/trice: Alliance Genevoise (MCG-UDC), Genève
it;83;allowances;alphabetical;Finanziamento della campagna elettorale;1;22.10.2023 Elezioni del Consiglio nazionale 2023;2023;campaign_financing;Importi preventivati;persona fisica;Donatore/trice: Burkard Carmita, Attore/trice: Alternative - die Grünen Zug, Zug
it;830;allowances;alphabetical;Finanziamento della campagna elettorale;1;22.10.2023 Elezioni del Consiglio nazionale 2023;2023;campaign_financing;Importi finali;persona giuridica o società di persone;Donatore/trice: PLR.Les Libéraux-Radicaux Valais, Attore/trice: Association libérale-radicale des districts de Monthey et de St-Maurice, Vouvry
it;832;allowances;alphabetical;Finanziamento della campagna elettorale;1;22.10.2023 Elezioni del Consiglio nazionale 2023;2023;campaign_financing;Importi finali;persona fisica;Donatore/trice: Maire Jacques, Attore/trice: Les Vert-e-s genevoi-es (parti écologiste genevois), Genève 4
it;833;allowances;alphabetical;Finanziamento della campagna elettorale;1;22.10.2023 Elezioni del Consiglio nazionale 2023;2023;campaign_financing;Importi finali;persona fisica;Donatore/trice: Burkard Kroeber Carmita, Attore/trice: Les Vert-e-s genevoi-es (parti écologiste genevois), Genève 4
it;840;allowances;alphabetical;Finanziamento della campagna elettorale;1;22.10.2023 Elezioni del Consiglio nazionale 2023;2023;campaign_financing;Importi finali;persona giuridica o società di persone;Donatore/trice: COMITE DE COORDINATION DES ASSOCIATIONS ECONOMIQUES GENEVE, Attore/trice: Union Démocratique du Centre, Genève, Les Acacias
it;841;allowances;alphabetical;Finanziamento della campagna elettorale;1;22.10.2023 Elezioni del Consiglio nazionale 2023;2023;campaign_financing;Importi finali;persona giuridica o società di persone;Donatore/trice: COMITE DE COORDINATION DES ASSOCIATIONS ECONOMIQUES GENEVE, Attore/trice: Union Démocratique du Centre, Genève, Les Acacias
it;843;allowances;alphabetical;Finanziamento della campagna elettorale;2;22.10.2023 Elezioni del Consiglio agli Stati 2023;;campaign_financing;Importi finali;persona giuridica o società di persone;Donatore/trice: Fondazione per una politica liberal-conservatrice, Attore/trice: Chiesa Marco, Ruvigliana
it;851;allowances;alphabetical;Finanziamento della campagna elettorale;1;22.10.2023 Elezioni del Consiglio nazionale 2023;2023;campaign_financing;Importi finali;persona fisica;Donatore/trice: Gugger Nik, Attore/trice: Evangelische Volkspartei (EVP) des Kantons Zürich, Zürich
it;852;allowances;alphabetical;Finanziamento della campagna elettorale;1;22.10.2023 Elezioni del Consiglio nazionale 2023;2023;campaign_financing;Importi finali;persona fisica;Donatore/trice: Scognamiglio Donato, Attore/trice: Evangelische Volkspartei (EVP) des Kantons Zürich, Zürich
it;853;allowances;alphabetical;Finanziamento della campagna elettorale;1;22.10.2023 Elezioni del Consiglio nazionale 2023;2023;campaign_financing;Importi finali;persona giuridica o società di persone;Donatore/trice: EVP Schweiz, Attore/trice: Evangelische Volkspartei (EVP) des Kantons Zürich, Zürich
it;86;allowances;alphabetical;Finanziamento della campagna elettorale;1;22.10.2023 Elezioni del Consiglio nazionale 2023;2023;campaign_financing;Importi preventivati;persona giuridica o società di persone;Donatore/trice: Greenpeace Schweiz, Attore/trice: Klima-Allianz Schweiz, Genf
it;864;allowances;alphabetical;Finanziamento della campagna elettorale;1;22.10.2023 Elezioni del Consiglio nazionale 2023;2023;campaign_financing;Importi finali;persona fisica;Donatore/trice: Burger Philippe, Attore/trice: Piratenpartei Zürich, Zürich
it;87;allowances;alphabetical;Finanziamento della campagna elettorale;1;22.10.2023 Elezioni del Consiglio nazionale 2023;2023;campaign_financing;Importi preventivati;persona giuridica o società di persone;Donatore/trice: WWF Schweiz, Attore/trice: Klima-Allianz Schweiz, Genf
it;875;allowances;alphabetical;Finanziamento della campagna elettorale;1;22.10.2023 Elezioni del Consiglio nazionale 2023;2023;campaign_financing;Importi finali;persona fisica;Donatore/trice: von Arx Casimir, Attore/trice: Grünliberale Partei des Kantons Bern, Bern
it;88;allowances;alphabetical;Finanziamento della campagna elettorale;1;22.10.2023 Elezioni del Consiglio nazionale 2023;2023;campaign_financing;Importi preventivati;persona giuridica o società di persone;Donatore/trice: Stiftung Stopp Klimakrise, Attore/trice: Klima-Allianz Schweiz, Genf
it;89;allowances;alphabetical;Finanziamento della campagna elettorale;1;22.10.2023 Elezioni del Consiglio nazionale 2023;2023;campaign_financing;Importi preventivati;persona fisica;Donatore/trice: Marchand Christina, Attore/trice: Klima-Allianz Schweiz, Genf
it;895;allowances;alphabetical;Finanziamento della campagna elettorale;1;22.10.2023 Elezioni del Consiglio nazionale 2023;2023;campaign_financing;Importi finali;persona giuridica o società di persone;Donatore/trice: EDU Schweiz, Attore/trice: Eidgenössisch-Demokratische Union (EDU) Kanton Zürich, Winterthur
it;896;allowances;alphabetical;Finanziamento della campagna elettorale;1;22.10.2023 Elezioni del Consiglio nazionale 2023;2023;campaign_financing;Importi finali;persona giuridica o società di persone;Donatore/trice: EDU Winterthur und Umgebung, Attore/trice: Eidgenössisch-Demokratische Union (EDU) Kanton Zürich, Winterthur
it;897;allowances;alphabetical;Finanziamento della campagna elettorale;1;22.10.2023 Elezioni del Consiglio nazionale 2023;2023;campaign_financing;Importi finali;persona giuridica o società di persone;Donatore/trice: EDU Hinwil, Attore/trice: Eidgenössisch-Demokratische Union (EDU) Kanton Zürich, Winterthur
it;898;allowances;alphabetical;Finanziamento della campagna elettorale;1;22.10.2023 Elezioni del Consiglio nazionale 2023;2023;campaign_financing;Importi finali;persona giuridica o società di persone;Donatore/trice: EDU Unterland, Attore/trice: Eidgenössisch-Demokratische Union (EDU) Kanton Zürich, Winterthur
it;899;allowances;alphabetical;Finanziamento della campagna elettorale;1;22.10.2023 Elezioni del Consiglio nazionale 2023;2023;campaign_financing;Importi finali;persona giuridica o società di persone;Donatore/trice: SP Schweiz, Attore/trice: Sozialdemokratische Partei Kanton Aargau, Aarau
it;9;allowances;alphabetical;Finanziamento della campagna elettorale;1;22.10.2023 Elezioni del Consiglio nazionale 2023;2023;campaign_financing;Importi preventivati;persona fisica;Donatore/trice: Burkard Carmita, Attore/trice: VERDI svizzeri, Berna
it;90;allowances;alphabetical;Finanziamento della campagna elettorale;1;22.10.2023 Elezioni del Consiglio nazionale 2023;2023;campaign_financing;Importi preventivati;persona fisica;Donatore/trice: Studer Lilian, Attore/trice: Evangelische Volkspartei des Kantons Aargau, Aarau
it;900;allowances;alphabetical;Finanziamento della campagna elettorale;1;22.10.2023 Elezioni del Consiglio nazionale 2023;2023;campaign_financing;Importi finali;persona giuridica o società di persone;Donatore/trice: SP Schweiz, Attore/trice: Sozialdemokratische Partei Kanton Aargau, Aarau
it;901;allowances;alphabetical;Finanziamento della campagna elettorale;1;22.10.2023 Elezioni del Consiglio nazionale 2023;2023;campaign_financing;Importi finali;persona giuridica o società di persone;Donatore/trice: SP Schweiz, Attore/trice: Sozialdemokratische Partei Kanton Aargau, Aarau
it;904;allowances;alphabetical;Finanziamento della campagna elettorale;1;22.10.2023 Elezioni del Consiglio nazionale 2023;2023;campaign_financing;Importi finali;persona giuridica o società di persone;Donatore/trice: PLR Suisse, Attore/trice: PLR.Les Libéraux-Radicaux Vaud, Lausanne
it;905;allowances;alphabetical;Finanziamento della campagna elettorale;1;22.10.2023 Elezioni del Consiglio nazionale 2023;2023;campaign_financing;Importi finali;persona giuridica o società di persone;Donatore/trice: Association pour le développement d'une économie libérale (ADEL), Attore/trice: PLR.Les Libéraux-Radicaux Vaud, Lausanne
it;906;allowances;alphabetical;Finanziamento della campagna elettorale;2;22.10.2023 Elezioni del Consiglio agli Stati 2023;;campaign_financing;Importi finali;persona giuridica o società di persone;Donatore/trice: PLR Vaud, Attore/trice: Alliance Vaudoise, Lausanne
it;907;allowances;alphabetical;Finanziamento della campagna elettorale;2;22.10.2023 Elezioni del Consiglio agli Stati 2023;;campaign_financing;Importi finali;persona giuridica o società di persone;Donatore/trice: UDC Vaud, Attore/trice: Alliance Vaudoise, Lausanne
it;908;allowances;alphabetical;Finanziamento della campagna elettorale;2;22.10.2023 Elezioni del Consiglio agli Stati 2023;;campaign_financing;Importi finali;persona giuridica o società di persone;Donatore/trice: Association pour le développement d’une économie libérale (ADEL), Attore/trice: Alliance Vaudoise, Lausanne
it;92;allowances;alphabetical;Finanziamento della campagna elettorale;1;22.10.2023 Elezioni del Consiglio nazionale 2023;2023;campaign_financing;Importi preventivati;persona giuridica o società di persone;Donatore/trice: Unione Svizzera delle Arti e dei Mestieri usam, Attore/trice: Regazzi Fabio, Gordola
it;93;allowances;alphabetical;Finanziamento della campagna elettorale;1;22.10.2023 Elezioni del Consiglio nazionale 2023;2023;campaign_financing;Importi preventivati;persona fisica;Donatore/trice: Ruppen Franz, Attore/trice: Schweizerische Volkspartei Oberwallis, Brig
it;94;allowances;alphabetical;Finanziamento della campagna elettorale;1;22.10.2023 Elezioni del Consiglio nazionale 2023;2023;campaign_financing;Importi preventivati;persona giuridica o società di persone;Donatore/trice: Pomona Media AG, Attore/trice: Schweizerische Volkspartei Oberwallis, Brig
it;944;allowances;alphabetical;Finanziamento della campagna elettorale;3;03.03.2024 Vivere meglio la pensione (Iniziativa per una 13esima mensilità AVS);;campaign_financing;Importi preventivati;persona giuridica o società di persone;"Donatore/trice: Zürcher Handelskammer, Attore/trice: Allianz ""Nein zur 13. AHV-Rente"", Zürich"
it;945;allowances;alphabetical;Finanziamento della campagna elettorale;3;03.03.2024 Vivere meglio la pensione (Iniziativa per una 13esima mensilità AVS);;campaign_financing;Importi preventivati;persona giuridica o società di persone;"Donatore/trice: Zürcher Handelskammer, Attore/trice: Allianz ""Nein zur 13. AHV-Rente"", Zürich"
it;946;allowances;alphabetical;Finanziamento della campagna elettorale;3;03.03.2024 Vivere meglio la pensione (Iniziativa per una 13esima mensilità AVS);;campaign_financing;Importi preventivati;persona giuridica o società di persone;"Donatore/trice: economiesuisse, Attore/trice: Allianz ""Nein zur 13. AHV-Rente"", Zürich"
it;947;allowances;alphabetical;Finanziamento della campagna elettorale;3;03.03.2024 Vivere meglio la pensione (Iniziativa per una 13esima mensilità AVS);;campaign_financing;Importi preventivati;persona giuridica o società di persone;"Donatore/trice: Schweizerischer Gewerbeverband, Attore/trice: Allianz ""Nein zur 13. AHV-Rente"", Zürich"
it;948;allowances;alphabetical;Finanziamento della campagna elettorale;3;03.03.2024 Vivere meglio la pensione (Iniziativa per una 13esima mensilità AVS);;campaign_financing;Importi preventivati;persona giuridica o società di persone;"Donatore/trice: economiesuisse, Attore/trice: Allianz ""Nein zur 13. AHV-Rente"", Zürich"
it;949;allowances;alphabetical;Finanziamento della campagna elettorale;3;03.03.2024 Vivere meglio la pensione (Iniziativa per una 13esima mensilità AVS);;campaign_financing;Importi preventivati;persona giuridica o società di persone;"Donatore/trice: Schweizerischer Arbeitgeberverband, Attore/trice: Allianz ""Nein zur 13. AHV-Rente"", Zürich"
it;95;allowances;alphabetical;Finanziamento della campagna elettorale;1;22.10.2023 Elezioni del Consiglio nazionale 2023;2023;campaign_financing;Importi preventivati;persona fisica;Donatore/trice: Graber Michael, Attore/trice: Schweizerische Volkspartei Oberwallis, Brig
it;950;allowances;alphabetical;Finanziamento della campagna elettorale;3;03.03.2024 Vivere meglio la pensione (Iniziativa per una 13esima mensilità AVS);;campaign_financing;Importi preventivati;persona giuridica o società di persone;"Donatore/trice: Schweizerischer Gewerbeverband, Attore/trice: Allianz ""Nein zur 13. AHV-Rente"", Zürich"
it;951;allowances;alphabetical;Finanziamento della campagna elettorale;3;03.03.2024 Vivere meglio la pensione (Iniziativa per una 13esima mensilità AVS);;campaign_financing;Importi preventivati;persona giuridica o società di persone;"Donatore/trice: economiesuisse, Attore/trice: Allianz ""Nein zur 13. AHV-Rente"", Zürich"
it;952;allowances;alphabetical;Finanziamento della campagna elettorale;3;03.03.2024 Vivere meglio la pensione (Iniziativa per una 13esima mensilità AVS);;campaign_financing;Importi preventivati;persona giuridica o società di persone;"Donatore/trice: Schweizerischer Arbeitgeberverband, Attore/trice: Allianz ""Nein zur 13. AHV-Rente"", Zürich"
it;953;allowances;alphabetical;Finanziamento della campagna elettorale;3;03.03.2024 Vivere meglio la pensione (Iniziativa per una 13esima mensilità AVS);;campaign_financing;Importi preventivati;persona giuridica o società di persone;"Donatore/trice: Fédération des entreprises romandes Genève, Attore/trice: Allianz ""Nein zur 13. AHV-Rente"", Zürich"
it;954;allowances;alphabetical;Finanziamento della campagna elettorale;3;03.03.2024 Vivere meglio la pensione (Iniziativa per una 13esima mensilità AVS);;campaign_financing;Importi preventivati;persona giuridica o società di persone;"Donatore/trice: Fédération des entreprises romandes Genève, Attore/trice: Allianz ""Nein zur 13. AHV-Rente"", Zürich"
it;955;allowances;alphabetical;Finanziamento della campagna elettorale;3;03.03.2024 Vivere meglio la pensione (Iniziativa per una 13esima mensilità AVS);;campaign_financing;Importi preventivati;persona giuridica o società di persone;"Donatore/trice: Schweizerischer Gewerbeverband, Attore/trice: Allianz ""Nein zur 13. AHV-Rente"", Zürich"
it;956;allowances;alphabetical;Finanziamento della campagna elettorale;3;03.03.2024 Vivere meglio la pensione (Iniziativa per una 13esima mensilità AVS);;campaign_financing;Importi preventivati;persona giuridica o società di persone;"Donatore/trice: economiesuisse, Attore/trice: Allianz ""Nein zur 13. AHV-Rente"", Zürich"
it;957;allowances;alphabetical;Finanziamento della campagna elettorale;3;03.03.2024 Vivere meglio la pensione (Iniziativa per una 13esima mensilità AVS);;campaign_financing;Importi preventivati;persona giuridica o società di persone;"Donatore/trice: Swissmem, Attore/trice: Allianz ""Nein zur 13. AHV-Rente"", Zürich"
it;958;allowances;alphabetical;Finanziamento della campagna elettorale;3;03.03.2024 Vivere meglio la pensione (Iniziativa per una 13esima mensilità AVS);;campaign_financing;Importi preventivati;persona giuridica o società di persone;"Donatore/trice: Swissmem, Attore/trice: Allianz ""Nein zur 13. AHV-Rente"", Zürich"
it;969;allowances;alphabetical;Finanziamento della campagna elettorale;4;03.03.2024 Per una previdenza vecchiaia sicura e sostenibile (Iniziativa sulle pensioni);;campaign_financing;Importi preventivati;persona giuridica o società di persone;Donatore/trice: economiesuisse, Attore/trice: Komitee Renteninitiative Ja, Zürich
it;97;allowances;alphabetical;Finanziamento della campagna elettorale;1;22.10.2023 Elezioni del Consiglio nazionale 2023;2023;campaign_financing;Importi preventivati;persona fisica;Donatore/trice: Burkard Carmita, Attore/trice: Les Vert-e-s genevoi-es (parti écologiste genevois), Genève 4
it;970;allowances;alphabetical;Finanziamento della campagna elettorale;4;03.03.2024 Per una previdenza vecchiaia sicura e sostenibile (Iniziativa sulle pensioni);;campaign_financing;Importi preventivati;persona giuridica o società di persone;Donatore/trice: Jungfreisinnige Schweiz, Attore/trice: Komitee Renteninitiative Ja, Zürich
it;971;allowances;alphabetical;Finanziamento della campagna elettorale;4;03.03.2024 Per una previdenza vecchiaia sicura e sostenibile (Iniziativa sulle pensioni);;campaign_financing;Importi preventivati;persona giuridica o società di persone;Donatore/trice: Swiss Re Management Ltd., Attore/trice: Komitee Renteninitiative Ja, Zürich
it;972;allowances;alphabetical;Finanziamento della campagna elettorale;4;03.03.2024 Per una previdenza vecchiaia sicura e sostenibile (Iniziativa sulle pensioni);;campaign_financing;Importi preventivati;persona fisica;Donatore/trice: Ehinger Oliver, Attore/trice: Komitee Renteninitiative Ja, Zürich
it;973;allowances;alphabetical;Finanziamento della campagna elettorale;4;03.03.2024 Per una previdenza vecchiaia sicura e sostenibile (Iniziativa sulle pensioni);;campaign_financing;Importi preventivati;persona giuridica o società di persone;Donatore/trice: Bonny Stiftung für Freiheit, Attore/trice: Komitee Renteninitiative Ja, Zürich
it;974;allowances;alphabetical;Finanziamento della campagna elettorale;4;03.03.2024 Per una previdenza vecchiaia sicura e sostenibile (Iniziativa sulle pensioni);;campaign_financing;Importi preventivati;persona giuridica o società di persone;Donatore/trice: Freunde der FDP, Attore/trice: Komitee Renteninitiative Ja, Zürich
it;975;allowances;alphabetical;Finanziamento della campagna elettorale;4;03.03.2024 Per una previdenza vecchiaia sicura e sostenibile (Iniziativa sulle pensioni);;campaign_financing;Importi preventivati;persona giuridica o società di persone;Donatore/trice: Stiftung Gambit, Attore/trice: Komitee Renteninitiative Ja, Zürich
it;976;allowances;alphabetical;Finanziamento della campagna elettorale;4;03.03.2024 Per una previdenza vecchiaia sicura e sostenibile (Iniziativa sulle pensioni);;campaign_financing;Importi preventivati;persona giuridica o società di persone;Donatore/trice: Zürcher Handelskammer, Attore/trice: Komitee Renteninitiative Ja, Zürich
it;977;allowances;alphabetical;Finanziamento della campagna elettorale;4;03.03.2024 Per una previdenza vecchiaia sicura e sostenibile (Iniziativa sulle pensioni);;campaign_financing;Importi preventivati;persona giuridica o società di persone;Donatore/trice: Verein Renteninitiative, Attore/trice: Komitee Renteninitiative Ja, Zürich
it;978;allowances;alphabetical;Finanziamento della campagna elettorale;4;03.03.2024 Per una previdenza vecchiaia sicura e sostenibile (Iniziativa sulle pensioni);;campaign_financing;Importi preventivati;persona giuridica o società di persone;Donatore/trice: UBS AG, Attore/trice: Komitee Renteninitiative Ja, Zürich
it;979;allowances;alphabetical;Finanziamento della campagna elettorale;4;03.03.2024 Per una previdenza vecchiaia sicura e sostenibile (Iniziativa sulle pensioni);;campaign_financing;Importi preventivati;persona giuridica o società di persone;Donatore/trice: Swiss Re Management Ltd., Attore/trice: Komitee Renteninitiative Ja, Zürich
it;98;allowances;alphabetical;Finanziamento della campagna elettorale;1;22.10.2023 Elezioni del Consiglio nazionale 2023;2023;campaign_financing;Importi preventivati;persona fisica;Donatore/trice: Maire Jacques, Attore/trice: Les Vert-e-s genevoi-es (parti écologiste genevois), Genève 4
it;980;allowances;alphabetical;Finanziamento della campagna elettorale;3;03.03.2024 Vivere meglio la pensione (Iniziativa per una 13esima mensilità AVS);;campaign_financing;Importi preventivati;persona giuridica o società di persone;Donatore/trice: Gewerkschaft des Verkehrspersonals SEV, Attore/trice: Unione sindacale svizzera (USS), Berna
it;981;allowances;alphabetical;Finanziamento della campagna elettorale;3;03.03.2024 Vivere meglio la pensione (Iniziativa per una 13esima mensilità AVS);;campaign_financing;Importi preventivati;persona giuridica o società di persone;Donatore/trice: Gewerkschaft syndicom, Attore/trice: Unione sindacale svizzera (USS), Berna
it;982;allowances;alphabetical;Finanziamento della campagna elettorale;3;03.03.2024 Vivere meglio la pensione (Iniziativa per una 13esima mensilità AVS);;campaign_financing;Importi preventivati;persona giuridica o società di persone;Donatore/trice: Gewerkschaft Unia, Attore/trice: Unione sindacale svizzera (USS), Berna
it;983;allowances;alphabetical;Finanziamento della campagna elettorale;3;03.03.2024 Vivere meglio la pensione (Iniziativa per una 13esima mensilità AVS);;campaign_financing;Importi preventivati;persona giuridica o società di persone;Donatore/trice: Verband öffentliches Personal VPOD, Attore/trice: Unione sindacale svizzera (USS), Berna
it;984;allowances;alphabetical;Finanziamento della campagna elettorale;3;03.03.2024 Vivere meglio la pensione (Iniziativa per una 13esima mensilità AVS);;campaign_financing;Importi preventivati;persona giuridica o società di persone;Donatore/trice: Syndicat interprofessionnel de travailleuses et travailleurs SIT, Attore/trice: Unione sindacale svizzera (USS), Berna
it;985;allowances;alphabetical;Finanziamento della campagna elettorale;3;03.03.2024 Vivere meglio la pensione (Iniziativa per una 13esima mensilità AVS);;campaign_financing;Importi preventivati;persona giuridica o società di persone;Donatore/trice: PVB, Attore/trice: Unione sindacale svizzera (USS), Berna
it;986;allowances;alphabetical;Finanziamento della campagna elettorale;3;03.03.2024 Vivere meglio la pensione (Iniziativa per una 13esima mensilità AVS);;campaign_financing;Importi preventivati;persona giuridica o società di persone;Donatore/trice: SBPV, Attore/trice: Unione sindacale svizzera (USS), Berna
it;987;allowances;alphabetical;Finanziamento della campagna elettorale;3;03.03.2024 Vivere meglio la pensione (Iniziativa per una 13esima mensilità AVS);;campaign_financing;Importi preventivati;persona giuridica o società di persone;Donatore/trice: garanto, Attore/trice: Unione sindacale svizzera (USS), Berna
it;988;allowances;alphabetical;Finanziamento della campagna elettorale;3;03.03.2024 Vivere meglio la pensione (Iniziativa per una 13esima mensilità AVS);;campaign_financing;Importi preventivati;persona giuridica o società di persone;Donatore/trice: SSM, Attore/trice: Unione sindacale svizzera (USS), Berna
it;989;allowances;alphabetical;Finanziamento della campagna elettorale;3;03.03.2024 Vivere meglio la pensione (Iniziativa per una 13esima mensilità AVS);;campaign_financing;Importi preventivati;persona giuridica o società di persone;Donatore/trice: AvenirSocial, Attore/trice: Unione sindacale svizzera (USS), Berna
it;990;allowances;alphabetical;Finanziamento della campagna elettorale;3;03.03.2024 Vivere meglio la pensione (Iniziativa per una 13esima mensilità AVS);;campaign_financing;Importi preventivati;persona giuridica o società di persone;Donatore/trice: Kapers, Attore/trice: Unione sindacale svizzera (USS), Berna
it;991;allowances;alphabetical;Finanziamento della campagna elettorale;3;03.03.2024 Vivere meglio la pensione (Iniziativa per una 13esima mensilità AVS);;campaign_financing;Importi preventivati;persona giuridica o società di persone;Donatore/trice: SMV, Attore/trice: Unione sindacale svizzera (USS), Berna
it;992;allowances;alphabetical;Finanziamento della campagna elettorale;3;03.03.2024 Vivere meglio la pensione (Iniziativa per una 13esima mensilità AVS);;campaign_financing;Importi preventivati;persona giuridica o società di persone;Donatore/trice: SzeneSchweiz, Attore/trice: Unione sindacale svizzera (USS), Berna
it;993;allowances;alphabetical;Finanziamento della campagna elettorale;3;03.03.2024 Vivere meglio la pensione (Iniziativa per una 13esima mensilità AVS);;campaign_financing;Importi preventivati;persona giuridica o società di persone;Donatore/trice: Helvetica, Attore/trice: Unione sindacale svizzera (USS), Berna
it;994;allowances;alphabetical;Finanziamento della campagna elettorale;3;03.03.2024 Vivere meglio la pensione (Iniziativa per una 13esima mensilità AVS);;campaign_financing;Importi preventivati;persona giuridica o società di persone;Donatore/trice: Nautilus, Attore/trice: Unione sindacale svizzera (USS), Berna
it;995;allowances;alphabetical;Finanziamento della campagna elettorale;3;03.03.2024 Vivere meglio la pensione (Iniziativa per una 13esima mensilità AVS);;campaign_financing;Importi preventivati;persona giuridica o società di persone;Donatore/trice: ESPA, Attore/trice: Unione sindacale svizzera (USS), Berna
it;996;allowances;alphabetical;Finanziamento della campagna elettorale;3;03.03.2024 Vivere meglio la pensione (Iniziativa per una 13esima mensilità AVS);;campaign_financing;Importi preventivati;persona giuridica o società di persone;Donatore/trice: Association des Amis de Jost Steiger, Attore/trice: Unione sindacale svizzera (USS), Berna
