language;allowance_id;theme;group_by;financing_category;financing_id;financing_label;financing_year;financing_type;budget_or_final;donor_type;allowance_label
de;10;allowances;alphabetical;Kampagnenfinanzierung;1;22.10.2023 Nationalratswahlen 2023;2023;campaign_financing;Budgetzahlen;natürliche Person;Zuwender/in: Hug Piero, Akteur/in: GRÜNE Schweiz, Bern
de;1039;allowances;alphabetical;Kampagnenfinanzierung;8;09.06.2024 Bundesgesetz vom 29. September 2023 über eine sichere Stromversorgung mit erneuerbaren Energien (Änderung des Energiegesetzes und des Stromversorgungsgesetzes);;campaign_financing;Budgetzahlen;natürliche Person;Zuwender/in: Schwander Achim, Akteur/in: Sozialdemokratische Partei der Schweiz, Bern
de;1042;allowances;alphabetical;Kampagnenfinanzierung;5;09.06.2024 Maximal 10 % des Einkommens für die Krankenkassenprämien (Prämien-Entlastungs-Initiative);;campaign_financing;Budgetzahlen;juristische Person oder Personengesellschaft;Zuwender/in: economiesuisse, Akteur/in: Allianz 2x Nein zu den Gesundheitsinitiativen, Bern
de;1045;allowances;alphabetical;Kampagnenfinanzierung;5;09.06.2024 Maximal 10 % des Einkommens für die Krankenkassenprämien (Prämien-Entlastungs-Initiative);;campaign_financing;Budgetzahlen;juristische Person oder Personengesellschaft;Zuwender/in: Zürcher Handelskammer, Akteur/in: Allianz 2x Nein zu den Gesundheitsinitiativen, Bern
de;1046;allowances;alphabetical;Kampagnenfinanzierung;5;09.06.2024 Maximal 10 % des Einkommens für die Krankenkassenprämien (Prämien-Entlastungs-Initiative);;campaign_financing;Budgetzahlen;juristische Person oder Personengesellschaft;Zuwender/in: KMU- und Gewerbeverband Kanton Zürich, Akteur/in: Allianz 2x Nein zu den Gesundheitsinitiativen, Bern
de;105;allowances;alphabetical;Kampagnenfinanzierung;1;22.10.2023 Nationalratswahlen 2023;2023;campaign_financing;Budgetzahlen;juristische Person oder Personengesellschaft;Zuwender/in: Grünliberale Partei Schweiz, Akteur/in: Grünliberale Kanton Thurgau, Frauenfeld
de;1050;allowances;alphabetical;Kampagnenfinanzierung;5;09.06.2024 Maximal 10 % des Einkommens für die Krankenkassenprämien (Prämien-Entlastungs-Initiative);;campaign_financing;Budgetzahlen;juristische Person oder Personengesellschaft;Zuwender/in: Zürcher Handelskammer, Akteur/in: Allianz 2x Nein zu den Gesundheitsinitiativen, Bern
de;107;allowances;alphabetical;Kampagnenfinanzierung;1;22.10.2023 Nationalratswahlen 2023;2023;campaign_financing;Budgetzahlen;juristische Person oder Personengesellschaft;Zuwender/in: Supporterclub der FDP.Die Liberalen Kanton Bern, Akteur/in: FDP.Die Liberalen Kanton Bern, Bern
de;1074;allowances;alphabetical;Kampagnenfinanzierung;8;09.06.2024 Bundesgesetz vom 29. September 2023 über eine sichere Stromversorgung mit erneuerbaren Energien (Änderung des Energiegesetzes und des Stromversorgungsgesetzes);;campaign_financing;Budgetzahlen;juristische Person oder Personengesellschaft;Zuwender/in: WWF Schweiz, Akteur/in: Schweizerische Energie-Stiftung, Zürich
de;1075;allowances;alphabetical;Kampagnenfinanzierung;8;09.06.2024 Bundesgesetz vom 29. September 2023 über eine sichere Stromversorgung mit erneuerbaren Energien (Änderung des Energiegesetzes und des Stromversorgungsgesetzes);;campaign_financing;Budgetzahlen;juristische Person oder Personengesellschaft;Zuwender/in: Volkart Stiftung, Akteur/in: Schweizerische Energie-Stiftung, Zürich
de;1076;allowances;alphabetical;Kampagnenfinanzierung;8;09.06.2024 Bundesgesetz vom 29. September 2023 über eine sichere Stromversorgung mit erneuerbaren Energien (Änderung des Energiegesetzes und des Stromversorgungsgesetzes);;campaign_financing;Budgetzahlen;juristische Person oder Personengesellschaft;Zuwender/in: Clima Now, Akteur/in: Schweizerische Energie-Stiftung, Zürich
de;1077;allowances;alphabetical;Kampagnenfinanzierung;8;09.06.2024 Bundesgesetz vom 29. September 2023 über eine sichere Stromversorgung mit erneuerbaren Energien (Änderung des Energiegesetzes und des Stromversorgungsgesetzes);;campaign_financing;Budgetzahlen;juristische Person oder Personengesellschaft;Zuwender/in: Oak Foundation, Akteur/in: Schweizerische Energie-Stiftung, Zürich
de;1078;allowances;alphabetical;Kampagnenfinanzierung;8;09.06.2024 Bundesgesetz vom 29. September 2023 über eine sichere Stromversorgung mit erneuerbaren Energien (Änderung des Energiegesetzes und des Stromversorgungsgesetzes);;campaign_financing;Budgetzahlen;juristische Person oder Personengesellschaft;Zuwender/in: Greenpeace, Akteur/in: Schweizerische Energie-Stiftung, Zürich
de;1079;allowances;alphabetical;Kampagnenfinanzierung;8;09.06.2024 Bundesgesetz vom 29. September 2023 über eine sichere Stromversorgung mit erneuerbaren Energien (Änderung des Energiegesetzes und des Stromversorgungsgesetzes);;campaign_financing;Budgetzahlen;juristische Person oder Personengesellschaft;Zuwender/in: Solarspar, Akteur/in: Schweizerische Energie-Stiftung, Zürich
de;108;allowances;alphabetical;Kampagnenfinanzierung;1;22.10.2023 Nationalratswahlen 2023;2023;campaign_financing;Budgetzahlen;juristische Person oder Personengesellschaft;Zuwender/in: FDP Schweiz, Akteur/in: FDP.Die Liberalen Kanton Bern, Bern
de;1080;allowances;alphabetical;Kampagnenfinanzierung;8;09.06.2024 Bundesgesetz vom 29. September 2023 über eine sichere Stromversorgung mit erneuerbaren Energien (Änderung des Energiegesetzes und des Stromversorgungsgesetzes);;campaign_financing;Budgetzahlen;juristische Person oder Personengesellschaft;Zuwender/in: Schweizerische Energiestiftung, Akteur/in: Schweizerische Energie-Stiftung, Zürich
de;11;allowances;alphabetical;Kampagnenfinanzierung;1;22.10.2023 Nationalratswahlen 2023;2023;campaign_financing;Budgetzahlen;juristische Person oder Personengesellschaft;Zuwender/in: Bären Club: Der Gönnerverein der SVP Kanton Bern, Akteur/in: Überparteiliches Wahlkomitee Werner Salzmann in den Ständerat, Mülchi
de;110;allowances;alphabetical;Kampagnenfinanzierung;1;22.10.2023 Nationalratswahlen 2023;2023;campaign_financing;Budgetzahlen;juristische Person oder Personengesellschaft;Zuwender/in: Schweizerischer Gewerbeverband sgv, Akteur/in: Schneeberger Daniela, Thürnen
de;111;allowances;alphabetical;Kampagnenfinanzierung;1;22.10.2023 Nationalratswahlen 2023;2023;campaign_financing;Budgetzahlen;juristische Person oder Personengesellschaft;Zuwender/in: Schweizerischer Gewerbeverband, Akteur/in: Brunner Hansjörg, Wallenwil
de;112;allowances;alphabetical;Kampagnenfinanzierung;1;22.10.2023 Nationalratswahlen 2023;2023;campaign_financing;Budgetzahlen;juristische Person oder Personengesellschaft;Zuwender/in: Hauseigentümerverband Kanton Zürich, Akteur/in: Rueff-Frenkel Sonja, Zürich
de;1128;allowances;alphabetical;Kampagnenfinanzierung;3;03.03.2024 Für ein besseres Leben im Alter (Initiative für eine 13. AHV-Rente);;campaign_financing;Definitive Zahlen;juristische Person oder Personengesellschaft;"Zuwender/in: Zürcher Handelskammer, Akteur/in: Allianz ""Nein zur 13. AHV-Rente"", Zürich"
de;1129;allowances;alphabetical;Kampagnenfinanzierung;3;03.03.2024 Für ein besseres Leben im Alter (Initiative für eine 13. AHV-Rente);;campaign_financing;Definitive Zahlen;juristische Person oder Personengesellschaft;"Zuwender/in: Zürcher Handelskammer, Akteur/in: Allianz ""Nein zur 13. AHV-Rente"", Zürich"
de;113;allowances;alphabetical;Kampagnenfinanzierung;1;22.10.2023 Nationalratswahlen 2023;2023;campaign_financing;Budgetzahlen;juristische Person oder Personengesellschaft;Zuwender/in: Schweizerischer Arbeitgeberverband, Akteur/in: Grünliberale Partei Schweiz, Bern
de;1130;allowances;alphabetical;Kampagnenfinanzierung;3;03.03.2024 Für ein besseres Leben im Alter (Initiative für eine 13. AHV-Rente);;campaign_financing;Definitive Zahlen;juristische Person oder Personengesellschaft;"Zuwender/in: economiesuisse, Akteur/in: Allianz ""Nein zur 13. AHV-Rente"", Zürich"
de;1131;allowances;alphabetical;Kampagnenfinanzierung;3;03.03.2024 Für ein besseres Leben im Alter (Initiative für eine 13. AHV-Rente);;campaign_financing;Definitive Zahlen;juristische Person oder Personengesellschaft;"Zuwender/in: Schweizerischer Gewerbeverband, Akteur/in: Allianz ""Nein zur 13. AHV-Rente"", Zürich"
de;1132;allowances;alphabetical;Kampagnenfinanzierung;3;03.03.2024 Für ein besseres Leben im Alter (Initiative für eine 13. AHV-Rente);;campaign_financing;Definitive Zahlen;juristische Person oder Personengesellschaft;"Zuwender/in: economiesuisse, Akteur/in: Allianz ""Nein zur 13. AHV-Rente"", Zürich"
de;1133;allowances;alphabetical;Kampagnenfinanzierung;3;03.03.2024 Für ein besseres Leben im Alter (Initiative für eine 13. AHV-Rente);;campaign_financing;Definitive Zahlen;juristische Person oder Personengesellschaft;"Zuwender/in: Schweizerischer Arbeitgeberverband, Akteur/in: Allianz ""Nein zur 13. AHV-Rente"", Zürich"
de;1134;allowances;alphabetical;Kampagnenfinanzierung;3;03.03.2024 Für ein besseres Leben im Alter (Initiative für eine 13. AHV-Rente);;campaign_financing;Definitive Zahlen;juristische Person oder Personengesellschaft;"Zuwender/in: Schweizerischer Gewerbeverband, Akteur/in: Allianz ""Nein zur 13. AHV-Rente"", Zürich"
de;1135;allowances;alphabetical;Kampagnenfinanzierung;3;03.03.2024 Für ein besseres Leben im Alter (Initiative für eine 13. AHV-Rente);;campaign_financing;Definitive Zahlen;juristische Person oder Personengesellschaft;"Zuwender/in: economiesuisse, Akteur/in: Allianz ""Nein zur 13. AHV-Rente"", Zürich"
de;1136;allowances;alphabetical;Kampagnenfinanzierung;3;03.03.2024 Für ein besseres Leben im Alter (Initiative für eine 13. AHV-Rente);;campaign_financing;Definitive Zahlen;juristische Person oder Personengesellschaft;"Zuwender/in: Schweizerischer Arbeitgeberverband, Akteur/in: Allianz ""Nein zur 13. AHV-Rente"", Zürich"
de;1137;allowances;alphabetical;Kampagnenfinanzierung;3;03.03.2024 Für ein besseres Leben im Alter (Initiative für eine 13. AHV-Rente);;campaign_financing;Definitive Zahlen;juristische Person oder Personengesellschaft;"Zuwender/in: Fédération des entreprises romandes Genève, Akteur/in: Allianz ""Nein zur 13. AHV-Rente"", Zürich"
de;1138;allowances;alphabetical;Kampagnenfinanzierung;3;03.03.2024 Für ein besseres Leben im Alter (Initiative für eine 13. AHV-Rente);;campaign_financing;Definitive Zahlen;juristische Person oder Personengesellschaft;"Zuwender/in: Fédération des entreprises romandes Genève, Akteur/in: Allianz ""Nein zur 13. AHV-Rente"", Zürich"
de;1139;allowances;alphabetical;Kampagnenfinanzierung;3;03.03.2024 Für ein besseres Leben im Alter (Initiative für eine 13. AHV-Rente);;campaign_financing;Definitive Zahlen;juristische Person oder Personengesellschaft;"Zuwender/in: Schweizerischer Gewerbeverband, Akteur/in: Allianz ""Nein zur 13. AHV-Rente"", Zürich"
de;114;allowances;alphabetical;Kampagnenfinanzierung;1;22.10.2023 Nationalratswahlen 2023;2023;campaign_financing;Budgetzahlen;juristische Person oder Personengesellschaft;Zuwender/in: Nokté Média Sàrl, Akteur/in: Association Nasrat Latif au Conseil national, Lausanne
de;1140;allowances;alphabetical;Kampagnenfinanzierung;3;03.03.2024 Für ein besseres Leben im Alter (Initiative für eine 13. AHV-Rente);;campaign_financing;Definitive Zahlen;juristische Person oder Personengesellschaft;"Zuwender/in: economiesuisse, Akteur/in: Allianz ""Nein zur 13. AHV-Rente"", Zürich"
de;1141;allowances;alphabetical;Kampagnenfinanzierung;3;03.03.2024 Für ein besseres Leben im Alter (Initiative für eine 13. AHV-Rente);;campaign_financing;Definitive Zahlen;juristische Person oder Personengesellschaft;"Zuwender/in: Swissmem, Akteur/in: Allianz ""Nein zur 13. AHV-Rente"", Zürich"
de;1142;allowances;alphabetical;Kampagnenfinanzierung;3;03.03.2024 Für ein besseres Leben im Alter (Initiative für eine 13. AHV-Rente);;campaign_financing;Definitive Zahlen;juristische Person oder Personengesellschaft;"Zuwender/in: Swissmem, Akteur/in: Allianz ""Nein zur 13. AHV-Rente"", Zürich"
de;1143;allowances;alphabetical;Kampagnenfinanzierung;3;03.03.2024 Für ein besseres Leben im Alter (Initiative für eine 13. AHV-Rente);;campaign_financing;Definitive Zahlen;juristische Person oder Personengesellschaft;"Zuwender/in: Swissmem, Akteur/in: Allianz ""Nein zur 13. AHV-Rente"", Zürich"
de;1146;allowances;alphabetical;Kampagnenfinanzierung;4;03.03.2024 Für eine sichere und nachhaltige Altersvorsorge (Renteninitiative);;campaign_financing;Definitive Zahlen;juristische Person oder Personengesellschaft;Zuwender/in: economiesuisse, Akteur/in: Komitee Renteninitiative Ja, Zürich
de;1147;allowances;alphabetical;Kampagnenfinanzierung;4;03.03.2024 Für eine sichere und nachhaltige Altersvorsorge (Renteninitiative);;campaign_financing;Definitive Zahlen;juristische Person oder Personengesellschaft;Zuwender/in: Swiss Re Management Ltd., Akteur/in: Komitee Renteninitiative Ja, Zürich
de;1148;allowances;alphabetical;Kampagnenfinanzierung;4;03.03.2024 Für eine sichere und nachhaltige Altersvorsorge (Renteninitiative);;campaign_financing;Definitive Zahlen;natürliche Person;Zuwender/in: Ehinger Oliver, Akteur/in: Komitee Renteninitiative Ja, Zürich
de;1149;allowances;alphabetical;Kampagnenfinanzierung;4;03.03.2024 Für eine sichere und nachhaltige Altersvorsorge (Renteninitiative);;campaign_financing;Definitive Zahlen;juristische Person oder Personengesellschaft;Zuwender/in: Bonny Stiftung für Freiheit, Akteur/in: Komitee Renteninitiative Ja, Zürich
de;1150;allowances;alphabetical;Kampagnenfinanzierung;4;03.03.2024 Für eine sichere und nachhaltige Altersvorsorge (Renteninitiative);;campaign_financing;Definitive Zahlen;juristische Person oder Personengesellschaft;Zuwender/in: Freunde der FDP, Akteur/in: Komitee Renteninitiative Ja, Zürich
de;1151;allowances;alphabetical;Kampagnenfinanzierung;4;03.03.2024 Für eine sichere und nachhaltige Altersvorsorge (Renteninitiative);;campaign_financing;Definitive Zahlen;juristische Person oder Personengesellschaft;Zuwender/in: Stiftung Gambit, Akteur/in: Komitee Renteninitiative Ja, Zürich
de;1152;allowances;alphabetical;Kampagnenfinanzierung;4;03.03.2024 Für eine sichere und nachhaltige Altersvorsorge (Renteninitiative);;campaign_financing;Definitive Zahlen;juristische Person oder Personengesellschaft;Zuwender/in: Zürcher Handelskammer, Akteur/in: Komitee Renteninitiative Ja, Zürich
de;1153;allowances;alphabetical;Kampagnenfinanzierung;4;03.03.2024 Für eine sichere und nachhaltige Altersvorsorge (Renteninitiative);;campaign_financing;Definitive Zahlen;juristische Person oder Personengesellschaft;Zuwender/in: UBS AG, Akteur/in: Komitee Renteninitiative Ja, Zürich
de;1154;allowances;alphabetical;Kampagnenfinanzierung;4;03.03.2024 Für eine sichere und nachhaltige Altersvorsorge (Renteninitiative);;campaign_financing;Definitive Zahlen;juristische Person oder Personengesellschaft;Zuwender/in: Swiss Re Management Ltd., Akteur/in: Komitee Renteninitiative Ja, Zürich
de;1155;allowances;alphabetical;Kampagnenfinanzierung;4;03.03.2024 Für eine sichere und nachhaltige Altersvorsorge (Renteninitiative);;campaign_financing;Definitive Zahlen;juristische Person oder Personengesellschaft;Zuwender/in: Arbeitgeberverband der Banken in der Schweiz, Akteur/in: Komitee Renteninitiative Ja, Zürich
de;117;allowances;alphabetical;Kampagnenfinanzierung;1;22.10.2023 Nationalratswahlen 2023;2023;campaign_financing;Budgetzahlen;juristische Person oder Personengesellschaft;Zuwender/in: Touring Club Schweiz, Akteur/in: Richner Simone, Bern
de;118;allowances;alphabetical;Kampagnenfinanzierung;1;22.10.2023 Nationalratswahlen 2023;2023;campaign_financing;Budgetzahlen;juristische Person oder Personengesellschaft;Zuwender/in: TCS Sektion Wallis, Akteur/in: Bregy Philipp Matthias, Naters
de;119;allowances;alphabetical;Kampagnenfinanzierung;1;22.10.2023 Nationalratswahlen 2023;2023;campaign_financing;Budgetzahlen;juristische Person oder Personengesellschaft;Zuwender/in: TCS Schweiz, Akteur/in: Bregy Philipp Matthias, Naters
de;1195;allowances;alphabetical;Kampagnenfinanzierung;3;03.03.2024 Für ein besseres Leben im Alter (Initiative für eine 13. AHV-Rente);;campaign_financing;Definitive Zahlen;juristische Person oder Personengesellschaft;Zuwender/in: Gewerkschaft des Verkehrspersonals SEV, Akteur/in: Schweizerischer Gewerkschaftsbund (SGB), Bern
de;1196;allowances;alphabetical;Kampagnenfinanzierung;3;03.03.2024 Für ein besseres Leben im Alter (Initiative für eine 13. AHV-Rente);;campaign_financing;Definitive Zahlen;juristische Person oder Personengesellschaft;Zuwender/in: Gewerkschaft syndicom, Akteur/in: Schweizerischer Gewerkschaftsbund (SGB), Bern
de;1197;allowances;alphabetical;Kampagnenfinanzierung;3;03.03.2024 Für ein besseres Leben im Alter (Initiative für eine 13. AHV-Rente);;campaign_financing;Definitive Zahlen;juristische Person oder Personengesellschaft;Zuwender/in: Gewerkschaft Unia, Akteur/in: Schweizerischer Gewerkschaftsbund (SGB), Bern
de;1198;allowances;alphabetical;Kampagnenfinanzierung;3;03.03.2024 Für ein besseres Leben im Alter (Initiative für eine 13. AHV-Rente);;campaign_financing;Definitive Zahlen;juristische Person oder Personengesellschaft;Zuwender/in: Verband öffentliches Personal VPOD, Akteur/in: Schweizerischer Gewerkschaftsbund (SGB), Bern
de;1199;allowances;alphabetical;Kampagnenfinanzierung;3;03.03.2024 Für ein besseres Leben im Alter (Initiative für eine 13. AHV-Rente);;campaign_financing;Definitive Zahlen;juristische Person oder Personengesellschaft;Zuwender/in: Syndicat interprofessionnel de travailleuses et travailleurs SIT, Akteur/in: Schweizerischer Gewerkschaftsbund (SGB), Bern
de;12;allowances;alphabetical;Kampagnenfinanzierung;1;22.10.2023 Nationalratswahlen 2023;2023;campaign_financing;Budgetzahlen;juristische Person oder Personengesellschaft;Zuwender/in: Grünliberale Partei Schweiz, Akteur/in: Grünliberale Partei des Kantons Solothurn, Solothurn
de;1200;allowances;alphabetical;Kampagnenfinanzierung;3;03.03.2024 Für ein besseres Leben im Alter (Initiative für eine 13. AHV-Rente);;campaign_financing;Definitive Zahlen;juristische Person oder Personengesellschaft;Zuwender/in: PVB, Akteur/in: Schweizerischer Gewerkschaftsbund (SGB), Bern
de;1201;allowances;alphabetical;Kampagnenfinanzierung;3;03.03.2024 Für ein besseres Leben im Alter (Initiative für eine 13. AHV-Rente);;campaign_financing;Definitive Zahlen;juristische Person oder Personengesellschaft;Zuwender/in: SBPV, Akteur/in: Schweizerischer Gewerkschaftsbund (SGB), Bern
de;1202;allowances;alphabetical;Kampagnenfinanzierung;3;03.03.2024 Für ein besseres Leben im Alter (Initiative für eine 13. AHV-Rente);;campaign_financing;Definitive Zahlen;juristische Person oder Personengesellschaft;Zuwender/in: garanto, Akteur/in: Schweizerischer Gewerkschaftsbund (SGB), Bern
de;1203;allowances;alphabetical;Kampagnenfinanzierung;3;03.03.2024 Für ein besseres Leben im Alter (Initiative für eine 13. AHV-Rente);;campaign_financing;Definitive Zahlen;juristische Person oder Personengesellschaft;Zuwender/in: SSM, Akteur/in: Schweizerischer Gewerkschaftsbund (SGB), Bern
de;1204;allowances;alphabetical;Kampagnenfinanzierung;3;03.03.2024 Für ein besseres Leben im Alter (Initiative für eine 13. AHV-Rente);;campaign_financing;Definitive Zahlen;juristische Person oder Personengesellschaft;Zuwender/in: AvenirSocial, Akteur/in: Schweizerischer Gewerkschaftsbund (SGB), Bern
de;1205;allowances;alphabetical;Kampagnenfinanzierung;3;03.03.2024 Für ein besseres Leben im Alter (Initiative für eine 13. AHV-Rente);;campaign_financing;Definitive Zahlen;juristische Person oder Personengesellschaft;Zuwender/in: Kapers, Akteur/in: Schweizerischer Gewerkschaftsbund (SGB), Bern
de;1206;allowances;alphabetical;Kampagnenfinanzierung;3;03.03.2024 Für ein besseres Leben im Alter (Initiative für eine 13. AHV-Rente);;campaign_financing;Definitive Zahlen;juristische Person oder Personengesellschaft;Zuwender/in: SMV, Akteur/in: Schweizerischer Gewerkschaftsbund (SGB), Bern
de;1207;allowances;alphabetical;Kampagnenfinanzierung;3;03.03.2024 Für ein besseres Leben im Alter (Initiative für eine 13. AHV-Rente);;campaign_financing;Definitive Zahlen;juristische Person oder Personengesellschaft;Zuwender/in: SzeneSchweiz, Akteur/in: Schweizerischer Gewerkschaftsbund (SGB), Bern
de;1208;allowances;alphabetical;Kampagnenfinanzierung;3;03.03.2024 Für ein besseres Leben im Alter (Initiative für eine 13. AHV-Rente);;campaign_financing;Definitive Zahlen;juristische Person oder Personengesellschaft;Zuwender/in: Helvetica, Akteur/in: Schweizerischer Gewerkschaftsbund (SGB), Bern
de;1209;allowances;alphabetical;Kampagnenfinanzierung;3;03.03.2024 Für ein besseres Leben im Alter (Initiative für eine 13. AHV-Rente);;campaign_financing;Definitive Zahlen;juristische Person oder Personengesellschaft;Zuwender/in: Nautilus, Akteur/in: Schweizerischer Gewerkschaftsbund (SGB), Bern
de;1210;allowances;alphabetical;Kampagnenfinanzierung;3;03.03.2024 Für ein besseres Leben im Alter (Initiative für eine 13. AHV-Rente);;campaign_financing;Definitive Zahlen;juristische Person oder Personengesellschaft;Zuwender/in: ESPA, Akteur/in: Schweizerischer Gewerkschaftsbund (SGB), Bern
de;1211;allowances;alphabetical;Kampagnenfinanzierung;3;03.03.2024 Für ein besseres Leben im Alter (Initiative für eine 13. AHV-Rente);;campaign_financing;Definitive Zahlen;juristische Person oder Personengesellschaft;Zuwender/in: Association des Amis de Jost Steiger, Akteur/in: Schweizerischer Gewerkschaftsbund (SGB), Bern
de;1212;allowances;alphabetical;Kampagnenfinanzierung;3;03.03.2024 Für ein besseres Leben im Alter (Initiative für eine 13. AHV-Rente);;campaign_financing;Definitive Zahlen;juristische Person oder Personengesellschaft;Zuwender/in: SGB, Akteur/in: Schweizerischer Gewerkschaftsbund (SGB), Bern
de;122;allowances;alphabetical;Kampagnenfinanzierung;1;22.10.2023 Nationalratswahlen 2023;2023;campaign_financing;Budgetzahlen;juristische Person oder Personengesellschaft;Zuwender/in: Walliser Gewerbeverband, Akteur/in: Bregy Philipp Matthias, Naters
de;1234;allowances;alphabetical;Kampagnenfinanzierung;6;09.06.2024 Für tiefere Prämien – Kostenbremse im Gesundheitswesen (Kostenbremse-Initiative);;campaign_financing;Budgetzahlen;juristische Person oder Personengesellschaft;Zuwender/in: economiesuisse, Akteur/in: Allianz 2x Nein zu den Gesundheitsinitiativen, Bern
de;1235;allowances;alphabetical;Kampagnenfinanzierung;6;09.06.2024 Für tiefere Prämien – Kostenbremse im Gesundheitswesen (Kostenbremse-Initiative);;campaign_financing;Budgetzahlen;juristische Person oder Personengesellschaft;Zuwender/in: Zürcher Handelskammer, Akteur/in: Allianz 2x Nein zu den Gesundheitsinitiativen, Bern
de;1236;allowances;alphabetical;Kampagnenfinanzierung;6;09.06.2024 Für tiefere Prämien – Kostenbremse im Gesundheitswesen (Kostenbremse-Initiative);;campaign_financing;Budgetzahlen;juristische Person oder Personengesellschaft;Zuwender/in: Zürcher Handelskammer, Akteur/in: Allianz 2x Nein zu den Gesundheitsinitiativen, Bern
de;1237;allowances;alphabetical;Kampagnenfinanzierung;6;09.06.2024 Für tiefere Prämien – Kostenbremse im Gesundheitswesen (Kostenbremse-Initiative);;campaign_financing;Budgetzahlen;juristische Person oder Personengesellschaft;Zuwender/in: KMU- und Gewerbeverband Kanton Zürich, Akteur/in: Allianz 2x Nein zu den Gesundheitsinitiativen, Bern
de;1238;allowances;alphabetical;Kampagnenfinanzierung;6;09.06.2024 Für tiefere Prämien – Kostenbremse im Gesundheitswesen (Kostenbremse-Initiative);;campaign_financing;Budgetzahlen;juristische Person oder Personengesellschaft;Zuwender/in: F. Hoffmann-La Roche AG, Akteur/in: Allianz 2x Nein zu den Gesundheitsinitiativen, Bern
de;124;allowances;alphabetical;Kampagnenfinanzierung;1;22.10.2023 Nationalratswahlen 2023;2023;campaign_financing;Budgetzahlen;juristische Person oder Personengesellschaft;Zuwender/in: Schweizerischer Gewerbeverband, Akteur/in: Bregy Philipp Matthias, Naters
de;1242;allowances;alphabetical;Kampagnenfinanzierung;8;09.06.2024 Bundesgesetz vom 29. September 2023 über eine sichere Stromversorgung mit erneuerbaren Energien (Änderung des Energiegesetzes und des Stromversorgungsgesetzes);;campaign_financing;Budgetzahlen;juristische Person oder Personengesellschaft;Zuwender/in: Freie Landschaft, Akteur/in: Bündnis für Natur und Landschaft Schweiz, Bern
de;1243;allowances;alphabetical;Kampagnenfinanzierung;8;09.06.2024 Bundesgesetz vom 29. September 2023 über eine sichere Stromversorgung mit erneuerbaren Energien (Änderung des Energiegesetzes und des Stromversorgungsgesetzes);;campaign_financing;Budgetzahlen;natürliche Person;Zuwender/in: Famille Hug Piero, Akteur/in: Bündnis für Natur und Landschaft Schweiz, Bern
de;1244;allowances;alphabetical;Kampagnenfinanzierung;8;09.06.2024 Bundesgesetz vom 29. September 2023 über eine sichere Stromversorgung mit erneuerbaren Energien (Änderung des Energiegesetzes und des Stromversorgungsgesetzes);;campaign_financing;Budgetzahlen;juristische Person oder Personengesellschaft;Zuwender/in: Alpiq SA, Akteur/in: Allianz für eine sichere Stromversorgung, Bern
de;1245;allowances;alphabetical;Kampagnenfinanzierung;8;09.06.2024 Bundesgesetz vom 29. September 2023 über eine sichere Stromversorgung mit erneuerbaren Energien (Änderung des Energiegesetzes und des Stromversorgungsgesetzes);;campaign_financing;Budgetzahlen;juristische Person oder Personengesellschaft;Zuwender/in: Groupe E SA, Akteur/in: Allianz für eine sichere Stromversorgung, Bern
de;1246;allowances;alphabetical;Kampagnenfinanzierung;8;09.06.2024 Bundesgesetz vom 29. September 2023 über eine sichere Stromversorgung mit erneuerbaren Energien (Änderung des Energiegesetzes und des Stromversorgungsgesetzes);;campaign_financing;Budgetzahlen;juristische Person oder Personengesellschaft;Zuwender/in: Romande Energie SA, Akteur/in: Allianz für eine sichere Stromversorgung, Bern
de;1247;allowances;alphabetical;Kampagnenfinanzierung;8;09.06.2024 Bundesgesetz vom 29. September 2023 über eine sichere Stromversorgung mit erneuerbaren Energien (Änderung des Energiegesetzes und des Stromversorgungsgesetzes);;campaign_financing;Budgetzahlen;juristische Person oder Personengesellschaft;Zuwender/in: Ville de Lausanne, Akteur/in: Allianz für eine sichere Stromversorgung, Bern
de;1248;allowances;alphabetical;Kampagnenfinanzierung;8;09.06.2024 Bundesgesetz vom 29. September 2023 über eine sichere Stromversorgung mit erneuerbaren Energien (Änderung des Energiegesetzes und des Stromversorgungsgesetzes);;campaign_financing;Budgetzahlen;juristische Person oder Personengesellschaft;Zuwender/in: Electricita svizzera italiana, Akteur/in: Allianz für eine sichere Stromversorgung, Bern
de;1249;allowances;alphabetical;Kampagnenfinanzierung;8;09.06.2024 Bundesgesetz vom 29. September 2023 über eine sichere Stromversorgung mit erneuerbaren Energien (Änderung des Energiegesetzes und des Stromversorgungsgesetzes);;campaign_financing;Budgetzahlen;juristische Person oder Personengesellschaft;Zuwender/in: Verband Schweizerischer Elektrizitätsunternehmen VSE, Akteur/in: Allianz für eine sichere Stromversorgung, Bern
de;1250;allowances;alphabetical;Kampagnenfinanzierung;8;09.06.2024 Bundesgesetz vom 29. September 2023 über eine sichere Stromversorgung mit erneuerbaren Energien (Änderung des Energiegesetzes und des Stromversorgungsgesetzes);;campaign_financing;Budgetzahlen;juristische Person oder Personengesellschaft;Zuwender/in: economiesuisse, Akteur/in: Allianz für eine sichere Stromversorgung, Bern
de;1251;allowances;alphabetical;Kampagnenfinanzierung;8;09.06.2024 Bundesgesetz vom 29. September 2023 über eine sichere Stromversorgung mit erneuerbaren Energien (Änderung des Energiegesetzes und des Stromversorgungsgesetzes);;campaign_financing;Budgetzahlen;juristische Person oder Personengesellschaft;Zuwender/in: Schweizerisch-Lichtensteinischer Gebäudetechnikerverband (suissetec), Akteur/in: Allianz für eine sichere Stromversorgung, Bern
de;1252;allowances;alphabetical;Kampagnenfinanzierung;8;09.06.2024 Bundesgesetz vom 29. September 2023 über eine sichere Stromversorgung mit erneuerbaren Energien (Änderung des Energiegesetzes und des Stromversorgungsgesetzes);;campaign_financing;Budgetzahlen;juristische Person oder Personengesellschaft;Zuwender/in: EBL (Genossenschaft Elektra Baselland), Akteur/in: Allianz für eine sichere Stromversorgung, Bern
de;1253;allowances;alphabetical;Kampagnenfinanzierung;8;09.06.2024 Bundesgesetz vom 29. September 2023 über eine sichere Stromversorgung mit erneuerbaren Energien (Änderung des Energiegesetzes und des Stromversorgungsgesetzes);;campaign_financing;Budgetzahlen;juristische Person oder Personengesellschaft;Zuwender/in: FMV SA, Akteur/in: Allianz für eine sichere Stromversorgung, Bern
de;1254;allowances;alphabetical;Kampagnenfinanzierung;8;09.06.2024 Bundesgesetz vom 29. September 2023 über eine sichere Stromversorgung mit erneuerbaren Energien (Änderung des Energiegesetzes und des Stromversorgungsgesetzes);;campaign_financing;Budgetzahlen;juristische Person oder Personengesellschaft;Zuwender/in: Axpo Holding AG, Akteur/in: Allianz für eine sichere Stromversorgung, Bern
de;1255;allowances;alphabetical;Kampagnenfinanzierung;8;09.06.2024 Bundesgesetz vom 29. September 2023 über eine sichere Stromversorgung mit erneuerbaren Energien (Änderung des Energiegesetzes und des Stromversorgungsgesetzes);;campaign_financing;Budgetzahlen;juristische Person oder Personengesellschaft;Zuwender/in: auto-schweiz Vereinigung Schweizer Automobil-Importeure, Akteur/in: Allianz für eine sichere Stromversorgung, Bern
de;1256;allowances;alphabetical;Kampagnenfinanzierung;8;09.06.2024 Bundesgesetz vom 29. September 2023 über eine sichere Stromversorgung mit erneuerbaren Energien (Änderung des Energiegesetzes und des Stromversorgungsgesetzes);;campaign_financing;Budgetzahlen;juristische Person oder Personengesellschaft;Zuwender/in: enalpin AG, Akteur/in: Allianz für eine sichere Stromversorgung, Bern
de;1257;allowances;alphabetical;Kampagnenfinanzierung;8;09.06.2024 Bundesgesetz vom 29. September 2023 über eine sichere Stromversorgung mit erneuerbaren Energien (Änderung des Energiegesetzes und des Stromversorgungsgesetzes);;campaign_financing;Budgetzahlen;juristische Person oder Personengesellschaft;Zuwender/in: Avenergy Suisse, Akteur/in: Allianz für eine sichere Stromversorgung, Bern
de;1258;allowances;alphabetical;Kampagnenfinanzierung;8;09.06.2024 Bundesgesetz vom 29. September 2023 über eine sichere Stromversorgung mit erneuerbaren Energien (Änderung des Energiegesetzes und des Stromversorgungsgesetzes);;campaign_financing;Budgetzahlen;juristische Person oder Personengesellschaft;Zuwender/in: Suisse Eole, Akteur/in: Allianz für eine sichere Stromversorgung, Bern
de;1259;allowances;alphabetical;Kampagnenfinanzierung;8;09.06.2024 Bundesgesetz vom 29. September 2023 über eine sichere Stromversorgung mit erneuerbaren Energien (Änderung des Energiegesetzes und des Stromversorgungsgesetzes);;campaign_financing;Budgetzahlen;juristische Person oder Personengesellschaft;Zuwender/in: Swisspower AG, Akteur/in: Allianz für eine sichere Stromversorgung, Bern
de;1260;allowances;alphabetical;Kampagnenfinanzierung;8;09.06.2024 Bundesgesetz vom 29. September 2023 über eine sichere Stromversorgung mit erneuerbaren Energien (Änderung des Energiegesetzes und des Stromversorgungsgesetzes);;campaign_financing;Budgetzahlen;juristische Person oder Personengesellschaft;Zuwender/in: Service Industriels de Genève, Akteur/in: Allianz für eine sichere Stromversorgung, Bern
de;1261;allowances;alphabetical;Kampagnenfinanzierung;8;09.06.2024 Bundesgesetz vom 29. September 2023 über eine sichere Stromversorgung mit erneuerbaren Energien (Änderung des Energiegesetzes und des Stromversorgungsgesetzes);;campaign_financing;Budgetzahlen;juristische Person oder Personengesellschaft;Zuwender/in: BKW Management AG, Akteur/in: Allianz für eine sichere Stromversorgung, Bern
de;1262;allowances;alphabetical;Kampagnenfinanzierung;8;09.06.2024 Bundesgesetz vom 29. September 2023 über eine sichere Stromversorgung mit erneuerbaren Energien (Änderung des Energiegesetzes und des Stromversorgungsgesetzes);;campaign_financing;Budgetzahlen;juristische Person oder Personengesellschaft;Zuwender/in: EKZ Elektrizitätswerke des Kantons Zürich, Akteur/in: Allianz für eine sichere Stromversorgung, Bern
de;1263;allowances;alphabetical;Kampagnenfinanzierung;8;09.06.2024 Bundesgesetz vom 29. September 2023 über eine sichere Stromversorgung mit erneuerbaren Energien (Änderung des Energiegesetzes und des Stromversorgungsgesetzes);;campaign_financing;Budgetzahlen;juristische Person oder Personengesellschaft;Zuwender/in: Primeo Energie AG, Akteur/in: Allianz für eine sichere Stromversorgung, Bern
de;1264;allowances;alphabetical;Kampagnenfinanzierung;8;09.06.2024 Bundesgesetz vom 29. September 2023 über eine sichere Stromversorgung mit erneuerbaren Energien (Änderung des Energiegesetzes und des Stromversorgungsgesetzes);;campaign_financing;Budgetzahlen;juristische Person oder Personengesellschaft;Zuwender/in: St. Gallisch-Appenzellische Kraftwerke AG, Akteur/in: Allianz für eine sichere Stromversorgung, Bern
de;1265;allowances;alphabetical;Kampagnenfinanzierung;8;09.06.2024 Bundesgesetz vom 29. September 2023 über eine sichere Stromversorgung mit erneuerbaren Energien (Änderung des Energiegesetzes und des Stromversorgungsgesetzes);;campaign_financing;Budgetzahlen;juristische Person oder Personengesellschaft;Zuwender/in: aeesuisse, Akteur/in: Allianz für eine sichere Stromversorgung, Bern
de;1266;allowances;alphabetical;Kampagnenfinanzierung;8;09.06.2024 Bundesgesetz vom 29. September 2023 über eine sichere Stromversorgung mit erneuerbaren Energien (Änderung des Energiegesetzes und des Stromversorgungsgesetzes);;campaign_financing;Budgetzahlen;juristische Person oder Personengesellschaft;Zuwender/in: Repower, Akteur/in: Allianz für eine sichere Stromversorgung, Bern
de;1267;allowances;alphabetical;Kampagnenfinanzierung;8;09.06.2024 Bundesgesetz vom 29. September 2023 über eine sichere Stromversorgung mit erneuerbaren Energien (Änderung des Energiegesetzes und des Stromversorgungsgesetzes);;campaign_financing;Budgetzahlen;juristische Person oder Personengesellschaft;Zuwender/in: Avenergy Suisse, Akteur/in: Allianz für eine sichere Stromversorgung, Bern
de;1268;allowances;alphabetical;Kampagnenfinanzierung;8;09.06.2024 Bundesgesetz vom 29. September 2023 über eine sichere Stromversorgung mit erneuerbaren Energien (Änderung des Energiegesetzes und des Stromversorgungsgesetzes);;campaign_financing;Budgetzahlen;juristische Person oder Personengesellschaft;Zuwender/in: Axpo Services AG, Akteur/in: Allianz für eine sichere Stromversorgung, Bern
de;1269;allowances;alphabetical;Kampagnenfinanzierung;8;09.06.2024 Bundesgesetz vom 29. September 2023 über eine sichere Stromversorgung mit erneuerbaren Energien (Änderung des Energiegesetzes und des Stromversorgungsgesetzes);;campaign_financing;Budgetzahlen;juristische Person oder Personengesellschaft;Zuwender/in: Verband Schweizerischer Elektrizitätsunternehmen VSE, Akteur/in: Allianz für eine sichere Stromversorgung, Bern
de;127;allowances;alphabetical;Kampagnenfinanzierung;1;22.10.2023 Nationalratswahlen 2023;2023;campaign_financing;Budgetzahlen;juristische Person oder Personengesellschaft;Zuwender/in: SP Kanton Bern, Akteur/in: Jungsozialist*innen Kanton Bern, Bern
de;1270;allowances;alphabetical;Kampagnenfinanzierung;8;09.06.2024 Bundesgesetz vom 29. September 2023 über eine sichere Stromversorgung mit erneuerbaren Energien (Änderung des Energiegesetzes und des Stromversorgungsgesetzes);;campaign_financing;Budgetzahlen;juristische Person oder Personengesellschaft;Zuwender/in: Alpiq AG, Akteur/in: Allianz für eine sichere Stromversorgung, Bern
de;1271;allowances;alphabetical;Kampagnenfinanzierung;8;09.06.2024 Bundesgesetz vom 29. September 2023 über eine sichere Stromversorgung mit erneuerbaren Energien (Änderung des Energiegesetzes und des Stromversorgungsgesetzes);;campaign_financing;Budgetzahlen;juristische Person oder Personengesellschaft;Zuwender/in: aeesuisse, Akteur/in: Allianz für eine sichere Stromversorgung, Bern
de;1272;allowances;alphabetical;Kampagnenfinanzierung;8;09.06.2024 Bundesgesetz vom 29. September 2023 über eine sichere Stromversorgung mit erneuerbaren Energien (Änderung des Energiegesetzes und des Stromversorgungsgesetzes);;campaign_financing;Budgetzahlen;juristische Person oder Personengesellschaft;Zuwender/in: BKW Management AG, Akteur/in: Allianz für eine sichere Stromversorgung, Bern
de;1273;allowances;alphabetical;Kampagnenfinanzierung;8;09.06.2024 Bundesgesetz vom 29. September 2023 über eine sichere Stromversorgung mit erneuerbaren Energien (Änderung des Energiegesetzes und des Stromversorgungsgesetzes);;campaign_financing;Budgetzahlen;juristische Person oder Personengesellschaft;Zuwender/in: Romande Energie SA, Akteur/in: Allianz für eine sichere Stromversorgung, Bern
de;1274;allowances;alphabetical;Kampagnenfinanzierung;8;09.06.2024 Bundesgesetz vom 29. September 2023 über eine sichere Stromversorgung mit erneuerbaren Energien (Änderung des Energiegesetzes und des Stromversorgungsgesetzes);;campaign_financing;Budgetzahlen;juristische Person oder Personengesellschaft;Zuwender/in: Schweizerisch-Lichtensteinischer Gebäudetechnikerverband (suissetec), Akteur/in: Allianz für eine sichere Stromversorgung, Bern
de;1275;allowances;alphabetical;Kampagnenfinanzierung;8;09.06.2024 Bundesgesetz vom 29. September 2023 über eine sichere Stromversorgung mit erneuerbaren Energien (Änderung des Energiegesetzes und des Stromversorgungsgesetzes);;campaign_financing;Budgetzahlen;juristische Person oder Personengesellschaft;Zuwender/in: Swissolar – Schweizerischer Fachverband für Sonnenenergie, Akteur/in: Allianz für eine sichere Stromversorgung, Bern
de;1276;allowances;alphabetical;Kampagnenfinanzierung;8;09.06.2024 Bundesgesetz vom 29. September 2023 über eine sichere Stromversorgung mit erneuerbaren Energien (Änderung des Energiegesetzes und des Stromversorgungsgesetzes);;campaign_financing;Budgetzahlen;juristische Person oder Personengesellschaft;Zuwender/in: Grand Dixence SA, Akteur/in: Allianz für eine sichere Stromversorgung, Bern
de;1277;allowances;alphabetical;Kampagnenfinanzierung;8;09.06.2024 Bundesgesetz vom 29. September 2023 über eine sichere Stromversorgung mit erneuerbaren Energien (Änderung des Energiegesetzes und des Stromversorgungsgesetzes);;campaign_financing;Budgetzahlen;juristische Person oder Personengesellschaft;Zuwender/in: aeesuisse, Akteur/in: Allianz für eine sichere Stromversorgung, Bern
de;1278;allowances;alphabetical;Kampagnenfinanzierung;8;09.06.2024 Bundesgesetz vom 29. September 2023 über eine sichere Stromversorgung mit erneuerbaren Energien (Änderung des Energiegesetzes und des Stromversorgungsgesetzes);;campaign_financing;Budgetzahlen;juristische Person oder Personengesellschaft;Zuwender/in: Swisscleantech, Akteur/in: Allianz für eine sichere Stromversorgung, Bern
de;1279;allowances;alphabetical;Kampagnenfinanzierung;8;09.06.2024 Bundesgesetz vom 29. September 2023 über eine sichere Stromversorgung mit erneuerbaren Energien (Änderung des Energiegesetzes und des Stromversorgungsgesetzes);;campaign_financing;Budgetzahlen;juristische Person oder Personengesellschaft;Zuwender/in: Zürcher Handelskammer, Akteur/in: Allianz für eine sichere Stromversorgung, Bern
de;128;allowances;alphabetical;Kampagnenfinanzierung;1;22.10.2023 Nationalratswahlen 2023;2023;campaign_financing;Budgetzahlen;juristische Person oder Personengesellschaft;Zuwender/in: economiesuisse, Akteur/in: IG der Wirtschaftsverbände, Zürich
de;1280;allowances;alphabetical;Kampagnenfinanzierung;8;09.06.2024 Bundesgesetz vom 29. September 2023 über eine sichere Stromversorgung mit erneuerbaren Energien (Änderung des Energiegesetzes und des Stromversorgungsgesetzes);;campaign_financing;Budgetzahlen;juristische Person oder Personengesellschaft;Zuwender/in: Energiedienst Holding AG, Akteur/in: Allianz für eine sichere Stromversorgung, Bern
de;129;allowances;alphabetical;Kampagnenfinanzierung;1;22.10.2023 Nationalratswahlen 2023;2023;campaign_financing;Budgetzahlen;juristische Person oder Personengesellschaft;Zuwender/in: economiesuisse, Akteur/in: IG der Wirtschaftsverbände, Zürich
de;13;allowances;alphabetical;Kampagnenfinanzierung;1;22.10.2023 Nationalratswahlen 2023;2023;campaign_financing;Budgetzahlen;juristische Person oder Personengesellschaft;Zuwender/in: Club Bürgerliche 100, Akteur/in: Schweizerische Volkspartei Aargau, Staufen
de;130;allowances;alphabetical;Kampagnenfinanzierung;1;22.10.2023 Nationalratswahlen 2023;2023;campaign_financing;Budgetzahlen;juristische Person oder Personengesellschaft;Zuwender/in: Schweizerischer Gewerbeverband sgv, Akteur/in: IG der Wirtschaftsverbände, Zürich
de;131;allowances;alphabetical;Kampagnenfinanzierung;1;22.10.2023 Nationalratswahlen 2023;2023;campaign_financing;Budgetzahlen;juristische Person oder Personengesellschaft;Zuwender/in: Schweizerischer Gewerbeverband sgv, Akteur/in: IG der Wirtschaftsverbände, Zürich
de;1312;allowances;alphabetical;Kampagnenfinanzierung;8;09.06.2024 Bundesgesetz vom 29. September 2023 über eine sichere Stromversorgung mit erneuerbaren Energien (Änderung des Energiegesetzes und des Stromversorgungsgesetzes);;campaign_financing;Budgetzahlen;juristische Person oder Personengesellschaft;Zuwender/in: Stiftung für bürgerliche Politik, Akteur/in: Allianz gegen das Stromgesetz, Zürich
de;132;allowances;alphabetical;Kampagnenfinanzierung;1;22.10.2023 Nationalratswahlen 2023;2023;campaign_financing;Budgetzahlen;juristische Person oder Personengesellschaft;Zuwender/in: Schweizerischer Arbeitgeberverband, Akteur/in: IG der Wirtschaftsverbände, Zürich
de;1327;allowances;alphabetical;Kampagnenfinanzierung;6;09.06.2024 Für tiefere Prämien – Kostenbremse im Gesundheitswesen (Kostenbremse-Initiative);;campaign_financing;Budgetzahlen;juristische Person oder Personengesellschaft;Zuwender/in: FMH Verbindung der Schweizer Ärztinnen und Ärzte, Akteur/in: Gesundheitswesen mit Zukunft, Bern
de;1328;allowances;alphabetical;Kampagnenfinanzierung;6;09.06.2024 Für tiefere Prämien – Kostenbremse im Gesundheitswesen (Kostenbremse-Initiative);;campaign_financing;Budgetzahlen;juristische Person oder Personengesellschaft;Zuwender/in: Ärztenetz Nordwest AG, Akteur/in: Gesundheitswesen mit Zukunft, Bern
de;1329;allowances;alphabetical;Kampagnenfinanzierung;6;09.06.2024 Für tiefere Prämien – Kostenbremse im Gesundheitswesen (Kostenbremse-Initiative);;campaign_financing;Budgetzahlen;juristische Person oder Personengesellschaft;Zuwender/in: medswissnet, Akteur/in: Gesundheitswesen mit Zukunft, Bern
de;133;allowances;alphabetical;Kampagnenfinanzierung;1;22.10.2023 Nationalratswahlen 2023;2023;campaign_financing;Budgetzahlen;juristische Person oder Personengesellschaft;Zuwender/in: Schweizerischer Arbeitgeberverband, Akteur/in: IG der Wirtschaftsverbände, Zürich
de;1330;allowances;alphabetical;Kampagnenfinanzierung;6;09.06.2024 Für tiefere Prämien – Kostenbremse im Gesundheitswesen (Kostenbremse-Initiative);;campaign_financing;Budgetzahlen;juristische Person oder Personengesellschaft;Zuwender/in: ospita, Akteur/in: Gesundheitswesen mit Zukunft, Bern
de;1331;allowances;alphabetical;Kampagnenfinanzierung;6;09.06.2024 Für tiefere Prämien – Kostenbremse im Gesundheitswesen (Kostenbremse-Initiative);;campaign_financing;Budgetzahlen;juristische Person oder Personengesellschaft;Zuwender/in: AerzteGesellschaft des Kantons Zürich AGZ, Akteur/in: Gesundheitswesen mit Zukunft, Bern
de;1332;allowances;alphabetical;Kampagnenfinanzierung;6;09.06.2024 Für tiefere Prämien – Kostenbremse im Gesundheitswesen (Kostenbremse-Initiative);;campaign_financing;Budgetzahlen;juristische Person oder Personengesellschaft;Zuwender/in: Aargauischer Ärzteverband, Akteur/in: Gesundheitswesen mit Zukunft, Bern
de;1333;allowances;alphabetical;Kampagnenfinanzierung;6;09.06.2024 Für tiefere Prämien – Kostenbremse im Gesundheitswesen (Kostenbremse-Initiative);;campaign_financing;Budgetzahlen;juristische Person oder Personengesellschaft;Zuwender/in: FMH Verbindung der Schweizer Ärztinnen und Ärzte, Akteur/in: Gesundheitswesen mit Zukunft, Bern
de;1334;allowances;alphabetical;Kampagnenfinanzierung;6;09.06.2024 Für tiefere Prämien – Kostenbremse im Gesundheitswesen (Kostenbremse-Initiative);;campaign_financing;Budgetzahlen;juristische Person oder Personengesellschaft;Zuwender/in: AerzteGesellschaft des Kantons Zürich AGZ, Akteur/in: Gesundheitswesen mit Zukunft, Bern
de;1335;allowances;alphabetical;Kampagnenfinanzierung;6;09.06.2024 Für tiefere Prämien – Kostenbremse im Gesundheitswesen (Kostenbremse-Initiative);;campaign_financing;Budgetzahlen;juristische Person oder Personengesellschaft;Zuwender/in: Verband Schweizerischer Assistenz- und Oberärztinnen und -ärzte VSAO, Akteur/in: Gesundheitswesen mit Zukunft, Bern
de;1336;allowances;alphabetical;Kampagnenfinanzierung;6;09.06.2024 Für tiefere Prämien – Kostenbremse im Gesundheitswesen (Kostenbremse-Initiative);;campaign_financing;Budgetzahlen;juristische Person oder Personengesellschaft;Zuwender/in: Ärzte-Gesellschaft des Kantons Zug, Akteur/in: Gesundheitswesen mit Zukunft, Bern
de;1337;allowances;alphabetical;Kampagnenfinanzierung;6;09.06.2024 Für tiefere Prämien – Kostenbremse im Gesundheitswesen (Kostenbremse-Initiative);;campaign_financing;Budgetzahlen;juristische Person oder Personengesellschaft;Zuwender/in: Schweizerischer Apothekenverband (pharmaSuisse), Akteur/in: Gesundheitswesen mit Zukunft, Bern
de;136;allowances;alphabetical;Kampagnenfinanzierung;1;22.10.2023 Nationalratswahlen 2023;2023;campaign_financing;Budgetzahlen;juristische Person oder Personengesellschaft;Zuwender/in: EVP Schweiz, Akteur/in: Evangelische Volkspartei Kanton Bern, Bern
de;137;allowances;alphabetical;Kampagnenfinanzierung;1;22.10.2023 Nationalratswahlen 2023;2023;campaign_financing;Budgetzahlen;natürliche Person;Zuwender/in: Huber-Heusser Rosmarie, Akteur/in: Prelicz-Huber Katharina, Zürich
de;138;allowances;alphabetical;Kampagnenfinanzierung;1;22.10.2023 Nationalratswahlen 2023;2023;campaign_financing;Budgetzahlen;natürliche Person;Zuwender/in: Ursprung Jasmin, Akteur/in: Schweizerische Volkspartei Ortspartei Udligenswil, Udligenswil
de;139;allowances;alphabetical;Kampagnenfinanzierung;1;22.10.2023 Nationalratswahlen 2023;2023;campaign_financing;Budgetzahlen;juristische Person oder Personengesellschaft;Zuwender/in: Donatorenvereinigung FDP Luzern, Akteur/in: FDP.Die Liberalen Luzern, Luzern
de;14;allowances;alphabetical;Kampagnenfinanzierung;1;22.10.2023 Nationalratswahlen 2023;2023;campaign_financing;Budgetzahlen;juristische Person oder Personengesellschaft;Zuwender/in: Hauseigentümerverband Stadt und Kanon Zürich, Akteur/in: Freisinnig-Demokratische Partei der Stadt Zürich, Zürich
de;141;allowances;alphabetical;Kampagnenfinanzierung;1;22.10.2023 Nationalratswahlen 2023;2023;campaign_financing;Budgetzahlen;juristische Person oder Personengesellschaft;Zuwender/in: FDP Schweiz, Akteur/in: Partito Liberale Radicale Ticinese, Bellinzona
de;1423;allowances;alphabetical;Parteienfinanzierung;9;2023;;party_financing;;natürliche Person;Zuwender/in: Hug Piero, Akteur/in: Sozialdemokratische Partei der Schweiz, Bern
de;1424;allowances;alphabetical;Parteienfinanzierung;9;2023;;party_financing;;natürliche Person;Zuwender/in: Stuber Bongras sel. Sandra, Akteur/in: Sozialdemokratische Partei der Schweiz, Bern
de;1425;allowances;alphabetical;Parteienfinanzierung;9;2023;;party_financing;;juristische Person oder Personengesellschaft;Zuwender/in: Raiffeisen Schweiz Genossenschaft, Akteur/in: Sozialdemokratische Partei der Schweiz, Bern
de;1426;allowances;alphabetical;Parteienfinanzierung;9;2023;;party_financing;;juristische Person oder Personengesellschaft;Zuwender/in: Schweizerische Mobiliar Versicherungsgesellschaft AG, Akteur/in: Sozialdemokratische Partei der Schweiz, Bern
de;148;allowances;alphabetical;Kampagnenfinanzierung;1;22.10.2023 Nationalratswahlen 2023;2023;campaign_financing;Budgetzahlen;juristische Person oder Personengesellschaft;Zuwender/in: Zürcher Bankenverband, Akteur/in: Portmann Hans-Peter, Rüschlikon
de;15;allowances;alphabetical;Kampagnenfinanzierung;1;22.10.2023 Nationalratswahlen 2023;2023;campaign_financing;Budgetzahlen;natürliche Person;Zuwender/in: Schmid Sascha, Akteur/in: Mike Egger und Sascha Schmid in den Nationalrat, Au
de;1546;allowances;alphabetical;Kampagnenfinanzierung;8;09.06.2024 Bundesgesetz vom 29. September 2023 über eine sichere Stromversorgung mit erneuerbaren Energien (Änderung des Energiegesetzes und des Stromversorgungsgesetzes);;campaign_financing;Definitive Zahlen;juristische Person oder Personengesellschaft;Zuwender/in: Alpiq SA, Akteur/in: Allianz für eine sichere Stromversorgung, Bern
de;1547;allowances;alphabetical;Kampagnenfinanzierung;8;09.06.2024 Bundesgesetz vom 29. September 2023 über eine sichere Stromversorgung mit erneuerbaren Energien (Änderung des Energiegesetzes und des Stromversorgungsgesetzes);;campaign_financing;Definitive Zahlen;juristische Person oder Personengesellschaft;Zuwender/in: Groupe E SA, Akteur/in: Allianz für eine sichere Stromversorgung, Bern
de;1548;allowances;alphabetical;Kampagnenfinanzierung;8;09.06.2024 Bundesgesetz vom 29. September 2023 über eine sichere Stromversorgung mit erneuerbaren Energien (Änderung des Energiegesetzes und des Stromversorgungsgesetzes);;campaign_financing;Definitive Zahlen;juristische Person oder Personengesellschaft;Zuwender/in: Romande Energie SA, Akteur/in: Allianz für eine sichere Stromversorgung, Bern
de;1549;allowances;alphabetical;Kampagnenfinanzierung;8;09.06.2024 Bundesgesetz vom 29. September 2023 über eine sichere Stromversorgung mit erneuerbaren Energien (Änderung des Energiegesetzes und des Stromversorgungsgesetzes);;campaign_financing;Definitive Zahlen;juristische Person oder Personengesellschaft;Zuwender/in: Ville de Lausanne, Akteur/in: Allianz für eine sichere Stromversorgung, Bern
de;155;allowances;alphabetical;Kampagnenfinanzierung;1;22.10.2023 Nationalratswahlen 2023;2023;campaign_financing;Budgetzahlen;juristische Person oder Personengesellschaft;Zuwender/in: Churfirsten-Club, Akteur/in: Schweizerische Volkspartei des Kantons St. Gallen, St. Gallen
de;1550;allowances;alphabetical;Kampagnenfinanzierung;8;09.06.2024 Bundesgesetz vom 29. September 2023 über eine sichere Stromversorgung mit erneuerbaren Energien (Änderung des Energiegesetzes und des Stromversorgungsgesetzes);;campaign_financing;Definitive Zahlen;juristische Person oder Personengesellschaft;Zuwender/in: Electricita svizzera italiana, Akteur/in: Allianz für eine sichere Stromversorgung, Bern
de;1551;allowances;alphabetical;Kampagnenfinanzierung;8;09.06.2024 Bundesgesetz vom 29. September 2023 über eine sichere Stromversorgung mit erneuerbaren Energien (Änderung des Energiegesetzes und des Stromversorgungsgesetzes);;campaign_financing;Definitive Zahlen;juristische Person oder Personengesellschaft;Zuwender/in: Verband Schweizerischer Elektrizitätsunternehmen VSE, Akteur/in: Allianz für eine sichere Stromversorgung, Bern
de;1552;allowances;alphabetical;Kampagnenfinanzierung;8;09.06.2024 Bundesgesetz vom 29. September 2023 über eine sichere Stromversorgung mit erneuerbaren Energien (Änderung des Energiegesetzes und des Stromversorgungsgesetzes);;campaign_financing;Definitive Zahlen;juristische Person oder Personengesellschaft;Zuwender/in: economiesuisse, Akteur/in: Allianz für eine sichere Stromversorgung, Bern
de;1553;allowances;alphabetical;Kampagnenfinanzierung;8;09.06.2024 Bundesgesetz vom 29. September 2023 über eine sichere Stromversorgung mit erneuerbaren Energien (Änderung des Energiegesetzes und des Stromversorgungsgesetzes);;campaign_financing;Definitive Zahlen;juristische Person oder Personengesellschaft;Zuwender/in: Schweizerisch-Lichtensteinischer Gebäudetechnikerverband (suissetec), Akteur/in: Allianz für eine sichere Stromversorgung, Bern
de;1554;allowances;alphabetical;Kampagnenfinanzierung;8;09.06.2024 Bundesgesetz vom 29. September 2023 über eine sichere Stromversorgung mit erneuerbaren Energien (Änderung des Energiegesetzes und des Stromversorgungsgesetzes);;campaign_financing;Definitive Zahlen;juristische Person oder Personengesellschaft;Zuwender/in: EBL (Genossenschaft Elektra Baselland), Akteur/in: Allianz für eine sichere Stromversorgung, Bern
de;1555;allowances;alphabetical;Kampagnenfinanzierung;8;09.06.2024 Bundesgesetz vom 29. September 2023 über eine sichere Stromversorgung mit erneuerbaren Energien (Änderung des Energiegesetzes und des Stromversorgungsgesetzes);;campaign_financing;Definitive Zahlen;juristische Person oder Personengesellschaft;Zuwender/in: FMV SA, Akteur/in: Allianz für eine sichere Stromversorgung, Bern
de;1556;allowances;alphabetical;Kampagnenfinanzierung;8;09.06.2024 Bundesgesetz vom 29. September 2023 über eine sichere Stromversorgung mit erneuerbaren Energien (Änderung des Energiegesetzes und des Stromversorgungsgesetzes);;campaign_financing;Definitive Zahlen;juristische Person oder Personengesellschaft;Zuwender/in: Axpo Holding AG, Akteur/in: Allianz für eine sichere Stromversorgung, Bern
de;1557;allowances;alphabetical;Kampagnenfinanzierung;8;09.06.2024 Bundesgesetz vom 29. September 2023 über eine sichere Stromversorgung mit erneuerbaren Energien (Änderung des Energiegesetzes und des Stromversorgungsgesetzes);;campaign_financing;Definitive Zahlen;juristische Person oder Personengesellschaft;Zuwender/in: auto-schweiz Vereinigung Schweizer Automobil-Importeure, Akteur/in: Allianz für eine sichere Stromversorgung, Bern
de;1558;allowances;alphabetical;Kampagnenfinanzierung;8;09.06.2024 Bundesgesetz vom 29. September 2023 über eine sichere Stromversorgung mit erneuerbaren Energien (Änderung des Energiegesetzes und des Stromversorgungsgesetzes);;campaign_financing;Definitive Zahlen;juristische Person oder Personengesellschaft;Zuwender/in: enalpin AG, Akteur/in: Allianz für eine sichere Stromversorgung, Bern
de;1559;allowances;alphabetical;Kampagnenfinanzierung;8;09.06.2024 Bundesgesetz vom 29. September 2023 über eine sichere Stromversorgung mit erneuerbaren Energien (Änderung des Energiegesetzes und des Stromversorgungsgesetzes);;campaign_financing;Definitive Zahlen;juristische Person oder Personengesellschaft;Zuwender/in: Avenergy Suisse, Akteur/in: Allianz für eine sichere Stromversorgung, Bern
de;156;allowances;alphabetical;Kampagnenfinanzierung;1;22.10.2023 Nationalratswahlen 2023;2023;campaign_financing;Budgetzahlen;juristische Person oder Personengesellschaft;Zuwender/in: Comité de soutien de Pascal Broulis, Akteur/in: Broulis Pascal, Sainte-Croix
de;1560;allowances;alphabetical;Kampagnenfinanzierung;8;09.06.2024 Bundesgesetz vom 29. September 2023 über eine sichere Stromversorgung mit erneuerbaren Energien (Änderung des Energiegesetzes und des Stromversorgungsgesetzes);;campaign_financing;Definitive Zahlen;juristische Person oder Personengesellschaft;Zuwender/in: Suisse Eole, Akteur/in: Allianz für eine sichere Stromversorgung, Bern
de;1561;allowances;alphabetical;Kampagnenfinanzierung;8;09.06.2024 Bundesgesetz vom 29. September 2023 über eine sichere Stromversorgung mit erneuerbaren Energien (Änderung des Energiegesetzes und des Stromversorgungsgesetzes);;campaign_financing;Definitive Zahlen;juristische Person oder Personengesellschaft;Zuwender/in: Swisspower AG, Akteur/in: Allianz für eine sichere Stromversorgung, Bern
de;1562;allowances;alphabetical;Kampagnenfinanzierung;8;09.06.2024 Bundesgesetz vom 29. September 2023 über eine sichere Stromversorgung mit erneuerbaren Energien (Änderung des Energiegesetzes und des Stromversorgungsgesetzes);;campaign_financing;Definitive Zahlen;juristische Person oder Personengesellschaft;Zuwender/in: Service Industriels de Genève, Akteur/in: Allianz für eine sichere Stromversorgung, Bern
de;1563;allowances;alphabetical;Kampagnenfinanzierung;8;09.06.2024 Bundesgesetz vom 29. September 2023 über eine sichere Stromversorgung mit erneuerbaren Energien (Änderung des Energiegesetzes und des Stromversorgungsgesetzes);;campaign_financing;Definitive Zahlen;juristische Person oder Personengesellschaft;Zuwender/in: BKW Management AG, Akteur/in: Allianz für eine sichere Stromversorgung, Bern
de;1564;allowances;alphabetical;Kampagnenfinanzierung;8;09.06.2024 Bundesgesetz vom 29. September 2023 über eine sichere Stromversorgung mit erneuerbaren Energien (Änderung des Energiegesetzes und des Stromversorgungsgesetzes);;campaign_financing;Definitive Zahlen;juristische Person oder Personengesellschaft;Zuwender/in: EKZ Elektrizitätswerke des Kantons Zürich, Akteur/in: Allianz für eine sichere Stromversorgung, Bern
de;1565;allowances;alphabetical;Kampagnenfinanzierung;8;09.06.2024 Bundesgesetz vom 29. September 2023 über eine sichere Stromversorgung mit erneuerbaren Energien (Änderung des Energiegesetzes und des Stromversorgungsgesetzes);;campaign_financing;Definitive Zahlen;juristische Person oder Personengesellschaft;Zuwender/in: Primeo Energie AG, Akteur/in: Allianz für eine sichere Stromversorgung, Bern
de;1566;allowances;alphabetical;Kampagnenfinanzierung;8;09.06.2024 Bundesgesetz vom 29. September 2023 über eine sichere Stromversorgung mit erneuerbaren Energien (Änderung des Energiegesetzes und des Stromversorgungsgesetzes);;campaign_financing;Definitive Zahlen;juristische Person oder Personengesellschaft;Zuwender/in: St. Gallisch-Appenzellische Kraftwerke AG, Akteur/in: Allianz für eine sichere Stromversorgung, Bern
de;1567;allowances;alphabetical;Kampagnenfinanzierung;8;09.06.2024 Bundesgesetz vom 29. September 2023 über eine sichere Stromversorgung mit erneuerbaren Energien (Änderung des Energiegesetzes und des Stromversorgungsgesetzes);;campaign_financing;Definitive Zahlen;juristische Person oder Personengesellschaft;Zuwender/in: aeesuisse, Akteur/in: Allianz für eine sichere Stromversorgung, Bern
de;1568;allowances;alphabetical;Kampagnenfinanzierung;8;09.06.2024 Bundesgesetz vom 29. September 2023 über eine sichere Stromversorgung mit erneuerbaren Energien (Änderung des Energiegesetzes und des Stromversorgungsgesetzes);;campaign_financing;Definitive Zahlen;juristische Person oder Personengesellschaft;Zuwender/in: Repower, Akteur/in: Allianz für eine sichere Stromversorgung, Bern
de;1569;allowances;alphabetical;Kampagnenfinanzierung;8;09.06.2024 Bundesgesetz vom 29. September 2023 über eine sichere Stromversorgung mit erneuerbaren Energien (Änderung des Energiegesetzes und des Stromversorgungsgesetzes);;campaign_financing;Definitive Zahlen;juristische Person oder Personengesellschaft;Zuwender/in: Avenergy Suisse, Akteur/in: Allianz für eine sichere Stromversorgung, Bern
de;1570;allowances;alphabetical;Kampagnenfinanzierung;8;09.06.2024 Bundesgesetz vom 29. September 2023 über eine sichere Stromversorgung mit erneuerbaren Energien (Änderung des Energiegesetzes und des Stromversorgungsgesetzes);;campaign_financing;Definitive Zahlen;juristische Person oder Personengesellschaft;Zuwender/in: Axpo Services AG, Akteur/in: Allianz für eine sichere Stromversorgung, Bern
de;1571;allowances;alphabetical;Kampagnenfinanzierung;8;09.06.2024 Bundesgesetz vom 29. September 2023 über eine sichere Stromversorgung mit erneuerbaren Energien (Änderung des Energiegesetzes und des Stromversorgungsgesetzes);;campaign_financing;Definitive Zahlen;juristische Person oder Personengesellschaft;Zuwender/in: Verband Schweizerischer Elektrizitätsunternehmen VSE, Akteur/in: Allianz für eine sichere Stromversorgung, Bern
de;1572;allowances;alphabetical;Kampagnenfinanzierung;8;09.06.2024 Bundesgesetz vom 29. September 2023 über eine sichere Stromversorgung mit erneuerbaren Energien (Änderung des Energiegesetzes und des Stromversorgungsgesetzes);;campaign_financing;Definitive Zahlen;juristische Person oder Personengesellschaft;Zuwender/in: Alpiq AG, Akteur/in: Allianz für eine sichere Stromversorgung, Bern
de;1573;allowances;alphabetical;Kampagnenfinanzierung;8;09.06.2024 Bundesgesetz vom 29. September 2023 über eine sichere Stromversorgung mit erneuerbaren Energien (Änderung des Energiegesetzes und des Stromversorgungsgesetzes);;campaign_financing;Definitive Zahlen;juristische Person oder Personengesellschaft;Zuwender/in: aeesuisse, Akteur/in: Allianz für eine sichere Stromversorgung, Bern
de;1574;allowances;alphabetical;Kampagnenfinanzierung;8;09.06.2024 Bundesgesetz vom 29. September 2023 über eine sichere Stromversorgung mit erneuerbaren Energien (Änderung des Energiegesetzes und des Stromversorgungsgesetzes);;campaign_financing;Definitive Zahlen;juristische Person oder Personengesellschaft;Zuwender/in: BKW Management AG, Akteur/in: Allianz für eine sichere Stromversorgung, Bern
de;1575;allowances;alphabetical;Kampagnenfinanzierung;8;09.06.2024 Bundesgesetz vom 29. September 2023 über eine sichere Stromversorgung mit erneuerbaren Energien (Änderung des Energiegesetzes und des Stromversorgungsgesetzes);;campaign_financing;Definitive Zahlen;juristische Person oder Personengesellschaft;Zuwender/in: Romande Energie SA, Akteur/in: Allianz für eine sichere Stromversorgung, Bern
de;1576;allowances;alphabetical;Kampagnenfinanzierung;8;09.06.2024 Bundesgesetz vom 29. September 2023 über eine sichere Stromversorgung mit erneuerbaren Energien (Änderung des Energiegesetzes und des Stromversorgungsgesetzes);;campaign_financing;Definitive Zahlen;juristische Person oder Personengesellschaft;Zuwender/in: Schweizerisch-Lichtensteinischer Gebäudetechnikerverband (suissetec), Akteur/in: Allianz für eine sichere Stromversorgung, Bern
de;1577;allowances;alphabetical;Kampagnenfinanzierung;8;09.06.2024 Bundesgesetz vom 29. September 2023 über eine sichere Stromversorgung mit erneuerbaren Energien (Änderung des Energiegesetzes und des Stromversorgungsgesetzes);;campaign_financing;Definitive Zahlen;juristische Person oder Personengesellschaft;Zuwender/in: Swissolar – Schweizerischer Fachverband für Sonnenenergie, Akteur/in: Allianz für eine sichere Stromversorgung, Bern
de;1578;allowances;alphabetical;Kampagnenfinanzierung;8;09.06.2024 Bundesgesetz vom 29. September 2023 über eine sichere Stromversorgung mit erneuerbaren Energien (Änderung des Energiegesetzes und des Stromversorgungsgesetzes);;campaign_financing;Definitive Zahlen;juristische Person oder Personengesellschaft;Zuwender/in: Grand Dixence SA, Akteur/in: Allianz für eine sichere Stromversorgung, Bern
de;1579;allowances;alphabetical;Kampagnenfinanzierung;8;09.06.2024 Bundesgesetz vom 29. September 2023 über eine sichere Stromversorgung mit erneuerbaren Energien (Änderung des Energiegesetzes und des Stromversorgungsgesetzes);;campaign_financing;Definitive Zahlen;juristische Person oder Personengesellschaft;Zuwender/in: aeesuisse, Akteur/in: Allianz für eine sichere Stromversorgung, Bern
de;158;allowances;alphabetical;Kampagnenfinanzierung;1;22.10.2023 Nationalratswahlen 2023;2023;campaign_financing;Budgetzahlen;juristische Person oder Personengesellschaft;Zuwender/in: SSIC TI, Akteur/in: Farinelli Alex, Comano
de;1580;allowances;alphabetical;Kampagnenfinanzierung;8;09.06.2024 Bundesgesetz vom 29. September 2023 über eine sichere Stromversorgung mit erneuerbaren Energien (Änderung des Energiegesetzes und des Stromversorgungsgesetzes);;campaign_financing;Definitive Zahlen;juristische Person oder Personengesellschaft;Zuwender/in: Swisscleantech, Akteur/in: Allianz für eine sichere Stromversorgung, Bern
de;1581;allowances;alphabetical;Kampagnenfinanzierung;8;09.06.2024 Bundesgesetz vom 29. September 2023 über eine sichere Stromversorgung mit erneuerbaren Energien (Änderung des Energiegesetzes und des Stromversorgungsgesetzes);;campaign_financing;Definitive Zahlen;juristische Person oder Personengesellschaft;Zuwender/in: Zürcher Handelskammer, Akteur/in: Allianz für eine sichere Stromversorgung, Bern
de;1582;allowances;alphabetical;Kampagnenfinanzierung;8;09.06.2024 Bundesgesetz vom 29. September 2023 über eine sichere Stromversorgung mit erneuerbaren Energien (Änderung des Energiegesetzes und des Stromversorgungsgesetzes);;campaign_financing;Definitive Zahlen;juristische Person oder Personengesellschaft;Zuwender/in: Energiedienst Holding AG, Akteur/in: Allianz für eine sichere Stromversorgung, Bern
de;1583;allowances;alphabetical;Kampagnenfinanzierung;8;09.06.2024 Bundesgesetz vom 29. September 2023 über eine sichere Stromversorgung mit erneuerbaren Energien (Änderung des Energiegesetzes und des Stromversorgungsgesetzes);;campaign_financing;Definitive Zahlen;juristische Person oder Personengesellschaft;Zuwender/in: Stiftung für bürgerliche Politik, Akteur/in: Allianz gegen das Stromgesetz, Zürich
de;1587;allowances;alphabetical;Parteienfinanzierung;9;2023;;party_financing;;natürliche Person;Zuwender/in: Gobbi Norman, Akteur/in: Lega dei Ticinesi, Lugano
de;1588;allowances;alphabetical;Parteienfinanzierung;9;2023;;party_financing;;juristische Person oder Personengesellschaft;Zuwender/in: Raiffeisen Schweiz, Akteur/in: GRÜNE Schweiz, Bern
de;1589;allowances;alphabetical;Parteienfinanzierung;9;2023;;party_financing;;juristische Person oder Personengesellschaft;Zuwender/in: AXA Versicherungen AG, Akteur/in: GRÜNE Schweiz, Bern
de;159;allowances;alphabetical;Kampagnenfinanzierung;1;22.10.2023 Nationalratswahlen 2023;2023;campaign_financing;Budgetzahlen;juristische Person oder Personengesellschaft;Zuwender/in: UDC Vaud, Akteur/in: Alliance Vaudoise, Lausanne
de;1590;allowances;alphabetical;Parteienfinanzierung;9;2023;;party_financing;;juristische Person oder Personengesellschaft;Zuwender/in: Schweizerische Mobiliar Versicherungsgesellschaft AG, Akteur/in: GRÜNE Schweiz, Bern
de;1591;allowances;alphabetical;Parteienfinanzierung;9;2023;;party_financing;;juristische Person oder Personengesellschaft;Zuwender/in: Fondation Groupe Mutuel, Akteur/in: GRÜNE Schweiz, Bern
de;1592;allowances;alphabetical;Parteienfinanzierung;9;2023;;party_financing;;juristische Person oder Personengesellschaft;Zuwender/in: Schweizerische Bankiervereinigung, Akteur/in: GRÜNE Schweiz, Bern
de;1593;allowances;alphabetical;Parteienfinanzierung;9;2023;;party_financing;;juristische Person oder Personengesellschaft;Zuwender/in: Helvetia Schweiz. Versicherung, Akteur/in: GRÜNE Schweiz, Bern
de;1594;allowances;alphabetical;Parteienfinanzierung;9;2023;;party_financing;;natürliche Person;Zuwender/in: Burkard Carmita, Akteur/in: GRÜNE Schweiz, Bern
de;1595;allowances;alphabetical;Parteienfinanzierung;9;2023;;party_financing;;natürliche Person;Zuwender/in: Stuber Bongras Sandra, Akteur/in: GRÜNE Schweiz, Bern
de;1596;allowances;alphabetical;Parteienfinanzierung;9;2023;;party_financing;;natürliche Person;Zuwender/in: Hug Piero, Akteur/in: GRÜNE Schweiz, Bern
de;1597;allowances;alphabetical;Parteienfinanzierung;9;2023;;party_financing;;natürliche Person;Zuwender/in: Jean-Louis Reymond, Akteur/in: GRÜNE Schweiz, Bern
de;1598;allowances;alphabetical;Parteienfinanzierung;9;2023;;party_financing;;natürliche Person;Zuwender/in: Hans Rüegg, Akteur/in: GRÜNE Schweiz, Bern
de;16;allowances;alphabetical;Kampagnenfinanzierung;1;22.10.2023 Nationalratswahlen 2023;2023;campaign_financing;Budgetzahlen;natürliche Person;Zuwender/in: Töngi Michael, Akteur/in: Grüne Kanton Luzern, Luzern
de;160;allowances;alphabetical;Kampagnenfinanzierung;1;22.10.2023 Nationalratswahlen 2023;2023;campaign_financing;Budgetzahlen;juristische Person oder Personengesellschaft;Zuwender/in: PLR Vaud, Akteur/in: Alliance Vaudoise, Lausanne
de;161;allowances;alphabetical;Kampagnenfinanzierung;1;22.10.2023 Nationalratswahlen 2023;2023;campaign_financing;Budgetzahlen;juristische Person oder Personengesellschaft;Zuwender/in: Comité de soutien de Pascal Broulis, Akteur/in: Alliance Vaudoise, Lausanne
de;162;allowances;alphabetical;Kampagnenfinanzierung;1;22.10.2023 Nationalratswahlen 2023;2023;campaign_financing;Budgetzahlen;juristische Person oder Personengesellschaft;Zuwender/in: Comité de soutien de Pascal Broulis, Akteur/in: PLR.Les Libéraux-Radicaux Vaud, Lausanne
de;163;allowances;alphabetical;Kampagnenfinanzierung;1;22.10.2023 Nationalratswahlen 2023;2023;campaign_financing;Budgetzahlen;juristische Person oder Personengesellschaft;Zuwender/in: WWF Schweiz, Akteur/in: Umweltallianz, Zürich
de;165;allowances;alphabetical;Kampagnenfinanzierung;1;22.10.2023 Nationalratswahlen 2023;2023;campaign_financing;Budgetzahlen;juristische Person oder Personengesellschaft;Zuwender/in: Bären-Club der SVP Kanton Bern, Akteur/in: Schweizerische Volkspartei Kanton Bern, Bern
de;1668;allowances;alphabetical;Parteienfinanzierung;9;2023;;party_financing;;juristische Person oder Personengesellschaft;Zuwender/in: Zürich Versicherung, Akteur/in: Grünliberale Partei Schweiz, Bern
de;1669;allowances;alphabetical;Parteienfinanzierung;9;2023;;party_financing;;juristische Person oder Personengesellschaft;Zuwender/in: Interpharma, Akteur/in: Grünliberale Partei Schweiz, Bern
de;1670;allowances;alphabetical;Parteienfinanzierung;9;2023;;party_financing;;juristische Person oder Personengesellschaft;Zuwender/in: Novartis International AG, Akteur/in: Grünliberale Partei Schweiz, Bern
de;1671;allowances;alphabetical;Parteienfinanzierung;9;2023;;party_financing;;juristische Person oder Personengesellschaft;Zuwender/in: Swiss Life AG, Akteur/in: Grünliberale Partei Schweiz, Bern
de;1672;allowances;alphabetical;Parteienfinanzierung;9;2023;;party_financing;;juristische Person oder Personengesellschaft;Zuwender/in: Schweizerischer Versicherungsverband, Akteur/in: Grünliberale Partei Schweiz, Bern
de;1673;allowances;alphabetical;Parteienfinanzierung;9;2023;;party_financing;;juristische Person oder Personengesellschaft;Zuwender/in: Swiss Re, Akteur/in: Grünliberale Partei Schweiz, Bern
de;1674;allowances;alphabetical;Parteienfinanzierung;9;2023;;party_financing;;juristische Person oder Personengesellschaft;Zuwender/in: Schweizerische Mobiliar Versicherungsgesellschaft AG, Akteur/in: Grünliberale Partei Schweiz, Bern
de;1675;allowances;alphabetical;Parteienfinanzierung;9;2023;;party_financing;;juristische Person oder Personengesellschaft;Zuwender/in: UBS AG, Akteur/in: Grünliberale Partei Schweiz, Bern
de;1676;allowances;alphabetical;Parteienfinanzierung;9;2023;;party_financing;;juristische Person oder Personengesellschaft;Zuwender/in: Schindler Aufzüge AG, Akteur/in: Grünliberale Partei Schweiz, Bern
de;1677;allowances;alphabetical;Parteienfinanzierung;9;2023;;party_financing;;juristische Person oder Personengesellschaft;Zuwender/in: Roche Holding AG, Akteur/in: Grünliberale Partei Schweiz, Bern
de;1678;allowances;alphabetical;Parteienfinanzierung;9;2023;;party_financing;;juristische Person oder Personengesellschaft;Zuwender/in: Credit Suisse AG, Akteur/in: Grünliberale Partei Schweiz, Bern
de;1679;allowances;alphabetical;Parteienfinanzierung;9;2023;;party_financing;;juristische Person oder Personengesellschaft;Zuwender/in: Schweizerische Bankiervereinigung, Akteur/in: Grünliberale Partei Schweiz, Bern
de;1680;allowances;alphabetical;Parteienfinanzierung;9;2023;;party_financing;;juristische Person oder Personengesellschaft;Zuwender/in: Schweizerischer Arbeitgeberverband, Akteur/in: Grünliberale Partei Schweiz, Bern
de;1681;allowances;alphabetical;Parteienfinanzierung;9;2023;;party_financing;;juristische Person oder Personengesellschaft;Zuwender/in: Economiesuisse, Akteur/in: Grünliberale Partei Schweiz, Bern
de;17;allowances;alphabetical;Kampagnenfinanzierung;1;22.10.2023 Nationalratswahlen 2023;2023;campaign_financing;Budgetzahlen;natürliche Person;Zuwender/in: Schlepfer Thom, Akteur/in: Grüne Kanton Luzern, Luzern
de;170;allowances;alphabetical;Kampagnenfinanzierung;1;22.10.2023 Nationalratswahlen 2023;2023;campaign_financing;Budgetzahlen;juristische Person oder Personengesellschaft;Zuwender/in: WWF Schweiz, Akteur/in: Umweltallianz, Zürich
de;1764;allowances;alphabetical;Kampagnenfinanzierung;8;09.06.2024 Bundesgesetz vom 29. September 2023 über eine sichere Stromversorgung mit erneuerbaren Energien (Änderung des Energiegesetzes und des Stromversorgungsgesetzes);;campaign_financing;Definitive Zahlen;natürliche Person;Zuwender/in: Schwander Achim, Akteur/in: Sozialdemokratische Partei der Schweiz, Bern
de;1765;allowances;alphabetical;Kampagnenfinanzierung;10;22.09.2024 Für die Zukunft unserer Natur und Landschaft (Biodiversitätsinitiative);;campaign_financing;Budgetzahlen;juristische Person oder Personengesellschaft;Zuwender/in: Schweizer Zucker AG, Akteur/in: Schweizer Bauernverband (SBV), Brugg
de;1766;allowances;alphabetical;Kampagnenfinanzierung;10;22.09.2024 Für die Zukunft unserer Natur und Landschaft (Biodiversitätsinitiative);;campaign_financing;Budgetzahlen;juristische Person oder Personengesellschaft;Zuwender/in: Gallosuisse, Akteur/in: Schweizer Bauernverband (SBV), Brugg
de;1767;allowances;alphabetical;Kampagnenfinanzierung;10;22.09.2024 Für die Zukunft unserer Natur und Landschaft (Biodiversitätsinitiative);;campaign_financing;Budgetzahlen;juristische Person oder Personengesellschaft;Zuwender/in: Suisseporcs, Akteur/in: Schweizer Bauernverband (SBV), Brugg
de;1768;allowances;alphabetical;Kampagnenfinanzierung;10;22.09.2024 Für die Zukunft unserer Natur und Landschaft (Biodiversitätsinitiative);;campaign_financing;Budgetzahlen;juristische Person oder Personengesellschaft;Zuwender/in: Schweizer Obstverband, Akteur/in: Schweizer Bauernverband (SBV), Brugg
de;1769;allowances;alphabetical;Kampagnenfinanzierung;10;22.09.2024 Für die Zukunft unserer Natur und Landschaft (Biodiversitätsinitiative);;campaign_financing;Budgetzahlen;juristische Person oder Personengesellschaft;Zuwender/in: Vereinigung Schweizer Kartoffelproduzenten, Akteur/in: Schweizer Bauernverband (SBV), Brugg
de;177;allowances;alphabetical;Kampagnenfinanzierung;1;22.10.2023 Nationalratswahlen 2023;2023;campaign_financing;Budgetzahlen;juristische Person oder Personengesellschaft;Zuwender/in: PCS Holding AG, Akteur/in: Schweizerische Volkspartei des Kantons Thurgau, Mettlen
de;1770;allowances;alphabetical;Kampagnenfinanzierung;10;22.09.2024 Für die Zukunft unserer Natur und Landschaft (Biodiversitätsinitiative);;campaign_financing;Budgetzahlen;juristische Person oder Personengesellschaft;Zuwender/in: Schweizer Milchproduzenten, Akteur/in: Schweizer Bauernverband (SBV), Brugg
de;1771;allowances;alphabetical;Kampagnenfinanzierung;10;22.09.2024 Für die Zukunft unserer Natur und Landschaft (Biodiversitätsinitiative);;campaign_financing;Budgetzahlen;juristische Person oder Personengesellschaft;Zuwender/in: Verband Schweizerischer Elektrizitätsunternehmen, Akteur/in: Schweizer Bauernverband (SBV), Brugg
de;1772;allowances;alphabetical;Kampagnenfinanzierung;10;22.09.2024 Für die Zukunft unserer Natur und Landschaft (Biodiversitätsinitiative);;campaign_financing;Budgetzahlen;juristische Person oder Personengesellschaft;Zuwender/in: Swiss Granum, Akteur/in: Schweizer Bauernverband (SBV), Brugg
de;1773;allowances;alphabetical;Kampagnenfinanzierung;10;22.09.2024 Für die Zukunft unserer Natur und Landschaft (Biodiversitätsinitiative);;campaign_financing;Budgetzahlen;juristische Person oder Personengesellschaft;Zuwender/in: Landtechnik Schweiz, Akteur/in: Schweizer Bauernverband (SBV), Brugg
de;1774;allowances;alphabetical;Kampagnenfinanzierung;10;22.09.2024 Für die Zukunft unserer Natur und Landschaft (Biodiversitätsinitiative);;campaign_financing;Budgetzahlen;juristische Person oder Personengesellschaft;Zuwender/in: Schweizer Bauernverband, Akteur/in: Schweizer Bauernverband (SBV), Brugg
de;1775;allowances;alphabetical;Kampagnenfinanzierung;10;22.09.2024 Für die Zukunft unserer Natur und Landschaft (Biodiversitätsinitiative);;campaign_financing;Budgetzahlen;natürliche Person;Zuwender/in: Brunner Daniel, Akteur/in: Ja zu mehr Natur, Landschaft und Baukultur, Basel
de;1776;allowances;alphabetical;Kampagnenfinanzierung;10;22.09.2024 Für die Zukunft unserer Natur und Landschaft (Biodiversitätsinitiative);;campaign_financing;Budgetzahlen;juristische Person oder Personengesellschaft;Zuwender/in: Pro Natura, Akteur/in: Ja zu mehr Natur, Landschaft und Baukultur, Basel
de;1777;allowances;alphabetical;Kampagnenfinanzierung;10;22.09.2024 Für die Zukunft unserer Natur und Landschaft (Biodiversitätsinitiative);;campaign_financing;Budgetzahlen;juristische Person oder Personengesellschaft;Zuwender/in: BirdLife Schweiz, Akteur/in: Ja zu mehr Natur, Landschaft und Baukultur, Basel
de;1778;allowances;alphabetical;Kampagnenfinanzierung;10;22.09.2024 Für die Zukunft unserer Natur und Landschaft (Biodiversitätsinitiative);;campaign_financing;Budgetzahlen;juristische Person oder Personengesellschaft;Zuwender/in: Stiftung Landschaftsschutz (SL), Akteur/in: Ja zu mehr Natur, Landschaft und Baukultur, Basel
de;1779;allowances;alphabetical;Kampagnenfinanzierung;10;22.09.2024 Für die Zukunft unserer Natur und Landschaft (Biodiversitätsinitiative);;campaign_financing;Budgetzahlen;juristische Person oder Personengesellschaft;Zuwender/in: Schweizer Heimatschutz (SHS), Akteur/in: Ja zu mehr Natur, Landschaft und Baukultur, Basel
de;1784;allowances;alphabetical;Kampagnenfinanzierung;6;09.06.2024 Für tiefere Prämien – Kostenbremse im Gesundheitswesen (Kostenbremse-Initiative);;campaign_financing;Definitive Zahlen;juristische Person oder Personengesellschaft;Zuwender/in: FMH Verbindung der Schweizer Ärztinnen und Ärzte, Akteur/in: Gesundheitswesen mit Zukunft, Bern
de;1785;allowances;alphabetical;Kampagnenfinanzierung;6;09.06.2024 Für tiefere Prämien – Kostenbremse im Gesundheitswesen (Kostenbremse-Initiative);;campaign_financing;Definitive Zahlen;juristische Person oder Personengesellschaft;Zuwender/in: Ärztenetz Nordwest AG, Akteur/in: Gesundheitswesen mit Zukunft, Bern
de;1786;allowances;alphabetical;Kampagnenfinanzierung;6;09.06.2024 Für tiefere Prämien – Kostenbremse im Gesundheitswesen (Kostenbremse-Initiative);;campaign_financing;Definitive Zahlen;juristische Person oder Personengesellschaft;Zuwender/in: medswissnet, Akteur/in: Gesundheitswesen mit Zukunft, Bern
de;1787;allowances;alphabetical;Kampagnenfinanzierung;6;09.06.2024 Für tiefere Prämien – Kostenbremse im Gesundheitswesen (Kostenbremse-Initiative);;campaign_financing;Definitive Zahlen;juristische Person oder Personengesellschaft;Zuwender/in: ospita, Akteur/in: Gesundheitswesen mit Zukunft, Bern
de;1788;allowances;alphabetical;Kampagnenfinanzierung;6;09.06.2024 Für tiefere Prämien – Kostenbremse im Gesundheitswesen (Kostenbremse-Initiative);;campaign_financing;Definitive Zahlen;juristische Person oder Personengesellschaft;Zuwender/in: AerzteGesellschaft des Kantons Zürich AGZ, Akteur/in: Gesundheitswesen mit Zukunft, Bern
de;1789;allowances;alphabetical;Kampagnenfinanzierung;6;09.06.2024 Für tiefere Prämien – Kostenbremse im Gesundheitswesen (Kostenbremse-Initiative);;campaign_financing;Definitive Zahlen;juristische Person oder Personengesellschaft;Zuwender/in: Aargauischer Ärzteverband, Akteur/in: Gesundheitswesen mit Zukunft, Bern
de;179;allowances;alphabetical;Kampagnenfinanzierung;1;22.10.2023 Nationalratswahlen 2023;2023;campaign_financing;Budgetzahlen;juristische Person oder Personengesellschaft;Zuwender/in: Kuratorium Thurgau, Akteur/in: Schweizerische Volkspartei des Kantons Thurgau, Mettlen
de;1790;allowances;alphabetical;Kampagnenfinanzierung;6;09.06.2024 Für tiefere Prämien – Kostenbremse im Gesundheitswesen (Kostenbremse-Initiative);;campaign_financing;Definitive Zahlen;juristische Person oder Personengesellschaft;Zuwender/in: FMH Verbindung der Schweizer Ärztinnen und Ärzte, Akteur/in: Gesundheitswesen mit Zukunft, Bern
de;1791;allowances;alphabetical;Kampagnenfinanzierung;6;09.06.2024 Für tiefere Prämien – Kostenbremse im Gesundheitswesen (Kostenbremse-Initiative);;campaign_financing;Definitive Zahlen;juristische Person oder Personengesellschaft;Zuwender/in: AerzteGesellschaft des Kantons Zürich AGZ, Akteur/in: Gesundheitswesen mit Zukunft, Bern
de;1792;allowances;alphabetical;Kampagnenfinanzierung;6;09.06.2024 Für tiefere Prämien – Kostenbremse im Gesundheitswesen (Kostenbremse-Initiative);;campaign_financing;Definitive Zahlen;juristische Person oder Personengesellschaft;Zuwender/in: Verband Schweizerischer Assistenz- und Oberärztinnen und -ärzte VSAO, Akteur/in: Gesundheitswesen mit Zukunft, Bern
de;1793;allowances;alphabetical;Kampagnenfinanzierung;6;09.06.2024 Für tiefere Prämien – Kostenbremse im Gesundheitswesen (Kostenbremse-Initiative);;campaign_financing;Definitive Zahlen;juristische Person oder Personengesellschaft;Zuwender/in: Ärzte-Gesellschaft des Kantons Zug, Akteur/in: Gesundheitswesen mit Zukunft, Bern
de;1794;allowances;alphabetical;Kampagnenfinanzierung;6;09.06.2024 Für tiefere Prämien – Kostenbremse im Gesundheitswesen (Kostenbremse-Initiative);;campaign_financing;Definitive Zahlen;juristische Person oder Personengesellschaft;Zuwender/in: Schweizerischer Apothekenverband (pharmaSuisse), Akteur/in: Gesundheitswesen mit Zukunft, Bern
de;1795;allowances;alphabetical;Kampagnenfinanzierung;6;09.06.2024 Für tiefere Prämien – Kostenbremse im Gesundheitswesen (Kostenbremse-Initiative);;campaign_financing;Definitive Zahlen;juristische Person oder Personengesellschaft;Zuwender/in: FMH Verbindung der Schweizer Ärztinnen und Ärzte, Akteur/in: Gesundheitswesen mit Zukunft, Bern
de;1796;allowances;alphabetical;Kampagnenfinanzierung;6;09.06.2024 Für tiefere Prämien – Kostenbremse im Gesundheitswesen (Kostenbremse-Initiative);;campaign_financing;Definitive Zahlen;juristische Person oder Personengesellschaft;Zuwender/in: Société Médicale de la Suisse Romande (SMSR), Akteur/in: Gesundheitswesen mit Zukunft, Bern
de;1797;allowances;alphabetical;Kampagnenfinanzierung;10;22.09.2024 Für die Zukunft unserer Natur und Landschaft (Biodiversitätsinitiative);;campaign_financing;Budgetzahlen;juristische Person oder Personengesellschaft;Zuwender/in: BirdLife Schweiz, Akteur/in: Ja zu mehr Natur, Landschaft und Baukultur, Basel
de;1798;allowances;alphabetical;Kampagnenfinanzierung;10;22.09.2024 Für die Zukunft unserer Natur und Landschaft (Biodiversitätsinitiative);;campaign_financing;Budgetzahlen;juristische Person oder Personengesellschaft;Zuwender/in: Pro Natura, Akteur/in: Ja zu mehr Natur, Landschaft und Baukultur, Basel
de;18;allowances;alphabetical;Kampagnenfinanzierung;1;22.10.2023 Nationalratswahlen 2023;2023;campaign_financing;Budgetzahlen;natürliche Person;Zuwender/in: Egger Mike, Akteur/in: Mike Egger und Sascha Schmid in den Nationalrat, Au
de;180;allowances;alphabetical;Kampagnenfinanzierung;1;22.10.2023 Nationalratswahlen 2023;2023;campaign_financing;Budgetzahlen;juristische Person oder Personengesellschaft;Zuwender/in: Greenpeace Schweiz, Akteur/in: Umweltallianz, Zürich
de;1806;allowances;alphabetical;Parteienfinanzierung;9;2023;;party_financing;;juristische Person oder Personengesellschaft;Zuwender/in: Schweiz. Arbeitgeberverband, Akteur/in: Schweizerische Volkspartei (SVP), Bern
de;1807;allowances;alphabetical;Parteienfinanzierung;9;2023;;party_financing;;natürliche Person;Zuwender/in: Martullo Blocher Magdalena Silvia, Akteur/in: Schweizerische Volkspartei (SVP), Bern
de;1808;allowances;alphabetical;Parteienfinanzierung;9;2023;;party_financing;;juristische Person oder Personengesellschaft;Zuwender/in: Philip Morris Switzerland Sarl, Akteur/in: Schweizerische Volkspartei (SVP), Bern
de;1809;allowances;alphabetical;Parteienfinanzierung;9;2023;;party_financing;;natürliche Person;Zuwender/in: Matter Thomas, Akteur/in: Schweizerische Volkspartei (SVP), Bern
de;1810;allowances;alphabetical;Parteienfinanzierung;9;2023;;party_financing;;natürliche Person;Zuwender/in: Frey Walter, Akteur/in: Schweizerische Volkspartei (SVP), Bern
de;1811;allowances;alphabetical;Parteienfinanzierung;9;2023;;party_financing;;juristische Person oder Personengesellschaft;Zuwender/in: AUTO-Schweiz Vereinigung, Akteur/in: Schweizerische Volkspartei (SVP), Bern
de;1812;allowances;alphabetical;Parteienfinanzierung;9;2023;;party_financing;;juristische Person oder Personengesellschaft;Zuwender/in: Schweizerische Bankiervereinigung, Akteur/in: Schweizerische Volkspartei (SVP), Bern
de;1813;allowances;alphabetical;Parteienfinanzierung;9;2023;;party_financing;;juristische Person oder Personengesellschaft;Zuwender/in: Roche Holding AG, Akteur/in: Schweizerische Volkspartei (SVP), Bern
de;1814;allowances;alphabetical;Parteienfinanzierung;9;2023;;party_financing;;juristische Person oder Personengesellschaft;Zuwender/in: AXA Versicherungen AG, Akteur/in: Schweizerische Volkspartei (SVP), Bern
de;1815;allowances;alphabetical;Parteienfinanzierung;9;2023;;party_financing;;juristische Person oder Personengesellschaft;Zuwender/in: Baloise Versicherung AG, Akteur/in: Schweizerische Volkspartei (SVP), Bern
de;1816;allowances;alphabetical;Parteienfinanzierung;9;2023;;party_financing;;juristische Person oder Personengesellschaft;Zuwender/in: Holcim (Schweiz) AG, Akteur/in: Schweizerische Volkspartei (SVP), Bern
de;1817;allowances;alphabetical;Parteienfinanzierung;9;2023;;party_financing;;juristische Person oder Personengesellschaft;Zuwender/in: Credit Suisse AG, Akteur/in: Schweizerische Volkspartei (SVP), Bern
de;1818;allowances;alphabetical;Parteienfinanzierung;9;2023;;party_financing;;natürliche Person;Zuwender/in: Dörig Rolf, Akteur/in: Schweizerische Volkspartei (SVP), Bern
de;1819;allowances;alphabetical;Parteienfinanzierung;9;2023;;party_financing;;juristische Person oder Personengesellschaft;Zuwender/in: economiesuisse, Akteur/in: Schweizerische Volkspartei (SVP), Bern
de;1820;allowances;alphabetical;Parteienfinanzierung;9;2023;;party_financing;;juristische Person oder Personengesellschaft;Zuwender/in: Fondation Groupe Mutuel, Akteur/in: Schweizerische Volkspartei (SVP), Bern
de;1821;allowances;alphabetical;Parteienfinanzierung;9;2023;;party_financing;;juristische Person oder Personengesellschaft;Zuwender/in: Helvetia Schweiz. Versicherung, Akteur/in: Schweizerische Volkspartei (SVP), Bern
de;1822;allowances;alphabetical;Parteienfinanzierung;9;2023;;party_financing;;juristische Person oder Personengesellschaft;Zuwender/in: Interpharma, Akteur/in: Schweizerische Volkspartei (SVP), Bern
de;1823;allowances;alphabetical;Parteienfinanzierung;9;2023;;party_financing;;juristische Person oder Personengesellschaft;Zuwender/in: Bank Julius Baer and Co. Ltd, Akteur/in: Schweizerische Volkspartei (SVP), Bern
de;1825;allowances;alphabetical;Parteienfinanzierung;9;2023;;party_financing;;juristische Person oder Personengesellschaft;Zuwender/in: Schweizerische Mobiliar, Akteur/in: Schweizerische Volkspartei (SVP), Bern
de;1826;allowances;alphabetical;Parteienfinanzierung;9;2023;;party_financing;;natürliche Person;Zuwender/in: Neise Christian, Akteur/in: Schweizerische Volkspartei (SVP), Bern
de;1827;allowances;alphabetical;Parteienfinanzierung;9;2023;;party_financing;;juristische Person oder Personengesellschaft;Zuwender/in: Nestle S.A., Akteur/in: Schweizerische Volkspartei (SVP), Bern
de;1828;allowances;alphabetical;Parteienfinanzierung;9;2023;;party_financing;;juristische Person oder Personengesellschaft;Zuwender/in: Novartis International AG, Akteur/in: Schweizerische Volkspartei (SVP), Bern
de;1829;allowances;alphabetical;Parteienfinanzierung;9;2023;;party_financing;;juristische Person oder Personengesellschaft;Zuwender/in: Raiffeisen Schweiz Genossenschaft, Akteur/in: Schweizerische Volkspartei (SVP), Bern
de;1830;allowances;alphabetical;Parteienfinanzierung;9;2023;;party_financing;;juristische Person oder Personengesellschaft;Zuwender/in: Schindler Aufzüge AG, Akteur/in: Schweizerische Volkspartei (SVP), Bern
de;1831;allowances;alphabetical;Parteienfinanzierung;9;2023;;party_financing;;juristische Person oder Personengesellschaft;Zuwender/in: Schweizerischer Versicherungsverband SVV, Akteur/in: Schweizerische Volkspartei (SVP), Bern
de;1832;allowances;alphabetical;Parteienfinanzierung;9;2023;;party_financing;;juristische Person oder Personengesellschaft;Zuwender/in: Swiss International Air Lines AG, Akteur/in: Schweizerische Volkspartei (SVP), Bern
de;1833;allowances;alphabetical;Parteienfinanzierung;9;2023;;party_financing;;juristische Person oder Personengesellschaft;Zuwender/in: Swiss Reinsurance Company Limited, Akteur/in: Schweizerische Volkspartei (SVP), Bern
de;1834;allowances;alphabetical;Parteienfinanzierung;9;2023;;party_financing;;juristische Person oder Personengesellschaft;Zuwender/in: Swiss Life AG, Akteur/in: Schweizerische Volkspartei (SVP), Bern
de;1835;allowances;alphabetical;Parteienfinanzierung;9;2023;;party_financing;;juristische Person oder Personengesellschaft;Zuwender/in: UBS AG, Akteur/in: Schweizerische Volkspartei (SVP), Bern
de;1836;allowances;alphabetical;Parteienfinanzierung;9;2023;;party_financing;;juristische Person oder Personengesellschaft;Zuwender/in: Stiftung für bürgerliche Politik, Akteur/in: Schweizerische Volkspartei (SVP), Bern
de;1837;allowances;alphabetical;Kampagnenfinanzierung;11;22.09.2024 Bundesgesetzes über die berufliche Alters-, Hinterlassenen- und Invalidenvorsorge (BVG) (Reform der beruflichen Vorsorge);;campaign_financing;Budgetzahlen;juristische Person oder Personengesellschaft;"Zuwender/in: GastroSuisse, Akteur/in: Wirtschaftsallianz ""NEIN zur BVG-Scheinreform"", Zürich"
de;1838;allowances;alphabetical;Kampagnenfinanzierung;11;22.09.2024 Bundesgesetzes über die berufliche Alters-, Hinterlassenen- und Invalidenvorsorge (BVG) (Reform der beruflichen Vorsorge);;campaign_financing;Budgetzahlen;juristische Person oder Personengesellschaft;"Zuwender/in: Centre Patronal, Akteur/in: Wirtschaftsallianz ""NEIN zur BVG-Scheinreform"", Zürich"
de;1839;allowances;alphabetical;Kampagnenfinanzierung;11;22.09.2024 Bundesgesetzes über die berufliche Alters-, Hinterlassenen- und Invalidenvorsorge (BVG) (Reform der beruflichen Vorsorge);;campaign_financing;Budgetzahlen;juristische Person oder Personengesellschaft;"Zuwender/in: Verband der Tankstellenshop-Betreiber der Schweiz VTSS, Akteur/in: Wirtschaftsallianz ""NEIN zur BVG-Scheinreform"", Zürich"
de;184;allowances;alphabetical;Kampagnenfinanzierung;1;22.10.2023 Nationalratswahlen 2023;2023;campaign_financing;Budgetzahlen;juristische Person oder Personengesellschaft;Zuwender/in: FDP.Die Liberalen Schweiz, Akteur/in: FDP.Die Liberalen Frauen Schweiz, St. Gallen
de;1855;allowances;alphabetical;Kampagnenfinanzierung;11;22.09.2024 Bundesgesetzes über die berufliche Alters-, Hinterlassenen- und Invalidenvorsorge (BVG) (Reform der beruflichen Vorsorge);;campaign_financing;Budgetzahlen;juristische Person oder Personengesellschaft;Zuwender/in: Travail.Suisse, Akteur/in: Travail.Suisse, Bern
de;1856;allowances;alphabetical;Kampagnenfinanzierung;8;09.06.2024 Bundesgesetz vom 29. September 2023 über eine sichere Stromversorgung mit erneuerbaren Energien (Änderung des Energiegesetzes und des Stromversorgungsgesetzes);;campaign_financing;Definitive Zahlen;juristische Person oder Personengesellschaft;Zuwender/in: Freie Landschaft, Akteur/in: Bündnis für Natur und Landschaft Schweiz, Bern
de;1857;allowances;alphabetical;Kampagnenfinanzierung;8;09.06.2024 Bundesgesetz vom 29. September 2023 über eine sichere Stromversorgung mit erneuerbaren Energien (Änderung des Energiegesetzes und des Stromversorgungsgesetzes);;campaign_financing;Definitive Zahlen;natürliche Person;Zuwender/in: Hug Piero, Akteur/in: Bündnis für Natur und Landschaft Schweiz, Bern
de;1858;allowances;alphabetical;Kampagnenfinanzierung;6;09.06.2024 Für tiefere Prämien – Kostenbremse im Gesundheitswesen (Kostenbremse-Initiative);;campaign_financing;Definitive Zahlen;juristische Person oder Personengesellschaft;Zuwender/in: FMH Verbindung der Schweizer Ärztinnen und Ärzte, Akteur/in: Gesundheitswesen mit Zukunft, Bern
de;1859;allowances;alphabetical;Parteienfinanzierung;9;2023;;party_financing;;juristische Person oder Personengesellschaft;Zuwender/in: Klimaschutz Schweiz (Abstimmungskampagne 2023), Akteur/in: Die Mitte, Bern
de;1860;allowances;alphabetical;Parteienfinanzierung;9;2023;;party_financing;;juristische Person oder Personengesellschaft;Zuwender/in: Schweiz. Arbeitgeberverband (Wahlen 2023), Akteur/in: Die Mitte, Bern
de;1861;allowances;alphabetical;Parteienfinanzierung;9;2023;;party_financing;;juristische Person oder Personengesellschaft;Zuwender/in: Zürich Versicherungs Gesellschaft AG (Unterstützungsbeitrag 2023), Akteur/in: Die Mitte, Bern
de;1862;allowances;alphabetical;Parteienfinanzierung;9;2023;;party_financing;;juristische Person oder Personengesellschaft;Zuwender/in: Economiesuisse (Abstimmungskampagne 2022), Akteur/in: Die Mitte, Bern
de;1863;allowances;alphabetical;Parteienfinanzierung;9;2023;;party_financing;;juristische Person oder Personengesellschaft;Zuwender/in: Axa Versicherungen AG (Unterstützungsbeitrag 2023), Akteur/in: Die Mitte, Bern
de;1864;allowances;alphabetical;Parteienfinanzierung;9;2023;;party_financing;;juristische Person oder Personengesellschaft;Zuwender/in: Schweizerische Mobiliar Versicherungsgesellschaft AG (Unterstützungsbeitrag 2023), Akteur/in: Die Mitte, Bern
de;1865;allowances;alphabetical;Parteienfinanzierung;9;2023;;party_financing;;juristische Person oder Personengesellschaft;Zuwender/in: Raiffeisen Schweiz Genossenschaft (Unterstützungsbeitrag 2023), Akteur/in: Die Mitte, Bern
de;1866;allowances;alphabetical;Parteienfinanzierung;9;2023;;party_financing;;juristische Person oder Personengesellschaft;Zuwender/in: UBS AG (Unterstützungsbeitrag 2023), Akteur/in: Die Mitte, Bern
de;1867;allowances;alphabetical;Parteienfinanzierung;9;2023;;party_financing;;juristische Person oder Personengesellschaft;Zuwender/in: Helvetia Versicherungen (Unterstützungsbeitrag 2023), Akteur/in: Die Mitte, Bern
de;1868;allowances;alphabetical;Parteienfinanzierung;9;2023;;party_financing;;juristische Person oder Personengesellschaft;Zuwender/in: Schweizerischer Versicherungsverband ASA/SVV (Unterstützungsbeitrag 2023), Akteur/in: Die Mitte, Bern
de;1869;allowances;alphabetical;Parteienfinanzierung;9;2023;;party_financing;;juristische Person oder Personengesellschaft;Zuwender/in: Interpharma (Unterstützungsbeitrag 2023), Akteur/in: Die Mitte, Bern
de;1870;allowances;alphabetical;Parteienfinanzierung;9;2023;;party_financing;;juristische Person oder Personengesellschaft;Zuwender/in: Nestlé S.A. (Unterstützungsbeitrag 2023), Akteur/in: Die Mitte, Bern
de;1871;allowances;alphabetical;Parteienfinanzierung;9;2023;;party_financing;;juristische Person oder Personengesellschaft;Zuwender/in: Holcim Ltd. (Wahlen 2023), Akteur/in: Die Mitte, Bern
de;1872;allowances;alphabetical;Parteienfinanzierung;9;2023;;party_financing;;juristische Person oder Personengesellschaft;Zuwender/in: Groupe Mutuel (Unterstützungsbeitrag 2023), Akteur/in: Die Mitte, Bern
de;1873;allowances;alphabetical;Parteienfinanzierung;9;2023;;party_financing;;juristische Person oder Personengesellschaft;Zuwender/in: Banque Lombard Odier & Cie SA (Unterstützungsbeitrag 2023), Akteur/in: Die Mitte, Bern
de;1874;allowances;alphabetical;Parteienfinanzierung;9;2023;;party_financing;;juristische Person oder Personengesellschaft;Zuwender/in: Economiesuisse (Abstimmungskampagne 2023), Akteur/in: Die Mitte, Bern
de;1875;allowances;alphabetical;Parteienfinanzierung;9;2023;;party_financing;;juristische Person oder Personengesellschaft;Zuwender/in: Economiesuisse (Abstimmungskampagne 2023), Akteur/in: Die Mitte, Bern
de;1876;allowances;alphabetical;Parteienfinanzierung;9;2023;;party_financing;;juristische Person oder Personengesellschaft;Zuwender/in: Swiss Life AG (Unterstützungsbeitrag 2023), Akteur/in: Die Mitte, Bern
de;1877;allowances;alphabetical;Parteienfinanzierung;9;2023;;party_financing;;juristische Person oder Personengesellschaft;Zuwender/in: Economiesuisse (Unterstützungsbeitrag 2023), Akteur/in: Die Mitte, Bern
de;1878;allowances;alphabetical;Parteienfinanzierung;9;2023;;party_financing;;juristische Person oder Personengesellschaft;Zuwender/in: Schindler Management Ltd. (Unterstützungsbeitrag 2023), Akteur/in: Die Mitte, Bern
de;1879;allowances;alphabetical;Parteienfinanzierung;9;2023;;party_financing;;juristische Person oder Personengesellschaft;Zuwender/in: Roche Holding AG (Unterstützungsbeitrag 2023), Akteur/in: Die Mitte, Bern
de;1880;allowances;alphabetical;Parteienfinanzierung;9;2023;;party_financing;;juristische Person oder Personengesellschaft;Zuwender/in: Credit Suisse, Akteur/in: Die Mitte, Bern
de;1881;allowances;alphabetical;Parteienfinanzierung;9;2023;;party_financing;;juristische Person oder Personengesellschaft;Zuwender/in: auto-schweiz (Unterstützungsbeitrag 2023), Akteur/in: Die Mitte, Bern
de;1882;allowances;alphabetical;Parteienfinanzierung;9;2023;;party_financing;;juristische Person oder Personengesellschaft;Zuwender/in: Swiss International Air Lines Ltd. (Unterstützungsbeitrag 2023), Akteur/in: Die Mitte, Bern
de;1883;allowances;alphabetical;Parteienfinanzierung;9;2023;;party_financing;;juristische Person oder Personengesellschaft;Zuwender/in: Novartis International AG (Unterstützungsbeitrag 2023), Akteur/in: Die Mitte, Bern
de;1884;allowances;alphabetical;Parteienfinanzierung;9;2023;;party_financing;;juristische Person oder Personengesellschaft;Zuwender/in: Schweizerische Bankiervereinigung SBVg (Unterstützungsbeitrag 2023), Akteur/in: Die Mitte, Bern
de;1885;allowances;alphabetical;Parteienfinanzierung;9;2023;;party_financing;;juristische Person oder Personengesellschaft;Zuwender/in: DIE MITTE-FRAKTION. DIE MITTE. EVP. (Sonderbeitrag Wahlen 2023), Akteur/in: Die Mitte, Bern
de;1886;allowances;alphabetical;Parteienfinanzierung;9;2023;;party_financing;;juristische Person oder Personengesellschaft;Zuwender/in: Die Mitte Nidwalden (Kantonalbeitrag 2023), Akteur/in: Die Mitte, Bern
de;1887;allowances;alphabetical;Parteienfinanzierung;9;2023;;party_financing;;juristische Person oder Personengesellschaft;Zuwender/in: Le Centre Jura (Kantonalbeitrag 2023), Akteur/in: Die Mitte, Bern
de;1888;allowances;alphabetical;Parteienfinanzierung;9;2023;;party_financing;;juristische Person oder Personengesellschaft;Zuwender/in: Die Mitte Appenzell Ausserrhoden (Kantonalbeitrag 2023), Akteur/in: Die Mitte, Bern
de;1889;allowances;alphabetical;Parteienfinanzierung;9;2023;;party_financing;;juristische Person oder Personengesellschaft;Zuwender/in: Le Centre Genève (Kantonalbeitrag 2023), Akteur/in: Die Mitte, Bern
de;1890;allowances;alphabetical;Parteienfinanzierung;9;2023;;party_financing;;juristische Person oder Personengesellschaft;Zuwender/in: Die Mitte Basel-Stadt (Kantonalbeitrag 2023), Akteur/in: Die Mitte, Bern
de;1891;allowances;alphabetical;Parteienfinanzierung;9;2023;;party_financing;;juristische Person oder Personengesellschaft;Zuwender/in: Die Mitte Kanton Zürich (Kantonalbeitrag 2023), Akteur/in: Die Mitte, Bern
de;1892;allowances;alphabetical;Parteienfinanzierung;9;2023;;party_financing;;juristische Person oder Personengesellschaft;Zuwender/in: Die Mitte Graubünden (Kantonalbeitrag 2023), Akteur/in: Die Mitte, Bern
de;1893;allowances;alphabetical;Parteienfinanzierung;9;2023;;party_financing;;juristische Person oder Personengesellschaft;Zuwender/in: Die Mitte Solothurn (Kantonalbeitrag 2023), Akteur/in: Die Mitte, Bern
de;1894;allowances;alphabetical;Parteienfinanzierung;9;2023;;party_financing;;juristische Person oder Personengesellschaft;Zuwender/in: Die Mitte Aargau (Kantonalbeitrag 2023), Akteur/in: Die Mitte, Bern
de;1895;allowances;alphabetical;Parteienfinanzierung;9;2023;;party_financing;;juristische Person oder Personengesellschaft;Zuwender/in: neo - Die sozialliberale Mitte (Kantonalbeitrag 2023), Akteur/in: Die Mitte, Bern
de;1896;allowances;alphabetical;Parteienfinanzierung;9;2023;;party_financing;;juristische Person oder Personengesellschaft;Zuwender/in: die Mitte Kanton St. Gallen (Kantonalbeitrag 2023), Akteur/in: Die Mitte, Bern
de;1897;allowances;alphabetical;Parteienfinanzierung;9;2023;;party_financing;;juristische Person oder Personengesellschaft;Zuwender/in: CVP-Die Mitte Uri (Kantonalbeitrag 2023), Akteur/in: Die Mitte, Bern
de;1898;allowances;alphabetical;Parteienfinanzierung;9;2023;;party_financing;;juristische Person oder Personengesellschaft;Zuwender/in: Die Mitte Schwyz, Akteur/in: Die Mitte, Bern
de;1899;allowances;alphabetical;Parteienfinanzierung;9;2023;;party_financing;;juristische Person oder Personengesellschaft;Zuwender/in: Die Mitte Sense (Kantonalbeitrag 2023), Akteur/in: Die Mitte, Bern
de;19;allowances;alphabetical;Kampagnenfinanzierung;1;22.10.2023 Nationalratswahlen 2023;2023;campaign_financing;Budgetzahlen;juristische Person oder Personengesellschaft;Zuwender/in: Supporter-Club der FDP Graubünden, Akteur/in: Freisinnig-Demokratische Partei Graubünden, Chur
de;1900;allowances;alphabetical;Parteienfinanzierung;9;2023;;party_financing;;juristische Person oder Personengesellschaft;Zuwender/in: Die Mitte Appenzell Innerrhoden (Kantonalbeitrag 2023), Akteur/in: Die Mitte, Bern
de;1901;allowances;alphabetical;Parteienfinanzierung;9;2023;;party_financing;;juristische Person oder Personengesellschaft;Zuwender/in: Die Mitte Glarus (Kantonalbeitrag 2023), Akteur/in: Die Mitte, Bern
de;1902;allowances;alphabetical;Parteienfinanzierung;9;2023;;party_financing;;juristische Person oder Personengesellschaft;Zuwender/in: Die Mitte Kanton Zug (Kantonalbeitrag 2023), Akteur/in: Die Mitte, Bern
de;1903;allowances;alphabetical;Parteienfinanzierung;9;2023;;party_financing;;juristische Person oder Personengesellschaft;Zuwender/in: Le Centre Neuchâtel (Kantonalbeitrag 2023), Akteur/in: Die Mitte, Bern
de;1904;allowances;alphabetical;Parteienfinanzierung;9;2023;;party_financing;;juristische Person oder Personengesellschaft;Zuwender/in: Die Mitte Kanton Bern (Kantonalbeitrag 2023), Akteur/in: Die Mitte, Bern
de;1905;allowances;alphabetical;Parteienfinanzierung;9;2023;;party_financing;;juristische Person oder Personengesellschaft;Zuwender/in: Die Mitte Thurgau (Kantonalbeitrag 2023), Akteur/in: Die Mitte, Bern
de;1906;allowances;alphabetical;Parteienfinanzierung;9;2023;;party_financing;;juristische Person oder Personengesellschaft;Zuwender/in: Die Mitte Oberwallis (Kantonalbeitrag 2023), Akteur/in: Die Mitte, Bern
de;1907;allowances;alphabetical;Parteienfinanzierung;9;2023;;party_financing;;juristische Person oder Personengesellschaft;Zuwender/in: Le Centre Fribourg (Kantonalbeitrag 2023), Akteur/in: Die Mitte, Bern
de;1908;allowances;alphabetical;Parteienfinanzierung;9;2023;;party_financing;;juristische Person oder Personengesellschaft;Zuwender/in: Le Centre Valais romand (Kantonalbeitrag 2023), Akteur/in: Die Mitte, Bern
de;1909;allowances;alphabetical;Parteienfinanzierung;9;2023;;party_financing;;juristische Person oder Personengesellschaft;Zuwender/in: Die Mitte Kanton Luzern (Kantonalbeitrag 2023), Akteur/in: Die Mitte, Bern
de;1910;allowances;alphabetical;Parteienfinanzierung;9;2023;;party_financing;;juristische Person oder Personengesellschaft;Zuwender/in: CVP-Die Mitte Obwalden (Kantonalbeitrag 2023), Akteur/in: Die Mitte, Bern
de;1911;allowances;alphabetical;Parteienfinanzierung;9;2023;;party_financing;;juristische Person oder Personengesellschaft;Zuwender/in: Die Mitte Basel-Landschaft (Kantonalbeitrag 2023), Akteur/in: Die Mitte, Bern
de;1912;allowances;alphabetical;Parteienfinanzierung;9;2023;;party_financing;;juristische Person oder Personengesellschaft;Zuwender/in: Die Mitte Schaffhausen (Kantonalbeitrag 2023), Akteur/in: Die Mitte, Bern
de;1913;allowances;alphabetical;Parteienfinanzierung;9;2023;;party_financing;;juristische Person oder Personengesellschaft;Zuwender/in: Le Centre Vaud (Kantonalbeitrag 2023), Akteur/in: Die Mitte, Bern
de;1914;allowances;alphabetical;Parteienfinanzierung;9;2023;;party_financing;;juristische Person oder Personengesellschaft;Zuwender/in: il Centro (Kantonalbeitrag 2023), Akteur/in: Die Mitte, Bern
de;1923;allowances;alphabetical;Kampagnenfinanzierung;8;09.06.2024 Bundesgesetz vom 29. September 2023 über eine sichere Stromversorgung mit erneuerbaren Energien (Änderung des Energiegesetzes und des Stromversorgungsgesetzes);;campaign_financing;Definitive Zahlen;juristische Person oder Personengesellschaft;Zuwender/in: WWF Schweiz, Akteur/in: Schweizerische Energie-Stiftung, Zürich
de;1924;allowances;alphabetical;Kampagnenfinanzierung;8;09.06.2024 Bundesgesetz vom 29. September 2023 über eine sichere Stromversorgung mit erneuerbaren Energien (Änderung des Energiegesetzes und des Stromversorgungsgesetzes);;campaign_financing;Definitive Zahlen;juristische Person oder Personengesellschaft;Zuwender/in: Volkart Stiftung, Akteur/in: Schweizerische Energie-Stiftung, Zürich
de;1925;allowances;alphabetical;Kampagnenfinanzierung;8;09.06.2024 Bundesgesetz vom 29. September 2023 über eine sichere Stromversorgung mit erneuerbaren Energien (Änderung des Energiegesetzes und des Stromversorgungsgesetzes);;campaign_financing;Definitive Zahlen;juristische Person oder Personengesellschaft;Zuwender/in: Clima Now, Akteur/in: Schweizerische Energie-Stiftung, Zürich
de;1926;allowances;alphabetical;Kampagnenfinanzierung;8;09.06.2024 Bundesgesetz vom 29. September 2023 über eine sichere Stromversorgung mit erneuerbaren Energien (Änderung des Energiegesetzes und des Stromversorgungsgesetzes);;campaign_financing;Definitive Zahlen;juristische Person oder Personengesellschaft;Zuwender/in: Oak Foundation, Akteur/in: Schweizerische Energie-Stiftung, Zürich
de;1927;allowances;alphabetical;Kampagnenfinanzierung;8;09.06.2024 Bundesgesetz vom 29. September 2023 über eine sichere Stromversorgung mit erneuerbaren Energien (Änderung des Energiegesetzes und des Stromversorgungsgesetzes);;campaign_financing;Definitive Zahlen;juristische Person oder Personengesellschaft;Zuwender/in: Greenpeace, Akteur/in: Schweizerische Energie-Stiftung, Zürich
de;1928;allowances;alphabetical;Kampagnenfinanzierung;8;09.06.2024 Bundesgesetz vom 29. September 2023 über eine sichere Stromversorgung mit erneuerbaren Energien (Änderung des Energiegesetzes und des Stromversorgungsgesetzes);;campaign_financing;Definitive Zahlen;juristische Person oder Personengesellschaft;Zuwender/in: Solarspar, Akteur/in: Schweizerische Energie-Stiftung, Zürich
de;1929;allowances;alphabetical;Kampagnenfinanzierung;8;09.06.2024 Bundesgesetz vom 29. September 2023 über eine sichere Stromversorgung mit erneuerbaren Energien (Änderung des Energiegesetzes und des Stromversorgungsgesetzes);;campaign_financing;Definitive Zahlen;juristische Person oder Personengesellschaft;Zuwender/in: Schweizerische Energiestiftung, Akteur/in: Schweizerische Energie-Stiftung, Zürich
de;1946;allowances;alphabetical;Kampagnenfinanzierung;11;22.09.2024 Bundesgesetzes über die berufliche Alters-, Hinterlassenen- und Invalidenvorsorge (BVG) (Reform der beruflichen Vorsorge);;campaign_financing;Budgetzahlen;juristische Person oder Personengesellschaft;"Zuwender/in: economiesuisse, Akteur/in: Allianz ""Ja zur BVG-Reform"", Zürich"
de;1947;allowances;alphabetical;Kampagnenfinanzierung;11;22.09.2024 Bundesgesetzes über die berufliche Alters-, Hinterlassenen- und Invalidenvorsorge (BVG) (Reform der beruflichen Vorsorge);;campaign_financing;Budgetzahlen;juristische Person oder Personengesellschaft;"Zuwender/in: Schweizerischer Versicherungsverband, Akteur/in: Allianz ""Ja zur BVG-Reform"", Zürich"
de;1948;allowances;alphabetical;Kampagnenfinanzierung;11;22.09.2024 Bundesgesetzes über die berufliche Alters-, Hinterlassenen- und Invalidenvorsorge (BVG) (Reform der beruflichen Vorsorge);;campaign_financing;Budgetzahlen;juristische Person oder Personengesellschaft;"Zuwender/in: AXA Versicherungen, Akteur/in: Allianz ""Ja zur BVG-Reform"", Zürich"
de;1949;allowances;alphabetical;Kampagnenfinanzierung;11;22.09.2024 Bundesgesetzes über die berufliche Alters-, Hinterlassenen- und Invalidenvorsorge (BVG) (Reform der beruflichen Vorsorge);;campaign_financing;Budgetzahlen;juristische Person oder Personengesellschaft;"Zuwender/in: Asset Management Association Switzerland, Akteur/in: Allianz ""Ja zur BVG-Reform"", Zürich"
de;1950;allowances;alphabetical;Kampagnenfinanzierung;11;22.09.2024 Bundesgesetzes über die berufliche Alters-, Hinterlassenen- und Invalidenvorsorge (BVG) (Reform der beruflichen Vorsorge);;campaign_financing;Budgetzahlen;juristische Person oder Personengesellschaft;"Zuwender/in: Zürcher Handelskammer, Akteur/in: Allianz ""Ja zur BVG-Reform"", Zürich"
de;1951;allowances;alphabetical;Kampagnenfinanzierung;11;22.09.2024 Bundesgesetzes über die berufliche Alters-, Hinterlassenen- und Invalidenvorsorge (BVG) (Reform der beruflichen Vorsorge);;campaign_financing;Budgetzahlen;juristische Person oder Personengesellschaft;"Zuwender/in: Zürcher Handelskammer, Akteur/in: Allianz ""Ja zur BVG-Reform"", Zürich"
de;1952;allowances;alphabetical;Kampagnenfinanzierung;11;22.09.2024 Bundesgesetzes über die berufliche Alters-, Hinterlassenen- und Invalidenvorsorge (BVG) (Reform der beruflichen Vorsorge);;campaign_financing;Budgetzahlen;juristische Person oder Personengesellschaft;"Zuwender/in: Schweizerischer Arbeitgeberverband, Akteur/in: Allianz ""Ja zur BVG-Reform"", Zürich"
de;1953;allowances;alphabetical;Kampagnenfinanzierung;11;22.09.2024 Bundesgesetzes über die berufliche Alters-, Hinterlassenen- und Invalidenvorsorge (BVG) (Reform der beruflichen Vorsorge);;campaign_financing;Budgetzahlen;juristische Person oder Personengesellschaft;Zuwender/in: UNIA, Akteur/in: Schweizerischer Gewerkschaftsbund (SGB), Bern
de;1954;allowances;alphabetical;Kampagnenfinanzierung;11;22.09.2024 Bundesgesetzes über die berufliche Alters-, Hinterlassenen- und Invalidenvorsorge (BVG) (Reform der beruflichen Vorsorge);;campaign_financing;Budgetzahlen;juristische Person oder Personengesellschaft;Zuwender/in: SEV, Akteur/in: Schweizerischer Gewerkschaftsbund (SGB), Bern
de;1955;allowances;alphabetical;Kampagnenfinanzierung;11;22.09.2024 Bundesgesetzes über die berufliche Alters-, Hinterlassenen- und Invalidenvorsorge (BVG) (Reform der beruflichen Vorsorge);;campaign_financing;Budgetzahlen;juristische Person oder Personengesellschaft;Zuwender/in: Syndicom, Akteur/in: Schweizerischer Gewerkschaftsbund (SGB), Bern
de;1956;allowances;alphabetical;Kampagnenfinanzierung;11;22.09.2024 Bundesgesetzes über die berufliche Alters-, Hinterlassenen- und Invalidenvorsorge (BVG) (Reform der beruflichen Vorsorge);;campaign_financing;Budgetzahlen;juristische Person oder Personengesellschaft;Zuwender/in: VPOD, Akteur/in: Schweizerischer Gewerkschaftsbund (SGB), Bern
de;1957;allowances;alphabetical;Kampagnenfinanzierung;11;22.09.2024 Bundesgesetzes über die berufliche Alters-, Hinterlassenen- und Invalidenvorsorge (BVG) (Reform der beruflichen Vorsorge);;campaign_financing;Budgetzahlen;juristische Person oder Personengesellschaft;"Zuwender/in: Schweizerischer Versicherungsverband, Akteur/in: Allianz ""Ja zur BVG-Reform"", Zürich"
de;1958;allowances;alphabetical;Kampagnenfinanzierung;11;22.09.2024 Bundesgesetzes über die berufliche Alters-, Hinterlassenen- und Invalidenvorsorge (BVG) (Reform der beruflichen Vorsorge);;campaign_financing;Budgetzahlen;juristische Person oder Personengesellschaft;"Zuwender/in: AXA Versicherungen, Akteur/in: Allianz ""Ja zur BVG-Reform"", Zürich"
de;196;allowances;alphabetical;Kampagnenfinanzierung;1;22.10.2023 Nationalratswahlen 2023;2023;campaign_financing;Budgetzahlen;juristische Person oder Personengesellschaft;Zuwender/in: SP Schweiz, Akteur/in: Sozialdemokratische Partei des Kantons Zürich, Zürich
de;197;allowances;alphabetical;Kampagnenfinanzierung;1;22.10.2023 Nationalratswahlen 2023;2023;campaign_financing;Budgetzahlen;juristische Person oder Personengesellschaft;Zuwender/in: SP Schweiz, Akteur/in: Sozialdemokratische Partei des Kantons Zürich, Zürich
de;198;allowances;alphabetical;Kampagnenfinanzierung;1;22.10.2023 Nationalratswahlen 2023;2023;campaign_financing;Budgetzahlen;juristische Person oder Personengesellschaft;Zuwender/in: SP Schweiz, Akteur/in: Sozialdemokratische Partei des Kantons Zürich, Zürich
de;1980;allowances;alphabetical;Kampagnenfinanzierung;13;24.11.2024 Änderung vom 29. September 2023 des Obligationenrechts (Mietrecht: Untermiete);;campaign_financing;Budgetzahlen;juristische Person oder Personengesellschaft;Zuwender/in: Hauseigentümerverband Schweiz, Akteur/in: Hauseigentümerverband Aargau, Baden
de;1986;allowances;alphabetical;Kampagnenfinanzierung;14;24.11.2024 Änderung vom 29. September 2023 des Obligationenrechts (Mietrecht: Kündigung wegen Eigenbedarfs);;campaign_financing;Budgetzahlen;juristische Person oder Personengesellschaft;Zuwender/in: Hauseigentümerverband Schweiz, Akteur/in: Hauseigentümerverband Aargau, Baden
de;1987;allowances;alphabetical;Kampagnenfinanzierung;12;24.11.2024 Bundesbeschluss vom 29. September 2023 über den Ausbauschritt 2023 für die Nationalstrassen;2024;campaign_financing;Budgetzahlen;natürliche Person;Zuwender/in: Werenfels Christine, Akteur/in: Greenpeace Schweiz, Zürich
de;199;allowances;alphabetical;Kampagnenfinanzierung;1;22.10.2023 Nationalratswahlen 2023;2023;campaign_financing;Budgetzahlen;natürliche Person;Zuwender/in: Burkhard Kroeber Carmita, Akteur/in: Les Vert-e-s neuchâtelois-es, Neuchâtel
de;2;allowances;alphabetical;Kampagnenfinanzierung;1;22.10.2023 Nationalratswahlen 2023;2023;campaign_financing;Budgetzahlen;juristische Person oder Personengesellschaft;Zuwender/in: SP Kanton Zürich, Akteur/in: Jungsozialist*innen des Kantons Zürich, Zürich
de;20;allowances;alphabetical;Kampagnenfinanzierung;1;22.10.2023 Nationalratswahlen 2023;2023;campaign_financing;Budgetzahlen;juristische Person oder Personengesellschaft;Zuwender/in: Supporter-Club der FDP Graubünden, Akteur/in: Freisinnig-Demokratische Partei Graubünden, Chur
de;200;allowances;alphabetical;Kampagnenfinanzierung;1;22.10.2023 Nationalratswahlen 2023;2023;campaign_financing;Budgetzahlen;juristische Person oder Personengesellschaft;Zuwender/in: Gönnervereinigung der Mitte Kanton Bern, Akteur/in: Die Mitte Kanton Bern, Bern
de;201;allowances;alphabetical;Kampagnenfinanzierung;1;22.10.2023 Nationalratswahlen 2023;2023;campaign_financing;Budgetzahlen;natürliche Person;Zuwender/in: Burkard Carmita, Akteur/in: Grüne Aargau, Aarau
de;2016;allowances;alphabetical;Kampagnenfinanzierung;15;24.11.2024 Änderung vom 22. Dezember 2023 des Bundesgesetzes über die Krankenversicherung (Einheitliche Finanzierung der Leistungen);;campaign_financing;Budgetzahlen;juristische Person oder Personengesellschaft;Zuwender/in: VPOD - Verband des Personals öffentlicher Dienste, Akteur/in: Schweizerischer Gewerkschaftsbund (SGB), Bern
de;2017;allowances;alphabetical;Kampagnenfinanzierung;15;24.11.2024 Änderung vom 22. Dezember 2023 des Bundesgesetzes über die Krankenversicherung (Einheitliche Finanzierung der Leistungen);;campaign_financing;Budgetzahlen;juristische Person oder Personengesellschaft;Zuwender/in: UNIA, Akteur/in: Schweizerischer Gewerkschaftsbund (SGB), Bern
de;2018;allowances;alphabetical;Kampagnenfinanzierung;15;24.11.2024 Änderung vom 22. Dezember 2023 des Bundesgesetzes über die Krankenversicherung (Einheitliche Finanzierung der Leistungen);;campaign_financing;Budgetzahlen;juristische Person oder Personengesellschaft;Zuwender/in: SEV, Akteur/in: Schweizerischer Gewerkschaftsbund (SGB), Bern
de;2019;allowances;alphabetical;Kampagnenfinanzierung;15;24.11.2024 Änderung vom 22. Dezember 2023 des Bundesgesetzes über die Krankenversicherung (Einheitliche Finanzierung der Leistungen);;campaign_financing;Budgetzahlen;juristische Person oder Personengesellschaft;Zuwender/in: Syndicom, Akteur/in: Schweizerischer Gewerkschaftsbund (SGB), Bern
de;202;allowances;alphabetical;Kampagnenfinanzierung;1;22.10.2023 Nationalratswahlen 2023;2023;campaign_financing;Budgetzahlen;juristische Person oder Personengesellschaft;Zuwender/in: Greenpeace Schweiz, Akteur/in: Umweltallianz, Zürich
de;2020;allowances;alphabetical;Kampagnenfinanzierung;15;24.11.2024 Änderung vom 22. Dezember 2023 des Bundesgesetzes über die Krankenversicherung (Einheitliche Finanzierung der Leistungen);;campaign_financing;Budgetzahlen;juristische Person oder Personengesellschaft;Zuwender/in: SGB - Schweizerischer Gewerkschaftsbund, Akteur/in: Schweizerischer Gewerkschaftsbund (SGB), Bern
de;203;allowances;alphabetical;Kampagnenfinanzierung;1;22.10.2023 Nationalratswahlen 2023;2023;campaign_financing;Budgetzahlen;juristische Person oder Personengesellschaft;Zuwender/in: Pro Natura, Akteur/in: Umweltallianz, Zürich
de;204;allowances;alphabetical;Kampagnenfinanzierung;1;22.10.2023 Nationalratswahlen 2023;2023;campaign_financing;Budgetzahlen;juristische Person oder Personengesellschaft;Zuwender/in: Pro Natura, Akteur/in: Umweltallianz, Zürich
de;2045;allowances;alphabetical;Kampagnenfinanzierung;15;24.11.2024 Änderung vom 22. Dezember 2023 des Bundesgesetzes über die Krankenversicherung (Einheitliche Finanzierung der Leistungen);;campaign_financing;Budgetzahlen;juristische Person oder Personengesellschaft;Zuwender/in: Schweizerischer Verband der Personals öffentlicher Dienste, Akteur/in: Schweizerischer Verband des Personals öffentlicher Dienste (V.P.O.D.), Zürich
de;2047;allowances;alphabetical;Kampagnenfinanzierung;14;24.11.2024 Änderung vom 29. September 2023 des Obligationenrechts (Mietrecht: Kündigung wegen Eigenbedarfs);;campaign_financing;Budgetzahlen;juristische Person oder Personengesellschaft;Zuwender/in: Hauseigentümerverband Schweiz, Akteur/in: HEV Kanton Zürich, Zürich
de;2048;allowances;alphabetical;Kampagnenfinanzierung;13;24.11.2024 Änderung vom 29. September 2023 des Obligationenrechts (Mietrecht: Untermiete);;campaign_financing;Budgetzahlen;juristische Person oder Personengesellschaft;Zuwender/in: Hauseigentümerverband Schweiz, Akteur/in: HEV Kanton Zürich, Zürich
de;2049;allowances;alphabetical;Kampagnenfinanzierung;12;24.11.2024 Bundesbeschluss vom 29. September 2023 über den Ausbauschritt 2023 für die Nationalstrassen;2024;campaign_financing;Budgetzahlen;juristische Person oder Personengesellschaft;"Zuwender/in: KGV St.Gallen, Akteur/in: Überparteiliches Komitee ""Ja zur Sicherung der Nationalstrassen SG/TG"", St. Gallen"
de;205;allowances;alphabetical;Kampagnenfinanzierung;1;22.10.2023 Nationalratswahlen 2023;2023;campaign_financing;Budgetzahlen;juristische Person oder Personengesellschaft;Zuwender/in: VCS Verkehrs-Club der Schweiz, Akteur/in: Umweltallianz, Zürich
de;2050;allowances;alphabetical;Kampagnenfinanzierung;12;24.11.2024 Bundesbeschluss vom 29. September 2023 über den Ausbauschritt 2023 für die Nationalstrassen;2024;campaign_financing;Budgetzahlen;juristische Person oder Personengesellschaft;"Zuwender/in: IG Engpassbeseitigung, Akteur/in: Überparteiliches Komitee ""Ja zur Sicherung der Nationalstrassen SG/TG"", St. Gallen"
de;2051;allowances;alphabetical;Kampagnenfinanzierung;12;24.11.2024 Bundesbeschluss vom 29. September 2023 über den Ausbauschritt 2023 für die Nationalstrassen;2024;campaign_financing;Budgetzahlen;juristische Person oder Personengesellschaft;"Zuwender/in: Thurgauer Gewerbeverband TGV, Akteur/in: Überparteiliches Komitee ""Ja zur Sicherung der Nationalstrassen SG/TG"", St. Gallen"
de;2052;allowances;alphabetical;Kampagnenfinanzierung;12;24.11.2024 Bundesbeschluss vom 29. September 2023 über den Ausbauschritt 2023 für die Nationalstrassen;2024;campaign_financing;Budgetzahlen;juristische Person oder Personengesellschaft;"Zuwender/in: TCS St.Gallen-Appenzell AI, Akteur/in: Überparteiliches Komitee ""Ja zur Sicherung der Nationalstrassen SG/TG"", St. Gallen"
de;2053;allowances;alphabetical;Kampagnenfinanzierung;12;24.11.2024 Bundesbeschluss vom 29. September 2023 über den Ausbauschritt 2023 für die Nationalstrassen;2024;campaign_financing;Budgetzahlen;juristische Person oder Personengesellschaft;"Zuwender/in: ACS St.Gallen, Akteur/in: Überparteiliches Komitee ""Ja zur Sicherung der Nationalstrassen SG/TG"", St. Gallen"
de;2054;allowances;alphabetical;Kampagnenfinanzierung;12;24.11.2024 Bundesbeschluss vom 29. September 2023 über den Ausbauschritt 2023 für die Nationalstrassen;2024;campaign_financing;Budgetzahlen;juristische Person oder Personengesellschaft;"Zuwender/in: AGVS SG-AR-AI-FL, Akteur/in: Überparteiliches Komitee ""Ja zur Sicherung der Nationalstrassen SG/TG"", St. Gallen"
de;2055;allowances;alphabetical;Kampagnenfinanzierung;12;24.11.2024 Bundesbeschluss vom 29. September 2023 über den Ausbauschritt 2023 für die Nationalstrassen;2024;campaign_financing;Budgetzahlen;juristische Person oder Personengesellschaft;"Zuwender/in: Gewerbe Stadt St.Gallen, Akteur/in: Überparteiliches Komitee ""Ja zur Sicherung der Nationalstrassen SG/TG"", St. Gallen"
de;2056;allowances;alphabetical;Kampagnenfinanzierung;12;24.11.2024 Bundesbeschluss vom 29. September 2023 über den Ausbauschritt 2023 für die Nationalstrassen;2024;campaign_financing;Budgetzahlen;juristische Person oder Personengesellschaft;"Zuwender/in: Wirtschaftregion St.Gallen WISG, Akteur/in: Überparteiliches Komitee ""Ja zur Sicherung der Nationalstrassen SG/TG"", St. Gallen"
de;2057;allowances;alphabetical;Kampagnenfinanzierung;12;24.11.2024 Bundesbeschluss vom 29. September 2023 über den Ausbauschritt 2023 für die Nationalstrassen;2024;campaign_financing;Budgetzahlen;juristische Person oder Personengesellschaft;"Zuwender/in: HEV Stadt St.Gallen, Akteur/in: Überparteiliches Komitee ""Ja zur Sicherung der Nationalstrassen SG/TG"", St. Gallen"
de;2058;allowances;alphabetical;Kampagnenfinanzierung;13;24.11.2024 Änderung vom 29. September 2023 des Obligationenrechts (Mietrecht: Untermiete);;campaign_financing;Budgetzahlen;juristische Person oder Personengesellschaft;Zuwender/in: Hauseigentümerverband Schweiz, Akteur/in: Hauseigentümerverband Kanton Bern, Bern
de;2059;allowances;alphabetical;Kampagnenfinanzierung;14;24.11.2024 Änderung vom 29. September 2023 des Obligationenrechts (Mietrecht: Kündigung wegen Eigenbedarfs);;campaign_financing;Budgetzahlen;juristische Person oder Personengesellschaft;Zuwender/in: Hauseigentümerverband Schweiz, Akteur/in: Hauseigentümerverband Kanton Bern, Bern
de;206;allowances;alphabetical;Kampagnenfinanzierung;1;22.10.2023 Nationalratswahlen 2023;2023;campaign_financing;Budgetzahlen;juristische Person oder Personengesellschaft;Zuwender/in: VCS Verkehrs-Club der Schweiz, Akteur/in: Umweltallianz, Zürich
de;2060;allowances;alphabetical;Kampagnenfinanzierung;12;24.11.2024 Bundesbeschluss vom 29. September 2023 über den Ausbauschritt 2023 für die Nationalstrassen;2024;campaign_financing;Budgetzahlen;juristische Person oder Personengesellschaft;Zuwender/in: umverkehR, Akteur/in: umverkehR, Zürich
de;207;allowances;alphabetical;Kampagnenfinanzierung;1;22.10.2023 Nationalratswahlen 2023;2023;campaign_financing;Budgetzahlen;juristische Person oder Personengesellschaft;Zuwender/in: WWF Schweiz, Akteur/in: WWF Schweiz, Zürich
de;208;allowances;alphabetical;Kampagnenfinanzierung;1;22.10.2023 Nationalratswahlen 2023;2023;campaign_financing;Budgetzahlen;juristische Person oder Personengesellschaft;Zuwender/in: Arbeitgeberverband Region Basel, Akteur/in: Schenker Saskia, Itingen
de;209;allowances;alphabetical;Kampagnenfinanzierung;1;22.10.2023 Nationalratswahlen 2023;2023;campaign_financing;Budgetzahlen;juristische Person oder Personengesellschaft;Zuwender/in: Treffpunkt AR plus, Akteur/in: Schweizerische Volkspartei von Appenzell Ausserrhoden, Schönengrund
de;211;allowances;alphabetical;Kampagnenfinanzierung;1;22.10.2023 Nationalratswahlen 2023;2023;campaign_financing;Budgetzahlen;juristische Person oder Personengesellschaft;Zuwender/in: SUITO 1833, Akteur/in: FDP.Die Liberalen Kanton Schwyz, Gersau
de;212;allowances;alphabetical;Kampagnenfinanzierung;1;22.10.2023 Nationalratswahlen 2023;2023;campaign_financing;Budgetzahlen;juristische Person oder Personengesellschaft;Zuwender/in: Schweizerischer Gewerbeverband, Akteur/in: Schweizerische Volkspartei von Appenzell Ausserrhoden, Schönengrund
de;213;allowances;alphabetical;Kampagnenfinanzierung;1;22.10.2023 Nationalratswahlen 2023;2023;campaign_financing;Budgetzahlen;juristische Person oder Personengesellschaft;Zuwender/in: Freunde der FDP des Kantons Schwyz, Akteur/in: FDP.Die Liberalen Kanton Schwyz, Gersau
de;217;allowances;alphabetical;Kampagnenfinanzierung;1;22.10.2023 Nationalratswahlen 2023;2023;campaign_financing;Budgetzahlen;natürliche Person;Zuwender/in: Burkard Carmita, Akteur/in: Les Vert.e.s, mouvement écologiste vaudois, Lausanne
de;22;allowances;alphabetical;Kampagnenfinanzierung;1;22.10.2023 Nationalratswahlen 2023;2023;campaign_financing;Budgetzahlen;juristische Person oder Personengesellschaft;Zuwender/in: Evangelische Volkspartei der Schweiz, Akteur/in: Evangelische Volkspartei des Kantons Aargau, Aarau
de;221;allowances;alphabetical;Kampagnenfinanzierung;1;22.10.2023 Nationalratswahlen 2023;2023;campaign_financing;Budgetzahlen;natürliche Person;Zuwender/in: Vietze Kristiane, Akteur/in: Kris nach Bern, Frauenfeld
de;2214;allowances;alphabetical;Kampagnenfinanzierung;12;24.11.2024 Bundesbeschluss vom 29. September 2023 über den Ausbauschritt 2023 für die Nationalstrassen;2024;campaign_financing;Budgetzahlen;juristische Person oder Personengesellschaft;Zuwender/in: TCS Sektion Zürich, Akteur/in: KMU- und Gewerbeverband Kanton Zürich, Zürich
de;222;allowances;alphabetical;Kampagnenfinanzierung;1;22.10.2023 Nationalratswahlen 2023;2023;campaign_financing;Budgetzahlen;juristische Person oder Personengesellschaft;Zuwender/in: COMITE DE COORDINATION DES ASSOCIATIONS ECONOMIQUES GENEVE, Akteur/in: Union Démocratique du Centre, Genève, Les Acacias
de;2220;allowances;alphabetical;Kampagnenfinanzierung;12;24.11.2024 Bundesbeschluss vom 29. September 2023 über den Ausbauschritt 2023 für die Nationalstrassen;2024;campaign_financing;Budgetzahlen;juristische Person oder Personengesellschaft;Zuwender/in: Centre Patronal, Akteur/in: Oui à la troisième voie – Assurer le futur des routes nationales, Paudex
de;2221;allowances;alphabetical;Kampagnenfinanzierung;12;24.11.2024 Bundesbeschluss vom 29. September 2023 über den Ausbauschritt 2023 für die Nationalstrassen;2024;campaign_financing;Budgetzahlen;juristische Person oder Personengesellschaft;Zuwender/in: FER-Genève, Akteur/in: Oui à la troisième voie – Assurer le futur des routes nationales, Paudex
de;2222;allowances;alphabetical;Kampagnenfinanzierung;12;24.11.2024 Bundesbeschluss vom 29. September 2023 über den Ausbauschritt 2023 für die Nationalstrassen;2024;campaign_financing;Budgetzahlen;juristische Person oder Personengesellschaft;Zuwender/in: CCIG, Akteur/in: Oui à la troisième voie – Assurer le futur des routes nationales, Paudex
de;2223;allowances;alphabetical;Kampagnenfinanzierung;12;24.11.2024 Bundesbeschluss vom 29. September 2023 über den Ausbauschritt 2023 für die Nationalstrassen;2024;campaign_financing;Budgetzahlen;juristische Person oder Personengesellschaft;Zuwender/in: CVCI, Akteur/in: Oui à la troisième voie – Assurer le futur des routes nationales, Paudex
de;2224;allowances;alphabetical;Kampagnenfinanzierung;12;24.11.2024 Bundesbeschluss vom 29. September 2023 über den Ausbauschritt 2023 für die Nationalstrassen;2024;campaign_financing;Budgetzahlen;juristische Person oder Personengesellschaft;Zuwender/in: FVE (fédération vaudoise des entrepreneurs), Akteur/in: Oui à la troisième voie – Assurer le futur des routes nationales, Paudex
de;2235;allowances;alphabetical;Kampagnenfinanzierung;12;24.11.2024 Bundesbeschluss vom 29. September 2023 über den Ausbauschritt 2023 für die Nationalstrassen;2024;campaign_financing;Budgetzahlen;juristische Person oder Personengesellschaft;Zuwender/in: TCS, Akteur/in: Ja zur Sicherung der Nationalstrassen, Bern
de;2236;allowances;alphabetical;Kampagnenfinanzierung;12;24.11.2024 Bundesbeschluss vom 29. September 2023 über den Ausbauschritt 2023 für die Nationalstrassen;2024;campaign_financing;Budgetzahlen;juristische Person oder Personengesellschaft;Zuwender/in: auto schweiz, Akteur/in: Ja zur Sicherung der Nationalstrassen, Bern
de;2237;allowances;alphabetical;Kampagnenfinanzierung;12;24.11.2024 Bundesbeschluss vom 29. September 2023 über den Ausbauschritt 2023 für die Nationalstrassen;2024;campaign_financing;Budgetzahlen;juristische Person oder Personengesellschaft;Zuwender/in: Astag, Akteur/in: Ja zur Sicherung der Nationalstrassen, Bern
de;2238;allowances;alphabetical;Kampagnenfinanzierung;12;24.11.2024 Bundesbeschluss vom 29. September 2023 über den Ausbauschritt 2023 für die Nationalstrassen;2024;campaign_financing;Budgetzahlen;juristische Person oder Personengesellschaft;Zuwender/in: AGVS, Akteur/in: Ja zur Sicherung der Nationalstrassen, Bern
de;2239;allowances;alphabetical;Kampagnenfinanzierung;12;24.11.2024 Bundesbeschluss vom 29. September 2023 über den Ausbauschritt 2023 für die Nationalstrassen;2024;campaign_financing;Budgetzahlen;juristische Person oder Personengesellschaft;Zuwender/in: Schweizerischer Baumeisterverband, Akteur/in: Ja zur Sicherung der Nationalstrassen, Bern
de;2240;allowances;alphabetical;Kampagnenfinanzierung;12;24.11.2024 Bundesbeschluss vom 29. September 2023 über den Ausbauschritt 2023 für die Nationalstrassen;2024;campaign_financing;Budgetzahlen;juristische Person oder Personengesellschaft;Zuwender/in: strasseschweiz, Akteur/in: Ja zur Sicherung der Nationalstrassen, Bern
de;2241;allowances;alphabetical;Kampagnenfinanzierung;12;24.11.2024 Bundesbeschluss vom 29. September 2023 über den Ausbauschritt 2023 für die Nationalstrassen;2024;campaign_financing;Budgetzahlen;juristische Person oder Personengesellschaft;Zuwender/in: Infra Suisse, Akteur/in: Ja zur Sicherung der Nationalstrassen, Bern
de;2242;allowances;alphabetical;Kampagnenfinanzierung;12;24.11.2024 Bundesbeschluss vom 29. September 2023 über den Ausbauschritt 2023 für die Nationalstrassen;2024;campaign_financing;Budgetzahlen;juristische Person oder Personengesellschaft;Zuwender/in: ACS, Akteur/in: Ja zur Sicherung der Nationalstrassen, Bern
de;2243;allowances;alphabetical;Kampagnenfinanzierung;12;24.11.2024 Bundesbeschluss vom 29. September 2023 über den Ausbauschritt 2023 für die Nationalstrassen;2024;campaign_financing;Budgetzahlen;juristische Person oder Personengesellschaft;Zuwender/in: Les Routiers Suisses, Akteur/in: Ja zur Sicherung der Nationalstrassen, Bern
de;2244;allowances;alphabetical;Kampagnenfinanzierung;12;24.11.2024 Bundesbeschluss vom 29. September 2023 über den Ausbauschritt 2023 für die Nationalstrassen;2024;campaign_financing;Budgetzahlen;juristische Person oder Personengesellschaft;Zuwender/in: Fer Genève, Akteur/in: Ja zur Sicherung der Nationalstrassen, Bern
de;2245;allowances;alphabetical;Kampagnenfinanzierung;12;24.11.2024 Bundesbeschluss vom 29. September 2023 über den Ausbauschritt 2023 für die Nationalstrassen;2024;campaign_financing;Budgetzahlen;juristische Person oder Personengesellschaft;Zuwender/in: economiesuisse, Akteur/in: Ja zur Sicherung der Nationalstrassen, Bern
de;2246;allowances;alphabetical;Kampagnenfinanzierung;12;24.11.2024 Bundesbeschluss vom 29. September 2023 über den Ausbauschritt 2023 für die Nationalstrassen;2024;campaign_financing;Budgetzahlen;juristische Person oder Personengesellschaft;Zuwender/in: Centre Patronal, Akteur/in: Ja zur Sicherung der Nationalstrassen, Bern
de;2247;allowances;alphabetical;Kampagnenfinanzierung;12;24.11.2024 Bundesbeschluss vom 29. September 2023 über den Ausbauschritt 2023 für die Nationalstrassen;2024;campaign_financing;Budgetzahlen;juristische Person oder Personengesellschaft;Zuwender/in: Scvhweizerischer Gewerbeverband sgv, Akteur/in: Ja zur Sicherung der Nationalstrassen, Bern
de;2248;allowances;alphabetical;Kampagnenfinanzierung;12;24.11.2024 Bundesbeschluss vom 29. September 2023 über den Ausbauschritt 2023 für die Nationalstrassen;2024;campaign_financing;Budgetzahlen;juristische Person oder Personengesellschaft;Zuwender/in: TCS, Akteur/in: Ja zur Sicherung der Nationalstrassen, Bern
de;2249;allowances;alphabetical;Kampagnenfinanzierung;12;24.11.2024 Bundesbeschluss vom 29. September 2023 über den Ausbauschritt 2023 für die Nationalstrassen;2024;campaign_financing;Budgetzahlen;juristische Person oder Personengesellschaft;Zuwender/in: auto-schweiz, Akteur/in: Ja zur Sicherung der Nationalstrassen, Bern
de;225;allowances;alphabetical;Kampagnenfinanzierung;1;22.10.2023 Nationalratswahlen 2023;2023;campaign_financing;Budgetzahlen;juristische Person oder Personengesellschaft;Zuwender/in: Schweizerische Energiestiftung SES, Akteur/in: Umweltallianz, Zürich
de;2250;allowances;alphabetical;Kampagnenfinanzierung;12;24.11.2024 Bundesbeschluss vom 29. September 2023 über den Ausbauschritt 2023 für die Nationalstrassen;2024;campaign_financing;Budgetzahlen;juristische Person oder Personengesellschaft;Zuwender/in: ASTAG, Akteur/in: Ja zur Sicherung der Nationalstrassen, Bern
de;2251;allowances;alphabetical;Kampagnenfinanzierung;12;24.11.2024 Bundesbeschluss vom 29. September 2023 über den Ausbauschritt 2023 für die Nationalstrassen;2024;campaign_financing;Budgetzahlen;juristische Person oder Personengesellschaft;Zuwender/in: AGVS, Akteur/in: Ja zur Sicherung der Nationalstrassen, Bern
de;2252;allowances;alphabetical;Kampagnenfinanzierung;12;24.11.2024 Bundesbeschluss vom 29. September 2023 über den Ausbauschritt 2023 für die Nationalstrassen;2024;campaign_financing;Budgetzahlen;juristische Person oder Personengesellschaft;Zuwender/in: strasseschweiz, Akteur/in: Ja zur Sicherung der Nationalstrassen, Bern
de;2253;allowances;alphabetical;Kampagnenfinanzierung;12;24.11.2024 Bundesbeschluss vom 29. September 2023 über den Ausbauschritt 2023 für die Nationalstrassen;2024;campaign_financing;Budgetzahlen;juristische Person oder Personengesellschaft;Zuwender/in: ACS, Akteur/in: Ja zur Sicherung der Nationalstrassen, Bern
de;2254;allowances;alphabetical;Kampagnenfinanzierung;12;24.11.2024 Bundesbeschluss vom 29. September 2023 über den Ausbauschritt 2023 für die Nationalstrassen;2024;campaign_financing;Budgetzahlen;juristische Person oder Personengesellschaft;Zuwender/in: Schweizerischer Gewerbeverband sgv, Akteur/in: Ja zur Sicherung der Nationalstrassen, Bern
de;2255;allowances;alphabetical;Kampagnenfinanzierung;12;24.11.2024 Bundesbeschluss vom 29. September 2023 über den Ausbauschritt 2023 für die Nationalstrassen;2024;campaign_financing;Budgetzahlen;juristische Person oder Personengesellschaft;Zuwender/in: Handelskammer beider Basel, Akteur/in: Ja zur Sicherung der Nationalstrassen, Bern
de;2256;allowances;alphabetical;Kampagnenfinanzierung;12;24.11.2024 Bundesbeschluss vom 29. September 2023 über den Ausbauschritt 2023 für die Nationalstrassen;2024;campaign_financing;Budgetzahlen;juristische Person oder Personengesellschaft;Zuwender/in: Handelskammer beider Basel, Akteur/in: Ja zur Sicherung der Nationalstrassen, Bern
de;2257;allowances;alphabetical;Kampagnenfinanzierung;12;24.11.2024 Bundesbeschluss vom 29. September 2023 über den Ausbauschritt 2023 für die Nationalstrassen;2024;campaign_financing;Budgetzahlen;juristische Person oder Personengesellschaft;Zuwender/in: Wirtschaftskammer Baselland, Akteur/in: Ja zur Sicherung der Nationalstrassen, Bern
de;2258;allowances;alphabetical;Kampagnenfinanzierung;12;24.11.2024 Bundesbeschluss vom 29. September 2023 über den Ausbauschritt 2023 für die Nationalstrassen;2024;campaign_financing;Budgetzahlen;juristische Person oder Personengesellschaft;Zuwender/in: Wirtschaftskammer Baselland, Akteur/in: Ja zur Sicherung der Nationalstrassen, Bern
de;2259;allowances;alphabetical;Kampagnenfinanzierung;12;24.11.2024 Bundesbeschluss vom 29. September 2023 über den Ausbauschritt 2023 für die Nationalstrassen;2024;campaign_financing;Budgetzahlen;juristische Person oder Personengesellschaft;Zuwender/in: Bündner Gewerbeverband, Akteur/in: Ja zur Sicherung der Nationalstrassen, Bern
de;226;allowances;alphabetical;Kampagnenfinanzierung;1;22.10.2023 Nationalratswahlen 2023;2023;campaign_financing;Budgetzahlen;juristische Person oder Personengesellschaft;Zuwender/in: Schweizerische Energiestiftung SES, Akteur/in: Umweltallianz, Zürich
de;2260;allowances;alphabetical;Kampagnenfinanzierung;12;24.11.2024 Bundesbeschluss vom 29. September 2023 über den Ausbauschritt 2023 für die Nationalstrassen;2024;campaign_financing;Budgetzahlen;juristische Person oder Personengesellschaft;Zuwender/in: Bündener Gewerbeverbad, Akteur/in: Ja zur Sicherung der Nationalstrassen, Bern
de;2261;allowances;alphabetical;Kampagnenfinanzierung;12;24.11.2024 Bundesbeschluss vom 29. September 2023 über den Ausbauschritt 2023 für die Nationalstrassen;2024;campaign_financing;Budgetzahlen;juristische Person oder Personengesellschaft;Zuwender/in: Freiburger Arbeitgeberverband, Akteur/in: Ja zur Sicherung der Nationalstrassen, Bern
de;2262;allowances;alphabetical;Kampagnenfinanzierung;12;24.11.2024 Bundesbeschluss vom 29. September 2023 über den Ausbauschritt 2023 für die Nationalstrassen;2024;campaign_financing;Budgetzahlen;juristische Person oder Personengesellschaft;Zuwender/in: Freiburger Arbeitgeberverband, Akteur/in: Ja zur Sicherung der Nationalstrassen, Bern
de;2263;allowances;alphabetical;Kampagnenfinanzierung;12;24.11.2024 Bundesbeschluss vom 29. September 2023 über den Ausbauschritt 2023 für die Nationalstrassen;2024;campaign_financing;Budgetzahlen;juristische Person oder Personengesellschaft;Zuwender/in: Unam, Akteur/in: Ja zur Sicherung der Nationalstrassen, Bern
de;2264;allowances;alphabetical;Kampagnenfinanzierung;12;24.11.2024 Bundesbeschluss vom 29. September 2023 über den Ausbauschritt 2023 für die Nationalstrassen;2024;campaign_financing;Budgetzahlen;juristische Person oder Personengesellschaft;Zuwender/in: Unam, Akteur/in: Ja zur Sicherung der Nationalstrassen, Bern
de;2265;allowances;alphabetical;Kampagnenfinanzierung;12;24.11.2024 Bundesbeschluss vom 29. September 2023 über den Ausbauschritt 2023 für die Nationalstrassen;2024;campaign_financing;Budgetzahlen;juristische Person oder Personengesellschaft;Zuwender/in: TCS Sektion Bern, Akteur/in: Ja zur Sicherung der Nationalstrassen, Bern
de;2266;allowances;alphabetical;Kampagnenfinanzierung;12;24.11.2024 Bundesbeschluss vom 29. September 2023 über den Ausbauschritt 2023 für die Nationalstrassen;2024;campaign_financing;Budgetzahlen;juristische Person oder Personengesellschaft;Zuwender/in: Berner KMU, Akteur/in: Ja zur Sicherung der Nationalstrassen, Bern
de;2267;allowances;alphabetical;Kampagnenfinanzierung;12;24.11.2024 Bundesbeschluss vom 29. September 2023 über den Ausbauschritt 2023 für die Nationalstrassen;2024;campaign_financing;Budgetzahlen;juristische Person oder Personengesellschaft;Zuwender/in: Berner KMU, Akteur/in: Ja zur Sicherung der Nationalstrassen, Bern
de;2268;allowances;alphabetical;Kampagnenfinanzierung;12;24.11.2024 Bundesbeschluss vom 29. September 2023 über den Ausbauschritt 2023 für die Nationalstrassen;2024;campaign_financing;Budgetzahlen;juristische Person oder Personengesellschaft;Zuwender/in: HIV Bern, Akteur/in: Ja zur Sicherung der Nationalstrassen, Bern
de;2269;allowances;alphabetical;Kampagnenfinanzierung;12;24.11.2024 Bundesbeschluss vom 29. September 2023 über den Ausbauschritt 2023 für die Nationalstrassen;2024;campaign_financing;Budgetzahlen;juristische Person oder Personengesellschaft;Zuwender/in: HIV Bern, Akteur/in: Ja zur Sicherung der Nationalstrassen, Bern
de;227;allowances;alphabetical;Kampagnenfinanzierung;1;22.10.2023 Nationalratswahlen 2023;2023;campaign_financing;Budgetzahlen;juristische Person oder Personengesellschaft;Zuwender/in: BirdLife Schweiz, Akteur/in: Umweltallianz, Zürich
de;2270;allowances;alphabetical;Kampagnenfinanzierung;12;24.11.2024 Bundesbeschluss vom 29. September 2023 über den Ausbauschritt 2023 für die Nationalstrassen;2024;campaign_financing;Budgetzahlen;juristische Person oder Personengesellschaft;Zuwender/in: HEV Bern, Akteur/in: Ja zur Sicherung der Nationalstrassen, Bern
de;2271;allowances;alphabetical;Kampagnenfinanzierung;12;24.11.2024 Bundesbeschluss vom 29. September 2023 über den Ausbauschritt 2023 für die Nationalstrassen;2024;campaign_financing;Budgetzahlen;juristische Person oder Personengesellschaft;Zuwender/in: Avenergy suisse, Akteur/in: Ja zur Sicherung der Nationalstrassen, Bern
de;2272;allowances;alphabetical;Parteienfinanzierung;9;2023;;party_financing;;natürliche Person;Zuwender/in: Albers Franz, Akteur/in: FDP.Die Liberalen, Bern
de;2273;allowances;alphabetical;Parteienfinanzierung;9;2023;;party_financing;;juristische Person oder Personengesellschaft;Zuwender/in: Albert Brunner Erben, Akteur/in: FDP.Die Liberalen, Bern
de;2274;allowances;alphabetical;Parteienfinanzierung;9;2023;;party_financing;;juristische Person oder Personengesellschaft;Zuwender/in: Auto-Schweiz Vereinigung, Akteur/in: FDP.Die Liberalen, Bern
de;2275;allowances;alphabetical;Parteienfinanzierung;9;2023;;party_financing;;juristische Person oder Personengesellschaft;Zuwender/in: Auto-Schweiz Vereinigung, Akteur/in: FDP.Die Liberalen, Bern
de;2276;allowances;alphabetical;Parteienfinanzierung;9;2023;;party_financing;;juristische Person oder Personengesellschaft;Zuwender/in: Avesco AG, Akteur/in: FDP.Die Liberalen, Bern
de;2277;allowances;alphabetical;Parteienfinanzierung;9;2023;;party_financing;;juristische Person oder Personengesellschaft;Zuwender/in: Avesco AG, Akteur/in: FDP.Die Liberalen, Bern
de;2278;allowances;alphabetical;Parteienfinanzierung;9;2023;;party_financing;;juristische Person oder Personengesellschaft;Zuwender/in: AXA Versicherungen AG, Akteur/in: FDP.Die Liberalen, Bern
de;2279;allowances;alphabetical;Parteienfinanzierung;9;2023;;party_financing;;juristische Person oder Personengesellschaft;Zuwender/in: Baloise Versicherung AG, Akteur/in: FDP.Die Liberalen, Bern
de;228;allowances;alphabetical;Kampagnenfinanzierung;1;22.10.2023 Nationalratswahlen 2023;2023;campaign_financing;Budgetzahlen;juristische Person oder Personengesellschaft;Zuwender/in: BirdLife Schweiz, Akteur/in: Umweltallianz, Zürich
de;2280;allowances;alphabetical;Parteienfinanzierung;9;2023;;party_financing;;juristische Person oder Personengesellschaft;Zuwender/in: Bank Julius Bär and Co. Ltd., Akteur/in: FDP.Die Liberalen, Bern
de;2281;allowances;alphabetical;Parteienfinanzierung;9;2023;;party_financing;;juristische Person oder Personengesellschaft;Zuwender/in: Bobst Mex SA, Akteur/in: FDP.Die Liberalen, Bern
de;2282;allowances;alphabetical;Parteienfinanzierung;9;2023;;party_financing;;juristische Person oder Personengesellschaft;Zuwender/in: Bobst Mex SA, Akteur/in: FDP.Die Liberalen, Bern
de;2283;allowances;alphabetical;Parteienfinanzierung;9;2023;;party_financing;;juristische Person oder Personengesellschaft;Zuwender/in: Bucher Industires AG, Akteur/in: FDP.Die Liberalen, Bern
de;2284;allowances;alphabetical;Parteienfinanzierung;9;2023;;party_financing;;juristische Person oder Personengesellschaft;Zuwender/in: Credit Suisse AG, Akteur/in: FDP.Die Liberalen, Bern
de;2285;allowances;alphabetical;Parteienfinanzierung;9;2023;;party_financing;;juristische Person oder Personengesellschaft;Zuwender/in: Credit Suisse AG, Akteur/in: FDP.Die Liberalen, Bern
de;2286;allowances;alphabetical;Parteienfinanzierung;9;2023;;party_financing;;juristische Person oder Personengesellschaft;Zuwender/in: economiesuisse, Akteur/in: FDP.Die Liberalen, Bern
de;2287;allowances;alphabetical;Parteienfinanzierung;9;2023;;party_financing;;juristische Person oder Personengesellschaft;Zuwender/in: economiesuisse, Akteur/in: FDP.Die Liberalen, Bern
de;2288;allowances;alphabetical;Parteienfinanzierung;9;2023;;party_financing;;juristische Person oder Personengesellschaft;Zuwender/in: economiesuisse, Akteur/in: FDP.Die Liberalen, Bern
de;2289;allowances;alphabetical;Parteienfinanzierung;9;2023;;party_financing;;juristische Person oder Personengesellschaft;Zuwender/in: economiesuisse, Akteur/in: FDP.Die Liberalen, Bern
de;2290;allowances;alphabetical;Parteienfinanzierung;9;2023;;party_financing;;juristische Person oder Personengesellschaft;Zuwender/in: economiesuisse, Akteur/in: FDP.Die Liberalen, Bern
de;2291;allowances;alphabetical;Parteienfinanzierung;9;2023;;party_financing;;juristische Person oder Personengesellschaft;Zuwender/in: Fondation Groupe Mutuel, Akteur/in: FDP.Die Liberalen, Bern
de;2292;allowances;alphabetical;Parteienfinanzierung;9;2023;;party_financing;;juristische Person oder Personengesellschaft;Zuwender/in: Freunde der FDP, Akteur/in: FDP.Die Liberalen, Bern
de;2293;allowances;alphabetical;Parteienfinanzierung;9;2023;;party_financing;;juristische Person oder Personengesellschaft;Zuwender/in: Helvetia Schweiz. Versicherung, Akteur/in: FDP.Die Liberalen, Bern
de;2294;allowances;alphabetical;Parteienfinanzierung;9;2023;;party_financing;;juristische Person oder Personengesellschaft;Zuwender/in: Interpharma, Akteur/in: FDP.Die Liberalen, Bern
de;2295;allowances;alphabetical;Parteienfinanzierung;9;2023;;party_financing;;natürliche Person;Zuwender/in: Kielholz Walter Bruno, Akteur/in: FDP.Die Liberalen, Bern
de;2296;allowances;alphabetical;Parteienfinanzierung;9;2023;;party_financing;;natürliche Person;Zuwender/in: Kurer Peter, Akteur/in: FDP.Die Liberalen, Bern
de;2297;allowances;alphabetical;Parteienfinanzierung;9;2023;;party_financing;;natürliche Person;Zuwender/in: Kurer Peter, Akteur/in: FDP.Die Liberalen, Bern
de;2298;allowances;alphabetical;Parteienfinanzierung;9;2023;;party_financing;;natürliche Person;Zuwender/in: Kurer Peter, Akteur/in: FDP.Die Liberalen, Bern
de;2299;allowances;alphabetical;Parteienfinanzierung;9;2023;;party_financing;;natürliche Person;Zuwender/in: Meier Robert, Akteur/in: FDP.Die Liberalen, Bern
de;23;allowances;alphabetical;Kampagnenfinanzierung;1;22.10.2023 Nationalratswahlen 2023;2023;campaign_financing;Budgetzahlen;juristische Person oder Personengesellschaft;Zuwender/in: Raiffeisen Schweiz, Akteur/in: Guggisberg Lars, Kirchlindach
de;2300;allowances;alphabetical;Parteienfinanzierung;9;2023;;party_financing;;natürliche Person;Zuwender/in: Meier Robert, Akteur/in: FDP.Die Liberalen, Bern
de;2301;allowances;alphabetical;Parteienfinanzierung;9;2023;;party_financing;;natürliche Person;Zuwender/in: Mosimann Philip, Akteur/in: FDP.Die Liberalen, Bern
de;2302;allowances;alphabetical;Parteienfinanzierung;9;2023;;party_financing;;natürliche Person;Zuwender/in: Mosimann Philip, Akteur/in: FDP.Die Liberalen, Bern
de;2303;allowances;alphabetical;Parteienfinanzierung;9;2023;;party_financing;;natürliche Person;Zuwender/in: Mosimann Philip, Akteur/in: FDP.Die Liberalen, Bern
de;2304;allowances;alphabetical;Parteienfinanzierung;9;2023;;party_financing;;natürliche Person;Zuwender/in: Mosimann Philip, Akteur/in: FDP.Die Liberalen, Bern
de;2305;allowances;alphabetical;Parteienfinanzierung;9;2023;;party_financing;;juristische Person oder Personengesellschaft;Zuwender/in: Nestle S.A., Akteur/in: FDP.Die Liberalen, Bern
de;2306;allowances;alphabetical;Parteienfinanzierung;9;2023;;party_financing;;juristische Person oder Personengesellschaft;Zuwender/in: Novartis International AG, Akteur/in: FDP.Die Liberalen, Bern
de;2307;allowances;alphabetical;Parteienfinanzierung;9;2023;;party_financing;;juristische Person oder Personengesellschaft;Zuwender/in: Pema Holding AG, Akteur/in: FDP.Die Liberalen, Bern
de;2308;allowances;alphabetical;Parteienfinanzierung;9;2023;;party_financing;;juristische Person oder Personengesellschaft;Zuwender/in: Philip Morris Switzerland Sàrl, Akteur/in: FDP.Die Liberalen, Bern
de;2309;allowances;alphabetical;Parteienfinanzierung;9;2023;;party_financing;;juristische Person oder Personengesellschaft;Zuwender/in: Planzer Transport AG, Akteur/in: FDP.Die Liberalen, Bern
de;231;allowances;alphabetical;Kampagnenfinanzierung;1;22.10.2023 Nationalratswahlen 2023;2023;campaign_financing;Budgetzahlen;natürliche Person;Zuwender/in: Syz Eric, Akteur/in: Arbeitsgemeinschaft Wirtschaft und Gesellschaft des Kantons Zürich (AWG), Zürich
de;2310;allowances;alphabetical;Parteienfinanzierung;9;2023;;party_financing;;juristische Person oder Personengesellschaft;Zuwender/in: Raiffeisen Schweiz Genossenschaft, Akteur/in: FDP.Die Liberalen, Bern
de;2311;allowances;alphabetical;Parteienfinanzierung;9;2023;;party_financing;;juristische Person oder Personengesellschaft;Zuwender/in: Roche Holding AG, Akteur/in: FDP.Die Liberalen, Bern
de;2312;allowances;alphabetical;Parteienfinanzierung;9;2023;;party_financing;;juristische Person oder Personengesellschaft;Zuwender/in: Schelling AG, Akteur/in: FDP.Die Liberalen, Bern
de;2313;allowances;alphabetical;Parteienfinanzierung;9;2023;;party_financing;;juristische Person oder Personengesellschaft;Zuwender/in: Schelling AG, Akteur/in: FDP.Die Liberalen, Bern
de;2314;allowances;alphabetical;Parteienfinanzierung;9;2023;;party_financing;;juristische Person oder Personengesellschaft;Zuwender/in: Schelling AG, Akteur/in: FDP.Die Liberalen, Bern
de;2315;allowances;alphabetical;Parteienfinanzierung;9;2023;;party_financing;;juristische Person oder Personengesellschaft;Zuwender/in: Schindler Aufzüge AG, Akteur/in: FDP.Die Liberalen, Bern
de;2316;allowances;alphabetical;Parteienfinanzierung;9;2023;;party_financing;;natürliche Person;Zuwender/in: Schmidheiny Thomas, Akteur/in: FDP.Die Liberalen, Bern
de;2317;allowances;alphabetical;Parteienfinanzierung;9;2023;;party_financing;;juristische Person oder Personengesellschaft;Zuwender/in: Schweizerische Bankiervereinigung, Akteur/in: FDP.Die Liberalen, Bern
de;2318;allowances;alphabetical;Parteienfinanzierung;9;2023;;party_financing;;juristische Person oder Personengesellschaft;Zuwender/in: Schweizerische Mobiliar Versicherungsgesellschaft AG, Akteur/in: FDP.Die Liberalen, Bern
de;2319;allowances;alphabetical;Parteienfinanzierung;9;2023;;party_financing;;juristische Person oder Personengesellschaft;Zuwender/in: Schweizerischer Arbeitgeberverband, Akteur/in: FDP.Die Liberalen, Bern
de;2320;allowances;alphabetical;Parteienfinanzierung;9;2023;;party_financing;;juristische Person oder Personengesellschaft;Zuwender/in: Schweizerischer Versicherungsverband SVV, Akteur/in: FDP.Die Liberalen, Bern
de;2321;allowances;alphabetical;Parteienfinanzierung;9;2023;;party_financing;;juristische Person oder Personengesellschaft;Zuwender/in: Sika AG, Akteur/in: FDP.Die Liberalen, Bern
de;2322;allowances;alphabetical;Parteienfinanzierung;9;2023;;party_financing;;juristische Person oder Personengesellschaft;Zuwender/in: Six Group Services AG, Akteur/in: FDP.Die Liberalen, Bern
de;2323;allowances;alphabetical;Parteienfinanzierung;9;2023;;party_financing;;juristische Person oder Personengesellschaft;Zuwender/in: Six Group Services AG, Akteur/in: FDP.Die Liberalen, Bern
de;2324;allowances;alphabetical;Parteienfinanzierung;9;2023;;party_financing;;natürliche Person;Zuwender/in: Sprüngli Luzius, Akteur/in: FDP.Die Liberalen, Bern
de;2325;allowances;alphabetical;Parteienfinanzierung;9;2023;;party_financing;;natürliche Person;Zuwender/in: Sprüngli Luzius, Akteur/in: FDP.Die Liberalen, Bern
de;2326;allowances;alphabetical;Parteienfinanzierung;9;2023;;party_financing;;juristische Person oder Personengesellschaft;Zuwender/in: Sulzer Management AG, Akteur/in: FDP.Die Liberalen, Bern
de;2327;allowances;alphabetical;Parteienfinanzierung;9;2023;;party_financing;;juristische Person oder Personengesellschaft;Zuwender/in: Swiss International Air Lines AG, Akteur/in: FDP.Die Liberalen, Bern
de;2328;allowances;alphabetical;Parteienfinanzierung;9;2023;;party_financing;;juristische Person oder Personengesellschaft;Zuwender/in: Swiss Life AG, Akteur/in: FDP.Die Liberalen, Bern
de;2329;allowances;alphabetical;Parteienfinanzierung;9;2023;;party_financing;;juristische Person oder Personengesellschaft;Zuwender/in: Swiss Re Management Ltd, Akteur/in: FDP.Die Liberalen, Bern
de;2330;allowances;alphabetical;Parteienfinanzierung;9;2023;;party_financing;;juristische Person oder Personengesellschaft;Zuwender/in: Swiss Reinsurance Company Limited, Akteur/in: FDP.Die Liberalen, Bern
de;2331;allowances;alphabetical;Parteienfinanzierung;9;2023;;party_financing;;natürliche Person;Zuwender/in: Syz David, Akteur/in: FDP.Die Liberalen, Bern
de;2332;allowances;alphabetical;Parteienfinanzierung;9;2023;;party_financing;;juristische Person oder Personengesellschaft;Zuwender/in: UBS AG, Akteur/in: FDP.Die Liberalen, Bern
de;2333;allowances;alphabetical;Parteienfinanzierung;9;2023;;party_financing;;natürliche Person;Zuwender/in: Vogt Valentin, Akteur/in: FDP.Die Liberalen, Bern
de;2334;allowances;alphabetical;Parteienfinanzierung;9;2023;;party_financing;;natürliche Person;Zuwender/in: Vogt Valentin, Akteur/in: FDP.Die Liberalen, Bern
de;2335;allowances;alphabetical;Parteienfinanzierung;9;2023;;party_financing;;natürliche Person;Zuwender/in: Wellauer Thomas u/o Marianne, Akteur/in: FDP.Die Liberalen, Bern
de;2336;allowances;alphabetical;Parteienfinanzierung;9;2023;;party_financing;;juristische Person oder Personengesellschaft;Zuwender/in: Zuerich Versicherungsgesellschaft AG, Akteur/in: FDP.Die Liberalen, Bern
de;2337;allowances;alphabetical;Parteienfinanzierung;9;2023;;party_financing;;juristische Person oder Personengesellschaft;Zuwender/in: Vereinigung zur Erhaltung und Verbreitung der freiheitichen Staatsauffassung, Akteur/in: FDP.Die Liberalen, Bern
de;2338;allowances;alphabetical;Kampagnenfinanzierung;5;09.06.2024 Maximal 10 % des Einkommens für die Krankenkassenprämien (Prämien-Entlastungs-Initiative);;campaign_financing;Definitive Zahlen;juristische Person oder Personengesellschaft;Zuwender/in: economiesuisse, Akteur/in: Allianz 2x Nein zu den Gesundheitsinitiativen, Bern
de;2339;allowances;alphabetical;Kampagnenfinanzierung;5;09.06.2024 Maximal 10 % des Einkommens für die Krankenkassenprämien (Prämien-Entlastungs-Initiative);;campaign_financing;Definitive Zahlen;juristische Person oder Personengesellschaft;Zuwender/in: Zürcher Handelskammer, Akteur/in: Allianz 2x Nein zu den Gesundheitsinitiativen, Bern
de;234;allowances;alphabetical;Kampagnenfinanzierung;1;22.10.2023 Nationalratswahlen 2023;2023;campaign_financing;Budgetzahlen;juristische Person oder Personengesellschaft;Zuwender/in: Schweizerischer Gewerbeverband, Akteur/in: Wahlkomitee Nationalratswahlen 2023 von Diana Gutjahr, Amriswil
de;2340;allowances;alphabetical;Kampagnenfinanzierung;5;09.06.2024 Maximal 10 % des Einkommens für die Krankenkassenprämien (Prämien-Entlastungs-Initiative);;campaign_financing;Definitive Zahlen;juristische Person oder Personengesellschaft;Zuwender/in: KMU- und Gewerbeverband Kanton Zürich, Akteur/in: Allianz 2x Nein zu den Gesundheitsinitiativen, Bern
de;2341;allowances;alphabetical;Kampagnenfinanzierung;5;09.06.2024 Maximal 10 % des Einkommens für die Krankenkassenprämien (Prämien-Entlastungs-Initiative);;campaign_financing;Definitive Zahlen;juristische Person oder Personengesellschaft;Zuwender/in: Zürcher Handelskammer, Akteur/in: Allianz 2x Nein zu den Gesundheitsinitiativen, Bern
de;2342;allowances;alphabetical;Kampagnenfinanzierung;5;09.06.2024 Maximal 10 % des Einkommens für die Krankenkassenprämien (Prämien-Entlastungs-Initiative);;campaign_financing;Definitive Zahlen;juristische Person oder Personengesellschaft;Zuwender/in: economiesuisse, Akteur/in: Allianz 2x Nein zu den Gesundheitsinitiativen, Bern
de;2343;allowances;alphabetical;Kampagnenfinanzierung;5;09.06.2024 Maximal 10 % des Einkommens für die Krankenkassenprämien (Prämien-Entlastungs-Initiative);;campaign_financing;Definitive Zahlen;juristische Person oder Personengesellschaft;Zuwender/in: economiesuisse, Akteur/in: Allianz 2x Nein zu den Gesundheitsinitiativen, Bern
de;2344;allowances;alphabetical;Kampagnenfinanzierung;5;09.06.2024 Maximal 10 % des Einkommens für die Krankenkassenprämien (Prämien-Entlastungs-Initiative);;campaign_financing;Definitive Zahlen;juristische Person oder Personengesellschaft;Zuwender/in: economiesuisse, Akteur/in: Allianz 2x Nein zu den Gesundheitsinitiativen, Bern
de;2345;allowances;alphabetical;Kampagnenfinanzierung;6;09.06.2024 Für tiefere Prämien – Kostenbremse im Gesundheitswesen (Kostenbremse-Initiative);;campaign_financing;Definitive Zahlen;juristische Person oder Personengesellschaft;Zuwender/in: economiesuisse, Akteur/in: Allianz 2x Nein zu den Gesundheitsinitiativen, Bern
de;2346;allowances;alphabetical;Kampagnenfinanzierung;6;09.06.2024 Für tiefere Prämien – Kostenbremse im Gesundheitswesen (Kostenbremse-Initiative);;campaign_financing;Definitive Zahlen;juristische Person oder Personengesellschaft;Zuwender/in: Zürcher Handelskammer, Akteur/in: Allianz 2x Nein zu den Gesundheitsinitiativen, Bern
de;2347;allowances;alphabetical;Kampagnenfinanzierung;6;09.06.2024 Für tiefere Prämien – Kostenbremse im Gesundheitswesen (Kostenbremse-Initiative);;campaign_financing;Definitive Zahlen;juristische Person oder Personengesellschaft;Zuwender/in: Zürcher Handelskammer, Akteur/in: Allianz 2x Nein zu den Gesundheitsinitiativen, Bern
de;2348;allowances;alphabetical;Kampagnenfinanzierung;6;09.06.2024 Für tiefere Prämien – Kostenbremse im Gesundheitswesen (Kostenbremse-Initiative);;campaign_financing;Definitive Zahlen;juristische Person oder Personengesellschaft;Zuwender/in: KMU- und Gewerbeverband Kanton Zürich, Akteur/in: Allianz 2x Nein zu den Gesundheitsinitiativen, Bern
de;2349;allowances;alphabetical;Kampagnenfinanzierung;6;09.06.2024 Für tiefere Prämien – Kostenbremse im Gesundheitswesen (Kostenbremse-Initiative);;campaign_financing;Definitive Zahlen;juristische Person oder Personengesellschaft;Zuwender/in: economiesuisse, Akteur/in: Allianz 2x Nein zu den Gesundheitsinitiativen, Bern
de;235;allowances;alphabetical;Kampagnenfinanzierung;1;22.10.2023 Nationalratswahlen 2023;2023;campaign_financing;Budgetzahlen;juristische Person oder Personengesellschaft;Zuwender/in: Raiffeisen Schweiz, Akteur/in: Schilliger Peter, Udligenswil
de;2350;allowances;alphabetical;Kampagnenfinanzierung;6;09.06.2024 Für tiefere Prämien – Kostenbremse im Gesundheitswesen (Kostenbremse-Initiative);;campaign_financing;Definitive Zahlen;juristische Person oder Personengesellschaft;Zuwender/in: economiesuisse, Akteur/in: Allianz 2x Nein zu den Gesundheitsinitiativen, Bern
de;2351;allowances;alphabetical;Kampagnenfinanzierung;6;09.06.2024 Für tiefere Prämien – Kostenbremse im Gesundheitswesen (Kostenbremse-Initiative);;campaign_financing;Definitive Zahlen;juristische Person oder Personengesellschaft;Zuwender/in: F. Hoffmann-La Roche AG, Akteur/in: Allianz 2x Nein zu den Gesundheitsinitiativen, Bern
de;2352;allowances;alphabetical;Kampagnenfinanzierung;6;09.06.2024 Für tiefere Prämien – Kostenbremse im Gesundheitswesen (Kostenbremse-Initiative);;campaign_financing;Definitive Zahlen;juristische Person oder Personengesellschaft;Zuwender/in: economiesuisse, Akteur/in: Allianz 2x Nein zu den Gesundheitsinitiativen, Bern
de;236;allowances;alphabetical;Kampagnenfinanzierung;1;22.10.2023 Nationalratswahlen 2023;2023;campaign_financing;Budgetzahlen;juristische Person oder Personengesellschaft;Zuwender/in: TCS Schweiz und Sektion Waldstätte, Akteur/in: Schilliger Peter, Udligenswil
de;237;allowances;alphabetical;Kampagnenfinanzierung;1;22.10.2023 Nationalratswahlen 2023;2023;campaign_financing;Budgetzahlen;juristische Person oder Personengesellschaft;Zuwender/in: Schweizerischer Gebäudetechnikverband - suissetec, Akteur/in: Schilliger Peter, Udligenswil
de;2372;allowances;alphabetical;Kampagnenfinanzierung;1;22.10.2023 Nationalratswahlen 2023;2023;campaign_financing;Definitive Zahlen;natürliche Person;Zuwender/in: Albers Franz, Akteur/in: FDP.Die Liberalen, Bern
de;2373;allowances;alphabetical;Kampagnenfinanzierung;1;22.10.2023 Nationalratswahlen 2023;2023;campaign_financing;Definitive Zahlen;natürliche Person;Zuwender/in: Kielholz Walter Bruno, Akteur/in: FDP.Die Liberalen, Bern
de;2374;allowances;alphabetical;Kampagnenfinanzierung;1;22.10.2023 Nationalratswahlen 2023;2023;campaign_financing;Definitive Zahlen;natürliche Person;Zuwender/in: Kurer Peter, Akteur/in: FDP.Die Liberalen, Bern
de;2375;allowances;alphabetical;Kampagnenfinanzierung;1;22.10.2023 Nationalratswahlen 2023;2023;campaign_financing;Definitive Zahlen;natürliche Person;Zuwender/in: Kurer Peter, Akteur/in: FDP.Die Liberalen, Bern
de;2376;allowances;alphabetical;Kampagnenfinanzierung;1;22.10.2023 Nationalratswahlen 2023;2023;campaign_financing;Definitive Zahlen;natürliche Person;Zuwender/in: Meier Robert, Akteur/in: FDP.Die Liberalen, Bern
de;2377;allowances;alphabetical;Kampagnenfinanzierung;1;22.10.2023 Nationalratswahlen 2023;2023;campaign_financing;Definitive Zahlen;natürliche Person;Zuwender/in: Meier Robert, Akteur/in: FDP.Die Liberalen, Bern
de;2378;allowances;alphabetical;Kampagnenfinanzierung;1;22.10.2023 Nationalratswahlen 2023;2023;campaign_financing;Definitive Zahlen;natürliche Person;Zuwender/in: Mosimann Philip, Akteur/in: FDP.Die Liberalen, Bern
de;2379;allowances;alphabetical;Kampagnenfinanzierung;1;22.10.2023 Nationalratswahlen 2023;2023;campaign_financing;Definitive Zahlen;natürliche Person;Zuwender/in: Mosimann Philip, Akteur/in: FDP.Die Liberalen, Bern
de;238;allowances;alphabetical;Kampagnenfinanzierung;1;22.10.2023 Nationalratswahlen 2023;2023;campaign_financing;Budgetzahlen;juristische Person oder Personengesellschaft;Zuwender/in: Schweizerischer Gewerbeverband - SGV, Akteur/in: Schilliger Peter, Udligenswil
de;2380;allowances;alphabetical;Kampagnenfinanzierung;1;22.10.2023 Nationalratswahlen 2023;2023;campaign_financing;Definitive Zahlen;natürliche Person;Zuwender/in: Mosimann Philip, Akteur/in: FDP.Die Liberalen, Bern
de;2381;allowances;alphabetical;Kampagnenfinanzierung;1;22.10.2023 Nationalratswahlen 2023;2023;campaign_financing;Definitive Zahlen;natürliche Person;Zuwender/in: Schmidheiny Thomas, Akteur/in: FDP.Die Liberalen, Bern
de;2382;allowances;alphabetical;Kampagnenfinanzierung;1;22.10.2023 Nationalratswahlen 2023;2023;campaign_financing;Definitive Zahlen;natürliche Person;Zuwender/in: Sprüngli Luzius, Akteur/in: FDP.Die Liberalen, Bern
de;2383;allowances;alphabetical;Kampagnenfinanzierung;1;22.10.2023 Nationalratswahlen 2023;2023;campaign_financing;Definitive Zahlen;natürliche Person;Zuwender/in: Syz David, Akteur/in: FDP.Die Liberalen, Bern
de;2384;allowances;alphabetical;Kampagnenfinanzierung;1;22.10.2023 Nationalratswahlen 2023;2023;campaign_financing;Definitive Zahlen;natürliche Person;Zuwender/in: Vogt Valentin, Akteur/in: FDP.Die Liberalen, Bern
de;2385;allowances;alphabetical;Kampagnenfinanzierung;1;22.10.2023 Nationalratswahlen 2023;2023;campaign_financing;Definitive Zahlen;natürliche Person;Zuwender/in: Vogt Valentin, Akteur/in: FDP.Die Liberalen, Bern
de;2386;allowances;alphabetical;Kampagnenfinanzierung;1;22.10.2023 Nationalratswahlen 2023;2023;campaign_financing;Definitive Zahlen;juristische Person oder Personengesellschaft;Zuwender/in: Philip Morris Switzerland Sàrl, Akteur/in: FDP.Die Liberalen, Bern
de;2387;allowances;alphabetical;Kampagnenfinanzierung;1;22.10.2023 Nationalratswahlen 2023;2023;campaign_financing;Definitive Zahlen;juristische Person oder Personengesellschaft;Zuwender/in: Planzer Transport AG, Akteur/in: FDP.Die Liberalen, Bern
de;2388;allowances;alphabetical;Kampagnenfinanzierung;1;22.10.2023 Nationalratswahlen 2023;2023;campaign_financing;Definitive Zahlen;juristische Person oder Personengesellschaft;Zuwender/in: Schweizerischer Arbeitgeberverband, Akteur/in: FDP.Die Liberalen, Bern
de;2389;allowances;alphabetical;Kampagnenfinanzierung;1;22.10.2023 Nationalratswahlen 2023;2023;campaign_financing;Definitive Zahlen;juristische Person oder Personengesellschaft;Zuwender/in: Freunde der FDP, Akteur/in: FDP.Die Liberalen, Bern
de;239;allowances;alphabetical;Kampagnenfinanzierung;1;22.10.2023 Nationalratswahlen 2023;2023;campaign_financing;Budgetzahlen;natürliche Person;Zuwender/in: Gugger Niklaus (Nik), Akteur/in: Evangelische Volkspartei (EVP) des Kantons Zürich, Zürich
de;2390;allowances;alphabetical;Kampagnenfinanzierung;11;22.09.2024 Bundesgesetzes über die berufliche Alters-, Hinterlassenen- und Invalidenvorsorge (BVG) (Reform der beruflichen Vorsorge);;campaign_financing;Definitive Zahlen;juristische Person oder Personengesellschaft;"Zuwender/in: GastroSuisse, Akteur/in: Wirtschaftsallianz ""NEIN zur BVG-Scheinreform"", Zürich"
de;2391;allowances;alphabetical;Kampagnenfinanzierung;11;22.09.2024 Bundesgesetzes über die berufliche Alters-, Hinterlassenen- und Invalidenvorsorge (BVG) (Reform der beruflichen Vorsorge);;campaign_financing;Definitive Zahlen;juristische Person oder Personengesellschaft;"Zuwender/in: Centre Patronal, Akteur/in: Wirtschaftsallianz ""NEIN zur BVG-Scheinreform"", Zürich"
de;2392;allowances;alphabetical;Kampagnenfinanzierung;11;22.09.2024 Bundesgesetzes über die berufliche Alters-, Hinterlassenen- und Invalidenvorsorge (BVG) (Reform der beruflichen Vorsorge);;campaign_financing;Definitive Zahlen;juristische Person oder Personengesellschaft;"Zuwender/in: Verband der Tankstellenshop-Betreiber der Schweiz VTSS, Akteur/in: Wirtschaftsallianz ""NEIN zur BVG-Scheinreform"", Zürich"
de;24;allowances;alphabetical;Kampagnenfinanzierung;1;22.10.2023 Nationalratswahlen 2023;2023;campaign_financing;Budgetzahlen;juristische Person oder Personengesellschaft;Zuwender/in: TCS Schweiz, Sektion Bern, Region Bern-Mittelland, Akteur/in: Guggisberg Lars, Kirchlindach
de;240;allowances;alphabetical;Kampagnenfinanzierung;1;22.10.2023 Nationalratswahlen 2023;2023;campaign_financing;Budgetzahlen;natürliche Person;Zuwender/in: Scognamiglio Donato Flavio (Donato), Akteur/in: Evangelische Volkspartei (EVP) des Kantons Zürich, Zürich
de;2404;allowances;alphabetical;Kampagnenfinanzierung;10;22.09.2024 Für die Zukunft unserer Natur und Landschaft (Biodiversitätsinitiative);;campaign_financing;Definitive Zahlen;juristische Person oder Personengesellschaft;Zuwender/in: Schweizer Zucker AG, Akteur/in: Schweizer Bauernverband (SBV), Brugg
de;2405;allowances;alphabetical;Kampagnenfinanzierung;10;22.09.2024 Für die Zukunft unserer Natur und Landschaft (Biodiversitätsinitiative);;campaign_financing;Definitive Zahlen;juristische Person oder Personengesellschaft;Zuwender/in: Gallosuisse, Akteur/in: Schweizer Bauernverband (SBV), Brugg
de;2406;allowances;alphabetical;Kampagnenfinanzierung;10;22.09.2024 Für die Zukunft unserer Natur und Landschaft (Biodiversitätsinitiative);;campaign_financing;Definitive Zahlen;juristische Person oder Personengesellschaft;Zuwender/in: Suisseporcs, Akteur/in: Schweizer Bauernverband (SBV), Brugg
de;2407;allowances;alphabetical;Kampagnenfinanzierung;10;22.09.2024 Für die Zukunft unserer Natur und Landschaft (Biodiversitätsinitiative);;campaign_financing;Definitive Zahlen;juristische Person oder Personengesellschaft;Zuwender/in: Schweizer Obstverband, Akteur/in: Schweizer Bauernverband (SBV), Brugg
de;2408;allowances;alphabetical;Kampagnenfinanzierung;10;22.09.2024 Für die Zukunft unserer Natur und Landschaft (Biodiversitätsinitiative);;campaign_financing;Definitive Zahlen;juristische Person oder Personengesellschaft;Zuwender/in: Vereinigung Schweizer Kartoffelproduzenten, Akteur/in: Schweizer Bauernverband (SBV), Brugg
de;2409;allowances;alphabetical;Kampagnenfinanzierung;10;22.09.2024 Für die Zukunft unserer Natur und Landschaft (Biodiversitätsinitiative);;campaign_financing;Definitive Zahlen;juristische Person oder Personengesellschaft;Zuwender/in: Schweizer Milchproduzenten, Akteur/in: Schweizer Bauernverband (SBV), Brugg
de;241;allowances;alphabetical;Kampagnenfinanzierung;1;22.10.2023 Nationalratswahlen 2023;2023;campaign_financing;Budgetzahlen;juristische Person oder Personengesellschaft;Zuwender/in: Philip Morris Switzerland Sàrl, Akteur/in: Schweizerische Volkspartei (SVP), Bern
de;2410;allowances;alphabetical;Kampagnenfinanzierung;10;22.09.2024 Für die Zukunft unserer Natur und Landschaft (Biodiversitätsinitiative);;campaign_financing;Definitive Zahlen;juristische Person oder Personengesellschaft;Zuwender/in: Verband Schweizerischer Elektrizitätsunternehmen, Akteur/in: Schweizer Bauernverband (SBV), Brugg
de;2411;allowances;alphabetical;Kampagnenfinanzierung;10;22.09.2024 Für die Zukunft unserer Natur und Landschaft (Biodiversitätsinitiative);;campaign_financing;Definitive Zahlen;juristische Person oder Personengesellschaft;Zuwender/in: Swiss Granum, Akteur/in: Schweizer Bauernverband (SBV), Brugg
de;2412;allowances;alphabetical;Kampagnenfinanzierung;10;22.09.2024 Für die Zukunft unserer Natur und Landschaft (Biodiversitätsinitiative);;campaign_financing;Definitive Zahlen;juristische Person oder Personengesellschaft;Zuwender/in: Landtechnik Schweiz, Akteur/in: Schweizer Bauernverband (SBV), Brugg
de;2413;allowances;alphabetical;Kampagnenfinanzierung;10;22.09.2024 Für die Zukunft unserer Natur und Landschaft (Biodiversitätsinitiative);;campaign_financing;Definitive Zahlen;juristische Person oder Personengesellschaft;Zuwender/in: Schweizer Bauernverband, Akteur/in: Schweizer Bauernverband (SBV), Brugg
de;2414;allowances;alphabetical;Kampagnenfinanzierung;10;22.09.2024 Für die Zukunft unserer Natur und Landschaft (Biodiversitätsinitiative);;campaign_financing;Definitive Zahlen;juristische Person oder Personengesellschaft;Zuwender/in: Prométerre, Akteur/in: Schweizer Bauernverband (SBV), Brugg
de;242;allowances;alphabetical;Kampagnenfinanzierung;1;22.10.2023 Nationalratswahlen 2023;2023;campaign_financing;Budgetzahlen;juristische Person oder Personengesellschaft;Zuwender/in: Stiftung für bürgerliche Politik, Akteur/in: Schweizerische Volkspartei (SVP), Bern
de;243;allowances;alphabetical;Kampagnenfinanzierung;1;22.10.2023 Nationalratswahlen 2023;2023;campaign_financing;Budgetzahlen;juristische Person oder Personengesellschaft;Zuwender/in: GRÜNE Basel-Stadt, Akteur/in: Grünes Bündnis, Basel
de;2436;allowances;alphabetical;Kampagnenfinanzierung;1;22.10.2023 Nationalratswahlen 2023;2023;campaign_financing;Definitive Zahlen;juristische Person oder Personengesellschaft;Zuwender/in: Vereinigung zur Erhaltung und Verbreitung der freiheitlichen Staatsauffassung, Akteur/in: FDP.Die Liberalen, Bern
de;2437;allowances;alphabetical;Kampagnenfinanzierung;13;24.11.2024 Änderung vom 29. September 2023 des Obligationenrechts (Mietrecht: Untermiete);;campaign_financing;Budgetzahlen;juristische Person oder Personengesellschaft;Zuwender/in: HEV Schweiz, Akteur/in: 2 x Ja zum Mietrecht / Bund für mehr Wohnraum, Zürich
de;2438;allowances;alphabetical;Kampagnenfinanzierung;13;24.11.2024 Änderung vom 29. September 2023 des Obligationenrechts (Mietrecht: Untermiete);;campaign_financing;Budgetzahlen;juristische Person oder Personengesellschaft;Zuwender/in: CVI Chambre vaudoise immobilière, Akteur/in: 2 x Ja zum Mietrecht / Bund für mehr Wohnraum, Zürich
de;2439;allowances;alphabetical;Kampagnenfinanzierung;13;24.11.2024 Änderung vom 29. September 2023 des Obligationenrechts (Mietrecht: Untermiete);;campaign_financing;Budgetzahlen;juristische Person oder Personengesellschaft;Zuwender/in: FRI Fédération romande immobilière, Akteur/in: 2 x Ja zum Mietrecht / Bund für mehr Wohnraum, Zürich
de;244;allowances;alphabetical;Kampagnenfinanzierung;1;22.10.2023 Nationalratswahlen 2023;2023;campaign_financing;Budgetzahlen;juristische Person oder Personengesellschaft;Zuwender/in: BastA!, Akteur/in: Grünes Bündnis, Basel
de;2440;allowances;alphabetical;Kampagnenfinanzierung;13;24.11.2024 Änderung vom 29. September 2023 des Obligationenrechts (Mietrecht: Untermiete);;campaign_financing;Budgetzahlen;juristische Person oder Personengesellschaft;Zuwender/in: Chambre genevoise immobilière, Akteur/in: 2 x Ja zum Mietrecht / Bund für mehr Wohnraum, Zürich
de;2441;allowances;alphabetical;Kampagnenfinanzierung;13;24.11.2024 Änderung vom 29. September 2023 des Obligationenrechts (Mietrecht: Untermiete);;campaign_financing;Budgetzahlen;juristische Person oder Personengesellschaft;Zuwender/in: SVIT Schweiz, Akteur/in: 2 x Ja zum Mietrecht / Bund für mehr Wohnraum, Zürich
de;2442;allowances;alphabetical;Kampagnenfinanzierung;13;24.11.2024 Änderung vom 29. September 2023 des Obligationenrechts (Mietrecht: Untermiete);;campaign_financing;Budgetzahlen;juristische Person oder Personengesellschaft;Zuwender/in: VIS Verband Immobilien Schweiz, Akteur/in: 2 x Ja zum Mietrecht / Bund für mehr Wohnraum, Zürich
de;2443;allowances;alphabetical;Kampagnenfinanzierung;13;24.11.2024 Änderung vom 29. September 2023 des Obligationenrechts (Mietrecht: Untermiete);;campaign_financing;Budgetzahlen;juristische Person oder Personengesellschaft;Zuwender/in: Centre Patronal, Akteur/in: 2 x Ja zum Mietrecht / Bund für mehr Wohnraum, Zürich
de;2444;allowances;alphabetical;Kampagnenfinanzierung;13;24.11.2024 Änderung vom 29. September 2023 des Obligationenrechts (Mietrecht: Untermiete);;campaign_financing;Budgetzahlen;juristische Person oder Personengesellschaft;Zuwender/in: SVIT Romandie, Akteur/in: 2 x Ja zum Mietrecht / Bund für mehr Wohnraum, Zürich
de;2445;allowances;alphabetical;Kampagnenfinanzierung;13;24.11.2024 Änderung vom 29. September 2023 des Obligationenrechts (Mietrecht: Untermiete);;campaign_financing;Budgetzahlen;juristische Person oder Personengesellschaft;Zuwender/in: USPI Suisse, Akteur/in: 2 x Ja zum Mietrecht / Bund für mehr Wohnraum, Zürich
de;2446;allowances;alphabetical;Kampagnenfinanzierung;13;24.11.2024 Änderung vom 29. September 2023 des Obligationenrechts (Mietrecht: Untermiete);;campaign_financing;Budgetzahlen;juristische Person oder Personengesellschaft;Zuwender/in: HEV Aargau, Akteur/in: 2 x Ja zum Mietrecht / Bund für mehr Wohnraum, Zürich
de;2447;allowances;alphabetical;Kampagnenfinanzierung;13;24.11.2024 Änderung vom 29. September 2023 des Obligationenrechts (Mietrecht: Untermiete);;campaign_financing;Budgetzahlen;juristische Person oder Personengesellschaft;Zuwender/in: HEV Schweiz, Akteur/in: 2 x Ja zum Mietrecht / Bund für mehr Wohnraum, Zürich
de;2448;allowances;alphabetical;Kampagnenfinanzierung;13;24.11.2024 Änderung vom 29. September 2023 des Obligationenrechts (Mietrecht: Untermiete);;campaign_financing;Budgetzahlen;juristische Person oder Personengesellschaft;Zuwender/in: USPI Vaud, Akteur/in: 2 x Ja zum Mietrecht / Bund für mehr Wohnraum, Zürich
de;2449;allowances;alphabetical;Kampagnenfinanzierung;14;24.11.2024 Änderung vom 29. September 2023 des Obligationenrechts (Mietrecht: Kündigung wegen Eigenbedarfs);;campaign_financing;Budgetzahlen;juristische Person oder Personengesellschaft;Zuwender/in: HEV Schweiz, Akteur/in: 2 x Ja zum Mietrecht / Bund für mehr Wohnraum, Zürich
de;245;allowances;alphabetical;Kampagnenfinanzierung;1;22.10.2023 Nationalratswahlen 2023;2023;campaign_financing;Budgetzahlen;natürliche Person;Zuwender/in: Candinas Martin, Akteur/in: Die Mitte Graubünden, Chur
de;2450;allowances;alphabetical;Kampagnenfinanzierung;14;24.11.2024 Änderung vom 29. September 2023 des Obligationenrechts (Mietrecht: Kündigung wegen Eigenbedarfs);;campaign_financing;Budgetzahlen;juristische Person oder Personengesellschaft;Zuwender/in: CVI Chambre vaudoise immobilière, Akteur/in: 2 x Ja zum Mietrecht / Bund für mehr Wohnraum, Zürich
de;2451;allowances;alphabetical;Kampagnenfinanzierung;14;24.11.2024 Änderung vom 29. September 2023 des Obligationenrechts (Mietrecht: Kündigung wegen Eigenbedarfs);;campaign_financing;Budgetzahlen;juristische Person oder Personengesellschaft;Zuwender/in: FRI Fédération romande immobilière, Akteur/in: 2 x Ja zum Mietrecht / Bund für mehr Wohnraum, Zürich
de;2452;allowances;alphabetical;Kampagnenfinanzierung;14;24.11.2024 Änderung vom 29. September 2023 des Obligationenrechts (Mietrecht: Kündigung wegen Eigenbedarfs);;campaign_financing;Budgetzahlen;juristische Person oder Personengesellschaft;Zuwender/in: CGI Chambre genevoise imobilière, Akteur/in: 2 x Ja zum Mietrecht / Bund für mehr Wohnraum, Zürich
de;2453;allowances;alphabetical;Kampagnenfinanzierung;14;24.11.2024 Änderung vom 29. September 2023 des Obligationenrechts (Mietrecht: Kündigung wegen Eigenbedarfs);;campaign_financing;Budgetzahlen;juristische Person oder Personengesellschaft;Zuwender/in: SVIT Schweiz, Akteur/in: 2 x Ja zum Mietrecht / Bund für mehr Wohnraum, Zürich
de;2454;allowances;alphabetical;Kampagnenfinanzierung;14;24.11.2024 Änderung vom 29. September 2023 des Obligationenrechts (Mietrecht: Kündigung wegen Eigenbedarfs);;campaign_financing;Budgetzahlen;juristische Person oder Personengesellschaft;Zuwender/in: VIS Verband Immobilien Schweiz, Akteur/in: 2 x Ja zum Mietrecht / Bund für mehr Wohnraum, Zürich
de;2455;allowances;alphabetical;Kampagnenfinanzierung;14;24.11.2024 Änderung vom 29. September 2023 des Obligationenrechts (Mietrecht: Kündigung wegen Eigenbedarfs);;campaign_financing;Budgetzahlen;juristische Person oder Personengesellschaft;Zuwender/in: Centre Patronal, Akteur/in: 2 x Ja zum Mietrecht / Bund für mehr Wohnraum, Zürich
de;2456;allowances;alphabetical;Kampagnenfinanzierung;14;24.11.2024 Änderung vom 29. September 2023 des Obligationenrechts (Mietrecht: Kündigung wegen Eigenbedarfs);;campaign_financing;Budgetzahlen;juristische Person oder Personengesellschaft;Zuwender/in: SVIT Romandie, Akteur/in: 2 x Ja zum Mietrecht / Bund für mehr Wohnraum, Zürich
de;2457;allowances;alphabetical;Kampagnenfinanzierung;14;24.11.2024 Änderung vom 29. September 2023 des Obligationenrechts (Mietrecht: Kündigung wegen Eigenbedarfs);;campaign_financing;Budgetzahlen;juristische Person oder Personengesellschaft;Zuwender/in: USPI Suisse, Akteur/in: 2 x Ja zum Mietrecht / Bund für mehr Wohnraum, Zürich
de;2458;allowances;alphabetical;Kampagnenfinanzierung;14;24.11.2024 Änderung vom 29. September 2023 des Obligationenrechts (Mietrecht: Kündigung wegen Eigenbedarfs);;campaign_financing;Budgetzahlen;juristische Person oder Personengesellschaft;Zuwender/in: HEV Aargau, Akteur/in: 2 x Ja zum Mietrecht / Bund für mehr Wohnraum, Zürich
de;2459;allowances;alphabetical;Kampagnenfinanzierung;14;24.11.2024 Änderung vom 29. September 2023 des Obligationenrechts (Mietrecht: Kündigung wegen Eigenbedarfs);;campaign_financing;Budgetzahlen;juristische Person oder Personengesellschaft;Zuwender/in: HEV Schweiz, Akteur/in: 2 x Ja zum Mietrecht / Bund für mehr Wohnraum, Zürich
de;246;allowances;alphabetical;Kampagnenfinanzierung;1;22.10.2023 Nationalratswahlen 2023;2023;campaign_financing;Budgetzahlen;natürliche Person;Zuwender/in: Burkard Carmita, Akteur/in: Junge Grüne Schweiz, Bern
de;2460;allowances;alphabetical;Kampagnenfinanzierung;14;24.11.2024 Änderung vom 29. September 2023 des Obligationenrechts (Mietrecht: Kündigung wegen Eigenbedarfs);;campaign_financing;Budgetzahlen;juristische Person oder Personengesellschaft;Zuwender/in: USPI Vaud, Akteur/in: 2 x Ja zum Mietrecht / Bund für mehr Wohnraum, Zürich
de;2461;allowances;alphabetical;Kampagnenfinanzierung;14;24.11.2024 Änderung vom 29. September 2023 des Obligationenrechts (Mietrecht: Kündigung wegen Eigenbedarfs);;campaign_financing;Budgetzahlen;juristische Person oder Personengesellschaft;Zuwender/in: Chambre vaudoise immobilière, Akteur/in: 2 x Ja zum Mietrecht / Bund für mehr Wohnraum, Zürich
de;2462;allowances;alphabetical;Kampagnenfinanzierung;13;24.11.2024 Änderung vom 29. September 2023 des Obligationenrechts (Mietrecht: Untermiete);;campaign_financing;Budgetzahlen;juristische Person oder Personengesellschaft;Zuwender/in: Chambre vaudoise immobilière, Akteur/in: 2 x Ja zum Mietrecht / Bund für mehr Wohnraum, Zürich
de;247;allowances;alphabetical;Kampagnenfinanzierung;1;22.10.2023 Nationalratswahlen 2023;2023;campaign_financing;Budgetzahlen;juristische Person oder Personengesellschaft;Zuwender/in: GRÜNE Schweiz, Akteur/in: Junge Grüne Schweiz, Bern
de;248;allowances;alphabetical;Kampagnenfinanzierung;1;22.10.2023 Nationalratswahlen 2023;2023;campaign_financing;Budgetzahlen;natürliche Person;Zuwender/in: Thalmann Christian, Akteur/in: EG Ankli, Bartholdi & Thalmann, Breitenbach
de;249;allowances;alphabetical;Kampagnenfinanzierung;1;22.10.2023 Nationalratswahlen 2023;2023;campaign_financing;Budgetzahlen;natürliche Person;Zuwender/in: Burkard Carmita, Akteur/in: Grüne Kanton Solothurn, Solothurn
de;2492;allowances;alphabetical;Kampagnenfinanzierung;11;22.09.2024 Bundesgesetzes über die berufliche Alters-, Hinterlassenen- und Invalidenvorsorge (BVG) (Reform der beruflichen Vorsorge);;campaign_financing;Definitive Zahlen;juristische Person oder Personengesellschaft;Zuwender/in: UNIA, Akteur/in: Schweizerischer Gewerkschaftsbund (SGB), Bern
de;2493;allowances;alphabetical;Kampagnenfinanzierung;11;22.09.2024 Bundesgesetzes über die berufliche Alters-, Hinterlassenen- und Invalidenvorsorge (BVG) (Reform der beruflichen Vorsorge);;campaign_financing;Definitive Zahlen;juristische Person oder Personengesellschaft;Zuwender/in: SEV, Akteur/in: Schweizerischer Gewerkschaftsbund (SGB), Bern
de;2494;allowances;alphabetical;Kampagnenfinanzierung;11;22.09.2024 Bundesgesetzes über die berufliche Alters-, Hinterlassenen- und Invalidenvorsorge (BVG) (Reform der beruflichen Vorsorge);;campaign_financing;Definitive Zahlen;juristische Person oder Personengesellschaft;Zuwender/in: Syndicom, Akteur/in: Schweizerischer Gewerkschaftsbund (SGB), Bern
de;2495;allowances;alphabetical;Kampagnenfinanzierung;11;22.09.2024 Bundesgesetzes über die berufliche Alters-, Hinterlassenen- und Invalidenvorsorge (BVG) (Reform der beruflichen Vorsorge);;campaign_financing;Definitive Zahlen;juristische Person oder Personengesellschaft;Zuwender/in: VPOD, Akteur/in: Schweizerischer Gewerkschaftsbund (SGB), Bern
de;2496;allowances;alphabetical;Kampagnenfinanzierung;11;22.09.2024 Bundesgesetzes über die berufliche Alters-, Hinterlassenen- und Invalidenvorsorge (BVG) (Reform der beruflichen Vorsorge);;campaign_financing;Definitive Zahlen;juristische Person oder Personengesellschaft;Zuwender/in: SGB - Schweizerischer Gewerkschaftsbund, Akteur/in: Schweizerischer Gewerkschaftsbund (SGB), Bern
de;25;allowances;alphabetical;Kampagnenfinanzierung;1;22.10.2023 Nationalratswahlen 2023;2023;campaign_financing;Budgetzahlen;juristische Person oder Personengesellschaft;Zuwender/in: SP Schweiz, Akteur/in: Sozialdemokratische Partei Kanton Baselland, Liestal
de;250;allowances;alphabetical;Kampagnenfinanzierung;1;22.10.2023 Nationalratswahlen 2023;2023;campaign_financing;Budgetzahlen;natürliche Person;Zuwender/in: Burkard Carmita, Akteur/in: Verdi del Cantone Ticino, Bellinzona
de;253;allowances;alphabetical;Kampagnenfinanzierung;1;22.10.2023 Nationalratswahlen 2023;2023;campaign_financing;Budgetzahlen;natürliche Person;Zuwender/in: Gysin Greta, Akteur/in: Verdi del Cantone Ticino, Bellinzona
de;2533;allowances;alphabetical;Kampagnenfinanzierung;10;22.09.2024 Für die Zukunft unserer Natur und Landschaft (Biodiversitätsinitiative);;campaign_financing;Definitive Zahlen;natürliche Person;Zuwender/in: Brunner Daniel, Akteur/in: Ja zu mehr Natur, Landschaft und Baukultur, Basel
de;2534;allowances;alphabetical;Kampagnenfinanzierung;10;22.09.2024 Für die Zukunft unserer Natur und Landschaft (Biodiversitätsinitiative);;campaign_financing;Definitive Zahlen;juristische Person oder Personengesellschaft;Zuwender/in: Pro Natura, Akteur/in: Ja zu mehr Natur, Landschaft und Baukultur, Basel
de;2535;allowances;alphabetical;Kampagnenfinanzierung;10;22.09.2024 Für die Zukunft unserer Natur und Landschaft (Biodiversitätsinitiative);;campaign_financing;Definitive Zahlen;juristische Person oder Personengesellschaft;Zuwender/in: BirdLife Schweiz, Akteur/in: Ja zu mehr Natur, Landschaft und Baukultur, Basel
de;2536;allowances;alphabetical;Kampagnenfinanzierung;10;22.09.2024 Für die Zukunft unserer Natur und Landschaft (Biodiversitätsinitiative);;campaign_financing;Definitive Zahlen;juristische Person oder Personengesellschaft;Zuwender/in: Stiftung Landschaftsschutz (SL), Akteur/in: Ja zu mehr Natur, Landschaft und Baukultur, Basel
de;2537;allowances;alphabetical;Kampagnenfinanzierung;10;22.09.2024 Für die Zukunft unserer Natur und Landschaft (Biodiversitätsinitiative);;campaign_financing;Definitive Zahlen;juristische Person oder Personengesellschaft;Zuwender/in: Schweizer Heimatschutz (SHS), Akteur/in: Ja zu mehr Natur, Landschaft und Baukultur, Basel
de;2538;allowances;alphabetical;Kampagnenfinanzierung;10;22.09.2024 Für die Zukunft unserer Natur und Landschaft (Biodiversitätsinitiative);;campaign_financing;Definitive Zahlen;juristische Person oder Personengesellschaft;Zuwender/in: BirdLife Schweiz, Akteur/in: Ja zu mehr Natur, Landschaft und Baukultur, Basel
de;2539;allowances;alphabetical;Kampagnenfinanzierung;10;22.09.2024 Für die Zukunft unserer Natur und Landschaft (Biodiversitätsinitiative);;campaign_financing;Definitive Zahlen;juristische Person oder Personengesellschaft;Zuwender/in: Pro Natura, Akteur/in: Ja zu mehr Natur, Landschaft und Baukultur, Basel
de;254;allowances;alphabetical;Kampagnenfinanzierung;1;22.10.2023 Nationalratswahlen 2023;2023;campaign_financing;Budgetzahlen;natürliche Person;Zuwender/in: Wettstein Felix, Akteur/in: Grüne Kanton Solothurn, Solothurn
de;2540;allowances;alphabetical;Kampagnenfinanzierung;10;22.09.2024 Für die Zukunft unserer Natur und Landschaft (Biodiversitätsinitiative);;campaign_financing;Definitive Zahlen;juristische Person oder Personengesellschaft;Zuwender/in: Schweizer Heimatschutz, Akteur/in: Ja zu mehr Natur, Landschaft und Baukultur, Basel
de;2541;allowances;alphabetical;Kampagnenfinanzierung;10;22.09.2024 Für die Zukunft unserer Natur und Landschaft (Biodiversitätsinitiative);;campaign_financing;Definitive Zahlen;juristische Person oder Personengesellschaft;Zuwender/in: Stiftung Landschaftsschutz Schweiz, Akteur/in: Ja zu mehr Natur, Landschaft und Baukultur, Basel
de;2542;allowances;alphabetical;Kampagnenfinanzierung;10;22.09.2024 Für die Zukunft unserer Natur und Landschaft (Biodiversitätsinitiative);;campaign_financing;Definitive Zahlen;juristische Person oder Personengesellschaft;Zuwender/in: Fondation Franz Weber, Akteur/in: Ja zu mehr Natur, Landschaft und Baukultur, Basel
de;255;allowances;alphabetical;Kampagnenfinanzierung;1;22.10.2023 Nationalratswahlen 2023;2023;campaign_financing;Budgetzahlen;natürliche Person;Zuwender/in: Wettstein Felix, Akteur/in: Grüne Kanton Solothurn, Solothurn
de;256;allowances;alphabetical;Kampagnenfinanzierung;1;22.10.2023 Nationalratswahlen 2023;2023;campaign_financing;Budgetzahlen;natürliche Person;Zuwender/in: Savary Josef, Akteur/in: Verdi del Cantone Ticino, Bellinzona
de;2561;allowances;alphabetical;Kampagnenfinanzierung;12;24.11.2024 Bundesbeschluss vom 29. September 2023 über den Ausbauschritt 2023 für die Nationalstrassen;2024;campaign_financing;Budgetzahlen;juristische Person oder Personengesellschaft;Zuwender/in: Umverkehr, Akteur/in: VCS Verkehrs-Club der Schweiz, Bern
de;2562;allowances;alphabetical;Kampagnenfinanzierung;12;24.11.2024 Bundesbeschluss vom 29. September 2023 über den Ausbauschritt 2023 für die Nationalstrassen;2024;campaign_financing;Budgetzahlen;juristische Person oder Personengesellschaft;Zuwender/in: Pro Velo Schweiz, Akteur/in: VCS Verkehrs-Club der Schweiz, Bern
de;2563;allowances;alphabetical;Kampagnenfinanzierung;12;24.11.2024 Bundesbeschluss vom 29. September 2023 über den Ausbauschritt 2023 für die Nationalstrassen;2024;campaign_financing;Budgetzahlen;juristische Person oder Personengesellschaft;Zuwender/in: Pro Natura, Akteur/in: VCS Verkehrs-Club der Schweiz, Bern
de;2564;allowances;alphabetical;Kampagnenfinanzierung;12;24.11.2024 Bundesbeschluss vom 29. September 2023 über den Ausbauschritt 2023 für die Nationalstrassen;2024;campaign_financing;Budgetzahlen;juristische Person oder Personengesellschaft;Zuwender/in: VCS Verkehrs-Club der Schweiz, Akteur/in: VCS Verkehrs-Club der Schweiz, Bern
de;2565;allowances;alphabetical;Kampagnenfinanzierung;12;24.11.2024 Bundesbeschluss vom 29. September 2023 über den Ausbauschritt 2023 für die Nationalstrassen;2024;campaign_financing;Budgetzahlen;juristische Person oder Personengesellschaft;Zuwender/in: Asterito AG, Akteur/in: VCS Verkehrs-Club der Schweiz, Bern
de;2566;allowances;alphabetical;Kampagnenfinanzierung;12;24.11.2024 Bundesbeschluss vom 29. September 2023 über den Ausbauschritt 2023 für die Nationalstrassen;2024;campaign_financing;Budgetzahlen;juristische Person oder Personengesellschaft;Zuwender/in: Fondation Franz Weber, Akteur/in: VCS Verkehrs-Club der Schweiz, Bern
de;2567;allowances;alphabetical;Kampagnenfinanzierung;12;24.11.2024 Bundesbeschluss vom 29. September 2023 über den Ausbauschritt 2023 für die Nationalstrassen;2024;campaign_financing;Budgetzahlen;natürliche Person;Zuwender/in: Burkard Carmita, Akteur/in: VCS Verkehrs-Club der Schweiz, Bern
de;2568;allowances;alphabetical;Kampagnenfinanzierung;12;24.11.2024 Bundesbeschluss vom 29. September 2023 über den Ausbauschritt 2023 für die Nationalstrassen;2024;campaign_financing;Budgetzahlen;juristische Person oder Personengesellschaft;Zuwender/in: WWF Schweiz, Akteur/in: VCS Verkehrs-Club der Schweiz, Bern
de;2569;allowances;alphabetical;Kampagnenfinanzierung;15;24.11.2024 Änderung vom 22. Dezember 2023 des Bundesgesetzes über die Krankenversicherung (Einheitliche Finanzierung der Leistungen);;campaign_financing;Budgetzahlen;juristische Person oder Personengesellschaft;Zuwender/in: FMH Verbindung der Schweizer Ärztinnen und Ärzte, Akteur/in: Gesundheitswesen mit Zukunft, Bern
de;257;allowances;alphabetical;Kampagnenfinanzierung;1;22.10.2023 Nationalratswahlen 2023;2023;campaign_financing;Budgetzahlen;natürliche Person;Zuwender/in: Majno-Hurst Pietro, Akteur/in: Verdi del Cantone Ticino, Bellinzona
de;2570;allowances;alphabetical;Kampagnenfinanzierung;15;24.11.2024 Änderung vom 22. Dezember 2023 des Bundesgesetzes über die Krankenversicherung (Einheitliche Finanzierung der Leistungen);;campaign_financing;Budgetzahlen;juristische Person oder Personengesellschaft;Zuwender/in: curafutura, die innovativen Krankenversicherer, Akteur/in: Gesundheitswesen mit Zukunft, Bern
de;2571;allowances;alphabetical;Kampagnenfinanzierung;15;24.11.2024 Änderung vom 22. Dezember 2023 des Bundesgesetzes über die Krankenversicherung (Einheitliche Finanzierung der Leistungen);;campaign_financing;Budgetzahlen;juristische Person oder Personengesellschaft;Zuwender/in: AerzteGesellschaft des Kantons Zürich AGZ, Akteur/in: Gesundheitswesen mit Zukunft, Bern
de;2572;allowances;alphabetical;Kampagnenfinanzierung;15;24.11.2024 Änderung vom 22. Dezember 2023 des Bundesgesetzes über die Krankenversicherung (Einheitliche Finanzierung der Leistungen);;campaign_financing;Budgetzahlen;juristische Person oder Personengesellschaft;Zuwender/in: ARTISET / curaviva, Akteur/in: Gesundheitswesen mit Zukunft, Bern
de;2573;allowances;alphabetical;Kampagnenfinanzierung;15;24.11.2024 Änderung vom 22. Dezember 2023 des Bundesgesetzes über die Krankenversicherung (Einheitliche Finanzierung der Leistungen);;campaign_financing;Budgetzahlen;juristische Person oder Personengesellschaft;Zuwender/in: Spitex Schweiz, Akteur/in: Gesundheitswesen mit Zukunft, Bern
de;2574;allowances;alphabetical;Kampagnenfinanzierung;15;24.11.2024 Änderung vom 22. Dezember 2023 des Bundesgesetzes über die Krankenversicherung (Einheitliche Finanzierung der Leistungen);;campaign_financing;Budgetzahlen;juristische Person oder Personengesellschaft;Zuwender/in: Schweizerischer Apothekenverband (pharmaSuisse), Akteur/in: Gesundheitswesen mit Zukunft, Bern
de;2575;allowances;alphabetical;Kampagnenfinanzierung;15;24.11.2024 Änderung vom 22. Dezember 2023 des Bundesgesetzes über die Krankenversicherung (Einheitliche Finanzierung der Leistungen);;campaign_financing;Budgetzahlen;juristische Person oder Personengesellschaft;Zuwender/in: Interpharma Verband der forschenden pharmazeutischen Firmen der Schweiz, Akteur/in: Gesundheitswesen mit Zukunft, Bern
de;2576;allowances;alphabetical;Kampagnenfinanzierung;15;24.11.2024 Änderung vom 22. Dezember 2023 des Bundesgesetzes über die Krankenversicherung (Einheitliche Finanzierung der Leistungen);;campaign_financing;Budgetzahlen;juristische Person oder Personengesellschaft;Zuwender/in: H+ Die Schweizer Spitäler, Akteur/in: Gesundheitswesen mit Zukunft, Bern
de;2577;allowances;alphabetical;Kampagnenfinanzierung;15;24.11.2024 Änderung vom 22. Dezember 2023 des Bundesgesetzes über die Krankenversicherung (Einheitliche Finanzierung der Leistungen);;campaign_financing;Budgetzahlen;juristische Person oder Personengesellschaft;Zuwender/in: Bündnis Freiheitliches Gesundheitswesen, Akteur/in: Gesundheitswesen mit Zukunft, Bern
de;2578;allowances;alphabetical;Kampagnenfinanzierung;15;24.11.2024 Änderung vom 22. Dezember 2023 des Bundesgesetzes über die Krankenversicherung (Einheitliche Finanzierung der Leistungen);;campaign_financing;Budgetzahlen;juristische Person oder Personengesellschaft;Zuwender/in: medswissnet, Akteur/in: Gesundheitswesen mit Zukunft, Bern
de;2579;allowances;alphabetical;Kampagnenfinanzierung;15;24.11.2024 Änderung vom 22. Dezember 2023 des Bundesgesetzes über die Krankenversicherung (Einheitliche Finanzierung der Leistungen);;campaign_financing;Budgetzahlen;juristische Person oder Personengesellschaft;Zuwender/in: SW!SS REHA, Akteur/in: Gesundheitswesen mit Zukunft, Bern
de;258;allowances;alphabetical;Kampagnenfinanzierung;1;22.10.2023 Nationalratswahlen 2023;2023;campaign_financing;Budgetzahlen;juristische Person oder Personengesellschaft;Zuwender/in: HEV Zürich, Akteur/in: Bourgeois Yasmine, Zürich
de;2580;allowances;alphabetical;Kampagnenfinanzierung;15;24.11.2024 Änderung vom 22. Dezember 2023 des Bundesgesetzes über die Krankenversicherung (Einheitliche Finanzierung der Leistungen);;campaign_financing;Budgetzahlen;juristische Person oder Personengesellschaft;Zuwender/in: Der Schweizerische Versicherungsverband SVV, Akteur/in: Gesundheitswesen mit Zukunft, Bern
de;2581;allowances;alphabetical;Kampagnenfinanzierung;15;24.11.2024 Änderung vom 22. Dezember 2023 des Bundesgesetzes über die Krankenversicherung (Einheitliche Finanzierung der Leistungen);;campaign_financing;Budgetzahlen;juristische Person oder Personengesellschaft;Zuwender/in: Universitäre Medizin Schweiz, Unimedsuisse, Akteur/in: Gesundheitswesen mit Zukunft, Bern
de;2582;allowances;alphabetical;Kampagnenfinanzierung;15;24.11.2024 Änderung vom 22. Dezember 2023 des Bundesgesetzes über die Krankenversicherung (Einheitliche Finanzierung der Leistungen);;campaign_financing;Budgetzahlen;juristische Person oder Personengesellschaft;Zuwender/in: Visana Beteiligungen AG, Akteur/in: Gesundheitswesen mit Zukunft, Bern
de;2583;allowances;alphabetical;Kampagnenfinanzierung;15;24.11.2024 Änderung vom 22. Dezember 2023 des Bundesgesetzes über die Krankenversicherung (Einheitliche Finanzierung der Leistungen);;campaign_financing;Budgetzahlen;juristische Person oder Personengesellschaft;Zuwender/in: Aerztegesellschaft des Kantons Bern, Akteur/in: Gesundheitswesen mit Zukunft, Bern
de;2584;allowances;alphabetical;Kampagnenfinanzierung;15;24.11.2024 Änderung vom 22. Dezember 2023 des Bundesgesetzes über die Krankenversicherung (Einheitliche Finanzierung der Leistungen);;campaign_financing;Budgetzahlen;juristische Person oder Personengesellschaft;Zuwender/in: Der Schweizerische Versicherungsverband SVV, Akteur/in: Gesundheitswesen mit Zukunft, Bern
de;2585;allowances;alphabetical;Kampagnenfinanzierung;15;24.11.2024 Änderung vom 22. Dezember 2023 des Bundesgesetzes über die Krankenversicherung (Einheitliche Finanzierung der Leistungen);;campaign_financing;Budgetzahlen;juristische Person oder Personengesellschaft;Zuwender/in: economiesuisse, Akteur/in: Gesundheitswesen mit Zukunft, Bern
de;2586;allowances;alphabetical;Kampagnenfinanzierung;15;24.11.2024 Änderung vom 22. Dezember 2023 des Bundesgesetzes über die Krankenversicherung (Einheitliche Finanzierung der Leistungen);;campaign_financing;Budgetzahlen;juristische Person oder Personengesellschaft;Zuwender/in: FMH Verbindung der Schweizer Ärztinnen und Ärzte, Akteur/in: Gesundheitswesen mit Zukunft, Bern
de;2587;allowances;alphabetical;Kampagnenfinanzierung;15;24.11.2024 Änderung vom 22. Dezember 2023 des Bundesgesetzes über die Krankenversicherung (Einheitliche Finanzierung der Leistungen);;campaign_financing;Budgetzahlen;juristische Person oder Personengesellschaft;Zuwender/in: Ärzte-Gesellschaft des Kantons Zug, Akteur/in: Gesundheitswesen mit Zukunft, Bern
de;2588;allowances;alphabetical;Kampagnenfinanzierung;15;24.11.2024 Änderung vom 22. Dezember 2023 des Bundesgesetzes über die Krankenversicherung (Einheitliche Finanzierung der Leistungen);;campaign_financing;Budgetzahlen;juristische Person oder Personengesellschaft;Zuwender/in: Schweizerischer Apothekenverband (pharmaSuisse), Akteur/in: Gesundheitswesen mit Zukunft, Bern
de;2589;allowances;alphabetical;Kampagnenfinanzierung;15;24.11.2024 Änderung vom 22. Dezember 2023 des Bundesgesetzes über die Krankenversicherung (Einheitliche Finanzierung der Leistungen);;campaign_financing;Budgetzahlen;juristische Person oder Personengesellschaft;Zuwender/in: Spitex Schweiz, Akteur/in: Gesundheitswesen mit Zukunft, Bern
de;259;allowances;alphabetical;Kampagnenfinanzierung;1;22.10.2023 Nationalratswahlen 2023;2023;campaign_financing;Budgetzahlen;juristische Person oder Personengesellschaft;Zuwender/in: Gemeinnützige Stiftung Gambit, Akteur/in: Gössi Petra, Küssnacht am Rigi
de;2590;allowances;alphabetical;Kampagnenfinanzierung;15;24.11.2024 Änderung vom 22. Dezember 2023 des Bundesgesetzes über die Krankenversicherung (Einheitliche Finanzierung der Leistungen);;campaign_financing;Budgetzahlen;juristische Person oder Personengesellschaft;Zuwender/in: Intergenerika, Akteur/in: Gesundheitswesen mit Zukunft, Bern
de;2591;allowances;alphabetical;Kampagnenfinanzierung;15;24.11.2024 Änderung vom 22. Dezember 2023 des Bundesgesetzes über die Krankenversicherung (Einheitliche Finanzierung der Leistungen);;campaign_financing;Budgetzahlen;juristische Person oder Personengesellschaft;Zuwender/in: Interpharma Verband der forschenden pharmazeutischen Firmen der Schweiz, Akteur/in: Gesundheitswesen mit Zukunft, Bern
de;2592;allowances;alphabetical;Kampagnenfinanzierung;15;24.11.2024 Änderung vom 22. Dezember 2023 des Bundesgesetzes über die Krankenversicherung (Einheitliche Finanzierung der Leistungen);;campaign_financing;Budgetzahlen;juristische Person oder Personengesellschaft;Zuwender/in: Ärzte-Gesellschaft des Kantons Zug, Akteur/in: Gesundheitswesen mit Zukunft, Bern
de;2593;allowances;alphabetical;Kampagnenfinanzierung;15;24.11.2024 Änderung vom 22. Dezember 2023 des Bundesgesetzes über die Krankenversicherung (Einheitliche Finanzierung der Leistungen);;campaign_financing;Budgetzahlen;juristische Person oder Personengesellschaft;Zuwender/in: curafutura, die innovativen Krankenversicherer, Akteur/in: Gesundheitswesen mit Zukunft, Bern
de;2594;allowances;alphabetical;Kampagnenfinanzierung;15;24.11.2024 Änderung vom 22. Dezember 2023 des Bundesgesetzes über die Krankenversicherung (Einheitliche Finanzierung der Leistungen);;campaign_financing;Budgetzahlen;juristische Person oder Personengesellschaft;Zuwender/in: FMH Verbindung der Schweizer Ärztinnen und Ärzte, Akteur/in: Gesundheitswesen mit Zukunft, Bern
de;2595;allowances;alphabetical;Kampagnenfinanzierung;15;24.11.2024 Änderung vom 22. Dezember 2023 des Bundesgesetzes über die Krankenversicherung (Einheitliche Finanzierung der Leistungen);;campaign_financing;Budgetzahlen;juristische Person oder Personengesellschaft;Zuwender/in: VEDAG Verband Deutschschweizer Ärztegesellschaft, Akteur/in: Gesundheitswesen mit Zukunft, Bern
de;2596;allowances;alphabetical;Kampagnenfinanzierung;15;24.11.2024 Änderung vom 22. Dezember 2023 des Bundesgesetzes über die Krankenversicherung (Einheitliche Finanzierung der Leistungen);;campaign_financing;Budgetzahlen;juristische Person oder Personengesellschaft;Zuwender/in: Société Médicale de la Suisse Romande (SMSR), Akteur/in: Gesundheitswesen mit Zukunft, Bern
de;2597;allowances;alphabetical;Kampagnenfinanzierung;11;22.09.2024 Bundesgesetzes über die berufliche Alters-, Hinterlassenen- und Invalidenvorsorge (BVG) (Reform der beruflichen Vorsorge);;campaign_financing;Definitive Zahlen;juristische Person oder Personengesellschaft;"Zuwender/in: economiesuisse, Akteur/in: Allianz ""Ja zur BVG-Reform"", Zürich"
de;2598;allowances;alphabetical;Kampagnenfinanzierung;11;22.09.2024 Bundesgesetzes über die berufliche Alters-, Hinterlassenen- und Invalidenvorsorge (BVG) (Reform der beruflichen Vorsorge);;campaign_financing;Definitive Zahlen;juristische Person oder Personengesellschaft;"Zuwender/in: Schweizerischer Versicherungsverband, Akteur/in: Allianz ""Ja zur BVG-Reform"", Zürich"
de;2599;allowances;alphabetical;Kampagnenfinanzierung;11;22.09.2024 Bundesgesetzes über die berufliche Alters-, Hinterlassenen- und Invalidenvorsorge (BVG) (Reform der beruflichen Vorsorge);;campaign_financing;Definitive Zahlen;juristische Person oder Personengesellschaft;"Zuwender/in: AXA Versicherungen, Akteur/in: Allianz ""Ja zur BVG-Reform"", Zürich"
de;26;allowances;alphabetical;Kampagnenfinanzierung;1;22.10.2023 Nationalratswahlen 2023;2023;campaign_financing;Budgetzahlen;juristische Person oder Personengesellschaft;Zuwender/in: SP Schweiz, Akteur/in: Sozialdemokratische Partei Kanton Baselland, Liestal
de;260;allowances;alphabetical;Kampagnenfinanzierung;1;22.10.2023 Nationalratswahlen 2023;2023;campaign_financing;Budgetzahlen;juristische Person oder Personengesellschaft;Zuwender/in: Schweizer Gewerbeverband, Akteur/in: Paganini Nicolò, Abtwil
de;2600;allowances;alphabetical;Kampagnenfinanzierung;11;22.09.2024 Bundesgesetzes über die berufliche Alters-, Hinterlassenen- und Invalidenvorsorge (BVG) (Reform der beruflichen Vorsorge);;campaign_financing;Definitive Zahlen;juristische Person oder Personengesellschaft;"Zuwender/in: Asset Management Association Switzerland, Akteur/in: Allianz ""Ja zur BVG-Reform"", Zürich"
de;2601;allowances;alphabetical;Kampagnenfinanzierung;11;22.09.2024 Bundesgesetzes über die berufliche Alters-, Hinterlassenen- und Invalidenvorsorge (BVG) (Reform der beruflichen Vorsorge);;campaign_financing;Definitive Zahlen;juristische Person oder Personengesellschaft;"Zuwender/in: Zürcher Handelskammer, Akteur/in: Allianz ""Ja zur BVG-Reform"", Zürich"
de;2602;allowances;alphabetical;Kampagnenfinanzierung;11;22.09.2024 Bundesgesetzes über die berufliche Alters-, Hinterlassenen- und Invalidenvorsorge (BVG) (Reform der beruflichen Vorsorge);;campaign_financing;Definitive Zahlen;juristische Person oder Personengesellschaft;"Zuwender/in: Zürcher Handelskammer, Akteur/in: Allianz ""Ja zur BVG-Reform"", Zürich"
de;2603;allowances;alphabetical;Kampagnenfinanzierung;11;22.09.2024 Bundesgesetzes über die berufliche Alters-, Hinterlassenen- und Invalidenvorsorge (BVG) (Reform der beruflichen Vorsorge);;campaign_financing;Definitive Zahlen;juristische Person oder Personengesellschaft;"Zuwender/in: Schweizerischer Arbeitgeberverband, Akteur/in: Allianz ""Ja zur BVG-Reform"", Zürich"
de;2604;allowances;alphabetical;Kampagnenfinanzierung;11;22.09.2024 Bundesgesetzes über die berufliche Alters-, Hinterlassenen- und Invalidenvorsorge (BVG) (Reform der beruflichen Vorsorge);;campaign_financing;Definitive Zahlen;juristische Person oder Personengesellschaft;"Zuwender/in: Schweizerischer Versicherungsverband, Akteur/in: Allianz ""Ja zur BVG-Reform"", Zürich"
de;2605;allowances;alphabetical;Kampagnenfinanzierung;11;22.09.2024 Bundesgesetzes über die berufliche Alters-, Hinterlassenen- und Invalidenvorsorge (BVG) (Reform der beruflichen Vorsorge);;campaign_financing;Definitive Zahlen;juristische Person oder Personengesellschaft;"Zuwender/in: AXA Versicherungen, Akteur/in: Allianz ""Ja zur BVG-Reform"", Zürich"
de;2606;allowances;alphabetical;Kampagnenfinanzierung;10;22.09.2024 Für die Zukunft unserer Natur und Landschaft (Biodiversitätsinitiative);;campaign_financing;Definitive Zahlen;juristische Person oder Personengesellschaft;Zuwender/in: Luzerner Bäuerinnen- und Bauernverband, Akteur/in: Luzerner Bäuerinnen- und Bauernverband, Sursee
de;2607;allowances;alphabetical;Kampagnenfinanzierung;12;24.11.2024 Bundesbeschluss vom 29. September 2023 über den Ausbauschritt 2023 für die Nationalstrassen;2024;campaign_financing;Definitive Zahlen;juristische Person oder Personengesellschaft;Zuwender/in: TCS Sektion Zürich, Akteur/in: KMU- und Gewerbeverband Kanton Zürich, Zürich
de;261;allowances;alphabetical;Kampagnenfinanzierung;1;22.10.2023 Nationalratswahlen 2023;2023;campaign_financing;Budgetzahlen;juristische Person oder Personengesellschaft;Zuwender/in: eit.swiss, Akteur/in: Jauslin Matthias Samuel, Wohlen
de;2667;allowances;alphabetical;Kampagnenfinanzierung;16;09.02.2025 Für eine verantwortungsvolle Wirtschaft innerhalb der planetaren Grenzen (Umweltverantwortungsinitiative);;campaign_financing;Budgetzahlen;juristische Person oder Personengesellschaft;Zuwender/in: economiesuisse, Akteur/in: FDP.Die Liberalen, Bern
de;2668;allowances;alphabetical;Kampagnenfinanzierung;16;09.02.2025 Für eine verantwortungsvolle Wirtschaft innerhalb der planetaren Grenzen (Umweltverantwortungsinitiative);;campaign_financing;Budgetzahlen;juristische Person oder Personengesellschaft;Zuwender/in: HEV Schweiz, Akteur/in: FDP.Die Liberalen, Bern
de;2670;allowances;alphabetical;Kampagnenfinanzierung;16;09.02.2025 Für eine verantwortungsvolle Wirtschaft innerhalb der planetaren Grenzen (Umweltverantwortungsinitiative);;campaign_financing;Budgetzahlen;juristische Person oder Personengesellschaft;Zuwender/in: Schweizerischer Gewerbeverband sgv, Akteur/in: FDP.Die Liberalen, Bern
de;2672;allowances;alphabetical;Kampagnenfinanzierung;16;09.02.2025 Für eine verantwortungsvolle Wirtschaft innerhalb der planetaren Grenzen (Umweltverantwortungsinitiative);;campaign_financing;Budgetzahlen;juristische Person oder Personengesellschaft;Zuwender/in: GRÜNE Schweiz, Akteur/in: Junge Grüne Schweiz, Bern
de;2673;allowances;alphabetical;Kampagnenfinanzierung;16;09.02.2025 Für eine verantwortungsvolle Wirtschaft innerhalb der planetaren Grenzen (Umweltverantwortungsinitiative);;campaign_financing;Budgetzahlen;juristische Person oder Personengesellschaft;Zuwender/in: Junge Grüne Schweiz, Akteur/in: Junge Grüne Schweiz, Bern
de;2674;allowances;alphabetical;Kampagnenfinanzierung;13;24.11.2024 Änderung vom 29. September 2023 des Obligationenrechts (Mietrecht: Untermiete);;campaign_financing;Definitive Zahlen;juristische Person oder Personengesellschaft;Zuwender/in: HEV Schweiz, Akteur/in: 2 x Ja zum Mietrecht / Bund für mehr Wohnraum, Zürich
de;2675;allowances;alphabetical;Kampagnenfinanzierung;13;24.11.2024 Änderung vom 29. September 2023 des Obligationenrechts (Mietrecht: Untermiete);;campaign_financing;Definitive Zahlen;juristische Person oder Personengesellschaft;Zuwender/in: CVI Chambre vaudoise immobilière, Akteur/in: 2 x Ja zum Mietrecht / Bund für mehr Wohnraum, Zürich
de;2676;allowances;alphabetical;Kampagnenfinanzierung;13;24.11.2024 Änderung vom 29. September 2023 des Obligationenrechts (Mietrecht: Untermiete);;campaign_financing;Definitive Zahlen;juristische Person oder Personengesellschaft;Zuwender/in: FRI Fédération romande immobilière, Akteur/in: 2 x Ja zum Mietrecht / Bund für mehr Wohnraum, Zürich
de;2677;allowances;alphabetical;Kampagnenfinanzierung;13;24.11.2024 Änderung vom 29. September 2023 des Obligationenrechts (Mietrecht: Untermiete);;campaign_financing;Definitive Zahlen;juristische Person oder Personengesellschaft;Zuwender/in: Chambre genevoise immobilière, Akteur/in: 2 x Ja zum Mietrecht / Bund für mehr Wohnraum, Zürich
de;2678;allowances;alphabetical;Kampagnenfinanzierung;13;24.11.2024 Änderung vom 29. September 2023 des Obligationenrechts (Mietrecht: Untermiete);;campaign_financing;Definitive Zahlen;juristische Person oder Personengesellschaft;Zuwender/in: SVIT Schweiz, Akteur/in: 2 x Ja zum Mietrecht / Bund für mehr Wohnraum, Zürich
de;2679;allowances;alphabetical;Kampagnenfinanzierung;13;24.11.2024 Änderung vom 29. September 2023 des Obligationenrechts (Mietrecht: Untermiete);;campaign_financing;Definitive Zahlen;juristische Person oder Personengesellschaft;Zuwender/in: VIS Verband Immobilien Schweiz, Akteur/in: 2 x Ja zum Mietrecht / Bund für mehr Wohnraum, Zürich
de;2680;allowances;alphabetical;Kampagnenfinanzierung;13;24.11.2024 Änderung vom 29. September 2023 des Obligationenrechts (Mietrecht: Untermiete);;campaign_financing;Definitive Zahlen;juristische Person oder Personengesellschaft;Zuwender/in: Centre Patronal, Akteur/in: 2 x Ja zum Mietrecht / Bund für mehr Wohnraum, Zürich
de;2681;allowances;alphabetical;Kampagnenfinanzierung;13;24.11.2024 Änderung vom 29. September 2023 des Obligationenrechts (Mietrecht: Untermiete);;campaign_financing;Definitive Zahlen;juristische Person oder Personengesellschaft;Zuwender/in: SVIT Romandie, Akteur/in: 2 x Ja zum Mietrecht / Bund für mehr Wohnraum, Zürich
de;2682;allowances;alphabetical;Kampagnenfinanzierung;13;24.11.2024 Änderung vom 29. September 2023 des Obligationenrechts (Mietrecht: Untermiete);;campaign_financing;Definitive Zahlen;juristische Person oder Personengesellschaft;Zuwender/in: USPI Suisse, Akteur/in: 2 x Ja zum Mietrecht / Bund für mehr Wohnraum, Zürich
de;2683;allowances;alphabetical;Kampagnenfinanzierung;13;24.11.2024 Änderung vom 29. September 2023 des Obligationenrechts (Mietrecht: Untermiete);;campaign_financing;Definitive Zahlen;juristische Person oder Personengesellschaft;Zuwender/in: HEV Aargau, Akteur/in: 2 x Ja zum Mietrecht / Bund für mehr Wohnraum, Zürich
de;2684;allowances;alphabetical;Kampagnenfinanzierung;13;24.11.2024 Änderung vom 29. September 2023 des Obligationenrechts (Mietrecht: Untermiete);;campaign_financing;Definitive Zahlen;juristische Person oder Personengesellschaft;Zuwender/in: HEV Schweiz, Akteur/in: 2 x Ja zum Mietrecht / Bund für mehr Wohnraum, Zürich
de;2685;allowances;alphabetical;Kampagnenfinanzierung;13;24.11.2024 Änderung vom 29. September 2023 des Obligationenrechts (Mietrecht: Untermiete);;campaign_financing;Definitive Zahlen;juristische Person oder Personengesellschaft;Zuwender/in: USPI Vaud, Akteur/in: 2 x Ja zum Mietrecht / Bund für mehr Wohnraum, Zürich
de;2686;allowances;alphabetical;Kampagnenfinanzierung;13;24.11.2024 Änderung vom 29. September 2023 des Obligationenrechts (Mietrecht: Untermiete);;campaign_financing;Definitive Zahlen;juristische Person oder Personengesellschaft;Zuwender/in: Chambre vaudoise immobilière, Akteur/in: 2 x Ja zum Mietrecht / Bund für mehr Wohnraum, Zürich
de;2687;allowances;alphabetical;Kampagnenfinanzierung;14;24.11.2024 Änderung vom 29. September 2023 des Obligationenrechts (Mietrecht: Kündigung wegen Eigenbedarfs);;campaign_financing;Definitive Zahlen;juristische Person oder Personengesellschaft;Zuwender/in: HEV Schweiz, Akteur/in: 2 x Ja zum Mietrecht / Bund für mehr Wohnraum, Zürich
de;2688;allowances;alphabetical;Kampagnenfinanzierung;14;24.11.2024 Änderung vom 29. September 2023 des Obligationenrechts (Mietrecht: Kündigung wegen Eigenbedarfs);;campaign_financing;Definitive Zahlen;juristische Person oder Personengesellschaft;Zuwender/in: CVI Chambre vaudoise immobilière, Akteur/in: 2 x Ja zum Mietrecht / Bund für mehr Wohnraum, Zürich
de;2689;allowances;alphabetical;Kampagnenfinanzierung;14;24.11.2024 Änderung vom 29. September 2023 des Obligationenrechts (Mietrecht: Kündigung wegen Eigenbedarfs);;campaign_financing;Definitive Zahlen;juristische Person oder Personengesellschaft;Zuwender/in: FRI Fédération romande immobilière, Akteur/in: 2 x Ja zum Mietrecht / Bund für mehr Wohnraum, Zürich
de;269;allowances;alphabetical;Kampagnenfinanzierung;1;22.10.2023 Nationalratswahlen 2023;2023;campaign_financing;Budgetzahlen;juristische Person oder Personengesellschaft;Zuwender/in: Schweizerischer Gewerbeverband, Akteur/in: Müller Leo, Ruswil
de;2690;allowances;alphabetical;Kampagnenfinanzierung;14;24.11.2024 Änderung vom 29. September 2023 des Obligationenrechts (Mietrecht: Kündigung wegen Eigenbedarfs);;campaign_financing;Definitive Zahlen;juristische Person oder Personengesellschaft;Zuwender/in: CGI Chambre genevoise imobilière, Akteur/in: 2 x Ja zum Mietrecht / Bund für mehr Wohnraum, Zürich
de;2691;allowances;alphabetical;Kampagnenfinanzierung;14;24.11.2024 Änderung vom 29. September 2023 des Obligationenrechts (Mietrecht: Kündigung wegen Eigenbedarfs);;campaign_financing;Definitive Zahlen;juristische Person oder Personengesellschaft;Zuwender/in: SVIT Schweiz, Akteur/in: 2 x Ja zum Mietrecht / Bund für mehr Wohnraum, Zürich
de;2692;allowances;alphabetical;Kampagnenfinanzierung;14;24.11.2024 Änderung vom 29. September 2023 des Obligationenrechts (Mietrecht: Kündigung wegen Eigenbedarfs);;campaign_financing;Definitive Zahlen;juristische Person oder Personengesellschaft;Zuwender/in: VIS Verband Immobilien Schweiz, Akteur/in: 2 x Ja zum Mietrecht / Bund für mehr Wohnraum, Zürich
de;2693;allowances;alphabetical;Kampagnenfinanzierung;14;24.11.2024 Änderung vom 29. September 2023 des Obligationenrechts (Mietrecht: Kündigung wegen Eigenbedarfs);;campaign_financing;Definitive Zahlen;juristische Person oder Personengesellschaft;Zuwender/in: Centre Patronal, Akteur/in: 2 x Ja zum Mietrecht / Bund für mehr Wohnraum, Zürich
de;2694;allowances;alphabetical;Kampagnenfinanzierung;14;24.11.2024 Änderung vom 29. September 2023 des Obligationenrechts (Mietrecht: Kündigung wegen Eigenbedarfs);;campaign_financing;Definitive Zahlen;juristische Person oder Personengesellschaft;Zuwender/in: SVIT Romandie, Akteur/in: 2 x Ja zum Mietrecht / Bund für mehr Wohnraum, Zürich
de;2695;allowances;alphabetical;Kampagnenfinanzierung;14;24.11.2024 Änderung vom 29. September 2023 des Obligationenrechts (Mietrecht: Kündigung wegen Eigenbedarfs);;campaign_financing;Definitive Zahlen;juristische Person oder Personengesellschaft;Zuwender/in: USPI Suisse, Akteur/in: 2 x Ja zum Mietrecht / Bund für mehr Wohnraum, Zürich
de;2696;allowances;alphabetical;Kampagnenfinanzierung;14;24.11.2024 Änderung vom 29. September 2023 des Obligationenrechts (Mietrecht: Kündigung wegen Eigenbedarfs);;campaign_financing;Definitive Zahlen;juristische Person oder Personengesellschaft;Zuwender/in: HEV Aargau, Akteur/in: 2 x Ja zum Mietrecht / Bund für mehr Wohnraum, Zürich
de;2697;allowances;alphabetical;Kampagnenfinanzierung;14;24.11.2024 Änderung vom 29. September 2023 des Obligationenrechts (Mietrecht: Kündigung wegen Eigenbedarfs);;campaign_financing;Definitive Zahlen;juristische Person oder Personengesellschaft;Zuwender/in: HEV Schweiz, Akteur/in: 2 x Ja zum Mietrecht / Bund für mehr Wohnraum, Zürich
de;2698;allowances;alphabetical;Kampagnenfinanzierung;14;24.11.2024 Änderung vom 29. September 2023 des Obligationenrechts (Mietrecht: Kündigung wegen Eigenbedarfs);;campaign_financing;Definitive Zahlen;juristische Person oder Personengesellschaft;Zuwender/in: USPI Vaud, Akteur/in: 2 x Ja zum Mietrecht / Bund für mehr Wohnraum, Zürich
de;2699;allowances;alphabetical;Kampagnenfinanzierung;14;24.11.2024 Änderung vom 29. September 2023 des Obligationenrechts (Mietrecht: Kündigung wegen Eigenbedarfs);;campaign_financing;Definitive Zahlen;juristische Person oder Personengesellschaft;Zuwender/in: Chambre vaudoise immobilière, Akteur/in: 2 x Ja zum Mietrecht / Bund für mehr Wohnraum, Zürich
de;27;allowances;alphabetical;Kampagnenfinanzierung;1;22.10.2023 Nationalratswahlen 2023;2023;campaign_financing;Budgetzahlen;juristische Person oder Personengesellschaft;Zuwender/in: SP Schweiz, Akteur/in: Sozialdemokratische Partei Kanton Baselland, Liestal
de;2710;allowances;alphabetical;Kampagnenfinanzierung;12;24.11.2024 Bundesbeschluss vom 29. September 2023 über den Ausbauschritt 2023 für die Nationalstrassen;2024;campaign_financing;Definitive Zahlen;juristische Person oder Personengesellschaft;"Zuwender/in: KGV St.Gallen, Akteur/in: Überparteiliches Komitee ""Ja zur Sicherung der Nationalstrassen SG/TG"", St. Gallen"
de;2711;allowances;alphabetical;Kampagnenfinanzierung;12;24.11.2024 Bundesbeschluss vom 29. September 2023 über den Ausbauschritt 2023 für die Nationalstrassen;2024;campaign_financing;Definitive Zahlen;juristische Person oder Personengesellschaft;"Zuwender/in: IG Engpassbeseitigung, Akteur/in: Überparteiliches Komitee ""Ja zur Sicherung der Nationalstrassen SG/TG"", St. Gallen"
de;2712;allowances;alphabetical;Kampagnenfinanzierung;12;24.11.2024 Bundesbeschluss vom 29. September 2023 über den Ausbauschritt 2023 für die Nationalstrassen;2024;campaign_financing;Definitive Zahlen;juristische Person oder Personengesellschaft;"Zuwender/in: Thurgauer Gewerbeverband TGV, Akteur/in: Überparteiliches Komitee ""Ja zur Sicherung der Nationalstrassen SG/TG"", St. Gallen"
de;2713;allowances;alphabetical;Kampagnenfinanzierung;12;24.11.2024 Bundesbeschluss vom 29. September 2023 über den Ausbauschritt 2023 für die Nationalstrassen;2024;campaign_financing;Definitive Zahlen;juristische Person oder Personengesellschaft;"Zuwender/in: TCS St.Gallen-Appenzell AI, Akteur/in: Überparteiliches Komitee ""Ja zur Sicherung der Nationalstrassen SG/TG"", St. Gallen"
de;2714;allowances;alphabetical;Kampagnenfinanzierung;12;24.11.2024 Bundesbeschluss vom 29. September 2023 über den Ausbauschritt 2023 für die Nationalstrassen;2024;campaign_financing;Definitive Zahlen;juristische Person oder Personengesellschaft;"Zuwender/in: ACS St.Gallen, Akteur/in: Überparteiliches Komitee ""Ja zur Sicherung der Nationalstrassen SG/TG"", St. Gallen"
de;2715;allowances;alphabetical;Kampagnenfinanzierung;12;24.11.2024 Bundesbeschluss vom 29. September 2023 über den Ausbauschritt 2023 für die Nationalstrassen;2024;campaign_financing;Definitive Zahlen;juristische Person oder Personengesellschaft;"Zuwender/in: AGVS SG-AR-AI-FL, Akteur/in: Überparteiliches Komitee ""Ja zur Sicherung der Nationalstrassen SG/TG"", St. Gallen"
de;2716;allowances;alphabetical;Kampagnenfinanzierung;12;24.11.2024 Bundesbeschluss vom 29. September 2023 über den Ausbauschritt 2023 für die Nationalstrassen;2024;campaign_financing;Definitive Zahlen;juristische Person oder Personengesellschaft;"Zuwender/in: Gewerbe Stadt St.Gallen, Akteur/in: Überparteiliches Komitee ""Ja zur Sicherung der Nationalstrassen SG/TG"", St. Gallen"
de;2717;allowances;alphabetical;Kampagnenfinanzierung;12;24.11.2024 Bundesbeschluss vom 29. September 2023 über den Ausbauschritt 2023 für die Nationalstrassen;2024;campaign_financing;Definitive Zahlen;juristische Person oder Personengesellschaft;"Zuwender/in: Wirtschaftregion St.Gallen WISG, Akteur/in: Überparteiliches Komitee ""Ja zur Sicherung der Nationalstrassen SG/TG"", St. Gallen"
de;2718;allowances;alphabetical;Kampagnenfinanzierung;12;24.11.2024 Bundesbeschluss vom 29. September 2023 über den Ausbauschritt 2023 für die Nationalstrassen;2024;campaign_financing;Definitive Zahlen;juristische Person oder Personengesellschaft;"Zuwender/in: HEV Stadt St.Gallen, Akteur/in: Überparteiliches Komitee ""Ja zur Sicherung der Nationalstrassen SG/TG"", St. Gallen"
de;2719;allowances;alphabetical;Kampagnenfinanzierung;12;24.11.2024 Bundesbeschluss vom 29. September 2023 über den Ausbauschritt 2023 für die Nationalstrassen;2024;campaign_financing;Definitive Zahlen;juristische Person oder Personengesellschaft;"Zuwender/in: HEV Kanton St.Gallen, Akteur/in: Überparteiliches Komitee ""Ja zur Sicherung der Nationalstrassen SG/TG"", St. Gallen"
de;2767;allowances;alphabetical;Kampagnenfinanzierung;12;24.11.2024 Bundesbeschluss vom 29. September 2023 über den Ausbauschritt 2023 für die Nationalstrassen;2024;campaign_financing;Definitive Zahlen;natürliche Person;Zuwender/in: Werenfels Christine, Akteur/in: Greenpeace Schweiz, Zürich
de;2769;allowances;alphabetical;Kampagnenfinanzierung;13;24.11.2024 Änderung vom 29. September 2023 des Obligationenrechts (Mietrecht: Untermiete);;campaign_financing;Definitive Zahlen;juristische Person oder Personengesellschaft;Zuwender/in: Hauseigentümerverband Schweiz, Akteur/in: Hauseigentümerverband Kanton Bern, Bern
de;2770;allowances;alphabetical;Kampagnenfinanzierung;14;24.11.2024 Änderung vom 29. September 2023 des Obligationenrechts (Mietrecht: Kündigung wegen Eigenbedarfs);;campaign_financing;Definitive Zahlen;juristische Person oder Personengesellschaft;Zuwender/in: Hauseigentümerverband Schweiz, Akteur/in: Hauseigentümerverband Kanton Bern, Bern
de;2784;allowances;alphabetical;Kampagnenfinanzierung;12;24.11.2024 Bundesbeschluss vom 29. September 2023 über den Ausbauschritt 2023 für die Nationalstrassen;2024;campaign_financing;Definitive Zahlen;juristische Person oder Personengesellschaft;Zuwender/in: Temperatio Stiftung, Akteur/in: umverkehR, Zürich
de;2785;allowances;alphabetical;Kampagnenfinanzierung;12;24.11.2024 Bundesbeschluss vom 29. September 2023 über den Ausbauschritt 2023 für die Nationalstrassen;2024;campaign_financing;Definitive Zahlen;juristische Person oder Personengesellschaft;Zuwender/in: umverkehR, Akteur/in: umverkehR, Zürich
de;2787;allowances;alphabetical;Kampagnenfinanzierung;15;24.11.2024 Änderung vom 22. Dezember 2023 des Bundesgesetzes über die Krankenversicherung (Einheitliche Finanzierung der Leistungen);;campaign_financing;Definitive Zahlen;juristische Person oder Personengesellschaft;Zuwender/in: Schweizerischer Verband der Personals öffentlicher Dienste, Akteur/in: Schweizerischer Verband des Personals öffentlicher Dienste (V.P.O.D.), Zürich
de;2788;allowances;alphabetical;Kampagnenfinanzierung;15;24.11.2024 Änderung vom 22. Dezember 2023 des Bundesgesetzes über die Krankenversicherung (Einheitliche Finanzierung der Leistungen);;campaign_financing;Definitive Zahlen;juristische Person oder Personengesellschaft;Zuwender/in: VPOD - Verband des Personals öffentlicher Dienste, Akteur/in: Schweizerischer Gewerkschaftsbund (SGB), Bern
de;2789;allowances;alphabetical;Kampagnenfinanzierung;15;24.11.2024 Änderung vom 22. Dezember 2023 des Bundesgesetzes über die Krankenversicherung (Einheitliche Finanzierung der Leistungen);;campaign_financing;Definitive Zahlen;juristische Person oder Personengesellschaft;Zuwender/in: UNIA, Akteur/in: Schweizerischer Gewerkschaftsbund (SGB), Bern
de;2790;allowances;alphabetical;Kampagnenfinanzierung;15;24.11.2024 Änderung vom 22. Dezember 2023 des Bundesgesetzes über die Krankenversicherung (Einheitliche Finanzierung der Leistungen);;campaign_financing;Definitive Zahlen;juristische Person oder Personengesellschaft;Zuwender/in: SEV, Akteur/in: Schweizerischer Gewerkschaftsbund (SGB), Bern
de;2791;allowances;alphabetical;Kampagnenfinanzierung;15;24.11.2024 Änderung vom 22. Dezember 2023 des Bundesgesetzes über die Krankenversicherung (Einheitliche Finanzierung der Leistungen);;campaign_financing;Definitive Zahlen;juristische Person oder Personengesellschaft;Zuwender/in: Syndicom, Akteur/in: Schweizerischer Gewerkschaftsbund (SGB), Bern
de;2792;allowances;alphabetical;Kampagnenfinanzierung;15;24.11.2024 Änderung vom 22. Dezember 2023 des Bundesgesetzes über die Krankenversicherung (Einheitliche Finanzierung der Leistungen);;campaign_financing;Definitive Zahlen;juristische Person oder Personengesellschaft;Zuwender/in: SGB - Schweizerischer Gewerkschaftsbund, Akteur/in: Schweizerischer Gewerkschaftsbund (SGB), Bern
de;28;allowances;alphabetical;Kampagnenfinanzierung;1;22.10.2023 Nationalratswahlen 2023;2023;campaign_financing;Budgetzahlen;juristische Person oder Personengesellschaft;Zuwender/in: Grünliberale Partei Schweiz, Akteur/in: Junge Grünliberale Partei Schweiz, Bern
de;2832;allowances;alphabetical;Kampagnenfinanzierung;14;24.11.2024 Änderung vom 29. September 2023 des Obligationenrechts (Mietrecht: Kündigung wegen Eigenbedarfs);;campaign_financing;Definitive Zahlen;juristische Person oder Personengesellschaft;Zuwender/in: Hauseigentümerverband Schweiz, Akteur/in: HEV Kanton Zürich, Zürich
de;2833;allowances;alphabetical;Kampagnenfinanzierung;13;24.11.2024 Änderung vom 29. September 2023 des Obligationenrechts (Mietrecht: Untermiete);;campaign_financing;Definitive Zahlen;juristische Person oder Personengesellschaft;Zuwender/in: Hauseigentümerverband Schweiz, Akteur/in: HEV Kanton Zürich, Zürich
de;2834;allowances;alphabetical;Kampagnenfinanzierung;14;24.11.2024 Änderung vom 29. September 2023 des Obligationenrechts (Mietrecht: Kündigung wegen Eigenbedarfs);;campaign_financing;Definitive Zahlen;juristische Person oder Personengesellschaft;Zuwender/in: Hauseigentümerverband Schweiz, Akteur/in: Hauseigentümerverband Aargau, Baden
de;2835;allowances;alphabetical;Kampagnenfinanzierung;13;24.11.2024 Änderung vom 29. September 2023 des Obligationenrechts (Mietrecht: Untermiete);;campaign_financing;Definitive Zahlen;juristische Person oder Personengesellschaft;Zuwender/in: Hauseigentümerverband Schweiz, Akteur/in: Hauseigentümerverband Aargau, Baden
de;2836;allowances;alphabetical;Kampagnenfinanzierung;15;24.11.2024 Änderung vom 22. Dezember 2023 des Bundesgesetzes über die Krankenversicherung (Einheitliche Finanzierung der Leistungen);;campaign_financing;Definitive Zahlen;juristische Person oder Personengesellschaft;Zuwender/in: FMH Verbindung der Schweizer Ärztinnen und Ärzte, Akteur/in: Gesundheitswesen mit Zukunft, Bern
de;2837;allowances;alphabetical;Kampagnenfinanzierung;15;24.11.2024 Änderung vom 22. Dezember 2023 des Bundesgesetzes über die Krankenversicherung (Einheitliche Finanzierung der Leistungen);;campaign_financing;Definitive Zahlen;juristische Person oder Personengesellschaft;Zuwender/in: curafutura, die innovativen Krankenversicherer, Akteur/in: Gesundheitswesen mit Zukunft, Bern
de;2838;allowances;alphabetical;Kampagnenfinanzierung;15;24.11.2024 Änderung vom 22. Dezember 2023 des Bundesgesetzes über die Krankenversicherung (Einheitliche Finanzierung der Leistungen);;campaign_financing;Definitive Zahlen;juristische Person oder Personengesellschaft;Zuwender/in: AerzteGesellschaft des Kantons Zürich AGZ, Akteur/in: Gesundheitswesen mit Zukunft, Bern
de;2839;allowances;alphabetical;Kampagnenfinanzierung;15;24.11.2024 Änderung vom 22. Dezember 2023 des Bundesgesetzes über die Krankenversicherung (Einheitliche Finanzierung der Leistungen);;campaign_financing;Definitive Zahlen;juristische Person oder Personengesellschaft;Zuwender/in: ARTISET, Akteur/in: Gesundheitswesen mit Zukunft, Bern
de;2840;allowances;alphabetical;Kampagnenfinanzierung;15;24.11.2024 Änderung vom 22. Dezember 2023 des Bundesgesetzes über die Krankenversicherung (Einheitliche Finanzierung der Leistungen);;campaign_financing;Definitive Zahlen;juristische Person oder Personengesellschaft;Zuwender/in: Spitex Schweiz, Akteur/in: Gesundheitswesen mit Zukunft, Bern
de;2841;allowances;alphabetical;Kampagnenfinanzierung;15;24.11.2024 Änderung vom 22. Dezember 2023 des Bundesgesetzes über die Krankenversicherung (Einheitliche Finanzierung der Leistungen);;campaign_financing;Definitive Zahlen;juristische Person oder Personengesellschaft;Zuwender/in: Schweizerischer Apothekenverband (pharmaSuisse), Akteur/in: Gesundheitswesen mit Zukunft, Bern
de;2842;allowances;alphabetical;Kampagnenfinanzierung;15;24.11.2024 Änderung vom 22. Dezember 2023 des Bundesgesetzes über die Krankenversicherung (Einheitliche Finanzierung der Leistungen);;campaign_financing;Definitive Zahlen;juristische Person oder Personengesellschaft;Zuwender/in: Interpharma Verband der forschenden pharmazeutischen Firmen der Schweiz, Akteur/in: Gesundheitswesen mit Zukunft, Bern
de;2843;allowances;alphabetical;Kampagnenfinanzierung;15;24.11.2024 Änderung vom 22. Dezember 2023 des Bundesgesetzes über die Krankenversicherung (Einheitliche Finanzierung der Leistungen);;campaign_financing;Definitive Zahlen;juristische Person oder Personengesellschaft;Zuwender/in: H+ Die Schweizer Spitäler, Akteur/in: Gesundheitswesen mit Zukunft, Bern
de;2844;allowances;alphabetical;Kampagnenfinanzierung;15;24.11.2024 Änderung vom 22. Dezember 2023 des Bundesgesetzes über die Krankenversicherung (Einheitliche Finanzierung der Leistungen);;campaign_financing;Definitive Zahlen;juristische Person oder Personengesellschaft;Zuwender/in: Bündnis Freiheitliches Gesundheitswesen, Akteur/in: Gesundheitswesen mit Zukunft, Bern
de;2845;allowances;alphabetical;Kampagnenfinanzierung;15;24.11.2024 Änderung vom 22. Dezember 2023 des Bundesgesetzes über die Krankenversicherung (Einheitliche Finanzierung der Leistungen);;campaign_financing;Definitive Zahlen;juristische Person oder Personengesellschaft;Zuwender/in: medswiss.net, Akteur/in: Gesundheitswesen mit Zukunft, Bern
de;2846;allowances;alphabetical;Kampagnenfinanzierung;15;24.11.2024 Änderung vom 22. Dezember 2023 des Bundesgesetzes über die Krankenversicherung (Einheitliche Finanzierung der Leistungen);;campaign_financing;Definitive Zahlen;juristische Person oder Personengesellschaft;Zuwender/in: SW!SS REHA, Akteur/in: Gesundheitswesen mit Zukunft, Bern
de;2847;allowances;alphabetical;Kampagnenfinanzierung;15;24.11.2024 Änderung vom 22. Dezember 2023 des Bundesgesetzes über die Krankenversicherung (Einheitliche Finanzierung der Leistungen);;campaign_financing;Definitive Zahlen;juristische Person oder Personengesellschaft;Zuwender/in: Der Schweizerische Versicherungsverband SVV, Akteur/in: Gesundheitswesen mit Zukunft, Bern
de;2848;allowances;alphabetical;Kampagnenfinanzierung;15;24.11.2024 Änderung vom 22. Dezember 2023 des Bundesgesetzes über die Krankenversicherung (Einheitliche Finanzierung der Leistungen);;campaign_financing;Definitive Zahlen;juristische Person oder Personengesellschaft;Zuwender/in: Universitäre Medizin Schweiz, Unimedsuisse, Akteur/in: Gesundheitswesen mit Zukunft, Bern
de;2849;allowances;alphabetical;Kampagnenfinanzierung;15;24.11.2024 Änderung vom 22. Dezember 2023 des Bundesgesetzes über die Krankenversicherung (Einheitliche Finanzierung der Leistungen);;campaign_financing;Definitive Zahlen;juristische Person oder Personengesellschaft;Zuwender/in: Visana Beteiligungen AG, Akteur/in: Gesundheitswesen mit Zukunft, Bern
de;2850;allowances;alphabetical;Kampagnenfinanzierung;15;24.11.2024 Änderung vom 22. Dezember 2023 des Bundesgesetzes über die Krankenversicherung (Einheitliche Finanzierung der Leistungen);;campaign_financing;Definitive Zahlen;juristische Person oder Personengesellschaft;Zuwender/in: Aerztegesellschaft des Kantons Bern, Akteur/in: Gesundheitswesen mit Zukunft, Bern
de;2851;allowances;alphabetical;Kampagnenfinanzierung;15;24.11.2024 Änderung vom 22. Dezember 2023 des Bundesgesetzes über die Krankenversicherung (Einheitliche Finanzierung der Leistungen);;campaign_financing;Definitive Zahlen;juristische Person oder Personengesellschaft;Zuwender/in: economiesuisse, Akteur/in: Gesundheitswesen mit Zukunft, Bern
de;2852;allowances;alphabetical;Kampagnenfinanzierung;15;24.11.2024 Änderung vom 22. Dezember 2023 des Bundesgesetzes über die Krankenversicherung (Einheitliche Finanzierung der Leistungen);;campaign_financing;Definitive Zahlen;juristische Person oder Personengesellschaft;Zuwender/in: Ärzte-Gesellschaft des Kantons Zug, Akteur/in: Gesundheitswesen mit Zukunft, Bern
de;2853;allowances;alphabetical;Kampagnenfinanzierung;15;24.11.2024 Änderung vom 22. Dezember 2023 des Bundesgesetzes über die Krankenversicherung (Einheitliche Finanzierung der Leistungen);;campaign_financing;Definitive Zahlen;juristische Person oder Personengesellschaft;Zuwender/in: Intergenerika, Akteur/in: Gesundheitswesen mit Zukunft, Bern
de;2854;allowances;alphabetical;Kampagnenfinanzierung;15;24.11.2024 Änderung vom 22. Dezember 2023 des Bundesgesetzes über die Krankenversicherung (Einheitliche Finanzierung der Leistungen);;campaign_financing;Definitive Zahlen;juristische Person oder Personengesellschaft;Zuwender/in: VEDAG Verband Deutschschweizer Ärztegesellschaft, Akteur/in: Gesundheitswesen mit Zukunft, Bern
de;2855;allowances;alphabetical;Kampagnenfinanzierung;15;24.11.2024 Änderung vom 22. Dezember 2023 des Bundesgesetzes über die Krankenversicherung (Einheitliche Finanzierung der Leistungen);;campaign_financing;Definitive Zahlen;juristische Person oder Personengesellschaft;Zuwender/in: Société Médicale de la Suisse Romande (SMSR), Akteur/in: Gesundheitswesen mit Zukunft, Bern
de;287;allowances;alphabetical;Kampagnenfinanzierung;1;22.10.2023 Nationalratswahlen 2023;2023;campaign_financing;Budgetzahlen;juristische Person oder Personengesellschaft;Zuwender/in: Gesellschaft zum Zytthurm, Akteur/in: Die Mitte Kanton Zug, Rotkreuz
de;288;allowances;alphabetical;Kampagnenfinanzierung;1;22.10.2023 Nationalratswahlen 2023;2023;campaign_financing;Budgetzahlen;juristische Person oder Personengesellschaft;Zuwender/in: St. Martinsgesellschaft, Akteur/in: Die Mitte Schwyz, Schwyz
de;289;allowances;alphabetical;Kampagnenfinanzierung;1;22.10.2023 Nationalratswahlen 2023;2023;campaign_financing;Budgetzahlen;juristische Person oder Personengesellschaft;Zuwender/in: Verein für lösungsorientierte Politik, Akteur/in: Schneider-Schneiter Elisabeth, Biel-Benken
de;2894;allowances;alphabetical;Kampagnenfinanzierung;12;24.11.2024 Bundesbeschluss vom 29. September 2023 über den Ausbauschritt 2023 für die Nationalstrassen;2024;campaign_financing;Definitive Zahlen;juristische Person oder Personengesellschaft;Zuwender/in: Umverkehr, Akteur/in: VCS Verkehrs-Club der Schweiz, Bern
de;2895;allowances;alphabetical;Kampagnenfinanzierung;12;24.11.2024 Bundesbeschluss vom 29. September 2023 über den Ausbauschritt 2023 für die Nationalstrassen;2024;campaign_financing;Definitive Zahlen;juristische Person oder Personengesellschaft;Zuwender/in: Pro Velo Schweiz, Akteur/in: VCS Verkehrs-Club der Schweiz, Bern
de;2896;allowances;alphabetical;Kampagnenfinanzierung;12;24.11.2024 Bundesbeschluss vom 29. September 2023 über den Ausbauschritt 2023 für die Nationalstrassen;2024;campaign_financing;Definitive Zahlen;juristische Person oder Personengesellschaft;Zuwender/in: Pro Natura, Akteur/in: VCS Verkehrs-Club der Schweiz, Bern
de;2897;allowances;alphabetical;Kampagnenfinanzierung;12;24.11.2024 Bundesbeschluss vom 29. September 2023 über den Ausbauschritt 2023 für die Nationalstrassen;2024;campaign_financing;Definitive Zahlen;juristische Person oder Personengesellschaft;Zuwender/in: VCS Verkehrs-Club der Schweiz, Akteur/in: VCS Verkehrs-Club der Schweiz, Bern
de;2898;allowances;alphabetical;Kampagnenfinanzierung;12;24.11.2024 Bundesbeschluss vom 29. September 2023 über den Ausbauschritt 2023 für die Nationalstrassen;2024;campaign_financing;Definitive Zahlen;juristische Person oder Personengesellschaft;Zuwender/in: Asterito AG, Akteur/in: VCS Verkehrs-Club der Schweiz, Bern
de;2899;allowances;alphabetical;Kampagnenfinanzierung;12;24.11.2024 Bundesbeschluss vom 29. September 2023 über den Ausbauschritt 2023 für die Nationalstrassen;2024;campaign_financing;Definitive Zahlen;juristische Person oder Personengesellschaft;Zuwender/in: Fondation Franz Weber, Akteur/in: VCS Verkehrs-Club der Schweiz, Bern
de;290;allowances;alphabetical;Kampagnenfinanzierung;1;22.10.2023 Nationalratswahlen 2023;2023;campaign_financing;Budgetzahlen;juristische Person oder Personengesellschaft;Zuwender/in: Handelskammer beider Basel, Akteur/in: Schneider-Schneiter Elisabeth, Biel-Benken
de;2900;allowances;alphabetical;Kampagnenfinanzierung;12;24.11.2024 Bundesbeschluss vom 29. September 2023 über den Ausbauschritt 2023 für die Nationalstrassen;2024;campaign_financing;Definitive Zahlen;natürliche Person;Zuwender/in: Burkard Carmita, Akteur/in: VCS Verkehrs-Club der Schweiz, Bern
de;2901;allowances;alphabetical;Kampagnenfinanzierung;12;24.11.2024 Bundesbeschluss vom 29. September 2023 über den Ausbauschritt 2023 für die Nationalstrassen;2024;campaign_financing;Definitive Zahlen;juristische Person oder Personengesellschaft;Zuwender/in: WWF Schweiz, Akteur/in: VCS Verkehrs-Club der Schweiz, Bern
de;2902;allowances;alphabetical;Kampagnenfinanzierung;12;24.11.2024 Bundesbeschluss vom 29. September 2023 über den Ausbauschritt 2023 für die Nationalstrassen;2024;campaign_financing;Definitive Zahlen;juristische Person oder Personengesellschaft;Zuwender/in: Grüne Schweiz, Akteur/in: VCS Verkehrs-Club der Schweiz, Bern
de;291;allowances;alphabetical;Kampagnenfinanzierung;1;22.10.2023 Nationalratswahlen 2023;2023;campaign_financing;Budgetzahlen;juristische Person oder Personengesellschaft;Zuwender/in: Die Mitte Basel-Landschaft, Akteur/in: Schneider-Schneiter Elisabeth, Biel-Benken
de;2918;allowances;alphabetical;Kampagnenfinanzierung;12;24.11.2024 Bundesbeschluss vom 29. September 2023 über den Ausbauschritt 2023 für die Nationalstrassen;2024;campaign_financing;Definitive Zahlen;juristische Person oder Personengesellschaft;Zuwender/in: economiesuisse, Akteur/in: Schweizerischer Gewerbeverband, Bern
de;2919;allowances;alphabetical;Kampagnenfinanzierung;12;24.11.2024 Bundesbeschluss vom 29. September 2023 über den Ausbauschritt 2023 für die Nationalstrassen;2024;campaign_financing;Definitive Zahlen;juristische Person oder Personengesellschaft;Zuwender/in: strasseschweiz, Akteur/in: Schweizerischer Gewerbeverband, Bern
de;292;allowances;alphabetical;Kampagnenfinanzierung;1;22.10.2023 Nationalratswahlen 2023;2023;campaign_financing;Budgetzahlen;juristische Person oder Personengesellschaft;Zuwender/in: Raiffeisen Schweiz, Akteur/in: Schneider-Schneiter Elisabeth, Biel-Benken
de;2920;allowances;alphabetical;Kampagnenfinanzierung;12;24.11.2024 Bundesbeschluss vom 29. September 2023 über den Ausbauschritt 2023 für die Nationalstrassen;2024;campaign_financing;Definitive Zahlen;juristische Person oder Personengesellschaft;Zuwender/in: Bund für mehr Wohnraum, Akteur/in: Schweizerischer Gewerbeverband, Bern
de;2921;allowances;alphabetical;Kampagnenfinanzierung;13;24.11.2024 Änderung vom 29. September 2023 des Obligationenrechts (Mietrecht: Untermiete);;campaign_financing;Definitive Zahlen;juristische Person oder Personengesellschaft;Zuwender/in: economiesuisse, Akteur/in: Schweizerischer Gewerbeverband, Bern
de;2922;allowances;alphabetical;Kampagnenfinanzierung;13;24.11.2024 Änderung vom 29. September 2023 des Obligationenrechts (Mietrecht: Untermiete);;campaign_financing;Definitive Zahlen;juristische Person oder Personengesellschaft;Zuwender/in: strasseschweiz, Akteur/in: Schweizerischer Gewerbeverband, Bern
de;2923;allowances;alphabetical;Kampagnenfinanzierung;13;24.11.2024 Änderung vom 29. September 2023 des Obligationenrechts (Mietrecht: Untermiete);;campaign_financing;Definitive Zahlen;juristische Person oder Personengesellschaft;Zuwender/in: Bund für mehr Wohnraum, Akteur/in: Schweizerischer Gewerbeverband, Bern
de;2924;allowances;alphabetical;Kampagnenfinanzierung;14;24.11.2024 Änderung vom 29. September 2023 des Obligationenrechts (Mietrecht: Kündigung wegen Eigenbedarfs);;campaign_financing;Definitive Zahlen;juristische Person oder Personengesellschaft;Zuwender/in: economiesuisse, Akteur/in: Schweizerischer Gewerbeverband, Bern
de;2925;allowances;alphabetical;Kampagnenfinanzierung;14;24.11.2024 Änderung vom 29. September 2023 des Obligationenrechts (Mietrecht: Kündigung wegen Eigenbedarfs);;campaign_financing;Definitive Zahlen;juristische Person oder Personengesellschaft;Zuwender/in: strasseschweiz, Akteur/in: Schweizerischer Gewerbeverband, Bern
de;2926;allowances;alphabetical;Kampagnenfinanzierung;14;24.11.2024 Änderung vom 29. September 2023 des Obligationenrechts (Mietrecht: Kündigung wegen Eigenbedarfs);;campaign_financing;Definitive Zahlen;juristische Person oder Personengesellschaft;Zuwender/in: Bund für mehr Wohnraum, Akteur/in: Schweizerischer Gewerbeverband, Bern
de;2927;allowances;alphabetical;Kampagnenfinanzierung;15;24.11.2024 Änderung vom 22. Dezember 2023 des Bundesgesetzes über die Krankenversicherung (Einheitliche Finanzierung der Leistungen);;campaign_financing;Definitive Zahlen;juristische Person oder Personengesellschaft;Zuwender/in: economiesuisse, Akteur/in: Schweizerischer Gewerbeverband, Bern
de;2928;allowances;alphabetical;Kampagnenfinanzierung;15;24.11.2024 Änderung vom 22. Dezember 2023 des Bundesgesetzes über die Krankenversicherung (Einheitliche Finanzierung der Leistungen);;campaign_financing;Definitive Zahlen;juristische Person oder Personengesellschaft;Zuwender/in: strasseschweiz, Akteur/in: Schweizerischer Gewerbeverband, Bern
de;2929;allowances;alphabetical;Kampagnenfinanzierung;15;24.11.2024 Änderung vom 22. Dezember 2023 des Bundesgesetzes über die Krankenversicherung (Einheitliche Finanzierung der Leistungen);;campaign_financing;Definitive Zahlen;juristische Person oder Personengesellschaft;Zuwender/in: Bund für mehr Wohnraum, Akteur/in: Schweizerischer Gewerbeverband, Bern
de;293;allowances;alphabetical;Kampagnenfinanzierung;1;22.10.2023 Nationalratswahlen 2023;2023;campaign_financing;Budgetzahlen;juristische Person oder Personengesellschaft;"Zuwender/in: PAMAG Metallbau AG, Akteur/in: Überparteiliches Komitee ""KR Paul Mayer in den Nationalrat"", Marthalen"
de;2930;allowances;alphabetical;Kampagnenfinanzierung;12;24.11.2024 Bundesbeschluss vom 29. September 2023 über den Ausbauschritt 2023 für die Nationalstrassen;2024;campaign_financing;Definitive Zahlen;juristische Person oder Personengesellschaft;Zuwender/in: TCS, Akteur/in: Ja zur Sicherung der Nationalstrassen, Bern
de;2931;allowances;alphabetical;Kampagnenfinanzierung;12;24.11.2024 Bundesbeschluss vom 29. September 2023 über den Ausbauschritt 2023 für die Nationalstrassen;2024;campaign_financing;Definitive Zahlen;juristische Person oder Personengesellschaft;Zuwender/in: auto schweiz, Akteur/in: Ja zur Sicherung der Nationalstrassen, Bern
de;2932;allowances;alphabetical;Kampagnenfinanzierung;12;24.11.2024 Bundesbeschluss vom 29. September 2023 über den Ausbauschritt 2023 für die Nationalstrassen;2024;campaign_financing;Definitive Zahlen;juristische Person oder Personengesellschaft;Zuwender/in: Astag, Akteur/in: Ja zur Sicherung der Nationalstrassen, Bern
de;2933;allowances;alphabetical;Kampagnenfinanzierung;12;24.11.2024 Bundesbeschluss vom 29. September 2023 über den Ausbauschritt 2023 für die Nationalstrassen;2024;campaign_financing;Definitive Zahlen;juristische Person oder Personengesellschaft;Zuwender/in: AGVS, Akteur/in: Ja zur Sicherung der Nationalstrassen, Bern
de;2934;allowances;alphabetical;Kampagnenfinanzierung;12;24.11.2024 Bundesbeschluss vom 29. September 2023 über den Ausbauschritt 2023 für die Nationalstrassen;2024;campaign_financing;Definitive Zahlen;juristische Person oder Personengesellschaft;Zuwender/in: Schweizerischer Baumeisterverband, Akteur/in: Ja zur Sicherung der Nationalstrassen, Bern
de;2935;allowances;alphabetical;Kampagnenfinanzierung;12;24.11.2024 Bundesbeschluss vom 29. September 2023 über den Ausbauschritt 2023 für die Nationalstrassen;2024;campaign_financing;Definitive Zahlen;juristische Person oder Personengesellschaft;Zuwender/in: strasseschweiz, Akteur/in: Ja zur Sicherung der Nationalstrassen, Bern
de;2936;allowances;alphabetical;Kampagnenfinanzierung;12;24.11.2024 Bundesbeschluss vom 29. September 2023 über den Ausbauschritt 2023 für die Nationalstrassen;2024;campaign_financing;Definitive Zahlen;juristische Person oder Personengesellschaft;Zuwender/in: Infra Suisse, Akteur/in: Ja zur Sicherung der Nationalstrassen, Bern
de;2937;allowances;alphabetical;Kampagnenfinanzierung;12;24.11.2024 Bundesbeschluss vom 29. September 2023 über den Ausbauschritt 2023 für die Nationalstrassen;2024;campaign_financing;Definitive Zahlen;juristische Person oder Personengesellschaft;Zuwender/in: ACS, Akteur/in: Ja zur Sicherung der Nationalstrassen, Bern
de;2938;allowances;alphabetical;Kampagnenfinanzierung;12;24.11.2024 Bundesbeschluss vom 29. September 2023 über den Ausbauschritt 2023 für die Nationalstrassen;2024;campaign_financing;Definitive Zahlen;juristische Person oder Personengesellschaft;Zuwender/in: Les Routiers Suisses, Akteur/in: Ja zur Sicherung der Nationalstrassen, Bern
de;2939;allowances;alphabetical;Kampagnenfinanzierung;12;24.11.2024 Bundesbeschluss vom 29. September 2023 über den Ausbauschritt 2023 für die Nationalstrassen;2024;campaign_financing;Definitive Zahlen;juristische Person oder Personengesellschaft;Zuwender/in: economiesuisse, Akteur/in: Ja zur Sicherung der Nationalstrassen, Bern
de;294;allowances;alphabetical;Kampagnenfinanzierung;1;22.10.2023 Nationalratswahlen 2023;2023;campaign_financing;Budgetzahlen;juristische Person oder Personengesellschaft;"Zuwender/in: PAMAG Konsolen & Montagen, Akteur/in: Überparteiliches Komitee ""KR Paul Mayer in den Nationalrat"", Marthalen"
de;2940;allowances;alphabetical;Kampagnenfinanzierung;12;24.11.2024 Bundesbeschluss vom 29. September 2023 über den Ausbauschritt 2023 für die Nationalstrassen;2024;campaign_financing;Definitive Zahlen;juristische Person oder Personengesellschaft;Zuwender/in: Centre Patronal, Akteur/in: Ja zur Sicherung der Nationalstrassen, Bern
de;2941;allowances;alphabetical;Kampagnenfinanzierung;12;24.11.2024 Bundesbeschluss vom 29. September 2023 über den Ausbauschritt 2023 für die Nationalstrassen;2024;campaign_financing;Definitive Zahlen;juristische Person oder Personengesellschaft;Zuwender/in: Scvhweizerischer Gewerbeverband sgv, Akteur/in: Ja zur Sicherung der Nationalstrassen, Bern
de;2942;allowances;alphabetical;Kampagnenfinanzierung;12;24.11.2024 Bundesbeschluss vom 29. September 2023 über den Ausbauschritt 2023 für die Nationalstrassen;2024;campaign_financing;Definitive Zahlen;juristische Person oder Personengesellschaft;Zuwender/in: TCS, Akteur/in: Ja zur Sicherung der Nationalstrassen, Bern
de;2943;allowances;alphabetical;Kampagnenfinanzierung;12;24.11.2024 Bundesbeschluss vom 29. September 2023 über den Ausbauschritt 2023 für die Nationalstrassen;2024;campaign_financing;Definitive Zahlen;juristische Person oder Personengesellschaft;Zuwender/in: auto-schweiz, Akteur/in: Ja zur Sicherung der Nationalstrassen, Bern
de;2944;allowances;alphabetical;Kampagnenfinanzierung;12;24.11.2024 Bundesbeschluss vom 29. September 2023 über den Ausbauschritt 2023 für die Nationalstrassen;2024;campaign_financing;Definitive Zahlen;juristische Person oder Personengesellschaft;Zuwender/in: ASTAG, Akteur/in: Ja zur Sicherung der Nationalstrassen, Bern
de;2945;allowances;alphabetical;Kampagnenfinanzierung;12;24.11.2024 Bundesbeschluss vom 29. September 2023 über den Ausbauschritt 2023 für die Nationalstrassen;2024;campaign_financing;Definitive Zahlen;juristische Person oder Personengesellschaft;Zuwender/in: AGVS, Akteur/in: Ja zur Sicherung der Nationalstrassen, Bern
de;2946;allowances;alphabetical;Kampagnenfinanzierung;12;24.11.2024 Bundesbeschluss vom 29. September 2023 über den Ausbauschritt 2023 für die Nationalstrassen;2024;campaign_financing;Definitive Zahlen;juristische Person oder Personengesellschaft;Zuwender/in: strasseschweiz, Akteur/in: Ja zur Sicherung der Nationalstrassen, Bern
de;2947;allowances;alphabetical;Kampagnenfinanzierung;12;24.11.2024 Bundesbeschluss vom 29. September 2023 über den Ausbauschritt 2023 für die Nationalstrassen;2024;campaign_financing;Definitive Zahlen;juristische Person oder Personengesellschaft;Zuwender/in: ACS, Akteur/in: Ja zur Sicherung der Nationalstrassen, Bern
de;2948;allowances;alphabetical;Kampagnenfinanzierung;12;24.11.2024 Bundesbeschluss vom 29. September 2023 über den Ausbauschritt 2023 für die Nationalstrassen;2024;campaign_financing;Definitive Zahlen;juristische Person oder Personengesellschaft;Zuwender/in: Schweizerischer Gewerbeverband sgv, Akteur/in: Ja zur Sicherung der Nationalstrassen, Bern
de;2949;allowances;alphabetical;Kampagnenfinanzierung;12;24.11.2024 Bundesbeschluss vom 29. September 2023 über den Ausbauschritt 2023 für die Nationalstrassen;2024;campaign_financing;Definitive Zahlen;juristische Person oder Personengesellschaft;Zuwender/in: Handelskammer beider Basel, Akteur/in: Ja zur Sicherung der Nationalstrassen, Bern
de;295;allowances;alphabetical;Kampagnenfinanzierung;1;22.10.2023 Nationalratswahlen 2023;2023;campaign_financing;Budgetzahlen;natürliche Person;"Zuwender/in: Paul Mayer Paul, Akteur/in: Überparteiliches Komitee ""KR Paul Mayer in den Nationalrat"", Marthalen"
de;2950;allowances;alphabetical;Kampagnenfinanzierung;12;24.11.2024 Bundesbeschluss vom 29. September 2023 über den Ausbauschritt 2023 für die Nationalstrassen;2024;campaign_financing;Definitive Zahlen;juristische Person oder Personengesellschaft;Zuwender/in: Handelskammer beider Basel, Akteur/in: Ja zur Sicherung der Nationalstrassen, Bern
de;2951;allowances;alphabetical;Kampagnenfinanzierung;12;24.11.2024 Bundesbeschluss vom 29. September 2023 über den Ausbauschritt 2023 für die Nationalstrassen;2024;campaign_financing;Definitive Zahlen;juristische Person oder Personengesellschaft;Zuwender/in: Wirtschaftskammer Baselland, Akteur/in: Ja zur Sicherung der Nationalstrassen, Bern
de;2952;allowances;alphabetical;Kampagnenfinanzierung;12;24.11.2024 Bundesbeschluss vom 29. September 2023 über den Ausbauschritt 2023 für die Nationalstrassen;2024;campaign_financing;Definitive Zahlen;juristische Person oder Personengesellschaft;Zuwender/in: Wirtschaftskammer Baselland, Akteur/in: Ja zur Sicherung der Nationalstrassen, Bern
de;2953;allowances;alphabetical;Kampagnenfinanzierung;12;24.11.2024 Bundesbeschluss vom 29. September 2023 über den Ausbauschritt 2023 für die Nationalstrassen;2024;campaign_financing;Definitive Zahlen;juristische Person oder Personengesellschaft;Zuwender/in: Bündner Gewerbeverband, Akteur/in: Ja zur Sicherung der Nationalstrassen, Bern
de;2954;allowances;alphabetical;Kampagnenfinanzierung;12;24.11.2024 Bundesbeschluss vom 29. September 2023 über den Ausbauschritt 2023 für die Nationalstrassen;2024;campaign_financing;Definitive Zahlen;juristische Person oder Personengesellschaft;Zuwender/in: Bündner Gewerbeverband, Akteur/in: Ja zur Sicherung der Nationalstrassen, Bern
de;2955;allowances;alphabetical;Kampagnenfinanzierung;12;24.11.2024 Bundesbeschluss vom 29. September 2023 über den Ausbauschritt 2023 für die Nationalstrassen;2024;campaign_financing;Definitive Zahlen;juristische Person oder Personengesellschaft;Zuwender/in: Freiburger Arbeitgeberverband, Akteur/in: Ja zur Sicherung der Nationalstrassen, Bern
de;2956;allowances;alphabetical;Kampagnenfinanzierung;12;24.11.2024 Bundesbeschluss vom 29. September 2023 über den Ausbauschritt 2023 für die Nationalstrassen;2024;campaign_financing;Definitive Zahlen;juristische Person oder Personengesellschaft;Zuwender/in: Unam, Akteur/in: Ja zur Sicherung der Nationalstrassen, Bern
de;2957;allowances;alphabetical;Kampagnenfinanzierung;12;24.11.2024 Bundesbeschluss vom 29. September 2023 über den Ausbauschritt 2023 für die Nationalstrassen;2024;campaign_financing;Definitive Zahlen;juristische Person oder Personengesellschaft;Zuwender/in: Unam, Akteur/in: Ja zur Sicherung der Nationalstrassen, Bern
de;2958;allowances;alphabetical;Kampagnenfinanzierung;12;24.11.2024 Bundesbeschluss vom 29. September 2023 über den Ausbauschritt 2023 für die Nationalstrassen;2024;campaign_financing;Definitive Zahlen;juristische Person oder Personengesellschaft;Zuwender/in: TCS Sektion Bern, Akteur/in: Ja zur Sicherung der Nationalstrassen, Bern
de;2959;allowances;alphabetical;Kampagnenfinanzierung;12;24.11.2024 Bundesbeschluss vom 29. September 2023 über den Ausbauschritt 2023 für die Nationalstrassen;2024;campaign_financing;Definitive Zahlen;juristische Person oder Personengesellschaft;Zuwender/in: Berner KMU, Akteur/in: Ja zur Sicherung der Nationalstrassen, Bern
de;2960;allowances;alphabetical;Kampagnenfinanzierung;12;24.11.2024 Bundesbeschluss vom 29. September 2023 über den Ausbauschritt 2023 für die Nationalstrassen;2024;campaign_financing;Definitive Zahlen;juristische Person oder Personengesellschaft;Zuwender/in: Berner KMU, Akteur/in: Ja zur Sicherung der Nationalstrassen, Bern
de;2961;allowances;alphabetical;Kampagnenfinanzierung;12;24.11.2024 Bundesbeschluss vom 29. September 2023 über den Ausbauschritt 2023 für die Nationalstrassen;2024;campaign_financing;Definitive Zahlen;juristische Person oder Personengesellschaft;Zuwender/in: HIV Bern, Akteur/in: Ja zur Sicherung der Nationalstrassen, Bern
de;2962;allowances;alphabetical;Kampagnenfinanzierung;12;24.11.2024 Bundesbeschluss vom 29. September 2023 über den Ausbauschritt 2023 für die Nationalstrassen;2024;campaign_financing;Definitive Zahlen;juristische Person oder Personengesellschaft;Zuwender/in: HIV Bern, Akteur/in: Ja zur Sicherung der Nationalstrassen, Bern
de;2963;allowances;alphabetical;Kampagnenfinanzierung;12;24.11.2024 Bundesbeschluss vom 29. September 2023 über den Ausbauschritt 2023 für die Nationalstrassen;2024;campaign_financing;Definitive Zahlen;juristische Person oder Personengesellschaft;Zuwender/in: HEV Bern, Akteur/in: Ja zur Sicherung der Nationalstrassen, Bern
de;2964;allowances;alphabetical;Kampagnenfinanzierung;12;24.11.2024 Bundesbeschluss vom 29. September 2023 über den Ausbauschritt 2023 für die Nationalstrassen;2024;campaign_financing;Definitive Zahlen;juristische Person oder Personengesellschaft;Zuwender/in: Avenergy suisse, Akteur/in: Ja zur Sicherung der Nationalstrassen, Bern
de;2965;allowances;alphabetical;Kampagnenfinanzierung;12;24.11.2024 Bundesbeschluss vom 29. September 2023 über den Ausbauschritt 2023 für die Nationalstrassen;2024;campaign_financing;Definitive Zahlen;juristische Person oder Personengesellschaft;Zuwender/in: FER-Genève, Akteur/in: Ja zur Sicherung der Nationalstrassen, Bern
de;2966;allowances;alphabetical;Kampagnenfinanzierung;12;24.11.2024 Bundesbeschluss vom 29. September 2023 über den Ausbauschritt 2023 für die Nationalstrassen;2024;campaign_financing;Definitive Zahlen;juristische Person oder Personengesellschaft;Zuwender/in: Schweizerischer Baumeisterverband, Akteur/in: Ja zur Sicherung der Nationalstrassen, Bern
de;2967;allowances;alphabetical;Kampagnenfinanzierung;13;24.11.2024 Änderung vom 29. September 2023 des Obligationenrechts (Mietrecht: Untermiete);;campaign_financing;Definitive Zahlen;juristische Person oder Personengesellschaft;Zuwender/in: SMV Schweizerischer Mieterinnen- und Mieterverband, Akteur/in: SMV Schweizerischer Mieterinnen- und Mieterverband, Bern
de;2968;allowances;alphabetical;Kampagnenfinanzierung;14;24.11.2024 Änderung vom 29. September 2023 des Obligationenrechts (Mietrecht: Kündigung wegen Eigenbedarfs);;campaign_financing;Definitive Zahlen;juristische Person oder Personengesellschaft;Zuwender/in: SMV Schweizerischer Mieterinnen- und Mieterverband, Akteur/in: SMV Schweizerischer Mieterinnen- und Mieterverband, Bern
de;2969;allowances;alphabetical;Kampagnenfinanzierung;12;24.11.2024 Bundesbeschluss vom 29. September 2023 über den Ausbauschritt 2023 für die Nationalstrassen;2024;campaign_financing;Definitive Zahlen;juristische Person oder Personengesellschaft;Zuwender/in: Centre Patronal, Akteur/in: Oui à la troisième voie – Assurer le futur des routes nationales, Paudex
de;2970;allowances;alphabetical;Kampagnenfinanzierung;12;24.11.2024 Bundesbeschluss vom 29. September 2023 über den Ausbauschritt 2023 für die Nationalstrassen;2024;campaign_financing;Definitive Zahlen;juristische Person oder Personengesellschaft;Zuwender/in: FER-Genève, Akteur/in: Oui à la troisième voie – Assurer le futur des routes nationales, Paudex
de;2971;allowances;alphabetical;Kampagnenfinanzierung;12;24.11.2024 Bundesbeschluss vom 29. September 2023 über den Ausbauschritt 2023 für die Nationalstrassen;2024;campaign_financing;Definitive Zahlen;juristische Person oder Personengesellschaft;Zuwender/in: CCIG, Akteur/in: Oui à la troisième voie – Assurer le futur des routes nationales, Paudex
de;2972;allowances;alphabetical;Kampagnenfinanzierung;12;24.11.2024 Bundesbeschluss vom 29. September 2023 über den Ausbauschritt 2023 für die Nationalstrassen;2024;campaign_financing;Definitive Zahlen;juristische Person oder Personengesellschaft;Zuwender/in: CVCI, Akteur/in: Oui à la troisième voie – Assurer le futur des routes nationales, Paudex
de;2973;allowances;alphabetical;Kampagnenfinanzierung;12;24.11.2024 Bundesbeschluss vom 29. September 2023 über den Ausbauschritt 2023 für die Nationalstrassen;2024;campaign_financing;Definitive Zahlen;juristische Person oder Personengesellschaft;Zuwender/in: FVE (fédération vaudoise des entrepreneurs), Akteur/in: Oui à la troisième voie – Assurer le futur des routes nationales, Paudex
de;2974;allowances;alphabetical;Kampagnenfinanzierung;12;24.11.2024 Bundesbeschluss vom 29. September 2023 über den Ausbauschritt 2023 für die Nationalstrassen;2024;campaign_financing;Definitive Zahlen;juristische Person oder Personengesellschaft;Zuwender/in: Centre Patronal, Akteur/in: Oui à la troisième voie – Assurer le futur des routes nationales, Paudex
de;2975;allowances;alphabetical;Kampagnenfinanzierung;12;24.11.2024 Bundesbeschluss vom 29. September 2023 über den Ausbauschritt 2023 für die Nationalstrassen;2024;campaign_financing;Definitive Zahlen;juristische Person oder Personengesellschaft;Zuwender/in: FER-Genève, Akteur/in: Oui à la troisième voie – Assurer le futur des routes nationales, Paudex
de;2976;allowances;alphabetical;Kampagnenfinanzierung;12;24.11.2024 Bundesbeschluss vom 29. September 2023 über den Ausbauschritt 2023 für die Nationalstrassen;2024;campaign_financing;Definitive Zahlen;juristische Person oder Personengesellschaft;Zuwender/in: CCIG, Akteur/in: Oui à la troisième voie – Assurer le futur des routes nationales, Paudex
de;2977;allowances;alphabetical;Kampagnenfinanzierung;12;24.11.2024 Bundesbeschluss vom 29. September 2023 über den Ausbauschritt 2023 für die Nationalstrassen;2024;campaign_financing;Definitive Zahlen;juristische Person oder Personengesellschaft;Zuwender/in: CVCI, Akteur/in: Oui à la troisième voie – Assurer le futur des routes nationales, Paudex
de;2978;allowances;alphabetical;Kampagnenfinanzierung;12;24.11.2024 Bundesbeschluss vom 29. September 2023 über den Ausbauschritt 2023 für die Nationalstrassen;2024;campaign_financing;Definitive Zahlen;juristische Person oder Personengesellschaft;Zuwender/in: FVE (fédération vaudoise des entrepreneurs), Akteur/in: Oui à la troisième voie – Assurer le futur des routes nationales, Paudex
de;2979;allowances;alphabetical;Kampagnenfinanzierung;12;24.11.2024 Bundesbeschluss vom 29. September 2023 über den Ausbauschritt 2023 für die Nationalstrassen;2024;campaign_financing;Definitive Zahlen;juristische Person oder Personengesellschaft;Zuwender/in: Centre Patronal, Akteur/in: Oui à la troisième voie – Assurer le futur des routes nationales, Paudex
de;2980;allowances;alphabetical;Kampagnenfinanzierung;12;24.11.2024 Bundesbeschluss vom 29. September 2023 über den Ausbauschritt 2023 für die Nationalstrassen;2024;campaign_financing;Definitive Zahlen;juristische Person oder Personengesellschaft;Zuwender/in: FER-Genève, Akteur/in: Oui à la troisième voie – Assurer le futur des routes nationales, Paudex
de;2981;allowances;alphabetical;Kampagnenfinanzierung;12;24.11.2024 Bundesbeschluss vom 29. September 2023 über den Ausbauschritt 2023 für die Nationalstrassen;2024;campaign_financing;Definitive Zahlen;juristische Person oder Personengesellschaft;Zuwender/in: CCIG, Akteur/in: Oui à la troisième voie – Assurer le futur des routes nationales, Paudex
de;2982;allowances;alphabetical;Kampagnenfinanzierung;12;24.11.2024 Bundesbeschluss vom 29. September 2023 über den Ausbauschritt 2023 für die Nationalstrassen;2024;campaign_financing;Definitive Zahlen;juristische Person oder Personengesellschaft;Zuwender/in: CVCI, Akteur/in: Oui à la troisième voie – Assurer le futur des routes nationales, Paudex
de;2983;allowances;alphabetical;Kampagnenfinanzierung;12;24.11.2024 Bundesbeschluss vom 29. September 2023 über den Ausbauschritt 2023 für die Nationalstrassen;2024;campaign_financing;Definitive Zahlen;juristische Person oder Personengesellschaft;Zuwender/in: FVE (fédération vaudoise des entrepreneurs), Akteur/in: Oui à la troisième voie – Assurer le futur des routes nationales, Paudex
de;2987;allowances;alphabetical;Kampagnenfinanzierung;16;09.02.2025 Für eine verantwortungsvolle Wirtschaft innerhalb der planetaren Grenzen (Umweltverantwortungsinitiative);;campaign_financing;Definitive Zahlen;juristische Person oder Personengesellschaft;Zuwender/in: economiesuisse, Akteur/in: FDP.Die Liberalen, Bern
de;2988;allowances;alphabetical;Kampagnenfinanzierung;16;09.02.2025 Für eine verantwortungsvolle Wirtschaft innerhalb der planetaren Grenzen (Umweltverantwortungsinitiative);;campaign_financing;Definitive Zahlen;juristische Person oder Personengesellschaft;Zuwender/in: HEV Schweiz, Akteur/in: FDP.Die Liberalen, Bern
de;2989;allowances;alphabetical;Kampagnenfinanzierung;16;09.02.2025 Für eine verantwortungsvolle Wirtschaft innerhalb der planetaren Grenzen (Umweltverantwortungsinitiative);;campaign_financing;Definitive Zahlen;juristische Person oder Personengesellschaft;Zuwender/in: Schweizerischer Gewerbeverband sgv, Akteur/in: FDP.Die Liberalen, Bern
de;2990;allowances;alphabetical;Kampagnenfinanzierung;16;09.02.2025 Für eine verantwortungsvolle Wirtschaft innerhalb der planetaren Grenzen (Umweltverantwortungsinitiative);;campaign_financing;Definitive Zahlen;juristische Person oder Personengesellschaft;Zuwender/in: GRÜNE Schweiz, Akteur/in: Junge Grüne Schweiz, Bern
de;2991;allowances;alphabetical;Kampagnenfinanzierung;16;09.02.2025 Für eine verantwortungsvolle Wirtschaft innerhalb der planetaren Grenzen (Umweltverantwortungsinitiative);;campaign_financing;Definitive Zahlen;juristische Person oder Personengesellschaft;Zuwender/in: Junge Grüne Schweiz, Akteur/in: Junge Grüne Schweiz, Bern
de;30;allowances;alphabetical;Kampagnenfinanzierung;1;22.10.2023 Nationalratswahlen 2023;2023;campaign_financing;Budgetzahlen;juristische Person oder Personengesellschaft;Zuwender/in: PLR Suisse, Akteur/in: PLR.Les Libéraux-Radicaux Vaud, Lausanne
de;3007;allowances;alphabetical;Parteienfinanzierung;17;2024;;party_financing;;juristische Person oder Personengesellschaft;Zuwender/in: Raiffeisen Schweiz Genossenschaft, Akteur/in: Sozialdemokratische Partei der Schweiz, Bern
de;3008;allowances;alphabetical;Parteienfinanzierung;17;2024;;party_financing;;juristische Person oder Personengesellschaft;Zuwender/in: Schweizerische Mobiliar Versicherungsgesellschaft AG, Akteur/in: Sozialdemokratische Partei der Schweiz, Bern
de;3009;allowances;alphabetical;Parteienfinanzierung;17;2024;;party_financing;;natürliche Person;Zuwender/in: Schwander Achim, Akteur/in: Sozialdemokratische Partei der Schweiz, Bern
de;3124;allowances;alphabetical;Parteienfinanzierung;17;2024;;party_financing;;natürliche Person;Zuwender/in: Looser selig Peter, Akteur/in: Evangelische Volkspartei der Schweiz, Bern
de;3158;allowances;alphabetical;Parteienfinanzierung;17;2024;;party_financing;;juristische Person oder Personengesellschaft;Zuwender/in: Raiffeisen Schweiz Genossenschaft, Akteur/in: GRÜNE Schweiz, Bern
de;3159;allowances;alphabetical;Parteienfinanzierung;17;2024;;party_financing;;juristische Person oder Personengesellschaft;Zuwender/in: AXA Versicherungen AG, Akteur/in: GRÜNE Schweiz, Bern
de;3160;allowances;alphabetical;Parteienfinanzierung;17;2024;;party_financing;;juristische Person oder Personengesellschaft;Zuwender/in: Schweizerische Mobiliar Versicherungsgesellschaft AG, Akteur/in: GRÜNE Schweiz, Bern
de;3161;allowances;alphabetical;Parteienfinanzierung;17;2024;;party_financing;;juristische Person oder Personengesellschaft;Zuwender/in: Helvetia Schweiz. Versicherung, Akteur/in: GRÜNE Schweiz, Bern
de;3162;allowances;alphabetical;Parteienfinanzierung;17;2024;;party_financing;;juristische Person oder Personengesellschaft;Zuwender/in: Fondation Groupe Mutuel, Akteur/in: GRÜNE Schweiz, Bern
de;3163;allowances;alphabetical;Parteienfinanzierung;17;2024;;party_financing;;natürliche Person;Zuwender/in: Maire Jacques, Akteur/in: GRÜNE Schweiz, Bern
de;3164;allowances;alphabetical;Parteienfinanzierung;17;2024;;party_financing;;natürliche Person;Zuwender/in: Burkard Kroeber Carmita, Akteur/in: GRÜNE Schweiz, Bern
de;3165;allowances;alphabetical;Parteienfinanzierung;17;2024;;party_financing;;natürliche Person;Zuwender/in: Hug Piero, Akteur/in: GRÜNE Schweiz, Bern
de;3166;allowances;alphabetical;Kampagnenfinanzierung;18;28.09.2025 Bundesbeschluss vom 20. Dezember 2024 über die kantonalen Liegenschaftssteuern auf Zweitliegenschaften;;campaign_financing;Budgetzahlen;juristische Person oder Personengesellschaft;Zuwender/in: Hauseigentümerverband Schweiz, Akteur/in: Hauseigentümerverband Aargau, Baden
de;3167;allowances;alphabetical;Parteienfinanzierung;17;2024;;party_financing;;juristische Person oder Personengesellschaft;Zuwender/in: Die Mitte Schaffhausen (Kantonalbeitrag 2024), Akteur/in: Die Mitte, Bern
de;3168;allowances;alphabetical;Parteienfinanzierung;17;2024;;party_financing;;juristische Person oder Personengesellschaft;Zuwender/in: Die Mitte Sense (Kantonalbeitrag 2024), Akteur/in: Die Mitte, Bern
de;3169;allowances;alphabetical;Parteienfinanzierung;17;2024;;party_financing;;juristische Person oder Personengesellschaft;Zuwender/in: Die Mitte Kanton Bern (Kantonalbeitrag 2024), Akteur/in: Die Mitte, Bern
de;317;allowances;alphabetical;Kampagnenfinanzierung;1;22.10.2023 Nationalratswahlen 2023;2023;campaign_financing;Budgetzahlen;juristische Person oder Personengesellschaft;Zuwender/in: Schweizerischer Arbeitgeberverband, Akteur/in: Die Mitte, Bern
de;3170;allowances;alphabetical;Parteienfinanzierung;17;2024;;party_financing;;juristische Person oder Personengesellschaft;Zuwender/in: Die Mitte Basel-Stadt (Kantonalbeitrag 2024), Akteur/in: Die Mitte, Bern
de;3171;allowances;alphabetical;Parteienfinanzierung;17;2024;;party_financing;;juristische Person oder Personengesellschaft;Zuwender/in: Die Mitte Nidwalden (Kantonalbeitrag 2024), Akteur/in: Die Mitte, Bern
de;3172;allowances;alphabetical;Parteienfinanzierung;17;2024;;party_financing;;juristische Person oder Personengesellschaft;Zuwender/in: Die Mitte Kanton Solothurn (Kantonalbeitrag 2024), Akteur/in: Die Mitte, Bern
de;3173;allowances;alphabetical;Parteienfinanzierung;17;2024;;party_financing;;juristische Person oder Personengesellschaft;Zuwender/in: Die Mitte Aargau (Kantonalbeitrag 2024), Akteur/in: Die Mitte, Bern
de;3174;allowances;alphabetical;Parteienfinanzierung;17;2024;;party_financing;;juristische Person oder Personengesellschaft;Zuwender/in: Die Mitte Obwalden (Kantonalbeitrag 2024), Akteur/in: Die Mitte, Bern
de;3175;allowances;alphabetical;Parteienfinanzierung;17;2024;;party_financing;;juristische Person oder Personengesellschaft;Zuwender/in: Le Centre Genève (Kantonalbeitrag 2024), Akteur/in: Die Mitte, Bern
de;3176;allowances;alphabetical;Parteienfinanzierung;17;2024;;party_financing;;juristische Person oder Personengesellschaft;Zuwender/in: Die Mitte Uri (Kantonalbeitrag 2024), Akteur/in: Die Mitte, Bern
de;3177;allowances;alphabetical;Parteienfinanzierung;17;2024;;party_financing;;juristische Person oder Personengesellschaft;Zuwender/in: Die Mitte Kanton Zug (Kantonalbeitrag 2024), Akteur/in: Die Mitte, Bern
de;3178;allowances;alphabetical;Parteienfinanzierung;17;2024;;party_financing;;juristische Person oder Personengesellschaft;Zuwender/in: Die Mitte AI (Kantonalbeitrag 2024), Akteur/in: Die Mitte, Bern
de;3179;allowances;alphabetical;Parteienfinanzierung;17;2024;;party_financing;;juristische Person oder Personengesellschaft;Zuwender/in: Parti Democrate Chretien Jura (Kantonalbeitrag 2024), Akteur/in: Die Mitte, Bern
de;318;allowances;alphabetical;Kampagnenfinanzierung;1;22.10.2023 Nationalratswahlen 2023;2023;campaign_financing;Budgetzahlen;juristische Person oder Personengesellschaft;Zuwender/in: Lehner Versand AG, Akteur/in: Meier Thomas, Schenkon
de;3180;allowances;alphabetical;Parteienfinanzierung;17;2024;;party_financing;;juristische Person oder Personengesellschaft;Zuwender/in: Die Mitte Kanton St. Gallen (Kantonalbeitrag 2024), Akteur/in: Die Mitte, Bern
de;3181;allowances;alphabetical;Parteienfinanzierung;17;2024;;party_financing;;juristische Person oder Personengesellschaft;Zuwender/in: Die Mitte Thurgau (Kantonalbeitrag 2024), Akteur/in: Die Mitte, Bern
de;3182;allowances;alphabetical;Parteienfinanzierung;17;2024;;party_financing;;juristische Person oder Personengesellschaft;Zuwender/in: Die Mitte Basel-Landschaft (Kantonalbeitrag 2024), Akteur/in: Die Mitte, Bern
de;3183;allowances;alphabetical;Parteienfinanzierung;17;2024;;party_financing;;juristische Person oder Personengesellschaft;Zuwender/in: Die Mitte Kanton Luzern (Kantonalbeitrag 2024), Akteur/in: Die Mitte, Bern
de;3184;allowances;alphabetical;Parteienfinanzierung;17;2024;;party_financing;;juristische Person oder Personengesellschaft;Zuwender/in: Die Mitte Schwyz (Kantonalbeitrag 2024), Akteur/in: Die Mitte, Bern
de;3185;allowances;alphabetical;Parteienfinanzierung;17;2024;;party_financing;;juristische Person oder Personengesellschaft;Zuwender/in: Die Mitte Oberwallis (Kantonalbeitrag 2024), Akteur/in: Die Mitte, Bern
de;3186;allowances;alphabetical;Parteienfinanzierung;17;2024;;party_financing;;juristische Person oder Personengesellschaft;Zuwender/in: Die Mitte Glarus (Kantonalbeitrag 2024), Akteur/in: Die Mitte, Bern
de;3187;allowances;alphabetical;Parteienfinanzierung;17;2024;;party_financing;;juristische Person oder Personengesellschaft;Zuwender/in: Die Mitte Graubünden (Kantonalbeitrag 2024), Akteur/in: Die Mitte, Bern
de;3188;allowances;alphabetical;Parteienfinanzierung;17;2024;;party_financing;;juristische Person oder Personengesellschaft;Zuwender/in: Die Mitte Kanton Zürich (Kantonalbeitrag 2024), Akteur/in: Die Mitte, Bern
de;3189;allowances;alphabetical;Parteienfinanzierung;17;2024;;party_financing;;juristische Person oder Personengesellschaft;Zuwender/in: Le Centre Fribourg (Kantonalbeitrag 2024), Akteur/in: Die Mitte, Bern
de;319;allowances;alphabetical;Kampagnenfinanzierung;1;22.10.2023 Nationalratswahlen 2023;2023;campaign_financing;Budgetzahlen;juristische Person oder Personengesellschaft;Zuwender/in: scienceindustries, Akteur/in: scienceindustries, Zürich
de;3190;allowances;alphabetical;Parteienfinanzierung;17;2024;;party_financing;;juristische Person oder Personengesellschaft;Zuwender/in: Le Centre du Canton de Neuchâtel (Kantonalbeitrag 2024), Akteur/in: Die Mitte, Bern
de;3191;allowances;alphabetical;Parteienfinanzierung;17;2024;;party_financing;;juristische Person oder Personengesellschaft;Zuwender/in: Il Centro (Kantonalbeitrag 2024), Akteur/in: Die Mitte, Bern
de;3192;allowances;alphabetical;Parteienfinanzierung;17;2024;;party_financing;;juristische Person oder Personengesellschaft;Zuwender/in: Parti Democrate Chretien du Valais Romand (Kantonalbeitrag 2024), Akteur/in: Die Mitte, Bern
de;3193;allowances;alphabetical;Parteienfinanzierung;17;2024;;party_financing;;juristische Person oder Personengesellschaft;Zuwender/in: Die Mitte Ausserrhoden (Kantonalbeitrag 2024), Akteur/in: Die Mitte, Bern
de;3194;allowances;alphabetical;Parteienfinanzierung;17;2024;;party_financing;;juristische Person oder Personengesellschaft;Zuwender/in: neo - Die sozialliberale Mitte (Kantonalbeitrag 2024), Akteur/in: Die Mitte, Bern
de;3195;allowances;alphabetical;Parteienfinanzierung;17;2024;;party_financing;;juristische Person oder Personengesellschaft;Zuwender/in: Le Centre Vaud (Kantonalbeitrag 2024), Akteur/in: Die Mitte, Bern
de;3196;allowances;alphabetical;Parteienfinanzierung;17;2024;;party_financing;;juristische Person oder Personengesellschaft;Zuwender/in: AXA Versicherungen AG (Unterstützungsbeitrag 2024), Akteur/in: Die Mitte, Bern
de;3197;allowances;alphabetical;Parteienfinanzierung;17;2024;;party_financing;;juristische Person oder Personengesellschaft;Zuwender/in: economiesuisse (Unterstützungsbeitrag 2024), Akteur/in: Die Mitte, Bern
de;3198;allowances;alphabetical;Parteienfinanzierung;17;2024;;party_financing;;juristische Person oder Personengesellschaft;Zuwender/in: Fondation Groupe Mutuel (Unterstützungsbeitrag 2024), Akteur/in: Die Mitte, Bern
de;3199;allowances;alphabetical;Parteienfinanzierung;17;2024;;party_financing;;juristische Person oder Personengesellschaft;Zuwender/in: Raiffeisen Schweiz Genossenschaft (Unterstützungsbeitrag 2024), Akteur/in: Die Mitte, Bern
de;32;allowances;alphabetical;Kampagnenfinanzierung;1;22.10.2023 Nationalratswahlen 2023;2023;campaign_financing;Budgetzahlen;juristische Person oder Personengesellschaft;Zuwender/in: SP Kanton Bern, Akteur/in: Sozialdemokratische Partei des Kantons Bern, Bern
de;3200;allowances;alphabetical;Parteienfinanzierung;17;2024;;party_financing;;juristische Person oder Personengesellschaft;Zuwender/in: Novartis International AG (Unterstützungsbeitrag 2024), Akteur/in: Die Mitte, Bern
de;3201;allowances;alphabetical;Parteienfinanzierung;17;2024;;party_financing;;juristische Person oder Personengesellschaft;Zuwender/in: SVV (Unterstützungsbeitrag 2024), Akteur/in: Die Mitte, Bern
de;3202;allowances;alphabetical;Parteienfinanzierung;17;2024;;party_financing;;juristische Person oder Personengesellschaft;Zuwender/in: Schindler Aufzüge AG (Unterstützungsbeitrag 2024), Akteur/in: Die Mitte, Bern
de;3203;allowances;alphabetical;Parteienfinanzierung;17;2024;;party_financing;;juristische Person oder Personengesellschaft;Zuwender/in: Swiss Life AG (Unterstützungsbeitrag 2024), Akteur/in: Die Mitte, Bern
de;3204;allowances;alphabetical;Parteienfinanzierung;17;2024;;party_financing;;juristische Person oder Personengesellschaft;Zuwender/in: Schweizerische Mobiliar Versicherungsgesellschaft AG (Unterstützungsbeitrag 2024), Akteur/in: Die Mitte, Bern
de;3205;allowances;alphabetical;Parteienfinanzierung;17;2024;;party_financing;;juristische Person oder Personengesellschaft;Zuwender/in: Helvetia Schweiz Versicherung (Unterstützungsbeitrag 2024), Akteur/in: Die Mitte, Bern
de;3206;allowances;alphabetical;Parteienfinanzierung;17;2024;;party_financing;;juristische Person oder Personengesellschaft;Zuwender/in: Hauseigentümerverband Schweiz (Unterstützungsbeitrag 2024), Akteur/in: Die Mitte, Bern
de;3207;allowances;alphabetical;Parteienfinanzierung;17;2024;;party_financing;;juristische Person oder Personengesellschaft;Zuwender/in: Schweizerische Bankiervereinigung (Swiss Banking) (Unterstützungsbeitrag 2024), Akteur/in: Die Mitte, Bern
de;3208;allowances;alphabetical;Parteienfinanzierung;17;2024;;party_financing;;juristische Person oder Personengesellschaft;Zuwender/in: Roche Holding AG (Unterstützungsbeitrag 2024), Akteur/in: Die Mitte, Bern
de;3209;allowances;alphabetical;Parteienfinanzierung;17;2024;;party_financing;;juristische Person oder Personengesellschaft;Zuwender/in: Interpharma (Unterstützungsbeitrag 2024), Akteur/in: Die Mitte, Bern
de;3210;allowances;alphabetical;Parteienfinanzierung;17;2024;;party_financing;;juristische Person oder Personengesellschaft;Zuwender/in: Swiss International Air Lines AG (Unterstützungsbeitrag 2024), Akteur/in: Die Mitte, Bern
de;3211;allowances;alphabetical;Parteienfinanzierung;17;2024;;party_financing;;juristische Person oder Personengesellschaft;Zuwender/in: Zürich Versicherungs Gesellschaft AG (Unterstützungsbeitrag 2024), Akteur/in: Die Mitte, Bern
de;3212;allowances;alphabetical;Parteienfinanzierung;17;2024;;party_financing;;juristische Person oder Personengesellschaft;Zuwender/in: UBS AG (Unterstützungsbeitrag 2024), Akteur/in: Die Mitte, Bern
de;3213;allowances;alphabetical;Parteienfinanzierung;17;2024;;party_financing;;juristische Person oder Personengesellschaft;Zuwender/in: Swiss Re Management Ltd. (Unterstützungsbeitrag 2024), Akteur/in: Die Mitte, Bern
de;3214;allowances;alphabetical;Parteienfinanzierung;17;2024;;party_financing;;juristische Person oder Personengesellschaft;Zuwender/in: Nestlé S.A. (Unterstützungsbeitrag 2024), Akteur/in: Die Mitte, Bern
de;3215;allowances;alphabetical;Parteienfinanzierung;17;2024;;party_financing;;juristische Person oder Personengesellschaft;Zuwender/in: economiesuisse (überparteiliche Kampagne 13. AHV), Akteur/in: Die Mitte, Bern
de;3216;allowances;alphabetical;Parteienfinanzierung;17;2024;;party_financing;;juristische Person oder Personengesellschaft;"Zuwender/in: Schweiz. Arbeitgeberverband (überparteiliche Kampagne Allianz ""Ja zur BVG-Reform""), Akteur/in: Die Mitte, Bern"
de;3217;allowances;alphabetical;Parteienfinanzierung;17;2024;;party_financing;;juristische Person oder Personengesellschaft;Zuwender/in: Schweizer Bauernverband (überparteiliche Kampagne Biodiversität), Akteur/in: Die Mitte, Bern
de;3218;allowances;alphabetical;Parteienfinanzierung;17;2024;;party_financing;;juristische Person oder Personengesellschaft;Zuwender/in: Bank Julius Baer and CO. LTD (Unterstützung Parteistrategie), Akteur/in: Die Mitte, Bern
de;3219;allowances;alphabetical;Parteienfinanzierung;17;2024;;party_financing;;juristische Person oder Personengesellschaft;Zuwender/in: Schweiz. Arbeitgeberverband, Akteur/in: Grünliberale Partei Schweiz, Bern
de;3220;allowances;alphabetical;Parteienfinanzierung;17;2024;;party_financing;;juristische Person oder Personengesellschaft;Zuwender/in: Schweizerische Bankiervereinigung, Akteur/in: Grünliberale Partei Schweiz, Bern
de;3221;allowances;alphabetical;Parteienfinanzierung;17;2024;;party_financing;;juristische Person oder Personengesellschaft;Zuwender/in: Economiesuisse, Akteur/in: Grünliberale Partei Schweiz, Bern
de;3222;allowances;alphabetical;Parteienfinanzierung;17;2024;;party_financing;;juristische Person oder Personengesellschaft;Zuwender/in: Verein FDP-Kampagnen, Akteur/in: Grünliberale Partei Schweiz, Bern
de;3223;allowances;alphabetical;Parteienfinanzierung;17;2024;;party_financing;;natürliche Person;Zuwender/in: Kottelat Pierre, Akteur/in: Grünliberale Partei Schweiz, Bern
de;3224;allowances;alphabetical;Parteienfinanzierung;17;2024;;party_financing;;juristische Person oder Personengesellschaft;Zuwender/in: Interpharma, Akteur/in: Grünliberale Partei Schweiz, Bern
de;3225;allowances;alphabetical;Parteienfinanzierung;17;2024;;party_financing;;natürliche Person;Zuwender/in: Kottelat Schloesing Michèle, Akteur/in: Grünliberale Partei Schweiz, Bern
de;3226;allowances;alphabetical;Parteienfinanzierung;17;2024;;party_financing;;juristische Person oder Personengesellschaft;Zuwender/in: Novartis International AG, Akteur/in: Grünliberale Partei Schweiz, Bern
de;3227;allowances;alphabetical;Parteienfinanzierung;17;2024;;party_financing;;juristische Person oder Personengesellschaft;Zuwender/in: Roche Holding AG, Akteur/in: Grünliberale Partei Schweiz, Bern
de;3228;allowances;alphabetical;Parteienfinanzierung;17;2024;;party_financing;;juristische Person oder Personengesellschaft;Zuwender/in: Schindler Aufzüge AG, Akteur/in: Grünliberale Partei Schweiz, Bern
de;3229;allowances;alphabetical;Parteienfinanzierung;17;2024;;party_financing;;juristische Person oder Personengesellschaft;Zuwender/in: SVV, Akteur/in: Grünliberale Partei Schweiz, Bern
de;3230;allowances;alphabetical;Parteienfinanzierung;17;2024;;party_financing;;juristische Person oder Personengesellschaft;Zuwender/in: Swiss Life AG, Akteur/in: Grünliberale Partei Schweiz, Bern
de;3231;allowances;alphabetical;Parteienfinanzierung;17;2024;;party_financing;;juristische Person oder Personengesellschaft;Zuwender/in: UBS AG, Akteur/in: Grünliberale Partei Schweiz, Bern
de;3232;allowances;alphabetical;Parteienfinanzierung;17;2024;;party_financing;;juristische Person oder Personengesellschaft;Zuwender/in: Zürich Versicherungsgesellschaft AG, Akteur/in: Grünliberale Partei Schweiz, Bern
de;3233;allowances;alphabetical;Parteienfinanzierung;17;2024;;party_financing;;juristische Person oder Personengesellschaft;Zuwender/in: Schweiz. Mobiliarversicherungsgesellschaft AG, Akteur/in: Grünliberale Partei Schweiz, Bern
de;3234;allowances;alphabetical;Kampagnenfinanzierung;18;28.09.2025 Bundesbeschluss vom 20. Dezember 2024 über die kantonalen Liegenschaftssteuern auf Zweitliegenschaften;;campaign_financing;Budgetzahlen;juristische Person oder Personengesellschaft;Zuwender/in: Hauseigentümerverband Schweiz, Akteur/in: Hauseigentümerverband Kanton Luzern, Luzern
de;3235;allowances;alphabetical;Kampagnenfinanzierung;18;28.09.2025 Bundesbeschluss vom 20. Dezember 2024 über die kantonalen Liegenschaftssteuern auf Zweitliegenschaften;;campaign_financing;Budgetzahlen;juristische Person oder Personengesellschaft;Zuwender/in: Hauseigentümerverband Schweiz (HEV Schweiz), Akteur/in: Hauseigentümer-Verband Kanton St. Gallen, St. Gallen
de;3236;allowances;alphabetical;Kampagnenfinanzierung;18;28.09.2025 Bundesbeschluss vom 20. Dezember 2024 über die kantonalen Liegenschaftssteuern auf Zweitliegenschaften;;campaign_financing;Budgetzahlen;juristische Person oder Personengesellschaft;Zuwender/in: Kantonaler Gewerbeverband St.Gallen, Akteur/in: Hauseigentümer-Verband Kanton St. Gallen, St. Gallen
de;324;allowances;alphabetical;Kampagnenfinanzierung;1;22.10.2023 Nationalratswahlen 2023;2023;campaign_financing;Budgetzahlen;juristische Person oder Personengesellschaft;Zuwender/in: scienceindustries, Akteur/in: scienceindustries, Zürich
de;3240;allowances;alphabetical;Kampagnenfinanzierung;18;28.09.2025 Bundesbeschluss vom 20. Dezember 2024 über die kantonalen Liegenschaftssteuern auf Zweitliegenschaften;;campaign_financing;Budgetzahlen;juristische Person oder Personengesellschaft;Zuwender/in: Hauseigentümerverband Basel-Stadt, Akteur/in: Kantonales Komitee «JA zur Abschaffung des Eigenmietwerts» (HEV Basel-Stadt), Basel
de;3241;allowances;alphabetical;Kampagnenfinanzierung;18;28.09.2025 Bundesbeschluss vom 20. Dezember 2024 über die kantonalen Liegenschaftssteuern auf Zweitliegenschaften;;campaign_financing;Budgetzahlen;juristische Person oder Personengesellschaft;Zuwender/in: HEV Schweiz, Akteur/in: Hauseigentümerverband Kanton Schwyz, Schwyz
de;325;allowances;alphabetical;Kampagnenfinanzierung;1;22.10.2023 Nationalratswahlen 2023;2023;campaign_financing;Budgetzahlen;juristische Person oder Personengesellschaft;Zuwender/in: HEV Kanton Zürich, Akteur/in: Die Mitte Kanton Zürich, Zürich
de;326;allowances;alphabetical;Kampagnenfinanzierung;1;22.10.2023 Nationalratswahlen 2023;2023;campaign_financing;Budgetzahlen;juristische Person oder Personengesellschaft;Zuwender/in: Flughafen Zürich AG, Akteur/in: Die Mitte Kanton Zürich, Zürich
de;327;allowances;alphabetical;Kampagnenfinanzierung;1;22.10.2023 Nationalratswahlen 2023;2023;campaign_financing;Budgetzahlen;natürliche Person;Zuwender/in: Kutter Philipp, Akteur/in: Die Mitte Kanton Zürich, Zürich
de;3272;allowances;alphabetical;Kampagnenfinanzierung;18;28.09.2025 Bundesbeschluss vom 20. Dezember 2024 über die kantonalen Liegenschaftssteuern auf Zweitliegenschaften;;campaign_financing;Budgetzahlen;juristische Person oder Personengesellschaft;Zuwender/in: Hauseigentümerverband Schweiz, Akteur/in: Hauseigentümerverband Graubünden, Chur
de;3275;allowances;alphabetical;Kampagnenfinanzierung;18;28.09.2025 Bundesbeschluss vom 20. Dezember 2024 über die kantonalen Liegenschaftssteuern auf Zweitliegenschaften;;campaign_financing;Budgetzahlen;juristische Person oder Personengesellschaft;Zuwender/in: Hauseigentümerverband (HEV) Schweiz, Akteur/in: Überparteiliches Komitee JA zur Abschaffung des Eigenmietwerts (HEV Schweiz), Zürich
de;3276;allowances;alphabetical;Kampagnenfinanzierung;18;28.09.2025 Bundesbeschluss vom 20. Dezember 2024 über die kantonalen Liegenschaftssteuern auf Zweitliegenschaften;;campaign_financing;Budgetzahlen;juristische Person oder Personengesellschaft;Zuwender/in: Hauseigentümerverband (HEV) Schweiz, Akteur/in: Überparteiliches Komitee JA zur Abschaffung des Eigenmietwerts (HEV Schweiz), Zürich
de;3277;allowances;alphabetical;Kampagnenfinanzierung;18;28.09.2025 Bundesbeschluss vom 20. Dezember 2024 über die kantonalen Liegenschaftssteuern auf Zweitliegenschaften;;campaign_financing;Budgetzahlen;juristische Person oder Personengesellschaft;Zuwender/in: Hauseigentümerverband (HEV) Schweiz, Akteur/in: Überparteiliches Komitee JA zur Abschaffung des Eigenmietwerts (HEV Schweiz), Zürich
de;328;allowances;alphabetical;Kampagnenfinanzierung;1;22.10.2023 Nationalratswahlen 2023;2023;campaign_financing;Budgetzahlen;natürliche Person;Zuwender/in: Matter Michel, Akteur/in: Parti vert'libéral genevois, Genève
de;3281;allowances;alphabetical;Kampagnenfinanzierung;18;28.09.2025 Bundesbeschluss vom 20. Dezember 2024 über die kantonalen Liegenschaftssteuern auf Zweitliegenschaften;;campaign_financing;Budgetzahlen;juristische Person oder Personengesellschaft;Zuwender/in: HEV Schweiz, Akteur/in: Hauseigentümerverband Thurgau, Kreuzlingen
de;3282;allowances;alphabetical;Kampagnenfinanzierung;18;28.09.2025 Bundesbeschluss vom 20. Dezember 2024 über die kantonalen Liegenschaftssteuern auf Zweitliegenschaften;;campaign_financing;Budgetzahlen;juristische Person oder Personengesellschaft;Zuwender/in: Hauseigentümerverband Schweiz, Akteur/in: Hauseigentümerverband Kanton Bern, Bern
de;3283;allowances;alphabetical;Kampagnenfinanzierung;18;28.09.2025 Bundesbeschluss vom 20. Dezember 2024 über die kantonalen Liegenschaftssteuern auf Zweitliegenschaften;;campaign_financing;Budgetzahlen;juristische Person oder Personengesellschaft;Zuwender/in: Hauseigentümerverband Bern und Umgebung, Akteur/in: Hauseigentümerverband Kanton Bern, Bern
de;3284;allowances;alphabetical;Kampagnenfinanzierung;18;28.09.2025 Bundesbeschluss vom 20. Dezember 2024 über die kantonalen Liegenschaftssteuern auf Zweitliegenschaften;;campaign_financing;Budgetzahlen;juristische Person oder Personengesellschaft;Zuwender/in: Hauseigentümerverband Schweiz (HEV Schweiz), Akteur/in: Hauseigentümerverband Baselland, Pratteln
de;3287;allowances;alphabetical;Parteienfinanzierung;17;2024;;party_financing;;juristische Person oder Personengesellschaft;Zuwender/in: Auto-Schweiz Vereinigung, Akteur/in: Schweizerische Volkspartei (SVP), Bern
de;3288;allowances;alphabetical;Parteienfinanzierung;17;2024;;party_financing;;juristische Person oder Personengesellschaft;Zuwender/in: AXA Versicherungen AG, Akteur/in: Schweizerische Volkspartei (SVP), Bern
de;3289;allowances;alphabetical;Parteienfinanzierung;17;2024;;party_financing;;juristische Person oder Personengesellschaft;Zuwender/in: Baloise Versicherung AG, Akteur/in: Schweizerische Volkspartei (SVP), Bern
de;329;allowances;alphabetical;Kampagnenfinanzierung;1;22.10.2023 Nationalratswahlen 2023;2023;campaign_financing;Budgetzahlen;juristische Person oder Personengesellschaft;Zuwender/in: HEV Kanton Zürich, Akteur/in: Bigler Hans-Ulrich, Affoltern am Albis
de;3290;allowances;alphabetical;Parteienfinanzierung;17;2024;;party_financing;;juristische Person oder Personengesellschaft;Zuwender/in: Bank Julius Baer and Co Ltd, Akteur/in: Schweizerische Volkspartei (SVP), Bern
de;3291;allowances;alphabetical;Parteienfinanzierung;17;2024;;party_financing;;natürliche Person;Zuwender/in: Dörig Rolf, Akteur/in: Schweizerische Volkspartei (SVP), Bern
de;3292;allowances;alphabetical;Parteienfinanzierung;17;2024;;party_financing;;juristische Person oder Personengesellschaft;Zuwender/in: economiesuisse, Akteur/in: Schweizerische Volkspartei (SVP), Bern
de;3293;allowances;alphabetical;Parteienfinanzierung;17;2024;;party_financing;;juristische Person oder Personengesellschaft;Zuwender/in: Fondation Groupe Mutuel, Akteur/in: Schweizerische Volkspartei (SVP), Bern
de;3294;allowances;alphabetical;Parteienfinanzierung;17;2024;;party_financing;;juristische Person oder Personengesellschaft;Zuwender/in: Helvetia Schweizerische Versicherungsgesellschaft AG, Akteur/in: Schweizerische Volkspartei (SVP), Bern
de;3295;allowances;alphabetical;Parteienfinanzierung;17;2024;;party_financing;;juristische Person oder Personengesellschaft;Zuwender/in: Hauseigentümerverband Schweiz, Akteur/in: Schweizerische Volkspartei (SVP), Bern
de;3296;allowances;alphabetical;Parteienfinanzierung;17;2024;;party_financing;;juristische Person oder Personengesellschaft;Zuwender/in: Interpharma, Akteur/in: Schweizerische Volkspartei (SVP), Bern
de;3297;allowances;alphabetical;Parteienfinanzierung;17;2024;;party_financing;;juristische Person oder Personengesellschaft;Zuwender/in: Nestlé S.A, Akteur/in: Schweizerische Volkspartei (SVP), Bern
de;3298;allowances;alphabetical;Parteienfinanzierung;17;2024;;party_financing;;juristische Person oder Personengesellschaft;Zuwender/in: Novartis International AG, Akteur/in: Schweizerische Volkspartei (SVP), Bern
de;3299;allowances;alphabetical;Parteienfinanzierung;17;2024;;party_financing;;juristische Person oder Personengesellschaft;Zuwender/in: Raiffeisen Schweiz Genossenschaft, Akteur/in: Schweizerische Volkspartei (SVP), Bern
de;33;allowances;alphabetical;Kampagnenfinanzierung;1;22.10.2023 Nationalratswahlen 2023;2023;campaign_financing;Budgetzahlen;natürliche Person;Zuwender/in: Schaffner Barbara, Akteur/in: Grünliberale Kanton Zürich, Zürich
de;330;allowances;alphabetical;Kampagnenfinanzierung;1;22.10.2023 Nationalratswahlen 2023;2023;campaign_financing;Budgetzahlen;juristische Person oder Personengesellschaft;Zuwender/in: Schweizerischer Gewerbeverband, Akteur/in: Bigler Hans-Ulrich, Affoltern am Albis
de;3300;allowances;alphabetical;Parteienfinanzierung;17;2024;;party_financing;;juristische Person oder Personengesellschaft;Zuwender/in: Roche Holding AG, Akteur/in: Schweizerische Volkspartei (SVP), Bern
de;3301;allowances;alphabetical;Parteienfinanzierung;17;2024;;party_financing;;juristische Person oder Personengesellschaft;Zuwender/in: Schindler Aufzüge AG, Akteur/in: Schweizerische Volkspartei (SVP), Bern
de;3302;allowances;alphabetical;Parteienfinanzierung;17;2024;;party_financing;;juristische Person oder Personengesellschaft;Zuwender/in: Schweizer Bauernverband (SBV), Akteur/in: Schweizerische Volkspartei (SVP), Bern
de;3303;allowances;alphabetical;Parteienfinanzierung;17;2024;;party_financing;;juristische Person oder Personengesellschaft;Zuwender/in: Schweizerische Bankiervereinigung, Akteur/in: Schweizerische Volkspartei (SVP), Bern
de;3304;allowances;alphabetical;Parteienfinanzierung;17;2024;;party_financing;;juristische Person oder Personengesellschaft;Zuwender/in: Schweizerische Mobiliar Versicherungsgesellschaft AG, Akteur/in: Schweizerische Volkspartei (SVP), Bern
de;3305;allowances;alphabetical;Parteienfinanzierung;17;2024;;party_financing;;juristische Person oder Personengesellschaft;Zuwender/in: Schweizerischer Gewerbeverband, Akteur/in: Schweizerische Volkspartei (SVP), Bern
de;3306;allowances;alphabetical;Parteienfinanzierung;17;2024;;party_financing;;juristische Person oder Personengesellschaft;Zuwender/in: Schweizerischer Versicherungsverband (SVV), Akteur/in: Schweizerische Volkspartei (SVP), Bern
de;3307;allowances;alphabetical;Parteienfinanzierung;17;2024;;party_financing;;juristische Person oder Personengesellschaft;Zuwender/in: Schweizerischer Arbeitgeberverband, Akteur/in: Schweizerische Volkspartei (SVP), Bern
de;3308;allowances;alphabetical;Parteienfinanzierung;17;2024;;party_financing;;juristische Person oder Personengesellschaft;Zuwender/in: Swiss International Air Lines AG, Akteur/in: Schweizerische Volkspartei (SVP), Bern
de;3309;allowances;alphabetical;Parteienfinanzierung;17;2024;;party_financing;;juristische Person oder Personengesellschaft;Zuwender/in: Swiss Life AG, Akteur/in: Schweizerische Volkspartei (SVP), Bern
de;331;allowances;alphabetical;Kampagnenfinanzierung;1;22.10.2023 Nationalratswahlen 2023;2023;campaign_financing;Budgetzahlen;juristische Person oder Personengesellschaft;Zuwender/in: Parti socialiste suisse, Akteur/in: Parti socialiste neuchâtelois, Neuchâtel
de;3310;allowances;alphabetical;Parteienfinanzierung;17;2024;;party_financing;;juristische Person oder Personengesellschaft;Zuwender/in: Swiss Re Management Ltd, Akteur/in: Schweizerische Volkspartei (SVP), Bern
de;3311;allowances;alphabetical;Parteienfinanzierung;17;2024;;party_financing;;juristische Person oder Personengesellschaft;Zuwender/in: UBS AG, Akteur/in: Schweizerische Volkspartei (SVP), Bern
de;3312;allowances;alphabetical;Parteienfinanzierung;17;2024;;party_financing;;juristische Person oder Personengesellschaft;Zuwender/in: Verein FDP-Kampagnen, Akteur/in: Schweizerische Volkspartei (SVP), Bern
de;3313;allowances;alphabetical;Parteienfinanzierung;17;2024;;party_financing;;juristische Person oder Personengesellschaft;Zuwender/in: Renteninitiative, Akteur/in: Schweizerische Volkspartei (SVP), Bern
de;3314;allowances;alphabetical;Kampagnenfinanzierung;18;28.09.2025 Bundesbeschluss vom 20. Dezember 2024 über die kantonalen Liegenschaftssteuern auf Zweitliegenschaften;;campaign_financing;Budgetzahlen;juristische Person oder Personengesellschaft;Zuwender/in: aeesuisse – Dachorganisation der Wirtschaft für erneuerbare Energien und Energieeffizienz, Akteur/in: aeesuisse - Dachverband der Wirtschaft für erneuerbare Energien und Energieeffizienz, Bern
de;3315;allowances;alphabetical;Kampagnenfinanzierung;18;28.09.2025 Bundesbeschluss vom 20. Dezember 2024 über die kantonalen Liegenschaftssteuern auf Zweitliegenschaften;;campaign_financing;Budgetzahlen;juristische Person oder Personengesellschaft;Zuwender/in: Schweizerisch-Liechtensteinischer Gebäudetechnikverband (suissetec), Akteur/in: aeesuisse - Dachverband der Wirtschaft für erneuerbare Energien und Energieeffizienz, Bern
de;3316;allowances;alphabetical;Kampagnenfinanzierung;18;28.09.2025 Bundesbeschluss vom 20. Dezember 2024 über die kantonalen Liegenschaftssteuern auf Zweitliegenschaften;;campaign_financing;Budgetzahlen;juristische Person oder Personengesellschaft;Zuwender/in: constructionromande, Akteur/in: aeesuisse - Dachverband der Wirtschaft für erneuerbare Energien und Energieeffizienz, Bern
de;3317;allowances;alphabetical;Kampagnenfinanzierung;18;28.09.2025 Bundesbeschluss vom 20. Dezember 2024 über die kantonalen Liegenschaftssteuern auf Zweitliegenschaften;;campaign_financing;Budgetzahlen;juristische Person oder Personengesellschaft;Zuwender/in: Centre Patronal, Akteur/in: aeesuisse - Dachverband der Wirtschaft für erneuerbare Energien und Energieeffizienz, Bern
de;3318;allowances;alphabetical;Kampagnenfinanzierung;18;28.09.2025 Bundesbeschluss vom 20. Dezember 2024 über die kantonalen Liegenschaftssteuern auf Zweitliegenschaften;;campaign_financing;Budgetzahlen;juristische Person oder Personengesellschaft;Zuwender/in: Union suisse des professionnels de l'immobilier Vaud (USPI Vaud), Akteur/in: aeesuisse - Dachverband der Wirtschaft für erneuerbare Energien und Energieeffizienz, Bern
de;3319;allowances;alphabetical;Kampagnenfinanzierung;18;28.09.2025 Bundesbeschluss vom 20. Dezember 2024 über die kantonalen Liegenschaftssteuern auf Zweitliegenschaften;;campaign_financing;Budgetzahlen;juristische Person oder Personengesellschaft;Zuwender/in: Union suisse des professionnels de l'immobilier Suisse (USPI Suisse), Akteur/in: aeesuisse - Dachverband der Wirtschaft für erneuerbare Energien und Energieeffizienz, Bern
de;332;allowances;alphabetical;Kampagnenfinanzierung;1;22.10.2023 Nationalratswahlen 2023;2023;campaign_financing;Budgetzahlen;juristische Person oder Personengesellschaft;Zuwender/in: Parti socialiste suisse, Akteur/in: Parti socialiste neuchâtelois, Neuchâtel
de;334;allowances;alphabetical;Kampagnenfinanzierung;1;22.10.2023 Nationalratswahlen 2023;2023;campaign_financing;Budgetzahlen;juristische Person oder Personengesellschaft;Zuwender/in: Greenpeace Schweiz, Akteur/in: Greenpeace Schweiz, Zürich
de;335;allowances;alphabetical;Kampagnenfinanzierung;1;22.10.2023 Nationalratswahlen 2023;2023;campaign_financing;Budgetzahlen;juristische Person oder Personengesellschaft;Zuwender/in: Holcim Schweiz AG, Akteur/in: Die Mitte, Bern
de;336;allowances;alphabetical;Kampagnenfinanzierung;1;22.10.2023 Nationalratswahlen 2023;2023;campaign_financing;Budgetzahlen;natürliche Person;Zuwender/in: Silberschmidt Andri, Akteur/in: FDP.Die Liberalen Kanton Zürich, Zürich
de;3364;allowances;alphabetical;Kampagnenfinanzierung;19;28.09.2025 Bundesgesetz vom 20. Dezember 2024 über den elektronischen Identitätsnachweis und andere elektronische Nachweise (E-ID-Gesetz, BGEID);;campaign_financing;Budgetzahlen;natürliche Person;Zuwender/in: Kocher Stephan, Akteur/in: Referendumskomitee E-ID 2.0, Zürich
de;3365;allowances;alphabetical;Kampagnenfinanzierung;19;28.09.2025 Bundesgesetz vom 20. Dezember 2024 über den elektronischen Identitätsnachweis und andere elektronische Nachweise (E-ID-Gesetz, BGEID);;campaign_financing;Budgetzahlen;juristische Person oder Personengesellschaft;Zuwender/in: economiesuisse, Akteur/in: Wirtschaftskomitee Schweizer e-ID, Bern
de;3366;allowances;alphabetical;Kampagnenfinanzierung;19;28.09.2025 Bundesgesetz vom 20. Dezember 2024 über den elektronischen Identitätsnachweis und andere elektronische Nachweise (E-ID-Gesetz, BGEID);;campaign_financing;Budgetzahlen;juristische Person oder Personengesellschaft;Zuwender/in: Swisscom, Akteur/in: Wirtschaftskomitee Schweizer e-ID, Bern
de;3367;allowances;alphabetical;Kampagnenfinanzierung;19;28.09.2025 Bundesgesetz vom 20. Dezember 2024 über den elektronischen Identitätsnachweis und andere elektronische Nachweise (E-ID-Gesetz, BGEID);;campaign_financing;Budgetzahlen;juristische Person oder Personengesellschaft;Zuwender/in: Schweizerischer Versicherungsverband SVV, Akteur/in: Wirtschaftskomitee Schweizer e-ID, Bern
de;3368;allowances;alphabetical;Kampagnenfinanzierung;19;28.09.2025 Bundesgesetz vom 20. Dezember 2024 über den elektronischen Identitätsnachweis und andere elektronische Nachweise (E-ID-Gesetz, BGEID);;campaign_financing;Budgetzahlen;juristische Person oder Personengesellschaft;Zuwender/in: digitalswitzerland, Akteur/in: Allianz Pro e-ID, Bern
de;3369;allowances;alphabetical;Kampagnenfinanzierung;19;28.09.2025 Bundesgesetz vom 20. Dezember 2024 über den elektronischen Identitätsnachweis und andere elektronische Nachweise (E-ID-Gesetz, BGEID);;campaign_financing;Budgetzahlen;juristische Person oder Personengesellschaft;Zuwender/in: digitalswitzerland, Akteur/in: Allianz Pro e-ID, Bern
de;337;allowances;alphabetical;Kampagnenfinanzierung;1;22.10.2023 Nationalratswahlen 2023;2023;campaign_financing;Budgetzahlen;natürliche Person;Zuwender/in: Portmann Hans-Peter, Akteur/in: FDP.Die Liberalen Kanton Zürich, Zürich
de;3370;allowances;alphabetical;Kampagnenfinanzierung;19;28.09.2025 Bundesgesetz vom 20. Dezember 2024 über den elektronischen Identitätsnachweis und andere elektronische Nachweise (E-ID-Gesetz, BGEID);;campaign_financing;Budgetzahlen;juristische Person oder Personengesellschaft;Zuwender/in: Swiss Cigarette, Akteur/in: Allianz Pro e-ID, Bern
de;3371;allowances;alphabetical;Kampagnenfinanzierung;19;28.09.2025 Bundesgesetz vom 20. Dezember 2024 über den elektronischen Identitätsnachweis und andere elektronische Nachweise (E-ID-Gesetz, BGEID);;campaign_financing;Budgetzahlen;juristische Person oder Personengesellschaft;Zuwender/in: Ringier AG, Akteur/in: Allianz Pro e-ID, Bern
de;3372;allowances;alphabetical;Kampagnenfinanzierung;19;28.09.2025 Bundesgesetz vom 20. Dezember 2024 über den elektronischen Identitätsnachweis und andere elektronische Nachweise (E-ID-Gesetz, BGEID);;campaign_financing;Budgetzahlen;juristische Person oder Personengesellschaft;Zuwender/in: TX Group AG, Akteur/in: Allianz Pro e-ID, Bern
de;338;allowances;alphabetical;Kampagnenfinanzierung;1;22.10.2023 Nationalratswahlen 2023;2023;campaign_financing;Budgetzahlen;natürliche Person;Zuwender/in: Balmer Bettina, Akteur/in: FDP.Die Liberalen Kanton Zürich, Zürich
de;339;allowances;alphabetical;Kampagnenfinanzierung;1;22.10.2023 Nationalratswahlen 2023;2023;campaign_financing;Budgetzahlen;natürliche Person;Zuwender/in: Walti Beat, Akteur/in: FDP.Die Liberalen Kanton Zürich, Zürich
de;34;allowances;alphabetical;Kampagnenfinanzierung;1;22.10.2023 Nationalratswahlen 2023;2023;campaign_financing;Budgetzahlen;natürliche Person;Zuwender/in: Mäder Jörg, Akteur/in: Grünliberale Kanton Zürich, Zürich
de;340;allowances;alphabetical;Kampagnenfinanzierung;1;22.10.2023 Nationalratswahlen 2023;2023;campaign_financing;Budgetzahlen;juristische Person oder Personengesellschaft;Zuwender/in: Swiss Life AG, Akteur/in: FDP.Die Liberalen Kanton Zürich, Zürich
de;3407;allowances;alphabetical;Kampagnenfinanzierung;21;30.11.2025 Für eine soziale Klimapolitik – steuerlich gerecht finanziert (Initiative für eine Zukunft);;campaign_financing;Budgetzahlen;juristische Person oder Personengesellschaft;Zuwender/in: Sozialdemokratische Partei der Schweiz, Akteur/in: Jungsozialist*innen Schweiz, Bern
de;3408;allowances;alphabetical;Kampagnenfinanzierung;21;30.11.2025 Für eine soziale Klimapolitik – steuerlich gerecht finanziert (Initiative für eine Zukunft);;campaign_financing;Budgetzahlen;natürliche Person;Zuwender/in: Weber Beat, Akteur/in: Jungsozialist*innen Schweiz, Bern
de;341;allowances;alphabetical;Kampagnenfinanzierung;1;22.10.2023 Nationalratswahlen 2023;2023;campaign_financing;Budgetzahlen;natürliche Person;Zuwender/in: Müller Matthias, Akteur/in: FDP.Die Liberalen Kanton Zürich, Zürich
de;342;allowances;alphabetical;Kampagnenfinanzierung;1;22.10.2023 Nationalratswahlen 2023;2023;campaign_financing;Budgetzahlen;juristische Person oder Personengesellschaft;Zuwender/in: HEV Kanton Zürich, Akteur/in: FDP.Die Liberalen Kanton Zürich, Zürich
de;343;allowances;alphabetical;Kampagnenfinanzierung;1;22.10.2023 Nationalratswahlen 2023;2023;campaign_financing;Budgetzahlen;natürliche Person;Zuwender/in: Farner Martin, Akteur/in: FDP.Die Liberalen Kanton Zürich, Zürich
de;344;allowances;alphabetical;Kampagnenfinanzierung;1;22.10.2023 Nationalratswahlen 2023;2023;campaign_financing;Budgetzahlen;natürliche Person;Zuwender/in: Sauter Regine, Akteur/in: FDP.Die Liberalen Kanton Zürich, Zürich
de;345;allowances;alphabetical;Kampagnenfinanzierung;1;22.10.2023 Nationalratswahlen 2023;2023;campaign_financing;Budgetzahlen;juristische Person oder Personengesellschaft;Zuwender/in: Swiss Re Management Ltd., Akteur/in: FDP.Die Liberalen Kanton Zürich, Zürich
de;346;allowances;alphabetical;Kampagnenfinanzierung;1;22.10.2023 Nationalratswahlen 2023;2023;campaign_financing;Budgetzahlen;juristische Person oder Personengesellschaft;Zuwender/in: Swissmem, Akteur/in: Brupbacher Trivigno Stefan, Zürich
de;347;allowances;alphabetical;Kampagnenfinanzierung;1;22.10.2023 Nationalratswahlen 2023;2023;campaign_financing;Budgetzahlen;juristische Person oder Personengesellschaft;Zuwender/in: Swissmem, Akteur/in: Brupbacher Trivigno Stefan, Zürich
de;348;allowances;alphabetical;Kampagnenfinanzierung;1;22.10.2023 Nationalratswahlen 2023;2023;campaign_financing;Budgetzahlen;juristische Person oder Personengesellschaft;Zuwender/in: Handelskammer beider Basel, Akteur/in: Dätwyler Martin, Laufen
de;349;allowances;alphabetical;Kampagnenfinanzierung;1;22.10.2023 Nationalratswahlen 2023;2023;campaign_financing;Budgetzahlen;juristische Person oder Personengesellschaft;Zuwender/in: Bobst MEX SA, Akteur/in: Brupbacher Trivigno Stefan, Zürich
de;35;allowances;alphabetical;Kampagnenfinanzierung;1;22.10.2023 Nationalratswahlen 2023;2023;campaign_financing;Budgetzahlen;natürliche Person;Zuwender/in: Bäumle Martin, Akteur/in: Grünliberale Kanton Zürich, Zürich
de;350;allowances;alphabetical;Kampagnenfinanzierung;1;22.10.2023 Nationalratswahlen 2023;2023;campaign_financing;Budgetzahlen;juristische Person oder Personengesellschaft;Zuwender/in: Gemeinnützige Stiftung GAMBIT, Akteur/in: Brupbacher Trivigno Stefan, Zürich
de;351;allowances;alphabetical;Kampagnenfinanzierung;1;22.10.2023 Nationalratswahlen 2023;2023;campaign_financing;Budgetzahlen;juristische Person oder Personengesellschaft;Zuwender/in: Hauseigentümerverband Kanton Zürich, Akteur/in: Farner Martin, Oberstammheim
de;3515;allowances;alphabetical;Kampagnenfinanzierung;21;30.11.2025 Für eine soziale Klimapolitik – steuerlich gerecht finanziert (Initiative für eine Zukunft);;campaign_financing;Budgetzahlen;juristische Person oder Personengesellschaft;Zuwender/in: Industrie- und Handelskammer Thurgau (IHK Thurgau), Akteur/in: Industrie und Handelskammer St. Gallen-Appenzell, St. Gallen
de;3516;allowances;alphabetical;Kampagnenfinanzierung;21;30.11.2025 Für eine soziale Klimapolitik – steuerlich gerecht finanziert (Initiative für eine Zukunft);;campaign_financing;Budgetzahlen;juristische Person oder Personengesellschaft;Zuwender/in: Industrie- und Handelskammer Thurgau (IHK Thurgau), Akteur/in: Industrie und Handelskammer St. Gallen-Appenzell, St. Gallen
de;352;allowances;alphabetical;Kampagnenfinanzierung;1;22.10.2023 Nationalratswahlen 2023;2023;campaign_financing;Budgetzahlen;juristische Person oder Personengesellschaft;Zuwender/in: Schweizerischer Gewerbeverband sgv, Akteur/in: Farner Martin, Oberstammheim
de;3521;allowances;alphabetical;Kampagnenfinanzierung;21;30.11.2025 Für eine soziale Klimapolitik – steuerlich gerecht finanziert (Initiative für eine Zukunft);;campaign_financing;Budgetzahlen;juristische Person oder Personengesellschaft;Zuwender/in: Aktiionskomitee für Freiheit, Akteur/in: Swiss Family Business, Zürich
de;3524;allowances;alphabetical;Kampagnenfinanzierung;21;30.11.2025 Für eine soziale Klimapolitik – steuerlich gerecht finanziert (Initiative für eine Zukunft);;campaign_financing;Budgetzahlen;juristische Person oder Personengesellschaft;Zuwender/in: Aktionskomitee für Freiheit, Akteur/in: FDP.Die Liberalen, Bern
de;3527;allowances;alphabetical;Kampagnenfinanzierung;21;30.11.2025 Für eine soziale Klimapolitik – steuerlich gerecht finanziert (Initiative für eine Zukunft);;campaign_financing;Budgetzahlen;natürliche Person;Zuwender/in: Baumann Maja, Akteur/in: FDP.Die Liberalen, Bern
de;3528;allowances;alphabetical;Kampagnenfinanzierung;21;30.11.2025 Für eine soziale Klimapolitik – steuerlich gerecht finanziert (Initiative für eine Zukunft);;campaign_financing;Budgetzahlen;juristische Person oder Personengesellschaft;Zuwender/in: HESTA Services AG, Akteur/in: FDP.Die Liberalen, Bern
de;3529;allowances;alphabetical;Kampagnenfinanzierung;21;30.11.2025 Für eine soziale Klimapolitik – steuerlich gerecht finanziert (Initiative für eine Zukunft);;campaign_financing;Budgetzahlen;natürliche Person;Zuwender/in: Meier Werner, Akteur/in: FDP.Die Liberalen, Bern
de;353;allowances;alphabetical;Kampagnenfinanzierung;1;22.10.2023 Nationalratswahlen 2023;2023;campaign_financing;Budgetzahlen;juristische Person oder Personengesellschaft;Zuwender/in: Comité de coordination des associations économiques, Akteur/in: Le Centre du canton de Genève, Genève
de;3530;allowances;alphabetical;Kampagnenfinanzierung;21;30.11.2025 Für eine soziale Klimapolitik – steuerlich gerecht finanziert (Initiative für eine Zukunft);;campaign_financing;Budgetzahlen;juristische Person oder Personengesellschaft;Zuwender/in: ARTEMIS HOLDING AG, Akteur/in: FDP.Die Liberalen, Bern
de;3531;allowances;alphabetical;Kampagnenfinanzierung;21;30.11.2025 Für eine soziale Klimapolitik – steuerlich gerecht finanziert (Initiative für eine Zukunft);;campaign_financing;Budgetzahlen;juristische Person oder Personengesellschaft;Zuwender/in: Aktionskomitee für Freiheit, Akteur/in: FDP.Die Liberalen, Bern
de;3532;allowances;alphabetical;Kampagnenfinanzierung;21;30.11.2025 Für eine soziale Klimapolitik – steuerlich gerecht finanziert (Initiative für eine Zukunft);;campaign_financing;Budgetzahlen;juristische Person oder Personengesellschaft;Zuwender/in: ARTEMIS HOLDING AG, Akteur/in: FDP.Die Liberalen, Bern
de;3533;allowances;alphabetical;Kampagnenfinanzierung;20;30.11.2025 Für eine engagierte Schweiz (Service-citoyen-Initiative);2025;campaign_financing;Budgetzahlen;natürliche Person;Zuwender/in: Brügger Leopold, Akteur/in: Association suisse pour la promotion de l'engagement de milice, Genève
de;3534;allowances;alphabetical;Kampagnenfinanzierung;20;30.11.2025 Für eine engagierte Schweiz (Service-citoyen-Initiative);2025;campaign_financing;Budgetzahlen;natürliche Person;Zuwender/in: Gueissaz Pascal, Akteur/in: Association suisse pour la promotion de l'engagement de milice, Genève
de;3535;allowances;alphabetical;Kampagnenfinanzierung;20;30.11.2025 Für eine engagierte Schweiz (Service-citoyen-Initiative);2025;campaign_financing;Budgetzahlen;juristische Person oder Personengesellschaft;Zuwender/in: Bonny Stiftung für Freiheit, Akteur/in: Association suisse pour la promotion de l'engagement de milice, Genève
de;3537;allowances;alphabetical;Kampagnenfinanzierung;20;30.11.2025 Für eine engagierte Schweiz (Service-citoyen-Initiative);2025;campaign_financing;Budgetzahlen;natürliche Person;Zuwender/in: Angéloz Claude Pascal, Akteur/in: Association suisse pour la promotion de l'engagement de milice, Genève
de;3539;allowances;alphabetical;Kampagnenfinanzierung;21;30.11.2025 Für eine soziale Klimapolitik – steuerlich gerecht finanziert (Initiative für eine Zukunft);;campaign_financing;Budgetzahlen;juristische Person oder Personengesellschaft;Zuwender/in: Association de Banques Privées Suisses, Akteur/in: Chambre de commerce, d'industrie et des services de Genève, Genève
de;354;allowances;alphabetical;Kampagnenfinanzierung;1;22.10.2023 Nationalratswahlen 2023;2023;campaign_financing;Budgetzahlen;juristische Person oder Personengesellschaft;Zuwender/in: Hauseigentümerverband Region Winterthur, Akteur/in: Farner Martin, Oberstammheim
de;3540;allowances;alphabetical;Kampagnenfinanzierung;21;30.11.2025 Für eine soziale Klimapolitik – steuerlich gerecht finanziert (Initiative für eine Zukunft);;campaign_financing;Budgetzahlen;juristische Person oder Personengesellschaft;Zuwender/in: Parti Libéral-Radical Genève, Akteur/in: Chambre de commerce, d'industrie et des services de Genève, Genève
de;3541;allowances;alphabetical;Kampagnenfinanzierung;21;30.11.2025 Für eine soziale Klimapolitik – steuerlich gerecht finanziert (Initiative für eine Zukunft);;campaign_financing;Budgetzahlen;juristische Person oder Personengesellschaft;Zuwender/in: Fédération des entreprises romandes Genève (FER Genève), Akteur/in: Chambre de commerce, d'industrie et des services de Genève, Genève
de;3543;allowances;alphabetical;Kampagnenfinanzierung;20;30.11.2025 Für eine engagierte Schweiz (Service-citoyen-Initiative);2025;campaign_financing;Budgetzahlen;juristische Person oder Personengesellschaft;Zuwender/in: Verband Militärischer Gesellschaften VMG, Akteur/in: Allianz Sicherheit Schweiz, Zürich
de;3544;allowances;alphabetical;Kampagnenfinanzierung;20;30.11.2025 Für eine engagierte Schweiz (Service-citoyen-Initiative);2025;campaign_financing;Budgetzahlen;juristische Person oder Personengesellschaft;Zuwender/in: economiesuisse, Akteur/in: Allianz Sicherheit Schweiz, Zürich
de;3545;allowances;alphabetical;Kampagnenfinanzierung;20;30.11.2025 Für eine engagierte Schweiz (Service-citoyen-Initiative);2025;campaign_financing;Budgetzahlen;juristische Person oder Personengesellschaft;Zuwender/in: Swissmem, Akteur/in: Allianz Sicherheit Schweiz, Zürich
de;3546;allowances;alphabetical;Parteienfinanzierung;17;2024;;party_financing;;juristische Person oder Personengesellschaft;Zuwender/in: Verein Aktionskomitee für Freiheit und Verantwortung, Akteur/in: FDP.Die Liberalen, Bern
de;3547;allowances;alphabetical;Parteienfinanzierung;17;2024;;party_financing;;juristische Person oder Personengesellschaft;Zuwender/in: SCHWEIZERISCHE BANKIERVEREINIGUNG, Akteur/in: FDP.Die Liberalen, Bern
de;3548;allowances;alphabetical;Parteienfinanzierung;17;2024;;party_financing;;juristische Person oder Personengesellschaft;Zuwender/in: Roche Holding AG, Akteur/in: FDP.Die Liberalen, Bern
de;3549;allowances;alphabetical;Parteienfinanzierung;17;2024;;party_financing;;juristische Person oder Personengesellschaft;Zuwender/in: Aneba Holding AG, Akteur/in: FDP.Die Liberalen, Bern
de;355;allowances;alphabetical;Kampagnenfinanzierung;1;22.10.2023 Nationalratswahlen 2023;2023;campaign_financing;Budgetzahlen;juristische Person oder Personengesellschaft;Zuwender/in: Hauseigentümerverband Region Winterthur, Akteur/in: Farner Martin, Oberstammheim
de;3550;allowances;alphabetical;Parteienfinanzierung;17;2024;;party_financing;;juristische Person oder Personengesellschaft;Zuwender/in: Swiss Life AG, Akteur/in: FDP.Die Liberalen, Bern
de;3551;allowances;alphabetical;Parteienfinanzierung;17;2024;;party_financing;;juristische Person oder Personengesellschaft;Zuwender/in: Bank Julius Bär and Co Ltd, Akteur/in: FDP.Die Liberalen, Bern
de;3552;allowances;alphabetical;Parteienfinanzierung;17;2024;;party_financing;;juristische Person oder Personengesellschaft;Zuwender/in: Interpharma, Akteur/in: FDP.Die Liberalen, Bern
de;3553;allowances;alphabetical;Parteienfinanzierung;17;2024;;party_financing;;juristische Person oder Personengesellschaft;Zuwender/in: Schweizerischer Versicherungsverband SVV, Akteur/in: FDP.Die Liberalen, Bern
de;3554;allowances;alphabetical;Parteienfinanzierung;17;2024;;party_financing;;juristische Person oder Personengesellschaft;Zuwender/in: UBS AG, Akteur/in: FDP.Die Liberalen, Bern
de;3555;allowances;alphabetical;Parteienfinanzierung;17;2024;;party_financing;;juristische Person oder Personengesellschaft;Zuwender/in: Sulzer Management AG, Akteur/in: FDP.Die Liberalen, Bern
de;3556;allowances;alphabetical;Parteienfinanzierung;17;2024;;party_financing;;juristische Person oder Personengesellschaft;Zuwender/in: SWISS INTERNATIONAL AIR LINES AG, Akteur/in: FDP.Die Liberalen, Bern
de;3557;allowances;alphabetical;Parteienfinanzierung;17;2024;;party_financing;;natürliche Person;Zuwender/in: Sprüngli Luzius, Akteur/in: FDP.Die Liberalen, Bern
de;3558;allowances;alphabetical;Parteienfinanzierung;17;2024;;party_financing;;natürliche Person;Zuwender/in: Michel Simon, Akteur/in: FDP.Die Liberalen, Bern
de;3559;allowances;alphabetical;Parteienfinanzierung;17;2024;;party_financing;;natürliche Person;Zuwender/in: Brechbühl Beat, Akteur/in: FDP.Die Liberalen, Bern
de;356;allowances;alphabetical;Kampagnenfinanzierung;1;22.10.2023 Nationalratswahlen 2023;2023;campaign_financing;Budgetzahlen;juristische Person oder Personengesellschaft;Zuwender/in: Union Bancaire Privée, Akteur/in: Parti libéral-radical genevois, Genève
de;3560;allowances;alphabetical;Parteienfinanzierung;17;2024;;party_financing;;natürliche Person;Zuwender/in: Heberlein Trix u Robert, Akteur/in: FDP.Die Liberalen, Bern
de;3561;allowances;alphabetical;Parteienfinanzierung;17;2024;;party_financing;;juristische Person oder Personengesellschaft;Zuwender/in: Bucher Industries, Akteur/in: FDP.Die Liberalen, Bern
de;3562;allowances;alphabetical;Parteienfinanzierung;17;2024;;party_financing;;natürliche Person;Zuwender/in: Wellauer Thomas, Akteur/in: FDP.Die Liberalen, Bern
de;3563;allowances;alphabetical;Parteienfinanzierung;17;2024;;party_financing;;juristische Person oder Personengesellschaft;Zuwender/in: Schindler Aufzüge AG, Akteur/in: FDP.Die Liberalen, Bern
de;3564;allowances;alphabetical;Parteienfinanzierung;17;2024;;party_financing;;juristische Person oder Personengesellschaft;Zuwender/in: Raiffeisen Schweiz Genossenschaft, Akteur/in: FDP.Die Liberalen, Bern
de;3565;allowances;alphabetical;Parteienfinanzierung;17;2024;;party_financing;;juristische Person oder Personengesellschaft;Zuwender/in: economiesuisse, Akteur/in: FDP.Die Liberalen, Bern
de;3566;allowances;alphabetical;Parteienfinanzierung;17;2024;;party_financing;;juristische Person oder Personengesellschaft;Zuwender/in: AXA Versicherungen AG, Akteur/in: FDP.Die Liberalen, Bern
de;3567;allowances;alphabetical;Parteienfinanzierung;17;2024;;party_financing;;juristische Person oder Personengesellschaft;Zuwender/in: Aneba Holding AG, Akteur/in: FDP.Die Liberalen, Bern
de;3568;allowances;alphabetical;Parteienfinanzierung;17;2024;;party_financing;;juristische Person oder Personengesellschaft;Zuwender/in: Novartis International AG, Akteur/in: FDP.Die Liberalen, Bern
de;3569;allowances;alphabetical;Parteienfinanzierung;17;2024;;party_financing;;juristische Person oder Personengesellschaft;Zuwender/in: Holcim (Schweiz) AG, Akteur/in: FDP.Die Liberalen, Bern
de;357;allowances;alphabetical;Kampagnenfinanzierung;1;22.10.2023 Nationalratswahlen 2023;2023;campaign_financing;Budgetzahlen;juristische Person oder Personengesellschaft;Zuwender/in: Comité de coordination des associations économiques, Akteur/in: Parti libéral-radical genevois, Genève
de;3570;allowances;alphabetical;Parteienfinanzierung;17;2024;;party_financing;;juristische Person oder Personengesellschaft;Zuwender/in: Zürich Versicherungs-Gesellschaft AG, Akteur/in: FDP.Die Liberalen, Bern
de;3571;allowances;alphabetical;Parteienfinanzierung;17;2024;;party_financing;;juristische Person oder Personengesellschaft;Zuwender/in: Schweizerische Mobiliar Versicherungsgesellschaft AG, Akteur/in: FDP.Die Liberalen, Bern
de;3572;allowances;alphabetical;Parteienfinanzierung;17;2024;;party_financing;;juristische Person oder Personengesellschaft;Zuwender/in: Helvetia Schweiz Versicherung, Akteur/in: FDP.Die Liberalen, Bern
de;3573;allowances;alphabetical;Parteienfinanzierung;17;2024;;party_financing;;juristische Person oder Personengesellschaft;Zuwender/in: Baloise Versicherung AG, Akteur/in: FDP.Die Liberalen, Bern
de;3574;allowances;alphabetical;Parteienfinanzierung;17;2024;;party_financing;;juristische Person oder Personengesellschaft;Zuwender/in: Nestle SA, Akteur/in: FDP.Die Liberalen, Bern
de;3575;allowances;alphabetical;Parteienfinanzierung;17;2024;;party_financing;;juristische Person oder Personengesellschaft;Zuwender/in: SCHWEIZERISCHE BANKIERVEREINIGUNG, Akteur/in: FDP.Die Liberalen, Bern
de;3576;allowances;alphabetical;Parteienfinanzierung;17;2024;;party_financing;;juristische Person oder Personengesellschaft;Zuwender/in: economiesuisse, Akteur/in: FDP.Die Liberalen, Bern
de;3577;allowances;alphabetical;Parteienfinanzierung;17;2024;;party_financing;;juristische Person oder Personengesellschaft;Zuwender/in: SIX Group Services AG, Akteur/in: FDP.Die Liberalen, Bern
de;3578;allowances;alphabetical;Parteienfinanzierung;17;2024;;party_financing;;juristische Person oder Personengesellschaft;Zuwender/in: SIX Group Services AG, Akteur/in: FDP.Die Liberalen, Bern
de;3579;allowances;alphabetical;Parteienfinanzierung;17;2024;;party_financing;;natürliche Person;Zuwender/in: Thut Rolf, Akteur/in: FDP.Die Liberalen, Bern
de;358;allowances;alphabetical;Kampagnenfinanzierung;1;22.10.2023 Nationalratswahlen 2023;2023;campaign_financing;Budgetzahlen;natürliche Person;Zuwender/in: De Planta Renaud, Akteur/in: Parti libéral-radical genevois, Genève
de;3580;allowances;alphabetical;Parteienfinanzierung;17;2024;;party_financing;;juristische Person oder Personengesellschaft;Zuwender/in: Verein Aktionskomitee für Freiheit und Verantwortung, Akteur/in: FDP.Die Liberalen, Bern
de;3581;allowances;alphabetical;Parteienfinanzierung;17;2024;;party_financing;;natürliche Person;Zuwender/in: Vogt Valentin, Akteur/in: FDP.Die Liberalen, Bern
de;3582;allowances;alphabetical;Parteienfinanzierung;17;2024;;party_financing;;natürliche Person;Zuwender/in: Vogt Valentin, Akteur/in: FDP.Die Liberalen, Bern
de;3583;allowances;alphabetical;Parteienfinanzierung;17;2024;;party_financing;;juristische Person oder Personengesellschaft;Zuwender/in: Schaffner Ryhiner Beteiligungen AG, Akteur/in: FDP.Die Liberalen, Bern
de;3584;allowances;alphabetical;Parteienfinanzierung;17;2024;;party_financing;;natürliche Person;Zuwender/in: Haefner Martin, Akteur/in: FDP.Die Liberalen, Bern
de;3585;allowances;alphabetical;Parteienfinanzierung;17;2024;;party_financing;;natürliche Person;Zuwender/in: Michel Simon, Akteur/in: FDP.Die Liberalen, Bern
de;3586;allowances;alphabetical;Parteienfinanzierung;17;2024;;party_financing;;natürliche Person;Zuwender/in: Baumann Maja, Akteur/in: FDP.Die Liberalen, Bern
de;3587;allowances;alphabetical;Parteienfinanzierung;17;2024;;party_financing;;juristische Person oder Personengesellschaft;Zuwender/in: Schweizerischer Hauseigentümerverband, Akteur/in: FDP.Die Liberalen, Bern
de;3588;allowances;alphabetical;Parteienfinanzierung;17;2024;;party_financing;;juristische Person oder Personengesellschaft;Zuwender/in: economiesuisse, Akteur/in: FDP.Die Liberalen, Bern
de;3589;allowances;alphabetical;Parteienfinanzierung;17;2024;;party_financing;;juristische Person oder Personengesellschaft;Zuwender/in: Schweizerischer Hauseigentümerverband, Akteur/in: FDP.Die Liberalen, Bern
de;359;allowances;alphabetical;Kampagnenfinanzierung;1;22.10.2023 Nationalratswahlen 2023;2023;campaign_financing;Budgetzahlen;natürliche Person;Zuwender/in: Burger Philippe, Akteur/in: Piratenpartei Zürich, Zürich
de;3590;allowances;alphabetical;Parteienfinanzierung;17;2024;;party_financing;;juristische Person oder Personengesellschaft;Zuwender/in: Schweizerischer Hauseigentümerverband, Akteur/in: FDP.Die Liberalen, Bern
de;3591;allowances;alphabetical;Parteienfinanzierung;17;2024;;party_financing;;juristische Person oder Personengesellschaft;Zuwender/in: Schweizer Bauernverband, Akteur/in: FDP.Die Liberalen, Bern
de;3592;allowances;alphabetical;Parteienfinanzierung;17;2024;;party_financing;;juristische Person oder Personengesellschaft;Zuwender/in: Schweizerischer Arbeitgeberverband SAV, Akteur/in: FDP.Die Liberalen, Bern
de;3593;allowances;alphabetical;Parteienfinanzierung;17;2024;;party_financing;;juristische Person oder Personengesellschaft;Zuwender/in: KMU-und Gewerbeverband Kanton Zürich, Akteur/in: FDP.Die Liberalen, Bern
de;3594;allowances;alphabetical;Parteienfinanzierung;17;2024;;party_financing;;juristische Person oder Personengesellschaft;Zuwender/in: economiesuisse, Akteur/in: FDP.Die Liberalen, Bern
de;3595;allowances;alphabetical;Parteienfinanzierung;17;2024;;party_financing;;juristische Person oder Personengesellschaft;Zuwender/in: economiesuisse, Akteur/in: FDP.Die Liberalen, Bern
de;3596;allowances;alphabetical;Parteienfinanzierung;17;2024;;party_financing;;juristische Person oder Personengesellschaft;Zuwender/in: economiesuisse, Akteur/in: FDP.Die Liberalen, Bern
de;3597;allowances;alphabetical;Parteienfinanzierung;17;2024;;party_financing;;juristische Person oder Personengesellschaft;Zuwender/in: economiesuisse, Akteur/in: FDP.Die Liberalen, Bern
de;3598;allowances;alphabetical;Parteienfinanzierung;17;2024;;party_financing;;juristische Person oder Personengesellschaft;Zuwender/in: economiesuisse, Akteur/in: FDP.Die Liberalen, Bern
de;3599;allowances;alphabetical;Parteienfinanzierung;17;2024;;party_financing;;juristische Person oder Personengesellschaft;Zuwender/in: economiesuisse, Akteur/in: FDP.Die Liberalen, Bern
de;36;allowances;alphabetical;Kampagnenfinanzierung;1;22.10.2023 Nationalratswahlen 2023;2023;campaign_financing;Budgetzahlen;natürliche Person;Zuwender/in: Gredig Corina, Akteur/in: Grünliberale Kanton Zürich, Zürich
de;3600;allowances;alphabetical;Parteienfinanzierung;17;2024;;party_financing;;juristische Person oder Personengesellschaft;Zuwender/in: Avesco AG, Akteur/in: FDP.Die Liberalen, Bern
de;3601;allowances;alphabetical;Parteienfinanzierung;17;2024;;party_financing;;juristische Person oder Personengesellschaft;Zuwender/in: Avesco AG, Akteur/in: FDP.Die Liberalen, Bern
de;3602;allowances;alphabetical;Parteienfinanzierung;17;2024;;party_financing;;juristische Person oder Personengesellschaft;Zuwender/in: Helvetia Schweiz Versicherung, Akteur/in: FDP.Die Liberalen, Bern
de;3603;allowances;alphabetical;Parteienfinanzierung;17;2024;;party_financing;;juristische Person oder Personengesellschaft;Zuwender/in: Maerki Baumann & Co. AG, Akteur/in: FDP.Die Liberalen, Bern
de;3604;allowances;alphabetical;Parteienfinanzierung;17;2024;;party_financing;;juristische Person oder Personengesellschaft;Zuwender/in: Maerki Baumann & Co. AG, Akteur/in: FDP.Die Liberalen, Bern
de;3605;allowances;alphabetical;Parteienfinanzierung;17;2024;;party_financing;;juristische Person oder Personengesellschaft;Zuwender/in: Maerki Baumann & Co. AG, Akteur/in: FDP.Die Liberalen, Bern
de;3606;allowances;alphabetical;Parteienfinanzierung;17;2024;;party_financing;;juristische Person oder Personengesellschaft;Zuwender/in: Maerki Baumann & Co. AG, Akteur/in: FDP.Die Liberalen, Bern
de;3607;allowances;alphabetical;Parteienfinanzierung;17;2024;;party_financing;;juristische Person oder Personengesellschaft;Zuwender/in: Maerki Baumann & Co. AG, Akteur/in: FDP.Die Liberalen, Bern
de;3608;allowances;alphabetical;Parteienfinanzierung;17;2024;;party_financing;;juristische Person oder Personengesellschaft;Zuwender/in: Schelling AG, Akteur/in: FDP.Die Liberalen, Bern
de;3609;allowances;alphabetical;Parteienfinanzierung;17;2024;;party_financing;;juristische Person oder Personengesellschaft;Zuwender/in: Schelling AG, Akteur/in: FDP.Die Liberalen, Bern
de;3610;allowances;alphabetical;Parteienfinanzierung;17;2024;;party_financing;;juristische Person oder Personengesellschaft;Zuwender/in: Schelling AG, Akteur/in: FDP.Die Liberalen, Bern
de;3611;allowances;alphabetical;Parteienfinanzierung;17;2024;;party_financing;;natürliche Person;Zuwender/in: Mosimann Philip, Akteur/in: FDP.Die Liberalen, Bern
de;3612;allowances;alphabetical;Parteienfinanzierung;17;2024;;party_financing;;natürliche Person;Zuwender/in: Mosimann Philip, Akteur/in: FDP.Die Liberalen, Bern
de;3613;allowances;alphabetical;Parteienfinanzierung;17;2024;;party_financing;;natürliche Person;Zuwender/in: Mosimann Philip, Akteur/in: FDP.Die Liberalen, Bern
de;3614;allowances;alphabetical;Parteienfinanzierung;17;2024;;party_financing;;natürliche Person;Zuwender/in: Mosimann Philip, Akteur/in: FDP.Die Liberalen, Bern
de;3616;allowances;alphabetical;Parteienfinanzierung;17;2024;;party_financing;;juristische Person oder Personengesellschaft;Zuwender/in: Fondation Groupe Mutuel, Akteur/in: FDP.Die Liberalen, Bern
de;3621;allowances;alphabetical;Kampagnenfinanzierung;20;30.11.2025 Für eine engagierte Schweiz (Service-citoyen-Initiative);2025;campaign_financing;Budgetzahlen;natürliche Person;Zuwender/in: Brügger Leopold, Akteur/in: Amicale Populaire et Patriotique pour un Service Citoyen, Villarzel
de;3622;allowances;alphabetical;Kampagnenfinanzierung;20;30.11.2025 Für eine engagierte Schweiz (Service-citoyen-Initiative);2025;campaign_financing;Budgetzahlen;natürliche Person;Zuwender/in: Brügger Leopold, Akteur/in: Amicale Populaire et Patriotique pour un Service Citoyen, Villarzel
de;3626;allowances;alphabetical;Kampagnenfinanzierung;19;28.09.2025 Bundesgesetz vom 20. Dezember 2024 über den elektronischen Identitätsnachweis und andere elektronische Nachweise (E-ID-Gesetz, BGEID);;campaign_financing;Definitive Zahlen;juristische Person oder Personengesellschaft;Zuwender/in: economiesuisse, Akteur/in: Wirtschaftskomitee Schweizer e-ID, Bern
de;3627;allowances;alphabetical;Kampagnenfinanzierung;19;28.09.2025 Bundesgesetz vom 20. Dezember 2024 über den elektronischen Identitätsnachweis und andere elektronische Nachweise (E-ID-Gesetz, BGEID);;campaign_financing;Definitive Zahlen;juristische Person oder Personengesellschaft;Zuwender/in: Swisscom, Akteur/in: Wirtschaftskomitee Schweizer e-ID, Bern
de;3628;allowances;alphabetical;Kampagnenfinanzierung;19;28.09.2025 Bundesgesetz vom 20. Dezember 2024 über den elektronischen Identitätsnachweis und andere elektronische Nachweise (E-ID-Gesetz, BGEID);;campaign_financing;Definitive Zahlen;juristische Person oder Personengesellschaft;Zuwender/in: Schweizerischer Versicherungsverband SVV, Akteur/in: Wirtschaftskomitee Schweizer e-ID, Bern
de;3629;allowances;alphabetical;Kampagnenfinanzierung;21;30.11.2025 Für eine soziale Klimapolitik – steuerlich gerecht finanziert (Initiative für eine Zukunft);;campaign_financing;Budgetzahlen;juristische Person oder Personengesellschaft;"Zuwender/in: economiesuisse, Akteur/in: Allianz ""Nein zur extremen Juso-Initiative"", Bern"
de;363;allowances;alphabetical;Kampagnenfinanzierung;1;22.10.2023 Nationalratswahlen 2023;2023;campaign_financing;Budgetzahlen;juristische Person oder Personengesellschaft;Zuwender/in: EDU Schweiz, Akteur/in: Eidgenössisch-Demokratische Union des Kantons Bern, Münsingen
de;3630;allowances;alphabetical;Kampagnenfinanzierung;21;30.11.2025 Für eine soziale Klimapolitik – steuerlich gerecht finanziert (Initiative für eine Zukunft);;campaign_financing;Budgetzahlen;juristische Person oder Personengesellschaft;"Zuwender/in: Handelskammer beider Basel, Akteur/in: Allianz ""Nein zur extremen Juso-Initiative"", Bern"
de;3631;allowances;alphabetical;Kampagnenfinanzierung;21;30.11.2025 Für eine soziale Klimapolitik – steuerlich gerecht finanziert (Initiative für eine Zukunft);;campaign_financing;Budgetzahlen;juristische Person oder Personengesellschaft;"Zuwender/in: Verein Mehrwert Schweiz, Akteur/in: Allianz ""Nein zur extremen Juso-Initiative"", Bern"
de;3632;allowances;alphabetical;Kampagnenfinanzierung;21;30.11.2025 Für eine soziale Klimapolitik – steuerlich gerecht finanziert (Initiative für eine Zukunft);;campaign_financing;Budgetzahlen;juristische Person oder Personengesellschaft;"Zuwender/in: Zürcher Handelskammer, Akteur/in: Allianz ""Nein zur extremen Juso-Initiative"", Bern"
de;3633;allowances;alphabetical;Kampagnenfinanzierung;18;28.09.2025 Bundesbeschluss vom 20. Dezember 2024 über die kantonalen Liegenschaftssteuern auf Zweitliegenschaften;;campaign_financing;Definitive Zahlen;juristische Person oder Personengesellschaft;Zuwender/in: HEV Schweiz, Akteur/in: Hauseigentümerverband Kanton Schwyz, Schwyz
de;3636;allowances;alphabetical;Kampagnenfinanzierung;18;28.09.2025 Bundesbeschluss vom 20. Dezember 2024 über die kantonalen Liegenschaftssteuern auf Zweitliegenschaften;;campaign_financing;Definitive Zahlen;juristische Person oder Personengesellschaft;Zuwender/in: Hauseigentümerverband Schweiz (HEV Schweiz), Akteur/in: Hauseigentümer-Verband Kanton St. Gallen, St. Gallen
de;3637;allowances;alphabetical;Kampagnenfinanzierung;18;28.09.2025 Bundesbeschluss vom 20. Dezember 2024 über die kantonalen Liegenschaftssteuern auf Zweitliegenschaften;;campaign_financing;Definitive Zahlen;juristische Person oder Personengesellschaft;Zuwender/in: Kantonaler Gewerbeverband St.Gallen, Akteur/in: Hauseigentümer-Verband Kanton St. Gallen, St. Gallen
de;364;allowances;alphabetical;Kampagnenfinanzierung;1;22.10.2023 Nationalratswahlen 2023;2023;campaign_financing;Budgetzahlen;juristische Person oder Personengesellschaft;Zuwender/in: EDU Schweiz, Akteur/in: Eidgenössisch-Demokratische Union (EDU) Kanton Zürich, Winterthur
de;3642;allowances;alphabetical;Kampagnenfinanzierung;18;28.09.2025 Bundesbeschluss vom 20. Dezember 2024 über die kantonalen Liegenschaftssteuern auf Zweitliegenschaften;;campaign_financing;Definitive Zahlen;juristische Person oder Personengesellschaft;Zuwender/in: Hauseigentümerverband Schweiz, Akteur/in: Hauseigentümerverband Kanton Luzern, Luzern
de;3643;allowances;alphabetical;Kampagnenfinanzierung;18;28.09.2025 Bundesbeschluss vom 20. Dezember 2024 über die kantonalen Liegenschaftssteuern auf Zweitliegenschaften;;campaign_financing;Definitive Zahlen;juristische Person oder Personengesellschaft;Zuwender/in: Hauseigentümerverband (HEV) Schweiz, Akteur/in: Überparteiliches Komitee JA zur Abschaffung des Eigenmietwerts (HEV Schweiz), Zürich
de;3644;allowances;alphabetical;Kampagnenfinanzierung;18;28.09.2025 Bundesbeschluss vom 20. Dezember 2024 über die kantonalen Liegenschaftssteuern auf Zweitliegenschaften;;campaign_financing;Definitive Zahlen;juristische Person oder Personengesellschaft;Zuwender/in: Hauseigentümerverband (HEV) Schweiz, Akteur/in: Überparteiliches Komitee JA zur Abschaffung des Eigenmietwerts (HEV Schweiz), Zürich
de;3645;allowances;alphabetical;Kampagnenfinanzierung;18;28.09.2025 Bundesbeschluss vom 20. Dezember 2024 über die kantonalen Liegenschaftssteuern auf Zweitliegenschaften;;campaign_financing;Definitive Zahlen;juristische Person oder Personengesellschaft;Zuwender/in: Hauseigentümerverband (HEV) Schweiz, Akteur/in: Überparteiliches Komitee JA zur Abschaffung des Eigenmietwerts (HEV Schweiz), Zürich
de;3648;allowances;alphabetical;Kampagnenfinanzierung;18;28.09.2025 Bundesbeschluss vom 20. Dezember 2024 über die kantonalen Liegenschaftssteuern auf Zweitliegenschaften;;campaign_financing;Definitive Zahlen;juristische Person oder Personengesellschaft;Zuwender/in: HEV Schweiz, Akteur/in: Hauseigentümerverband Aargau, Baden
de;3649;allowances;alphabetical;Kampagnenfinanzierung;18;28.09.2025 Bundesbeschluss vom 20. Dezember 2024 über die kantonalen Liegenschaftssteuern auf Zweitliegenschaften;;campaign_financing;Definitive Zahlen;juristische Person oder Personengesellschaft;Zuwender/in: Hauseigentümerverband Schweiz, Akteur/in: Hauseigentümerverband Graubünden, Chur
de;3650;allowances;alphabetical;Kampagnenfinanzierung;19;28.09.2025 Bundesgesetz vom 20. Dezember 2024 über den elektronischen Identitätsnachweis und andere elektronische Nachweise (E-ID-Gesetz, BGEID);;campaign_financing;Definitive Zahlen;juristische Person oder Personengesellschaft;Zuwender/in: digitalswitzerland, Akteur/in: Allianz Pro e-ID, Bern
de;3651;allowances;alphabetical;Kampagnenfinanzierung;19;28.09.2025 Bundesgesetz vom 20. Dezember 2024 über den elektronischen Identitätsnachweis und andere elektronische Nachweise (E-ID-Gesetz, BGEID);;campaign_financing;Definitive Zahlen;juristische Person oder Personengesellschaft;Zuwender/in: digitalswitzerland, Akteur/in: Allianz Pro e-ID, Bern
de;3652;allowances;alphabetical;Kampagnenfinanzierung;19;28.09.2025 Bundesgesetz vom 20. Dezember 2024 über den elektronischen Identitätsnachweis und andere elektronische Nachweise (E-ID-Gesetz, BGEID);;campaign_financing;Definitive Zahlen;juristische Person oder Personengesellschaft;Zuwender/in: Swiss Cigarette, Akteur/in: Allianz Pro e-ID, Bern
de;3653;allowances;alphabetical;Kampagnenfinanzierung;19;28.09.2025 Bundesgesetz vom 20. Dezember 2024 über den elektronischen Identitätsnachweis und andere elektronische Nachweise (E-ID-Gesetz, BGEID);;campaign_financing;Definitive Zahlen;juristische Person oder Personengesellschaft;Zuwender/in: Ringier AG, Akteur/in: Allianz Pro e-ID, Bern
de;3654;allowances;alphabetical;Kampagnenfinanzierung;19;28.09.2025 Bundesgesetz vom 20. Dezember 2024 über den elektronischen Identitätsnachweis und andere elektronische Nachweise (E-ID-Gesetz, BGEID);;campaign_financing;Definitive Zahlen;juristische Person oder Personengesellschaft;Zuwender/in: TX Group AG, Akteur/in: Allianz Pro e-ID, Bern
de;3655;allowances;alphabetical;Kampagnenfinanzierung;19;28.09.2025 Bundesgesetz vom 20. Dezember 2024 über den elektronischen Identitätsnachweis und andere elektronische Nachweise (E-ID-Gesetz, BGEID);;campaign_financing;Definitive Zahlen;juristische Person oder Personengesellschaft;Zuwender/in: digitalswitzerland, Akteur/in: Allianz Pro e-ID, Bern
de;3656;allowances;alphabetical;Kampagnenfinanzierung;19;28.09.2025 Bundesgesetz vom 20. Dezember 2024 über den elektronischen Identitätsnachweis und andere elektronische Nachweise (E-ID-Gesetz, BGEID);;campaign_financing;Definitive Zahlen;juristische Person oder Personengesellschaft;Zuwender/in: Ringier AG, Akteur/in: Allianz Pro e-ID, Bern
de;3657;allowances;alphabetical;Kampagnenfinanzierung;19;28.09.2025 Bundesgesetz vom 20. Dezember 2024 über den elektronischen Identitätsnachweis und andere elektronische Nachweise (E-ID-Gesetz, BGEID);;campaign_financing;Definitive Zahlen;juristische Person oder Personengesellschaft;Zuwender/in: digitalswitzerland, Akteur/in: Allianz Pro e-ID, Bern
de;3672;allowances;alphabetical;Kampagnenfinanzierung;18;28.09.2025 Bundesbeschluss vom 20. Dezember 2024 über die kantonalen Liegenschaftssteuern auf Zweitliegenschaften;;campaign_financing;Definitive Zahlen;juristische Person oder Personengesellschaft;Zuwender/in: Hauseigentümerverband Schweiz, Akteur/in: Hauseigentümerverband Kanton Bern, Bern
de;3673;allowances;alphabetical;Kampagnenfinanzierung;18;28.09.2025 Bundesbeschluss vom 20. Dezember 2024 über die kantonalen Liegenschaftssteuern auf Zweitliegenschaften;;campaign_financing;Definitive Zahlen;juristische Person oder Personengesellschaft;Zuwender/in: Hauseigentümerverband Bern und Umgebung, Akteur/in: Hauseigentümerverband Kanton Bern, Bern
de;3688;allowances;alphabetical;Kampagnenfinanzierung;18;28.09.2025 Bundesbeschluss vom 20. Dezember 2024 über die kantonalen Liegenschaftssteuern auf Zweitliegenschaften;;campaign_financing;Definitive Zahlen;juristische Person oder Personengesellschaft;Zuwender/in: Hauseigentümerverband Basel-Stadt, Akteur/in: Kantonales Komitee «JA zur Abschaffung des Eigenmietwerts» (HEV Basel-Stadt), Basel
de;3692;allowances;alphabetical;Kampagnenfinanzierung;19;28.09.2025 Bundesgesetz vom 20. Dezember 2024 über den elektronischen Identitätsnachweis und andere elektronische Nachweise (E-ID-Gesetz, BGEID);;campaign_financing;Definitive Zahlen;natürliche Person;Zuwender/in: Kocher Stephan, Akteur/in: Referendumskomitee E-ID 2.0, Zürich
de;3693;allowances;alphabetical;Kampagnenfinanzierung;18;28.09.2025 Bundesbeschluss vom 20. Dezember 2024 über die kantonalen Liegenschaftssteuern auf Zweitliegenschaften;;campaign_financing;Definitive Zahlen;juristische Person oder Personengesellschaft;Zuwender/in: Hauseigentümerverband Schweiz (HEV Schweiz), Akteur/in: Hauseigentümerverband Baselland, Pratteln
de;3694;allowances;alphabetical;Kampagnenfinanzierung;21;30.11.2025 Für eine soziale Klimapolitik – steuerlich gerecht finanziert (Initiative für eine Zukunft);;campaign_financing;Budgetzahlen;juristische Person oder Personengesellschaft;Zuwender/in: Gemeinnützige Stiftung Gambit, Akteur/in: Schweizerischer Gewerbeverband, Bern
de;3695;allowances;alphabetical;Kampagnenfinanzierung;18;28.09.2025 Bundesbeschluss vom 20. Dezember 2024 über die kantonalen Liegenschaftssteuern auf Zweitliegenschaften;;campaign_financing;Definitive Zahlen;juristische Person oder Personengesellschaft;Zuwender/in: HEV Schweiz, Akteur/in: Hauseigentümerverband Thurgau, Kreuzlingen
de;3696;allowances;alphabetical;Kampagnenfinanzierung;18;28.09.2025 Bundesbeschluss vom 20. Dezember 2024 über die kantonalen Liegenschaftssteuern auf Zweitliegenschaften;;campaign_financing;Definitive Zahlen;juristische Person oder Personengesellschaft;Zuwender/in: aeesuisse – Dachorganisation der Wirtschaft für erneuerbare Energien und Energieeffizienz, Akteur/in: aeesuisse - Dachverband der Wirtschaft für erneuerbare Energien und Energieeffizienz, Bern
de;3697;allowances;alphabetical;Kampagnenfinanzierung;18;28.09.2025 Bundesbeschluss vom 20. Dezember 2024 über die kantonalen Liegenschaftssteuern auf Zweitliegenschaften;;campaign_financing;Definitive Zahlen;juristische Person oder Personengesellschaft;Zuwender/in: Schweizerisch-Liechtensteinischer Gebäudetechnikverband (suissetec), Akteur/in: aeesuisse - Dachverband der Wirtschaft für erneuerbare Energien und Energieeffizienz, Bern
de;3698;allowances;alphabetical;Kampagnenfinanzierung;18;28.09.2025 Bundesbeschluss vom 20. Dezember 2024 über die kantonalen Liegenschaftssteuern auf Zweitliegenschaften;;campaign_financing;Definitive Zahlen;juristische Person oder Personengesellschaft;Zuwender/in: constructionromande, Akteur/in: aeesuisse - Dachverband der Wirtschaft für erneuerbare Energien und Energieeffizienz, Bern
de;3699;allowances;alphabetical;Kampagnenfinanzierung;18;28.09.2025 Bundesbeschluss vom 20. Dezember 2024 über die kantonalen Liegenschaftssteuern auf Zweitliegenschaften;;campaign_financing;Definitive Zahlen;juristische Person oder Personengesellschaft;Zuwender/in: Centre Patronal, Akteur/in: aeesuisse - Dachverband der Wirtschaft für erneuerbare Energien und Energieeffizienz, Bern
de;37;allowances;alphabetical;Kampagnenfinanzierung;1;22.10.2023 Nationalratswahlen 2023;2023;campaign_financing;Budgetzahlen;natürliche Person;Zuwender/in: Bellaiche Judith, Akteur/in: Grünliberale Kanton Zürich, Zürich
de;3700;allowances;alphabetical;Kampagnenfinanzierung;18;28.09.2025 Bundesbeschluss vom 20. Dezember 2024 über die kantonalen Liegenschaftssteuern auf Zweitliegenschaften;;campaign_financing;Definitive Zahlen;juristische Person oder Personengesellschaft;Zuwender/in: Union suisse des professionnels de l'immobilier Vaud (USPI Vaud), Akteur/in: aeesuisse - Dachverband der Wirtschaft für erneuerbare Energien und Energieeffizienz, Bern
de;3701;allowances;alphabetical;Kampagnenfinanzierung;18;28.09.2025 Bundesbeschluss vom 20. Dezember 2024 über die kantonalen Liegenschaftssteuern auf Zweitliegenschaften;;campaign_financing;Definitive Zahlen;juristische Person oder Personengesellschaft;Zuwender/in: Union suisse des professionnels de l'immobilier Suisse (USPI Suisse), Akteur/in: aeesuisse - Dachverband der Wirtschaft für erneuerbare Energien und Energieeffizienz, Bern
de;3702;allowances;alphabetical;Kampagnenfinanzierung;18;28.09.2025 Bundesbeschluss vom 20. Dezember 2024 über die kantonalen Liegenschaftssteuern auf Zweitliegenschaften;;campaign_financing;Definitive Zahlen;juristische Person oder Personengesellschaft;Zuwender/in: cR Kommunikation AG, Akteur/in: aeesuisse - Dachverband der Wirtschaft für erneuerbare Energien und Energieeffizienz, Bern
de;3704;allowances;alphabetical;Kampagnenfinanzierung;20;30.11.2025 Für eine engagierte Schweiz (Service-citoyen-Initiative);2025;campaign_financing;Definitive Zahlen;juristische Person oder Personengesellschaft;Zuwender/in: Verband Militärischer Gesellschaften VMG, Akteur/in: Allianz Sicherheit Schweiz, Zürich
de;3705;allowances;alphabetical;Kampagnenfinanzierung;20;30.11.2025 Für eine engagierte Schweiz (Service-citoyen-Initiative);2025;campaign_financing;Definitive Zahlen;juristische Person oder Personengesellschaft;Zuwender/in: economiesuisse, Akteur/in: Allianz Sicherheit Schweiz, Zürich
de;3706;allowances;alphabetical;Kampagnenfinanzierung;20;30.11.2025 Für eine engagierte Schweiz (Service-citoyen-Initiative);2025;campaign_financing;Definitive Zahlen;juristische Person oder Personengesellschaft;Zuwender/in: Swissmem, Akteur/in: Allianz Sicherheit Schweiz, Zürich
de;3737;allowances;alphabetical;Kampagnenfinanzierung;20;30.11.2025 Für eine engagierte Schweiz (Service-citoyen-Initiative);2025;campaign_financing;Definitive Zahlen;natürliche Person;Zuwender/in: Brügger Leopold Daniel, Akteur/in: Amicale Populaire et Patriotique pour un Service Citoyen, Villarzel
de;3738;allowances;alphabetical;Kampagnenfinanzierung;20;30.11.2025 Für eine engagierte Schweiz (Service-citoyen-Initiative);2025;campaign_financing;Definitive Zahlen;natürliche Person;Zuwender/in: Brügger Leopold Daniel, Akteur/in: Amicale Populaire et Patriotique pour un Service Citoyen, Villarzel
de;3739;allowances;alphabetical;Kampagnenfinanzierung;20;30.11.2025 Für eine engagierte Schweiz (Service-citoyen-Initiative);2025;campaign_financing;Definitive Zahlen;natürliche Person;Zuwender/in: Brügger Leopold Daniel, Akteur/in: Amicale Populaire et Patriotique pour un Service Citoyen, Villarzel
de;3740;allowances;alphabetical;Kampagnenfinanzierung;26;08.03.2026 Bundesgesetz vom 20. Juni 2025 über die Individualbesteuerung;;campaign_financing;Budgetzahlen;juristische Person oder Personengesellschaft;Zuwender/in: Schweizerische Volkspartei SVP, Akteur/in: Die Mitte, Bern
de;3741;allowances;alphabetical;Kampagnenfinanzierung;27;08.03.2026 Nationalratswahl (Appenzell Ausserrhoden);;campaign_financing;Budgetzahlen;juristische Person oder Personengesellschaft;Zuwender/in: Gönnervereinigung Treffpunkt AR Plus, Akteur/in: Schweizerische Volkspartei von Appenzell Ausserrhoden, Schönengrund
de;3742;allowances;alphabetical;Kampagnenfinanzierung;25;08.03.2026 Für eine gerechte Energie- und Klimapolitik: Investieren für Wohlstand, Arbeit und Umwelt (Klimafonds-Initiative);;campaign_financing;Budgetzahlen;juristische Person oder Personengesellschaft;"Zuwender/in: economiesuisse, Akteur/in: Allianz ""NEIN zum Klima-Schuldenfonds"", Bern"
de;3743;allowances;alphabetical;Kampagnenfinanzierung;25;08.03.2026 Für eine gerechte Energie- und Klimapolitik: Investieren für Wohlstand, Arbeit und Umwelt (Klimafonds-Initiative);;campaign_financing;Budgetzahlen;juristische Person oder Personengesellschaft;"Zuwender/in: economiesuisse, Akteur/in: Allianz ""NEIN zum Klima-Schuldenfonds"", Bern"
de;3744;allowances;alphabetical;Kampagnenfinanzierung;25;08.03.2026 Für eine gerechte Energie- und Klimapolitik: Investieren für Wohlstand, Arbeit und Umwelt (Klimafonds-Initiative);;campaign_financing;Budgetzahlen;juristische Person oder Personengesellschaft;"Zuwender/in: Avenergy Suisse, Akteur/in: Allianz ""NEIN zum Klima-Schuldenfonds"", Bern"
de;3752;allowances;alphabetical;Kampagnenfinanzierung;21;30.11.2025 Für eine soziale Klimapolitik – steuerlich gerecht finanziert (Initiative für eine Zukunft);;campaign_financing;Definitive Zahlen;juristische Person oder Personengesellschaft;Zuwender/in: Industrie- und Handelskammer Thurgau (IHK Thurgau), Akteur/in: Industrie und Handelskammer St. Gallen-Appenzell, St. Gallen
de;3753;allowances;alphabetical;Kampagnenfinanzierung;21;30.11.2025 Für eine soziale Klimapolitik – steuerlich gerecht finanziert (Initiative für eine Zukunft);;campaign_financing;Definitive Zahlen;juristische Person oder Personengesellschaft;Zuwender/in: Industrie- und Handelskammer Thurgau (IHK Thurgau), Akteur/in: Industrie und Handelskammer St. Gallen-Appenzell, St. Gallen
de;3764;allowances;alphabetical;Kampagnenfinanzierung;24;08.03.2026 200 Franken sind genug! (SRG-Initiative);;campaign_financing;Budgetzahlen;juristische Person oder Personengesellschaft;Zuwender/in: SUISA, Akteur/in: Schweizer Musikrat SMR, Aarau
de;3765;allowances;alphabetical;Kampagnenfinanzierung;24;08.03.2026 200 Franken sind genug! (SRG-Initiative);;campaign_financing;Budgetzahlen;juristische Person oder Personengesellschaft;Zuwender/in: Fondation Suisa, Akteur/in: Schweizer Musikrat SMR, Aarau
de;3766;allowances;alphabetical;Kampagnenfinanzierung;24;08.03.2026 200 Franken sind genug! (SRG-Initiative);;campaign_financing;Budgetzahlen;juristische Person oder Personengesellschaft;Zuwender/in: Schweizerische Interpretengenossenschaft, Akteur/in: Schweizer Musikrat SMR, Aarau
de;3767;allowances;alphabetical;Kampagnenfinanzierung;24;08.03.2026 200 Franken sind genug! (SRG-Initiative);;campaign_financing;Budgetzahlen;juristische Person oder Personengesellschaft;Zuwender/in: Stiftung Phonoproduzierende, Akteur/in: Schweizer Musikrat SMR, Aarau
de;3771;allowances;alphabetical;Kampagnenfinanzierung;21;30.11.2025 Für eine soziale Klimapolitik – steuerlich gerecht finanziert (Initiative für eine Zukunft);;campaign_financing;Definitive Zahlen;juristische Person oder Personengesellschaft;Zuwender/in: Gemeinnützige Stiftung Gambit, Akteur/in: Schweizerischer Gewerbeverband, Bern
de;3777;allowances;alphabetical;Kampagnenfinanzierung;20;30.11.2025 Für eine engagierte Schweiz (Service-citoyen-Initiative);2025;campaign_financing;Definitive Zahlen;natürliche Person;Zuwender/in: Brügger Leopold, Akteur/in: Association suisse pour la promotion de l'engagement de milice, Genève
de;3778;allowances;alphabetical;Kampagnenfinanzierung;20;30.11.2025 Für eine engagierte Schweiz (Service-citoyen-Initiative);2025;campaign_financing;Definitive Zahlen;natürliche Person;Zuwender/in: Gueissaz Pascal, Akteur/in: Association suisse pour la promotion de l'engagement de milice, Genève
de;3779;allowances;alphabetical;Kampagnenfinanzierung;20;30.11.2025 Für eine engagierte Schweiz (Service-citoyen-Initiative);2025;campaign_financing;Definitive Zahlen;juristische Person oder Personengesellschaft;Zuwender/in: Bonny Stiftung für Freiheit, Akteur/in: Association suisse pour la promotion de l'engagement de milice, Genève
de;3780;allowances;alphabetical;Kampagnenfinanzierung;20;30.11.2025 Für eine engagierte Schweiz (Service-citoyen-Initiative);2025;campaign_financing;Definitive Zahlen;natürliche Person;Zuwender/in: Angéloz Claude Pascal, Akteur/in: Association suisse pour la promotion de l'engagement de milice, Genève
de;3781;allowances;alphabetical;Kampagnenfinanzierung;20;30.11.2025 Für eine engagierte Schweiz (Service-citoyen-Initiative);2025;campaign_financing;Definitive Zahlen;natürliche Person;Zuwender/in: Gueissaz Pascal, Akteur/in: Association suisse pour la promotion de l'engagement de milice, Genève
de;3784;allowances;alphabetical;Kampagnenfinanzierung;24;08.03.2026 200 Franken sind genug! (SRG-Initiative);;campaign_financing;Budgetzahlen;juristische Person oder Personengesellschaft;Zuwender/in: Schweizerische Kulturstiftung für Audiovision, Akteur/in: Unsere Filme retten, Bern
de;3785;allowances;alphabetical;Kampagnenfinanzierung;24;08.03.2026 200 Franken sind genug! (SRG-Initiative);;campaign_financing;Budgetzahlen;juristische Person oder Personengesellschaft;Zuwender/in: Kulturfonds Suissimage, Akteur/in: Unsere Filme retten, Bern
de;3786;allowances;alphabetical;Kampagnenfinanzierung;24;08.03.2026 200 Franken sind genug! (SRG-Initiative);;campaign_financing;Budgetzahlen;juristische Person oder Personengesellschaft;Zuwender/in: Suissimage, Akteur/in: Unsere Filme retten, Bern
de;3787;allowances;alphabetical;Kampagnenfinanzierung;24;08.03.2026 200 Franken sind genug! (SRG-Initiative);;campaign_financing;Budgetzahlen;juristische Person oder Personengesellschaft;Zuwender/in: Fonds culturel SSA, Akteur/in: Unsere Filme retten, Bern
de;379;allowances;alphabetical;Kampagnenfinanzierung;1;22.10.2023 Nationalratswahlen 2023;2023;campaign_financing;Budgetzahlen;juristische Person oder Personengesellschaft;Zuwender/in: EDU Bezirk Winterthur, Akteur/in: Eidgenössisch-Demokratische Union (EDU) Kanton Zürich, Winterthur
de;3795;allowances;alphabetical;Kampagnenfinanzierung;21;30.11.2025 Für eine soziale Klimapolitik – steuerlich gerecht finanziert (Initiative für eine Zukunft);;campaign_financing;Definitive Zahlen;juristische Person oder Personengesellschaft;Zuwender/in: Aktionskomitee für Freiheit, Akteur/in: Swiss Family Business, Zürich
de;38;allowances;alphabetical;Kampagnenfinanzierung;1;22.10.2023 Nationalratswahlen 2023;2023;campaign_financing;Budgetzahlen;natürliche Person;Zuwender/in: Moser Tiana, Akteur/in: Grünliberale Kanton Zürich, Zürich
de;3803;allowances;alphabetical;Kampagnenfinanzierung;21;30.11.2025 Für eine soziale Klimapolitik – steuerlich gerecht finanziert (Initiative für eine Zukunft);;campaign_financing;Definitive Zahlen;juristische Person oder Personengesellschaft;Zuwender/in: Sozialdemokratische Partei der Schweiz, Akteur/in: Jungsozialist*innen Schweiz, Bern
de;3804;allowances;alphabetical;Kampagnenfinanzierung;21;30.11.2025 Für eine soziale Klimapolitik – steuerlich gerecht finanziert (Initiative für eine Zukunft);;campaign_financing;Definitive Zahlen;natürliche Person;Zuwender/in: Weber Beat Kaspar, Akteur/in: Jungsozialist*innen Schweiz, Bern
de;3805;allowances;alphabetical;Kampagnenfinanzierung;21;30.11.2025 Für eine soziale Klimapolitik – steuerlich gerecht finanziert (Initiative für eine Zukunft);;campaign_financing;Definitive Zahlen;juristische Person oder Personengesellschaft;Zuwender/in: Aktionskomitee für Freiheit, Akteur/in: FDP.Die Liberalen, Bern
de;3806;allowances;alphabetical;Kampagnenfinanzierung;21;30.11.2025 Für eine soziale Klimapolitik – steuerlich gerecht finanziert (Initiative für eine Zukunft);;campaign_financing;Definitive Zahlen;natürliche Person;Zuwender/in: Baumann Maja, Akteur/in: FDP.Die Liberalen, Bern
de;3807;allowances;alphabetical;Kampagnenfinanzierung;21;30.11.2025 Für eine soziale Klimapolitik – steuerlich gerecht finanziert (Initiative für eine Zukunft);;campaign_financing;Definitive Zahlen;juristische Person oder Personengesellschaft;Zuwender/in: HESTA Services AG, Akteur/in: FDP.Die Liberalen, Bern
de;3808;allowances;alphabetical;Kampagnenfinanzierung;21;30.11.2025 Für eine soziale Klimapolitik – steuerlich gerecht finanziert (Initiative für eine Zukunft);;campaign_financing;Definitive Zahlen;natürliche Person;Zuwender/in: Meier Werner, Akteur/in: FDP.Die Liberalen, Bern
de;3809;allowances;alphabetical;Kampagnenfinanzierung;21;30.11.2025 Für eine soziale Klimapolitik – steuerlich gerecht finanziert (Initiative für eine Zukunft);;campaign_financing;Definitive Zahlen;juristische Person oder Personengesellschaft;Zuwender/in: ARTEMIS HOLDING AG, Akteur/in: FDP.Die Liberalen, Bern
de;3810;allowances;alphabetical;Kampagnenfinanzierung;21;30.11.2025 Für eine soziale Klimapolitik – steuerlich gerecht finanziert (Initiative für eine Zukunft);;campaign_financing;Definitive Zahlen;juristische Person oder Personengesellschaft;Zuwender/in: Aktionskomitee für Freiheit, Akteur/in: FDP.Die Liberalen, Bern
de;3811;allowances;alphabetical;Kampagnenfinanzierung;21;30.11.2025 Für eine soziale Klimapolitik – steuerlich gerecht finanziert (Initiative für eine Zukunft);;campaign_financing;Definitive Zahlen;juristische Person oder Personengesellschaft;Zuwender/in: ARTEMIS HOLDING AG, Akteur/in: FDP.Die Liberalen, Bern
de;3812;allowances;alphabetical;Kampagnenfinanzierung;21;30.11.2025 Für eine soziale Klimapolitik – steuerlich gerecht finanziert (Initiative für eine Zukunft);;campaign_financing;Definitive Zahlen;juristische Person oder Personengesellschaft;Zuwender/in: swissmem, Akteur/in: Swissmem, Zürich
de;3813;allowances;alphabetical;Kampagnenfinanzierung;21;30.11.2025 Für eine soziale Klimapolitik – steuerlich gerecht finanziert (Initiative für eine Zukunft);;campaign_financing;Definitive Zahlen;juristische Person oder Personengesellschaft;Zuwender/in: Schweizerischer Gewerbeverband sgv, Akteur/in: Schweizerischer Gewerbeverband, Bern
de;3814;allowances;alphabetical;Kampagnenfinanzierung;21;30.11.2025 Für eine soziale Klimapolitik – steuerlich gerecht finanziert (Initiative für eine Zukunft);;campaign_financing;Definitive Zahlen;juristische Person oder Personengesellschaft;Zuwender/in: Association de Banques Privées Suisses, Akteur/in: Chambre de commerce, d'industrie et des services de Genève, Genève
de;3815;allowances;alphabetical;Kampagnenfinanzierung;21;30.11.2025 Für eine soziale Klimapolitik – steuerlich gerecht finanziert (Initiative für eine Zukunft);;campaign_financing;Definitive Zahlen;juristische Person oder Personengesellschaft;Zuwender/in: Parti Libéral-Radical Genève, Akteur/in: Chambre de commerce, d'industrie et des services de Genève, Genève
de;3816;allowances;alphabetical;Kampagnenfinanzierung;21;30.11.2025 Für eine soziale Klimapolitik – steuerlich gerecht finanziert (Initiative für eine Zukunft);;campaign_financing;Definitive Zahlen;juristische Person oder Personengesellschaft;Zuwender/in: Fédération des entreprises romandes Genève (FER Genève), Akteur/in: Chambre de commerce, d'industrie et des services de Genève, Genève
de;3817;allowances;alphabetical;Kampagnenfinanzierung;24;08.03.2026 200 Franken sind genug! (SRG-Initiative);;campaign_financing;Budgetzahlen;natürliche Person;Zuwender/in: Hess Hermann Ernst, Akteur/in: IG SRG-Initiative «200 Franken sind genug!», Dübendorf
de;3818;allowances;alphabetical;Kampagnenfinanzierung;24;08.03.2026 200 Franken sind genug! (SRG-Initiative);;campaign_financing;Budgetzahlen;juristische Person oder Personengesellschaft;Zuwender/in: Stiftung für bürgerliche Politik, Akteur/in: IG SRG-Initiative «200 Franken sind genug!», Dübendorf
de;3819;allowances;alphabetical;Kampagnenfinanzierung;24;08.03.2026 200 Franken sind genug! (SRG-Initiative);;campaign_financing;Budgetzahlen;juristische Person oder Personengesellschaft;Zuwender/in: Schweizerische Volkspartei, Akteur/in: IG SRG-Initiative «200 Franken sind genug!», Dübendorf
de;3820;allowances;alphabetical;Kampagnenfinanzierung;24;08.03.2026 200 Franken sind genug! (SRG-Initiative);;campaign_financing;Budgetzahlen;juristische Person oder Personengesellschaft;Zuwender/in: Avenergy Suisse, Akteur/in: IG SRG-Initiative «200 Franken sind genug!», Dübendorf
de;3821;allowances;alphabetical;Kampagnenfinanzierung;24;08.03.2026 200 Franken sind genug! (SRG-Initiative);;campaign_financing;Budgetzahlen;juristische Person oder Personengesellschaft;Zuwender/in: Meutel 2000 SA, Akteur/in: IG SRG-Initiative «200 Franken sind genug!», Dübendorf
de;3822;allowances;alphabetical;Kampagnenfinanzierung;24;08.03.2026 200 Franken sind genug! (SRG-Initiative);;campaign_financing;Budgetzahlen;juristische Person oder Personengesellschaft;Zuwender/in: Schweizerischer Gewerbeverband, Akteur/in: IG SRG-Initiative «200 Franken sind genug!», Dübendorf
de;3823;allowances;alphabetical;Kampagnenfinanzierung;24;08.03.2026 200 Franken sind genug! (SRG-Initiative);;campaign_financing;Budgetzahlen;juristische Person oder Personengesellschaft;Zuwender/in: Schweizerischer Gewerbeverband, Akteur/in: IG SRG-Initiative «200 Franken sind genug!», Dübendorf
de;3824;allowances;alphabetical;Kampagnenfinanzierung;24;08.03.2026 200 Franken sind genug! (SRG-Initiative);;campaign_financing;Budgetzahlen;juristische Person oder Personengesellschaft;Zuwender/in: BFG HALTER KLG, Akteur/in: IG SRG-Initiative «200 Franken sind genug!», Dübendorf
de;3830;allowances;alphabetical;Kampagnenfinanzierung;21;30.11.2025 Für eine soziale Klimapolitik – steuerlich gerecht finanziert (Initiative für eine Zukunft);;campaign_financing;Definitive Zahlen;juristische Person oder Personengesellschaft;"Zuwender/in: economiesuisse, Akteur/in: Allianz ""Nein zur extremen Juso-Initiative"", Bern"
de;3831;allowances;alphabetical;Kampagnenfinanzierung;21;30.11.2025 Für eine soziale Klimapolitik – steuerlich gerecht finanziert (Initiative für eine Zukunft);;campaign_financing;Definitive Zahlen;juristische Person oder Personengesellschaft;"Zuwender/in: Handelskammer beider Basel, Akteur/in: Allianz ""Nein zur extremen Juso-Initiative"", Bern"
de;3832;allowances;alphabetical;Kampagnenfinanzierung;21;30.11.2025 Für eine soziale Klimapolitik – steuerlich gerecht finanziert (Initiative für eine Zukunft);;campaign_financing;Definitive Zahlen;juristische Person oder Personengesellschaft;"Zuwender/in: Verein Mehrwert Schweiz, Akteur/in: Allianz ""Nein zur extremen Juso-Initiative"", Bern"
de;3833;allowances;alphabetical;Kampagnenfinanzierung;21;30.11.2025 Für eine soziale Klimapolitik – steuerlich gerecht finanziert (Initiative für eine Zukunft);;campaign_financing;Definitive Zahlen;juristische Person oder Personengesellschaft;"Zuwender/in: Zürcher Handelskammer, Akteur/in: Allianz ""Nein zur extremen Juso-Initiative"", Bern"
de;3834;allowances;alphabetical;Kampagnenfinanzierung;24;08.03.2026 200 Franken sind genug! (SRG-Initiative);;campaign_financing;Budgetzahlen;juristische Person oder Personengesellschaft;Zuwender/in: Volkart Stiftung, Akteur/in: Allianz Pro Medienvielfalt, Bern
de;3835;allowances;alphabetical;Kampagnenfinanzierung;24;08.03.2026 200 Franken sind genug! (SRG-Initiative);;campaign_financing;Budgetzahlen;juristische Person oder Personengesellschaft;Zuwender/in: Stiftung für Medienvielfalt, Akteur/in: Allianz Pro Medienvielfalt, Bern
de;3836;allowances;alphabetical;Kampagnenfinanzierung;24;08.03.2026 200 Franken sind genug! (SRG-Initiative);;campaign_financing;Budgetzahlen;juristische Person oder Personengesellschaft;Zuwender/in: Trägerschaftsverein SRG Zentralschweiz, Akteur/in: Allianz Pro Medienvielfalt, Bern
de;3837;allowances;alphabetical;Kampagnenfinanzierung;24;08.03.2026 200 Franken sind genug! (SRG-Initiative);;campaign_financing;Budgetzahlen;natürliche Person;Zuwender/in: Bachmann Therese, Akteur/in: Allianz Pro Medienvielfalt, Bern
de;3838;allowances;alphabetical;Kampagnenfinanzierung;24;08.03.2026 200 Franken sind genug! (SRG-Initiative);;campaign_financing;Budgetzahlen;juristische Person oder Personengesellschaft;Zuwender/in: Kulturfonds SSA, Akteur/in: Allianz Pro Medienvielfalt, Bern
de;3839;allowances;alphabetical;Kampagnenfinanzierung;24;08.03.2026 200 Franken sind genug! (SRG-Initiative);;campaign_financing;Budgetzahlen;juristische Person oder Personengesellschaft;Zuwender/in: Schweizerische Gemeinnützige Gesellschaft, Akteur/in: Allianz Pro Medienvielfalt, Bern
de;3840;allowances;alphabetical;Kampagnenfinanzierung;25;08.03.2026 Für eine gerechte Energie- und Klimapolitik: Investieren für Wohlstand, Arbeit und Umwelt (Klimafonds-Initiative);;campaign_financing;Budgetzahlen;juristische Person oder Personengesellschaft;Zuwender/in: GRÜNE Schweiz, Akteur/in: Komitee Klimafonds-Initiative, Bern
de;3841;allowances;alphabetical;Kampagnenfinanzierung;25;08.03.2026 Für eine gerechte Energie- und Klimapolitik: Investieren für Wohlstand, Arbeit und Umwelt (Klimafonds-Initiative);;campaign_financing;Budgetzahlen;juristische Person oder Personengesellschaft;Zuwender/in: SP Schweiz, Akteur/in: Komitee Klimafonds-Initiative, Bern
de;3842;allowances;alphabetical;Kampagnenfinanzierung;25;08.03.2026 Für eine gerechte Energie- und Klimapolitik: Investieren für Wohlstand, Arbeit und Umwelt (Klimafonds-Initiative);;campaign_financing;Budgetzahlen;juristische Person oder Personengesellschaft;Zuwender/in: Pro Natura, Akteur/in: Komitee Klimafonds-Initiative, Bern
de;3843;allowances;alphabetical;Kampagnenfinanzierung;24;08.03.2026 200 Franken sind genug! (SRG-Initiative);;campaign_financing;Budgetzahlen;juristische Person oder Personengesellschaft;Zuwender/in: Meutel 2000 SA, Akteur/in: Schweizerischer Gewerbeverband, Bern
de;3844;allowances;alphabetical;Kampagnenfinanzierung;24;08.03.2026 200 Franken sind genug! (SRG-Initiative);;campaign_financing;Budgetzahlen;juristische Person oder Personengesellschaft;Zuwender/in: Meutel 2000 SA, Akteur/in: Schweizerischer Gewerbeverband, Bern
de;3845;allowances;alphabetical;Kampagnenfinanzierung;24;08.03.2026 200 Franken sind genug! (SRG-Initiative);;campaign_financing;Budgetzahlen;juristische Person oder Personengesellschaft;Zuwender/in: Centre Patronal, Akteur/in: Schweizerischer Gewerbeverband, Bern
de;3846;allowances;alphabetical;Kampagnenfinanzierung;24;08.03.2026 200 Franken sind genug! (SRG-Initiative);;campaign_financing;Budgetzahlen;juristische Person oder Personengesellschaft;Zuwender/in: GastroSuisse, Akteur/in: Schweizerischer Gewerbeverband, Bern
de;3847;allowances;alphabetical;Kampagnenfinanzierung;24;08.03.2026 200 Franken sind genug! (SRG-Initiative);;campaign_financing;Budgetzahlen;juristische Person oder Personengesellschaft;Zuwender/in: Schweizerischer Baumeisterverband SBV, Akteur/in: Schweizerischer Gewerbeverband, Bern
de;3849;allowances;alphabetical;Kampagnenfinanzierung;26;08.03.2026 Bundesgesetz vom 20. Juni 2025 über die Individualbesteuerung;;campaign_financing;Budgetzahlen;natürliche Person;Zuwender/in: Sprüngli Luzius, Akteur/in: FDP.Die Liberalen, Bern
de;3850;allowances;alphabetical;Kampagnenfinanzierung;24;08.03.2026 200 Franken sind genug! (SRG-Initiative);;campaign_financing;Budgetzahlen;juristische Person oder Personengesellschaft;Zuwender/in: Cooperativa SSR Svizzera italiana Corsi, Akteur/in: Associazione Pro Servizio Pubblico Radiotelevisivo, Comano
de;3851;allowances;alphabetical;Kampagnenfinanzierung;24;08.03.2026 200 Franken sind genug! (SRG-Initiative);;campaign_financing;Budgetzahlen;juristische Person oder Personengesellschaft;Zuwender/in: Cooperativa SSR Svizzera italiana Corsi, Akteur/in: Associazione Pro Servizio Pubblico Radiotelevisivo, Comano
de;3852;allowances;alphabetical;Kampagnenfinanzierung;26;08.03.2026 Bundesgesetz vom 20. Juni 2025 über die Individualbesteuerung;;campaign_financing;Budgetzahlen;juristische Person oder Personengesellschaft;Zuwender/in: economiesuisse, Akteur/in: JA zur Individualbesteuerung, Bern
de;3853;allowances;alphabetical;Kampagnenfinanzierung;26;08.03.2026 Bundesgesetz vom 20. Juni 2025 über die Individualbesteuerung;;campaign_financing;Budgetzahlen;juristische Person oder Personengesellschaft;Zuwender/in: Sulzer Management AG, Akteur/in: JA zur Individualbesteuerung, Bern
de;3854;allowances;alphabetical;Kampagnenfinanzierung;26;08.03.2026 Bundesgesetz vom 20. Juni 2025 über die Individualbesteuerung;;campaign_financing;Budgetzahlen;juristische Person oder Personengesellschaft;Zuwender/in: Müller-Möhl Foundation, Akteur/in: JA zur Individualbesteuerung, Bern
de;3855;allowances;alphabetical;Kampagnenfinanzierung;26;08.03.2026 Bundesgesetz vom 20. Juni 2025 über die Individualbesteuerung;;campaign_financing;Budgetzahlen;juristische Person oder Personengesellschaft;Zuwender/in: Bonny Stiftung für Freiheit, Akteur/in: JA zur Individualbesteuerung, Bern
de;3856;allowances;alphabetical;Kampagnenfinanzierung;26;08.03.2026 Bundesgesetz vom 20. Juni 2025 über die Individualbesteuerung;;campaign_financing;Budgetzahlen;juristische Person oder Personengesellschaft;Zuwender/in: Zürcher Handelskammer, Akteur/in: JA zur Individualbesteuerung, Bern
de;3857;allowances;alphabetical;Kampagnenfinanzierung;26;08.03.2026 Bundesgesetz vom 20. Juni 2025 über die Individualbesteuerung;;campaign_financing;Budgetzahlen;juristische Person oder Personengesellschaft;Zuwender/in: FDP.Die Liberalen Schweiz, Akteur/in: JA zur Individualbesteuerung, Bern
de;3858;allowances;alphabetical;Kampagnenfinanzierung;26;08.03.2026 Bundesgesetz vom 20. Juni 2025 über die Individualbesteuerung;;campaign_financing;Budgetzahlen;juristische Person oder Personengesellschaft;Zuwender/in: Müller-Möhl Foundation, Akteur/in: JA zur Individualbesteuerung, Bern
de;3859;allowances;alphabetical;Kampagnenfinanzierung;24;08.03.2026 200 Franken sind genug! (SRG-Initiative);;campaign_financing;Budgetzahlen;natürliche Person;Zuwender/in: Brunner Frey Verena, Akteur/in: Stiftung für direkte Demokratie, Basel
de;3860;allowances;alphabetical;Kampagnenfinanzierung;24;08.03.2026 200 Franken sind genug! (SRG-Initiative);;campaign_financing;Budgetzahlen;juristische Person oder Personengesellschaft;Zuwender/in: Radio- und Fernsehgenossenschaft Zürich Schaffhausen (RFZ), Akteur/in: Souveräne Medien Schweiz, Zürich
de;3861;allowances;alphabetical;Kampagnenfinanzierung;24;08.03.2026 200 Franken sind genug! (SRG-Initiative);;campaign_financing;Budgetzahlen;juristische Person oder Personengesellschaft;Zuwender/in: GENOSSENSCHAFT SRG REGION BASEL, Akteur/in: Souveräne Medien Schweiz, Zürich
de;3862;allowances;alphabetical;Kampagnenfinanzierung;24;08.03.2026 200 Franken sind genug! (SRG-Initiative);;campaign_financing;Budgetzahlen;juristische Person oder Personengesellschaft;Zuwender/in: Schweizerischer Verband der FilmproduzentInnen, Akteur/in: Souveräne Medien Schweiz, Zürich
de;3863;allowances;alphabetical;Kampagnenfinanzierung;24;08.03.2026 200 Franken sind genug! (SRG-Initiative);;campaign_financing;Budgetzahlen;juristische Person oder Personengesellschaft;Zuwender/in: Schweizer Syndikat Medienschaffender SSM, Akteur/in: Souveräne Medien Schweiz, Zürich
de;3864;allowances;alphabetical;Kampagnenfinanzierung;24;08.03.2026 200 Franken sind genug! (SRG-Initiative);;campaign_financing;Budgetzahlen;juristische Person oder Personengesellschaft;Zuwender/in: SRG Ostschweiz, Akteur/in: Souveräne Medien Schweiz, Zürich
de;3865;allowances;alphabetical;Kampagnenfinanzierung;24;08.03.2026 200 Franken sind genug! (SRG-Initiative);;campaign_financing;Budgetzahlen;natürliche Person;Zuwender/in: Meili Daniel und Martin, Akteur/in: Souveräne Medien Schweiz, Zürich
de;3866;allowances;alphabetical;Kampagnenfinanzierung;24;08.03.2026 200 Franken sind genug! (SRG-Initiative);;campaign_financing;Budgetzahlen;natürliche Person;Zuwender/in: Rihs Oliver, Akteur/in: Souveräne Medien Schweiz, Zürich
de;3867;allowances;alphabetical;Kampagnenfinanzierung;24;08.03.2026 200 Franken sind genug! (SRG-Initiative);;campaign_financing;Budgetzahlen;juristische Person oder Personengesellschaft;Zuwender/in: Radio- und Fernsehgenossenschaft Zürich Schaffhausen (RFZ), Akteur/in: Souveräne Medien Schweiz, Zürich
de;3868;allowances;alphabetical;Kampagnenfinanzierung;24;08.03.2026 200 Franken sind genug! (SRG-Initiative);;campaign_financing;Budgetzahlen;natürliche Person;Zuwender/in: Gerber Rudolf Ernst, Akteur/in: Souveräne Medien Schweiz, Zürich
de;3869;allowances;alphabetical;Kampagnenfinanzierung;24;08.03.2026 200 Franken sind genug! (SRG-Initiative);;campaign_financing;Budgetzahlen;juristische Person oder Personengesellschaft;Zuwender/in: Kulturfonds Société Suisse des Auteurs (SSA), Akteur/in: Souveräne Medien Schweiz, Zürich
de;387;allowances;alphabetical;Kampagnenfinanzierung;1;22.10.2023 Nationalratswahlen 2023;2023;campaign_financing;Budgetzahlen;natürliche Person;Zuwender/in: Bösiger Beat, Akteur/in: NR-Kandidat Beat Bösiger, Niederbipp
de;3870;allowances;alphabetical;Kampagnenfinanzierung;24;08.03.2026 200 Franken sind genug! (SRG-Initiative);;campaign_financing;Budgetzahlen;juristische Person oder Personengesellschaft;Zuwender/in: Trägerschaft SRG Aargau Solothurn, Akteur/in: Souveräne Medien Schweiz, Zürich
de;3871;allowances;alphabetical;Kampagnenfinanzierung;24;08.03.2026 200 Franken sind genug! (SRG-Initiative);;campaign_financing;Budgetzahlen;juristische Person oder Personengesellschaft;Zuwender/in: Suisseimage, Akteur/in: Souveräne Medien Schweiz, Zürich
de;3872;allowances;alphabetical;Kampagnenfinanzierung;24;08.03.2026 200 Franken sind genug! (SRG-Initiative);;campaign_financing;Budgetzahlen;juristische Person oder Personengesellschaft;Zuwender/in: SWISSPERFORM, Akteur/in: Souveräne Medien Schweiz, Zürich
de;3873;allowances;alphabetical;Kampagnenfinanzierung;24;08.03.2026 200 Franken sind genug! (SRG-Initiative);;campaign_financing;Budgetzahlen;juristische Person oder Personengesellschaft;Zuwender/in: TRfinanz Holding AG, Akteur/in: Souveräne Medien Schweiz, Zürich
de;3874;allowances;alphabetical;Kampagnenfinanzierung;24;08.03.2026 200 Franken sind genug! (SRG-Initiative);;campaign_financing;Budgetzahlen;natürliche Person;Zuwender/in: Gantner Alfred, Akteur/in: Souveräne Medien Schweiz, Zürich
de;3875;allowances;alphabetical;Kampagnenfinanzierung;24;08.03.2026 200 Franken sind genug! (SRG-Initiative);;campaign_financing;Budgetzahlen;juristische Person oder Personengesellschaft;Zuwender/in: Genossenschaft SRG Bern Freiburg Wallis, Akteur/in: Souveräne Medien Schweiz, Zürich
de;3876;allowances;alphabetical;Kampagnenfinanzierung;24;08.03.2026 200 Franken sind genug! (SRG-Initiative);;campaign_financing;Budgetzahlen;juristische Person oder Personengesellschaft;Zuwender/in: SUISA Genossenschaft der Urheber und Verleger von Musik, Akteur/in: Souveräne Medien Schweiz, Zürich
de;3877;allowances;alphabetical;Kampagnenfinanzierung;24;08.03.2026 200 Franken sind genug! (SRG-Initiative);;campaign_financing;Budgetzahlen;natürliche Person;Zuwender/in: Brunner Daniel, Akteur/in: Souveräne Medien Schweiz, Zürich
de;3878;allowances;alphabetical;Kampagnenfinanzierung;26;08.03.2026 Bundesgesetz vom 20. Juni 2025 über die Individualbesteuerung;;campaign_financing;Budgetzahlen;juristische Person oder Personengesellschaft;Zuwender/in: Arbeitsgruppe Jugend & Familie, Akteur/in: IG Familie 3plus, Wolhusen
de;3879;allowances;alphabetical;Kampagnenfinanzierung;26;08.03.2026 Bundesgesetz vom 20. Juni 2025 über die Individualbesteuerung;;campaign_financing;Budgetzahlen;juristische Person oder Personengesellschaft;Zuwender/in: Pro Family International, Akteur/in: IG Familie 3plus, Wolhusen
de;3880;allowances;alphabetical;Kampagnenfinanzierung;26;08.03.2026 Bundesgesetz vom 20. Juni 2025 über die Individualbesteuerung;;campaign_financing;Budgetzahlen;natürliche Person;Zuwender/in: Michel Simon, Akteur/in: JA zur Individualbesteuerung, Bern
de;3881;allowances;alphabetical;Kampagnenfinanzierung;24;08.03.2026 200 Franken sind genug! (SRG-Initiative);;campaign_financing;Budgetzahlen;juristische Person oder Personengesellschaft;Zuwender/in: SwissTopSport, Akteur/in: Sportkomitee gegen die Halbierungsinitiative, Gstaad
de;3882;allowances;alphabetical;Kampagnenfinanzierung;24;08.03.2026 200 Franken sind genug! (SRG-Initiative);;campaign_financing;Budgetzahlen;juristische Person oder Personengesellschaft;Zuwender/in: Swiss Olympic, Akteur/in: Sportkomitee gegen die Halbierungsinitiative, Gstaad
de;3883;allowances;alphabetical;Kampagnenfinanzierung;24;08.03.2026 200 Franken sind genug! (SRG-Initiative);;campaign_financing;Budgetzahlen;juristische Person oder Personengesellschaft;Zuwender/in: SwissTopSport, Akteur/in: Sportkomitee gegen die Halbierungsinitiative, Gstaad
de;3884;allowances;alphabetical;Kampagnenfinanzierung;24;08.03.2026 200 Franken sind genug! (SRG-Initiative);;campaign_financing;Budgetzahlen;juristische Person oder Personengesellschaft;Zuwender/in: Swiss Olympic, Akteur/in: Sportkomitee gegen die Halbierungsinitiative, Gstaad
de;3885;allowances;alphabetical;Kampagnenfinanzierung;24;08.03.2026 200 Franken sind genug! (SRG-Initiative);;campaign_financing;Budgetzahlen;juristische Person oder Personengesellschaft;Zuwender/in: Swiss Olympic, Akteur/in: Sportkomitee gegen die Halbierungsinitiative, Gstaad
de;3886;allowances;alphabetical;Kampagnenfinanzierung;27;08.03.2026 Nationalratswahl (Appenzell Ausserrhoden);;campaign_financing;Budgetzahlen;juristische Person oder Personengesellschaft;Zuwender/in: Supporter-Club FDP AR, Akteur/in: FDP.Die Liberalen des Kantons Appenzell Ausserrhoden, Heiden
de;3909;allowances;alphabetical;Kampagnenfinanzierung;29;14.06.2026 Änderung vom 26. September 2025 des Bundesgesetzes über den zivilen Ersatzdienst (Zivildienstgesetz, ZDG);;campaign_financing;Budgetzahlen;juristische Person oder Personengesellschaft;Zuwender/in: Verband Militärischer Gesellschaften Schweiz (VMG), Akteur/in: Allianz Sicherheit Schweiz, Zürich
de;391;allowances;alphabetical;Kampagnenfinanzierung;1;22.10.2023 Nationalratswahlen 2023;2023;campaign_financing;Budgetzahlen;natürliche Person;Zuwender/in: Burger Philippe, Akteur/in: Piratenpartei Schweiz, Bern
de;3910;allowances;alphabetical;Kampagnenfinanzierung;29;14.06.2026 Änderung vom 26. September 2025 des Bundesgesetzes über den zivilen Ersatzdienst (Zivildienstgesetz, ZDG);;campaign_financing;Budgetzahlen;juristische Person oder Personengesellschaft;Zuwender/in: Swissmem, Akteur/in: Allianz Sicherheit Schweiz, Zürich
de;3926;allowances;alphabetical;Kampagnenfinanzierung;24;08.03.2026 200 Franken sind genug! (SRG-Initiative);;campaign_financing;Definitive Zahlen;juristische Person oder Personengesellschaft;Zuwender/in: Meutel 2000 SA, Akteur/in: Schweizerischer Gewerbeverband, Bern
de;3927;allowances;alphabetical;Kampagnenfinanzierung;24;08.03.2026 200 Franken sind genug! (SRG-Initiative);;campaign_financing;Definitive Zahlen;juristische Person oder Personengesellschaft;Zuwender/in: Meutel 2000 SA, Akteur/in: Schweizerischer Gewerbeverband, Bern
de;3928;allowances;alphabetical;Kampagnenfinanzierung;24;08.03.2026 200 Franken sind genug! (SRG-Initiative);;campaign_financing;Definitive Zahlen;juristische Person oder Personengesellschaft;Zuwender/in: Centre Patronal, Akteur/in: Schweizerischer Gewerbeverband, Bern
de;3929;allowances;alphabetical;Kampagnenfinanzierung;24;08.03.2026 200 Franken sind genug! (SRG-Initiative);;campaign_financing;Definitive Zahlen;juristische Person oder Personengesellschaft;Zuwender/in: GastroSuisse, Akteur/in: Schweizerischer Gewerbeverband, Bern
de;393;allowances;alphabetical;Kampagnenfinanzierung;1;22.10.2023 Nationalratswahlen 2023;2023;campaign_financing;Budgetzahlen;natürliche Person;Zuwender/in: Burger Philippe, Akteur/in: Piratenpartei Bern, Bern
de;3930;allowances;alphabetical;Kampagnenfinanzierung;24;08.03.2026 200 Franken sind genug! (SRG-Initiative);;campaign_financing;Definitive Zahlen;juristische Person oder Personengesellschaft;Zuwender/in: Schweizerischer Baumeisterverband SBV, Akteur/in: Schweizerischer Gewerbeverband, Bern
de;3949;allowances;alphabetical;Kampagnenfinanzierung;28;14.06.2026 Keine 10-Millionen-Schweiz! (Nachhaltigkeitsinitiative);;campaign_financing;Budgetzahlen;juristische Person oder Personengesellschaft;Zuwender/in: Schweizer Tourismus-Verband, Akteur/in: Tourismuskomitee, Bern
de;395;allowances;alphabetical;Kampagnenfinanzierung;1;22.10.2023 Nationalratswahlen 2023;2023;campaign_financing;Budgetzahlen;juristische Person oder Personengesellschaft;Zuwender/in: Planzer Transport AG, Akteur/in: FDP.Die Liberalen, Bern
de;3950;allowances;alphabetical;Kampagnenfinanzierung;28;14.06.2026 Keine 10-Millionen-Schweiz! (Nachhaltigkeitsinitiative);;campaign_financing;Budgetzahlen;juristische Person oder Personengesellschaft;Zuwender/in: economiesuisse, Akteur/in: Tourismuskomitee, Bern
de;3951;allowances;alphabetical;Kampagnenfinanzierung;28;14.06.2026 Keine 10-Millionen-Schweiz! (Nachhaltigkeitsinitiative);;campaign_financing;Budgetzahlen;juristische Person oder Personengesellschaft;Zuwender/in: HotellerieSuisse, Akteur/in: Tourismuskomitee, Bern
de;3952;allowances;alphabetical;Kampagnenfinanzierung;28;14.06.2026 Keine 10-Millionen-Schweiz! (Nachhaltigkeitsinitiative);;campaign_financing;Budgetzahlen;juristische Person oder Personengesellschaft;Zuwender/in: GastroSuisse, Akteur/in: Tourismuskomitee, Bern
de;3953;allowances;alphabetical;Kampagnenfinanzierung;28;14.06.2026 Keine 10-Millionen-Schweiz! (Nachhaltigkeitsinitiative);;campaign_financing;Budgetzahlen;juristische Person oder Personengesellschaft;Zuwender/in: GastroSuisse, Akteur/in: Allianz für eine funktionierende Schweiz, Bern
de;3954;allowances;alphabetical;Kampagnenfinanzierung;24;08.03.2026 200 Franken sind genug! (SRG-Initiative);;campaign_financing;Definitive Zahlen;natürliche Person;Zuwender/in: Hess Hermann Ernst, Akteur/in: IG SRG-Initiative «200 Franken sind genug!», Dübendorf
de;3955;allowances;alphabetical;Kampagnenfinanzierung;24;08.03.2026 200 Franken sind genug! (SRG-Initiative);;campaign_financing;Definitive Zahlen;juristische Person oder Personengesellschaft;Zuwender/in: Stiftung für bürgerliche Politik, Akteur/in: IG SRG-Initiative «200 Franken sind genug!», Dübendorf
de;3956;allowances;alphabetical;Kampagnenfinanzierung;24;08.03.2026 200 Franken sind genug! (SRG-Initiative);;campaign_financing;Definitive Zahlen;juristische Person oder Personengesellschaft;Zuwender/in: Schweizerische Volkspartei, Akteur/in: IG SRG-Initiative «200 Franken sind genug!», Dübendorf
de;3957;allowances;alphabetical;Kampagnenfinanzierung;24;08.03.2026 200 Franken sind genug! (SRG-Initiative);;campaign_financing;Definitive Zahlen;juristische Person oder Personengesellschaft;Zuwender/in: Avenergy Suisse, Akteur/in: IG SRG-Initiative «200 Franken sind genug!», Dübendorf
de;3958;allowances;alphabetical;Kampagnenfinanzierung;24;08.03.2026 200 Franken sind genug! (SRG-Initiative);;campaign_financing;Definitive Zahlen;juristische Person oder Personengesellschaft;Zuwender/in: Meutel 2000 SA, Akteur/in: IG SRG-Initiative «200 Franken sind genug!», Dübendorf
de;3959;allowances;alphabetical;Kampagnenfinanzierung;24;08.03.2026 200 Franken sind genug! (SRG-Initiative);;campaign_financing;Definitive Zahlen;juristische Person oder Personengesellschaft;Zuwender/in: Schweizerischer Gewerbeverband, Akteur/in: IG SRG-Initiative «200 Franken sind genug!», Dübendorf
de;396;allowances;alphabetical;Kampagnenfinanzierung;1;22.10.2023 Nationalratswahlen 2023;2023;campaign_financing;Budgetzahlen;juristische Person oder Personengesellschaft;Zuwender/in: Schweizerischer Arbeitgeberverband, Akteur/in: FDP.Die Liberalen, Bern
de;3960;allowances;alphabetical;Kampagnenfinanzierung;24;08.03.2026 200 Franken sind genug! (SRG-Initiative);;campaign_financing;Definitive Zahlen;juristische Person oder Personengesellschaft;Zuwender/in: BFG HALTER KLG, Akteur/in: IG SRG-Initiative «200 Franken sind genug!», Dübendorf
de;3968;allowances;alphabetical;Kampagnenfinanzierung;24;08.03.2026 200 Franken sind genug! (SRG-Initiative);;campaign_financing;Definitive Zahlen;juristische Person oder Personengesellschaft;Zuwender/in: Schweizerische Kulturstiftung für Audiovision, Akteur/in: Unsere Filme retten, Bern
de;3969;allowances;alphabetical;Kampagnenfinanzierung;24;08.03.2026 200 Franken sind genug! (SRG-Initiative);;campaign_financing;Definitive Zahlen;juristische Person oder Personengesellschaft;Zuwender/in: Kulturfonds Suissimage, Akteur/in: Unsere Filme retten, Bern
de;397;allowances;alphabetical;Kampagnenfinanzierung;1;22.10.2023 Nationalratswahlen 2023;2023;campaign_financing;Budgetzahlen;natürliche Person;Zuwender/in: Albers Franz, Akteur/in: FDP.Die Liberalen, Bern
de;3970;allowances;alphabetical;Kampagnenfinanzierung;24;08.03.2026 200 Franken sind genug! (SRG-Initiative);;campaign_financing;Definitive Zahlen;juristische Person oder Personengesellschaft;Zuwender/in: Suissimage, Akteur/in: Unsere Filme retten, Bern
de;3971;allowances;alphabetical;Kampagnenfinanzierung;24;08.03.2026 200 Franken sind genug! (SRG-Initiative);;campaign_financing;Definitive Zahlen;juristische Person oder Personengesellschaft;Zuwender/in: SSA. SOCIÉTE SUISSE DES AUTEURS, Akteur/in: Unsere Filme retten, Bern
de;3972;allowances;alphabetical;Kampagnenfinanzierung;24;08.03.2026 200 Franken sind genug! (SRG-Initiative);;campaign_financing;Definitive Zahlen;juristische Person oder Personengesellschaft;Zuwender/in: Schweizer Interpretengenossenschaft (SSFV), Akteur/in: Unsere Filme retten, Bern
de;3973;allowances;alphabetical;Kampagnenfinanzierung;24;08.03.2026 200 Franken sind genug! (SRG-Initiative);;campaign_financing;Definitive Zahlen;juristische Person oder Personengesellschaft;Zuwender/in: Cinésuisse, Akteur/in: Unsere Filme retten, Bern
de;3975;allowances;alphabetical;Kampagnenfinanzierung;24;08.03.2026 200 Franken sind genug! (SRG-Initiative);;campaign_financing;Definitive Zahlen;juristische Person oder Personengesellschaft;Zuwender/in: GENOSSENSCHAFT SRG REGION BASEL, Akteur/in: Souveräne Medien Schweiz, Zürich
de;3976;allowances;alphabetical;Kampagnenfinanzierung;24;08.03.2026 200 Franken sind genug! (SRG-Initiative);;campaign_financing;Definitive Zahlen;juristische Person oder Personengesellschaft;Zuwender/in: Schweizerischer Verband der FilmproduzentInnen, Akteur/in: Souveräne Medien Schweiz, Zürich
de;3977;allowances;alphabetical;Kampagnenfinanzierung;24;08.03.2026 200 Franken sind genug! (SRG-Initiative);;campaign_financing;Definitive Zahlen;juristische Person oder Personengesellschaft;Zuwender/in: Schweizer Syndikat Medienschaffender SSM, Akteur/in: Souveräne Medien Schweiz, Zürich
de;3978;allowances;alphabetical;Kampagnenfinanzierung;24;08.03.2026 200 Franken sind genug! (SRG-Initiative);;campaign_financing;Definitive Zahlen;juristische Person oder Personengesellschaft;Zuwender/in: SRG Ostschweiz, Akteur/in: Souveräne Medien Schweiz, Zürich
de;3979;allowances;alphabetical;Kampagnenfinanzierung;24;08.03.2026 200 Franken sind genug! (SRG-Initiative);;campaign_financing;Definitive Zahlen;natürliche Person;Zuwender/in: Meili Daniel und Martin, Akteur/in: Souveräne Medien Schweiz, Zürich
de;398;allowances;alphabetical;Kampagnenfinanzierung;1;22.10.2023 Nationalratswahlen 2023;2023;campaign_financing;Budgetzahlen;natürliche Person;Zuwender/in: Kielholz Walter, Akteur/in: FDP.Die Liberalen, Bern
de;3980;allowances;alphabetical;Kampagnenfinanzierung;24;08.03.2026 200 Franken sind genug! (SRG-Initiative);;campaign_financing;Definitive Zahlen;natürliche Person;Zuwender/in: Rihs Oliver, Akteur/in: Souveräne Medien Schweiz, Zürich
de;3981;allowances;alphabetical;Kampagnenfinanzierung;24;08.03.2026 200 Franken sind genug! (SRG-Initiative);;campaign_financing;Definitive Zahlen;juristische Person oder Personengesellschaft;Zuwender/in: Radio- und Fernsehgenossenschaft Zürich Schaffhausen (RFZ), Akteur/in: Souveräne Medien Schweiz, Zürich
de;3982;allowances;alphabetical;Kampagnenfinanzierung;24;08.03.2026 200 Franken sind genug! (SRG-Initiative);;campaign_financing;Definitive Zahlen;natürliche Person;Zuwender/in: Gerber Rudolf Ernst, Akteur/in: Souveräne Medien Schweiz, Zürich
de;3983;allowances;alphabetical;Kampagnenfinanzierung;24;08.03.2026 200 Franken sind genug! (SRG-Initiative);;campaign_financing;Definitive Zahlen;juristische Person oder Personengesellschaft;Zuwender/in: Kulturfonds Société Suisse des Auteurs (SSA), Akteur/in: Souveräne Medien Schweiz, Zürich
de;3984;allowances;alphabetical;Kampagnenfinanzierung;24;08.03.2026 200 Franken sind genug! (SRG-Initiative);;campaign_financing;Definitive Zahlen;juristische Person oder Personengesellschaft;Zuwender/in: Trägerschaft SRG Aargau Solothurn, Akteur/in: Souveräne Medien Schweiz, Zürich
de;3985;allowances;alphabetical;Kampagnenfinanzierung;24;08.03.2026 200 Franken sind genug! (SRG-Initiative);;campaign_financing;Definitive Zahlen;juristische Person oder Personengesellschaft;Zuwender/in: Suisseimage, Akteur/in: Souveräne Medien Schweiz, Zürich
de;3986;allowances;alphabetical;Kampagnenfinanzierung;24;08.03.2026 200 Franken sind genug! (SRG-Initiative);;campaign_financing;Definitive Zahlen;juristische Person oder Personengesellschaft;Zuwender/in: SWISSPERFORM, Akteur/in: Souveräne Medien Schweiz, Zürich
de;3987;allowances;alphabetical;Kampagnenfinanzierung;24;08.03.2026 200 Franken sind genug! (SRG-Initiative);;campaign_financing;Definitive Zahlen;juristische Person oder Personengesellschaft;Zuwender/in: TRfinanz Holding AG, Akteur/in: Souveräne Medien Schweiz, Zürich
de;3988;allowances;alphabetical;Kampagnenfinanzierung;24;08.03.2026 200 Franken sind genug! (SRG-Initiative);;campaign_financing;Definitive Zahlen;natürliche Person;Zuwender/in: Gantner Alfred, Akteur/in: Souveräne Medien Schweiz, Zürich
de;3989;allowances;alphabetical;Kampagnenfinanzierung;24;08.03.2026 200 Franken sind genug! (SRG-Initiative);;campaign_financing;Definitive Zahlen;juristische Person oder Personengesellschaft;Zuwender/in: Genossenschaft SRG Bern Freiburg Wallis, Akteur/in: Souveräne Medien Schweiz, Zürich
de;399;allowances;alphabetical;Kampagnenfinanzierung;1;22.10.2023 Nationalratswahlen 2023;2023;campaign_financing;Budgetzahlen;natürliche Person;Zuwender/in: Mosimann Philip, Akteur/in: FDP.Die Liberalen, Bern
de;3990;allowances;alphabetical;Kampagnenfinanzierung;24;08.03.2026 200 Franken sind genug! (SRG-Initiative);;campaign_financing;Definitive Zahlen;juristische Person oder Personengesellschaft;Zuwender/in: SUISA Genossenschaft der Urheber und Verleger von Musik, Akteur/in: Souveräne Medien Schweiz, Zürich
de;3991;allowances;alphabetical;Kampagnenfinanzierung;24;08.03.2026 200 Franken sind genug! (SRG-Initiative);;campaign_financing;Definitive Zahlen;natürliche Person;Zuwender/in: Brunner Daniel, Akteur/in: Souveräne Medien Schweiz, Zürich
de;3992;allowances;alphabetical;Kampagnenfinanzierung;24;08.03.2026 200 Franken sind genug! (SRG-Initiative);;campaign_financing;Definitive Zahlen;juristische Person oder Personengesellschaft;Zuwender/in: Radio- und Fernsehgenossenschaft Zürich Schaffhausen (RFZ), Akteur/in: Souveräne Medien Schweiz, Zürich
de;3993;allowances;alphabetical;Kampagnenfinanzierung;26;08.03.2026 Bundesgesetz vom 20. Juni 2025 über die Individualbesteuerung;;campaign_financing;Definitive Zahlen;juristische Person oder Personengesellschaft;Zuwender/in: economiesuisse, Akteur/in: JA zur Individualbesteuerung, Bern
de;3994;allowances;alphabetical;Kampagnenfinanzierung;26;08.03.2026 Bundesgesetz vom 20. Juni 2025 über die Individualbesteuerung;;campaign_financing;Definitive Zahlen;juristische Person oder Personengesellschaft;Zuwender/in: Sulzer Management AG, Akteur/in: JA zur Individualbesteuerung, Bern
de;3995;allowances;alphabetical;Kampagnenfinanzierung;26;08.03.2026 Bundesgesetz vom 20. Juni 2025 über die Individualbesteuerung;;campaign_financing;Definitive Zahlen;juristische Person oder Personengesellschaft;Zuwender/in: Müller-Möhl Foundation, Akteur/in: JA zur Individualbesteuerung, Bern
de;3996;allowances;alphabetical;Kampagnenfinanzierung;26;08.03.2026 Bundesgesetz vom 20. Juni 2025 über die Individualbesteuerung;;campaign_financing;Definitive Zahlen;juristische Person oder Personengesellschaft;Zuwender/in: Bonny Stiftung für Freiheit, Akteur/in: JA zur Individualbesteuerung, Bern
de;3997;allowances;alphabetical;Kampagnenfinanzierung;26;08.03.2026 Bundesgesetz vom 20. Juni 2025 über die Individualbesteuerung;;campaign_financing;Definitive Zahlen;juristische Person oder Personengesellschaft;Zuwender/in: Zürcher Handelskammer, Akteur/in: JA zur Individualbesteuerung, Bern
de;3998;allowances;alphabetical;Kampagnenfinanzierung;26;08.03.2026 Bundesgesetz vom 20. Juni 2025 über die Individualbesteuerung;;campaign_financing;Definitive Zahlen;juristische Person oder Personengesellschaft;Zuwender/in: FDP.Die Liberalen Schweiz, Akteur/in: JA zur Individualbesteuerung, Bern
de;3999;allowances;alphabetical;Kampagnenfinanzierung;26;08.03.2026 Bundesgesetz vom 20. Juni 2025 über die Individualbesteuerung;;campaign_financing;Definitive Zahlen;juristische Person oder Personengesellschaft;Zuwender/in: Müller-Möhl Foundation, Akteur/in: JA zur Individualbesteuerung, Bern
de;4;allowances;alphabetical;Kampagnenfinanzierung;1;22.10.2023 Nationalratswahlen 2023;2023;campaign_financing;Budgetzahlen;natürliche Person;Zuwender/in: Kern Georges, Akteur/in: Bellaïche Jäger Judith, Kilchberg
de;400;allowances;alphabetical;Kampagnenfinanzierung;1;22.10.2023 Nationalratswahlen 2023;2023;campaign_financing;Budgetzahlen;natürliche Person;Zuwender/in: Mosimann Philip, Akteur/in: FDP.Die Liberalen, Bern
de;4000;allowances;alphabetical;Kampagnenfinanzierung;26;08.03.2026 Bundesgesetz vom 20. Juni 2025 über die Individualbesteuerung;;campaign_financing;Definitive Zahlen;natürliche Person;Zuwender/in: Michel Simon, Akteur/in: JA zur Individualbesteuerung, Bern
de;4001;allowances;alphabetical;Kampagnenfinanzierung;26;08.03.2026 Bundesgesetz vom 20. Juni 2025 über die Individualbesteuerung;;campaign_financing;Definitive Zahlen;juristische Person oder Personengesellschaft;Zuwender/in: Ringier AG, Akteur/in: JA zur Individualbesteuerung, Bern
de;4002;allowances;alphabetical;Kampagnenfinanzierung;24;08.03.2026 200 Franken sind genug! (SRG-Initiative);;campaign_financing;Definitive Zahlen;juristische Person oder Personengesellschaft;Zuwender/in: SwissTopSport, Akteur/in: Sportkomitee gegen die Halbierungsinitiative, Gstaad
de;4003;allowances;alphabetical;Kampagnenfinanzierung;24;08.03.2026 200 Franken sind genug! (SRG-Initiative);;campaign_financing;Definitive Zahlen;juristische Person oder Personengesellschaft;Zuwender/in: Swiss Olympic, Akteur/in: Sportkomitee gegen die Halbierungsinitiative, Gstaad
de;4004;allowances;alphabetical;Kampagnenfinanzierung;24;08.03.2026 200 Franken sind genug! (SRG-Initiative);;campaign_financing;Definitive Zahlen;juristische Person oder Personengesellschaft;Zuwender/in: SwissTopSport, Akteur/in: Sportkomitee gegen die Halbierungsinitiative, Gstaad
de;4005;allowances;alphabetical;Kampagnenfinanzierung;24;08.03.2026 200 Franken sind genug! (SRG-Initiative);;campaign_financing;Definitive Zahlen;juristische Person oder Personengesellschaft;Zuwender/in: Swiss Olympic, Akteur/in: Sportkomitee gegen die Halbierungsinitiative, Gstaad
de;4006;allowances;alphabetical;Kampagnenfinanzierung;24;08.03.2026 200 Franken sind genug! (SRG-Initiative);;campaign_financing;Definitive Zahlen;juristische Person oder Personengesellschaft;Zuwender/in: Swiss Olympic, Akteur/in: Sportkomitee gegen die Halbierungsinitiative, Gstaad
de;401;allowances;alphabetical;Kampagnenfinanzierung;1;22.10.2023 Nationalratswahlen 2023;2023;campaign_financing;Budgetzahlen;natürliche Person;Zuwender/in: Sprüngli Luzius, Akteur/in: FDP.Die Liberalen, Bern
de;4017;allowances;alphabetical;Kampagnenfinanzierung;28;14.06.2026 Keine 10-Millionen-Schweiz! (Nachhaltigkeitsinitiative);;campaign_financing;Budgetzahlen;juristische Person oder Personengesellschaft;Zuwender/in: SEV, Akteur/in: Schweizerischer Gewerkschaftsbund (SGB), Bern
de;4018;allowances;alphabetical;Kampagnenfinanzierung;28;14.06.2026 Keine 10-Millionen-Schweiz! (Nachhaltigkeitsinitiative);;campaign_financing;Budgetzahlen;juristische Person oder Personengesellschaft;Zuwender/in: Syndicom, Akteur/in: Schweizerischer Gewerkschaftsbund (SGB), Bern
de;4019;allowances;alphabetical;Kampagnenfinanzierung;28;14.06.2026 Keine 10-Millionen-Schweiz! (Nachhaltigkeitsinitiative);;campaign_financing;Budgetzahlen;juristische Person oder Personengesellschaft;Zuwender/in: Unia, Akteur/in: Schweizerischer Gewerkschaftsbund (SGB), Bern
de;402;allowances;alphabetical;Kampagnenfinanzierung;1;22.10.2023 Nationalratswahlen 2023;2023;campaign_financing;Budgetzahlen;natürliche Person;Zuwender/in: Syz David, Akteur/in: FDP.Die Liberalen, Bern
de;4020;allowances;alphabetical;Kampagnenfinanzierung;28;14.06.2026 Keine 10-Millionen-Schweiz! (Nachhaltigkeitsinitiative);;campaign_financing;Budgetzahlen;juristische Person oder Personengesellschaft;Zuwender/in: VPOD, Akteur/in: Schweizerischer Gewerkschaftsbund (SGB), Bern
de;4029;allowances;alphabetical;Kampagnenfinanzierung;29;14.06.2026 Änderung vom 26. September 2025 des Bundesgesetzes über den zivilen Ersatzdienst (Zivildienstgesetz, ZDG);;campaign_financing;Budgetzahlen;juristische Person oder Personengesellschaft;Zuwender/in: Bonny Stiftung für die Freiheit, Akteur/in: Allianz Sicherheit Schweiz, Zürich
de;403;allowances;alphabetical;Kampagnenfinanzierung;1;22.10.2023 Nationalratswahlen 2023;2023;campaign_financing;Budgetzahlen;natürliche Person;Zuwender/in: Vogt Valentin, Akteur/in: FDP.Die Liberalen, Bern
de;4030;allowances;alphabetical;Kampagnenfinanzierung;28;14.06.2026 Keine 10-Millionen-Schweiz! (Nachhaltigkeitsinitiative);;campaign_financing;Budgetzahlen;juristische Person oder Personengesellschaft;Zuwender/in: Schweizerischer Gewerkschaftsbund, Akteur/in: Schweizerischer Gewerkschaftsbund (SGB), Bern
de;404;allowances;alphabetical;Kampagnenfinanzierung;1;22.10.2023 Nationalratswahlen 2023;2023;campaign_financing;Budgetzahlen;natürliche Person;Zuwender/in: Vogt Valentin, Akteur/in: FDP.Die Liberalen, Bern
de;4042;allowances;alphabetical;Kampagnenfinanzierung;24;08.03.2026 200 Franken sind genug! (SRG-Initiative);;campaign_financing;Definitive Zahlen;natürliche Person;Zuwender/in: Brunner Frey Verena, Akteur/in: Stiftung für direkte Demokratie, Basel
de;4044;allowances;alphabetical;Kampagnenfinanzierung;27;08.03.2026 Nationalratswahl (Appenzell Ausserrhoden);;campaign_financing;Definitive Zahlen;juristische Person oder Personengesellschaft;Zuwender/in: Gönnervereinigung Treffpunkt AR Plus, Akteur/in: Schweizerische Volkspartei von Appenzell Ausserrhoden, Schönengrund
de;4045;allowances;alphabetical;Kampagnenfinanzierung;28;14.06.2026 Keine 10-Millionen-Schweiz! (Nachhaltigkeitsinitiative);;campaign_financing;Budgetzahlen;juristische Person oder Personengesellschaft;Zuwender/in: Gewerkschaft Unia, Akteur/in: Gewerkschaft Unia, Bern
de;405;allowances;alphabetical;Kampagnenfinanzierung;1;22.10.2023 Nationalratswahlen 2023;2023;campaign_financing;Budgetzahlen;natürliche Person;Zuwender/in: Kurer Peter, Akteur/in: FDP.Die Liberalen, Bern
de;4054;allowances;alphabetical;Kampagnenfinanzierung;25;08.03.2026 Für eine gerechte Energie- und Klimapolitik: Investieren für Wohlstand, Arbeit und Umwelt (Klimafonds-Initiative);;campaign_financing;Definitive Zahlen;juristische Person oder Personengesellschaft;Zuwender/in: SP Schweiz, Akteur/in: Komitee Klimafonds-Initiative, Bern
de;4055;allowances;alphabetical;Kampagnenfinanzierung;25;08.03.2026 Für eine gerechte Energie- und Klimapolitik: Investieren für Wohlstand, Arbeit und Umwelt (Klimafonds-Initiative);;campaign_financing;Definitive Zahlen;juristische Person oder Personengesellschaft;Zuwender/in: GRÜNE Schweiz, Akteur/in: Komitee Klimafonds-Initiative, Bern
de;4056;allowances;alphabetical;Kampagnenfinanzierung;25;08.03.2026 Für eine gerechte Energie- und Klimapolitik: Investieren für Wohlstand, Arbeit und Umwelt (Klimafonds-Initiative);;campaign_financing;Definitive Zahlen;juristische Person oder Personengesellschaft;Zuwender/in: Pro Natura, Akteur/in: Komitee Klimafonds-Initiative, Bern
de;406;allowances;alphabetical;Kampagnenfinanzierung;1;22.10.2023 Nationalratswahlen 2023;2023;campaign_financing;Budgetzahlen;natürliche Person;Zuwender/in: Kurer Peter, Akteur/in: FDP.Die Liberalen, Bern
de;407;allowances;alphabetical;Kampagnenfinanzierung;1;22.10.2023 Nationalratswahlen 2023;2023;campaign_financing;Budgetzahlen;natürliche Person;Zuwender/in: Schmidheiny Thomas, Akteur/in: FDP.Die Liberalen, Bern
de;4071;allowances;alphabetical;Kampagnenfinanzierung;27;08.03.2026 Nationalratswahl (Appenzell Ausserrhoden);;campaign_financing;Definitive Zahlen;juristische Person oder Personengesellschaft;Zuwender/in: Supporter-Club FDP AR, Akteur/in: FDP.Die Liberalen des Kantons Appenzell Ausserrhoden, Heiden
de;4072;allowances;alphabetical;Kampagnenfinanzierung;26;08.03.2026 Bundesgesetz vom 20. Juni 2025 über die Individualbesteuerung;;campaign_financing;Definitive Zahlen;juristische Person oder Personengesellschaft;Zuwender/in: Schweizerische Volkspartei SVP, Akteur/in: Die Mitte, Bern
de;4073;allowances;alphabetical;Kampagnenfinanzierung;25;08.03.2026 Für eine gerechte Energie- und Klimapolitik: Investieren für Wohlstand, Arbeit und Umwelt (Klimafonds-Initiative);;campaign_financing;Definitive Zahlen;juristische Person oder Personengesellschaft;"Zuwender/in: economiesuisse, Akteur/in: Allianz ""NEIN zum Klima-Schuldenfonds"", Bern"
de;4074;allowances;alphabetical;Kampagnenfinanzierung;25;08.03.2026 Für eine gerechte Energie- und Klimapolitik: Investieren für Wohlstand, Arbeit und Umwelt (Klimafonds-Initiative);;campaign_financing;Definitive Zahlen;juristische Person oder Personengesellschaft;"Zuwender/in: economiesuisse, Akteur/in: Allianz ""NEIN zum Klima-Schuldenfonds"", Bern"
de;4075;allowances;alphabetical;Kampagnenfinanzierung;25;08.03.2026 Für eine gerechte Energie- und Klimapolitik: Investieren für Wohlstand, Arbeit und Umwelt (Klimafonds-Initiative);;campaign_financing;Definitive Zahlen;juristische Person oder Personengesellschaft;"Zuwender/in: Avenergy Suisse, Akteur/in: Allianz ""NEIN zum Klima-Schuldenfonds"", Bern"
de;408;allowances;alphabetical;Kampagnenfinanzierung;1;22.10.2023 Nationalratswahlen 2023;2023;campaign_financing;Budgetzahlen;natürliche Person;Zuwender/in: Meier Robert, Akteur/in: FDP.Die Liberalen, Bern
de;409;allowances;alphabetical;Kampagnenfinanzierung;1;22.10.2023 Nationalratswahlen 2023;2023;campaign_financing;Budgetzahlen;natürliche Person;Zuwender/in: Mosimann Philip, Akteur/in: FDP.Die Liberalen, Bern
de;4098;allowances;alphabetical;Kampagnenfinanzierung;26;08.03.2026 Bundesgesetz vom 20. Juni 2025 über die Individualbesteuerung;;campaign_financing;Definitive Zahlen;juristische Person oder Personengesellschaft;Zuwender/in: Arbeitsgruppe Jugend & Familie, Akteur/in: IG Familie 3plus, Wolhusen
de;4099;allowances;alphabetical;Kampagnenfinanzierung;26;08.03.2026 Bundesgesetz vom 20. Juni 2025 über die Individualbesteuerung;;campaign_financing;Definitive Zahlen;juristische Person oder Personengesellschaft;Zuwender/in: Pro Family International, Akteur/in: IG Familie 3plus, Wolhusen
de;410;allowances;alphabetical;Kampagnenfinanzierung;1;22.10.2023 Nationalratswahlen 2023;2023;campaign_financing;Budgetzahlen;natürliche Person;Zuwender/in: Meier Robert, Akteur/in: FDP.Die Liberalen, Bern
de;4101;allowances;alphabetical;Kampagnenfinanzierung;24;08.03.2026 200 Franken sind genug! (SRG-Initiative);;campaign_financing;Definitive Zahlen;juristische Person oder Personengesellschaft;Zuwender/in: SUISA, Akteur/in: Schweizer Musikrat SMR, Aarau
de;4102;allowances;alphabetical;Kampagnenfinanzierung;24;08.03.2026 200 Franken sind genug! (SRG-Initiative);;campaign_financing;Definitive Zahlen;juristische Person oder Personengesellschaft;Zuwender/in: Fondation Suisa, Akteur/in: Schweizer Musikrat SMR, Aarau
de;4103;allowances;alphabetical;Kampagnenfinanzierung;24;08.03.2026 200 Franken sind genug! (SRG-Initiative);;campaign_financing;Definitive Zahlen;juristische Person oder Personengesellschaft;Zuwender/in: Schweizerische Interpretengenossenschaft, Akteur/in: Schweizer Musikrat SMR, Aarau
de;4104;allowances;alphabetical;Kampagnenfinanzierung;24;08.03.2026 200 Franken sind genug! (SRG-Initiative);;campaign_financing;Definitive Zahlen;juristische Person oder Personengesellschaft;Zuwender/in: Stiftung Phonoproduzierende, Akteur/in: Schweizer Musikrat SMR, Aarau
de;4105;allowances;alphabetical;Kampagnenfinanzierung;24;08.03.2026 200 Franken sind genug! (SRG-Initiative);;campaign_financing;Definitive Zahlen;juristische Person oder Personengesellschaft;Zuwender/in: IFPI Schweiz, Akteur/in: Schweizer Musikrat SMR, Aarau
de;4106;allowances;alphabetical;Kampagnenfinanzierung;24;08.03.2026 200 Franken sind genug! (SRG-Initiative);;campaign_financing;Definitive Zahlen;juristische Person oder Personengesellschaft;Zuwender/in: SUISA, Akteur/in: Schweizer Musikrat SMR, Aarau
de;411;allowances;alphabetical;Kampagnenfinanzierung;1;22.10.2023 Nationalratswahlen 2023;2023;campaign_financing;Budgetzahlen;juristische Person oder Personengesellschaft;Zuwender/in: Philip Morris Switzerland Sàrl, Akteur/in: FDP.Die Liberalen, Bern
de;4111;allowances;alphabetical;Kampagnenfinanzierung;26;08.03.2026 Bundesgesetz vom 20. Juni 2025 über die Individualbesteuerung;;campaign_financing;Definitive Zahlen;natürliche Person;Zuwender/in: Sprüngli Luzius, Akteur/in: FDP.Die Liberalen, Bern
de;4112;allowances;alphabetical;Kampagnenfinanzierung;26;08.03.2026 Bundesgesetz vom 20. Juni 2025 über die Individualbesteuerung;;campaign_financing;Definitive Zahlen;juristische Person oder Personengesellschaft;Zuwender/in: economiesuisse, Akteur/in: FDP.Die Liberalen, Bern
de;412;allowances;alphabetical;Kampagnenfinanzierung;1;22.10.2023 Nationalratswahlen 2023;2023;campaign_financing;Budgetzahlen;juristische Person oder Personengesellschaft;Zuwender/in: Freunde der FDP, Akteur/in: FDP.Die Liberalen, Bern
de;4150;allowances;alphabetical;Kampagnenfinanzierung;28;14.06.2026 Keine 10-Millionen-Schweiz! (Nachhaltigkeitsinitiative);;campaign_financing;Budgetzahlen;juristische Person oder Personengesellschaft;Zuwender/in: Schweizerische Volkspartei des Kantons Zürich, Akteur/in: IG Nachhaltigkeitsinitiative, Dübendorf
de;4151;allowances;alphabetical;Kampagnenfinanzierung;28;14.06.2026 Keine 10-Millionen-Schweiz! (Nachhaltigkeitsinitiative);;campaign_financing;Budgetzahlen;juristische Person oder Personengesellschaft;Zuwender/in: Stiftung für bürgerliche Politik, Akteur/in: IG Nachhaltigkeitsinitiative, Dübendorf
de;4152;allowances;alphabetical;Kampagnenfinanzierung;28;14.06.2026 Keine 10-Millionen-Schweiz! (Nachhaltigkeitsinitiative);;campaign_financing;Budgetzahlen;juristische Person oder Personengesellschaft;Zuwender/in: Schweizerische Volkspartei (SVP Schweiz), Akteur/in: IG Nachhaltigkeitsinitiative, Dübendorf
de;4153;allowances;alphabetical;Kampagnenfinanzierung;28;14.06.2026 Keine 10-Millionen-Schweiz! (Nachhaltigkeitsinitiative);;campaign_financing;Budgetzahlen;natürliche Person;Zuwender/in: Blocher Christoph, Akteur/in: IG Nachhaltigkeitsinitiative, Dübendorf
de;4154;allowances;alphabetical;Kampagnenfinanzierung;28;14.06.2026 Keine 10-Millionen-Schweiz! (Nachhaltigkeitsinitiative);;campaign_financing;Budgetzahlen;juristische Person oder Personengesellschaft;Zuwender/in: Emil Frey AG, Akteur/in: IG Nachhaltigkeitsinitiative, Dübendorf
de;4155;allowances;alphabetical;Kampagnenfinanzierung;28;14.06.2026 Keine 10-Millionen-Schweiz! (Nachhaltigkeitsinitiative);;campaign_financing;Budgetzahlen;juristische Person oder Personengesellschaft;Zuwender/in: Schweizerische Volkspartei (SVP Schweiz), Akteur/in: IG Nachhaltigkeitsinitiative, Dübendorf
de;4156;allowances;alphabetical;Kampagnenfinanzierung;28;14.06.2026 Keine 10-Millionen-Schweiz! (Nachhaltigkeitsinitiative);;campaign_financing;Budgetzahlen;juristische Person oder Personengesellschaft;Zuwender/in: Stiftung für bürgerliche Politik, Akteur/in: IG Nachhaltigkeitsinitiative, Dübendorf
de;4157;allowances;alphabetical;Kampagnenfinanzierung;28;14.06.2026 Keine 10-Millionen-Schweiz! (Nachhaltigkeitsinitiative);;campaign_financing;Budgetzahlen;natürliche Person;Zuwender/in: Matter Thomas, Akteur/in: IG Nachhaltigkeitsinitiative, Dübendorf
de;4158;allowances;alphabetical;Kampagnenfinanzierung;28;14.06.2026 Keine 10-Millionen-Schweiz! (Nachhaltigkeitsinitiative);;campaign_financing;Budgetzahlen;natürliche Person;Zuwender/in: Gaydoul Philippe, Akteur/in: IG Nachhaltigkeitsinitiative, Dübendorf
de;4159;allowances;alphabetical;Kampagnenfinanzierung;28;14.06.2026 Keine 10-Millionen-Schweiz! (Nachhaltigkeitsinitiative);;campaign_financing;Budgetzahlen;natürliche Person;Zuwender/in: Blocher Christoph, Akteur/in: IG Nachhaltigkeitsinitiative, Dübendorf
de;4160;allowances;alphabetical;Kampagnenfinanzierung;28;14.06.2026 Keine 10-Millionen-Schweiz! (Nachhaltigkeitsinitiative);;campaign_financing;Budgetzahlen;juristische Person oder Personengesellschaft;Zuwender/in: Patinex AG, Akteur/in: IG Nachhaltigkeitsinitiative, Dübendorf
de;4161;allowances;alphabetical;Kampagnenfinanzierung;28;14.06.2026 Keine 10-Millionen-Schweiz! (Nachhaltigkeitsinitiative);;campaign_financing;Budgetzahlen;natürliche Person;Zuwender/in: Urs Murbach und Theresa Nussbaum Urs Murbach und Theresa Nussbaum, Akteur/in: Sozialdemokratische Partei der Schweiz, Bern
de;4180;allowances;alphabetical;Kampagnenfinanzierung;28;14.06.2026 Keine 10-Millionen-Schweiz! (Nachhaltigkeitsinitiative);;campaign_financing;Budgetzahlen;natürliche Person;Zuwender/in: Brändlin Sabine und Dominik, Akteur/in: Sozialdemokratische Partei der Schweiz, Bern
de;4181;allowances;alphabetical;Kampagnenfinanzierung;24;08.03.2026 200 Franken sind genug! (SRG-Initiative);;campaign_financing;Definitive Zahlen;juristische Person oder Personengesellschaft;Zuwender/in: Cooperativa SSR Svizzera italiana Corsi, Akteur/in: Associazione Pro Servizio Pubblico Radiotelevisivo, Comano
de;4182;allowances;alphabetical;Kampagnenfinanzierung;24;08.03.2026 200 Franken sind genug! (SRG-Initiative);;campaign_financing;Definitive Zahlen;juristische Person oder Personengesellschaft;Zuwender/in: Cooperativa SSR Svizzera italiana Corsi, Akteur/in: Associazione Pro Servizio Pubblico Radiotelevisivo, Comano
de;4183;allowances;alphabetical;Kampagnenfinanzierung;24;08.03.2026 200 Franken sind genug! (SRG-Initiative);;campaign_financing;Definitive Zahlen;juristische Person oder Personengesellschaft;Zuwender/in: Volkart Stiftung, Akteur/in: Allianz Pro Medienvielfalt, Bern
de;4184;allowances;alphabetical;Kampagnenfinanzierung;24;08.03.2026 200 Franken sind genug! (SRG-Initiative);;campaign_financing;Definitive Zahlen;juristische Person oder Personengesellschaft;Zuwender/in: Stiftung für Medienvielfalt, Akteur/in: Allianz Pro Medienvielfalt, Bern
de;4185;allowances;alphabetical;Kampagnenfinanzierung;24;08.03.2026 200 Franken sind genug! (SRG-Initiative);;campaign_financing;Definitive Zahlen;juristische Person oder Personengesellschaft;Zuwender/in: Trägerschaftsverein SRG Zentralschweiz, Akteur/in: Allianz Pro Medienvielfalt, Bern
de;4186;allowances;alphabetical;Kampagnenfinanzierung;24;08.03.2026 200 Franken sind genug! (SRG-Initiative);;campaign_financing;Definitive Zahlen;natürliche Person;Zuwender/in: Bachmann & Fust Therese & Patrick, Akteur/in: Allianz Pro Medienvielfalt, Bern
de;4187;allowances;alphabetical;Kampagnenfinanzierung;24;08.03.2026 200 Franken sind genug! (SRG-Initiative);;campaign_financing;Definitive Zahlen;juristische Person oder Personengesellschaft;Zuwender/in: Schweizerische Gemeinnützige Gesellschaft, Akteur/in: Allianz Pro Medienvielfalt, Bern
de;4188;allowances;alphabetical;Kampagnenfinanzierung;24;08.03.2026 200 Franken sind genug! (SRG-Initiative);;campaign_financing;Definitive Zahlen;juristische Person oder Personengesellschaft;Zuwender/in: European Broadcasting Union, Akteur/in: Allianz Pro Medienvielfalt, Bern
de;4189;allowances;alphabetical;Kampagnenfinanzierung;24;08.03.2026 200 Franken sind genug! (SRG-Initiative);;campaign_financing;Definitive Zahlen;juristische Person oder Personengesellschaft;Zuwender/in: Demokratie Stiftung Basel, Akteur/in: Allianz Pro Medienvielfalt, Bern
de;4190;allowances;alphabetical;Kampagnenfinanzierung;24;08.03.2026 200 Franken sind genug! (SRG-Initiative);;campaign_financing;Definitive Zahlen;juristische Person oder Personengesellschaft;Zuwender/in: Genossenschaft SRG Bern Fribourg Wallis, Akteur/in: Allianz Pro Medienvielfalt, Bern
de;4191;allowances;alphabetical;Kampagnenfinanzierung;24;08.03.2026 200 Franken sind genug! (SRG-Initiative);;campaign_financing;Definitive Zahlen;juristische Person oder Personengesellschaft;Zuwender/in: Kulturfonds SSA, Akteur/in: Allianz Pro Medienvielfalt, Bern
de;4192;allowances;alphabetical;Kampagnenfinanzierung;24;08.03.2026 200 Franken sind genug! (SRG-Initiative);;campaign_financing;Definitive Zahlen;juristische Person oder Personengesellschaft;Zuwender/in: Schweizerische Interpreten Gesellschaft SIG, Akteur/in: Allianz Pro Medienvielfalt, Bern
de;4193;allowances;alphabetical;Kampagnenfinanzierung;24;08.03.2026 200 Franken sind genug! (SRG-Initiative);;campaign_financing;Definitive Zahlen;juristische Person oder Personengesellschaft;Zuwender/in: Bewegung Courage Civil, Akteur/in: Allianz Pro Medienvielfalt, Bern
de;4194;allowances;alphabetical;Kampagnenfinanzierung;24;08.03.2026 200 Franken sind genug! (SRG-Initiative);;campaign_financing;Definitive Zahlen;natürliche Person;Zuwender/in: Eder Joachim, Akteur/in: Allianz Pro Medienvielfalt, Bern
de;4195;allowances;alphabetical;Kampagnenfinanzierung;24;08.03.2026 200 Franken sind genug! (SRG-Initiative);;campaign_financing;Definitive Zahlen;natürliche Person;Zuwender/in: Balsiger Mark, Akteur/in: Allianz Pro Medienvielfalt, Bern
de;4196;allowances;alphabetical;Kampagnenfinanzierung;24;08.03.2026 200 Franken sind genug! (SRG-Initiative);;campaign_financing;Definitive Zahlen;natürliche Person;Zuwender/in: Hauser Maximilian, Akteur/in: Allianz Pro Medienvielfalt, Bern
de;4197;allowances;alphabetical;Kampagnenfinanzierung;24;08.03.2026 200 Franken sind genug! (SRG-Initiative);;campaign_financing;Definitive Zahlen;natürliche Person;Zuwender/in: Rytz Regula, Akteur/in: Allianz Pro Medienvielfalt, Bern
de;4198;allowances;alphabetical;Kampagnenfinanzierung;24;08.03.2026 200 Franken sind genug! (SRG-Initiative);;campaign_financing;Definitive Zahlen;natürliche Person;Zuwender/in: Leutwyler Christina, Akteur/in: Allianz Pro Medienvielfalt, Bern
de;4199;allowances;alphabetical;Kampagnenfinanzierung;24;08.03.2026 200 Franken sind genug! (SRG-Initiative);;campaign_financing;Definitive Zahlen;natürliche Person;Zuwender/in: Gysi Peter, Akteur/in: Allianz Pro Medienvielfalt, Bern
de;4200;allowances;alphabetical;Kampagnenfinanzierung;24;08.03.2026 200 Franken sind genug! (SRG-Initiative);;campaign_financing;Definitive Zahlen;natürliche Person;Zuwender/in: Henzi Ursula, Akteur/in: Allianz Pro Medienvielfalt, Bern
de;4201;allowances;alphabetical;Kampagnenfinanzierung;24;08.03.2026 200 Franken sind genug! (SRG-Initiative);;campaign_financing;Definitive Zahlen;juristische Person oder Personengesellschaft;Zuwender/in: Border Crossing AG, Akteur/in: Allianz Pro Medienvielfalt, Bern
de;4203;allowances;alphabetical;Kampagnenfinanzierung;28;14.06.2026 Keine 10-Millionen-Schweiz! (Nachhaltigkeitsinitiative);;campaign_financing;Budgetzahlen;juristische Person oder Personengesellschaft;Zuwender/in: Economiesuisse, Akteur/in: Die Mitte, Bern
de;4204;allowances;alphabetical;Kampagnenfinanzierung;28;14.06.2026 Keine 10-Millionen-Schweiz! (Nachhaltigkeitsinitiative);;campaign_financing;Budgetzahlen;juristische Person oder Personengesellschaft;Zuwender/in: Economiesuisse, Akteur/in: Die Mitte, Bern
de;421;allowances;alphabetical;Kampagnenfinanzierung;1;22.10.2023 Nationalratswahlen 2023;2023;campaign_financing;Budgetzahlen;juristische Person oder Personengesellschaft;Zuwender/in: Baumeisterverband Solothurn, Akteur/in: Spielmann Markus, Starrkirch-Wil
de;4211;allowances;alphabetical;Kampagnenfinanzierung;28;14.06.2026 Keine 10-Millionen-Schweiz! (Nachhaltigkeitsinitiative);;campaign_financing;Budgetzahlen;juristische Person oder Personengesellschaft;"Zuwender/in: Handelskammer beider Basel, Akteur/in: Allianz ""Nein zur Chaos-Initiative"", Bern"
de;4212;allowances;alphabetical;Kampagnenfinanzierung;28;14.06.2026 Keine 10-Millionen-Schweiz! (Nachhaltigkeitsinitiative);;campaign_financing;Budgetzahlen;juristische Person oder Personengesellschaft;"Zuwender/in: Fédération des Entreprises Romandes Genève, Akteur/in: Allianz ""Nein zur Chaos-Initiative"", Bern"
de;4213;allowances;alphabetical;Kampagnenfinanzierung;28;14.06.2026 Keine 10-Millionen-Schweiz! (Nachhaltigkeitsinitiative);;campaign_financing;Budgetzahlen;juristische Person oder Personengesellschaft;"Zuwender/in: Groupement des Entreprises Multinationales, Akteur/in: Allianz ""Nein zur Chaos-Initiative"", Bern"
de;4214;allowances;alphabetical;Kampagnenfinanzierung;28;14.06.2026 Keine 10-Millionen-Schweiz! (Nachhaltigkeitsinitiative);;campaign_financing;Budgetzahlen;juristische Person oder Personengesellschaft;"Zuwender/in: Chambre de commerce, d’industrie et des services de Genève, Akteur/in: Allianz ""Nein zur Chaos-Initiative"", Bern"
de;4215;allowances;alphabetical;Kampagnenfinanzierung;28;14.06.2026 Keine 10-Millionen-Schweiz! (Nachhaltigkeitsinitiative);;campaign_financing;Budgetzahlen;juristische Person oder Personengesellschaft;"Zuwender/in: Chambre vaudoise du commerce et de l'industrie, Akteur/in: Allianz ""Nein zur Chaos-Initiative"", Bern"
de;4216;allowances;alphabetical;Kampagnenfinanzierung;28;14.06.2026 Keine 10-Millionen-Schweiz! (Nachhaltigkeitsinitiative);;campaign_financing;Budgetzahlen;juristische Person oder Personengesellschaft;"Zuwender/in: Zürcher Handelskammer, Akteur/in: Allianz ""Nein zur Chaos-Initiative"", Bern"
de;4217;allowances;alphabetical;Kampagnenfinanzierung;28;14.06.2026 Keine 10-Millionen-Schweiz! (Nachhaltigkeitsinitiative);;campaign_financing;Budgetzahlen;juristische Person oder Personengesellschaft;"Zuwender/in: economiesuisse, Akteur/in: Allianz ""Nein zur Chaos-Initiative"", Bern"
de;4218;allowances;alphabetical;Kampagnenfinanzierung;28;14.06.2026 Keine 10-Millionen-Schweiz! (Nachhaltigkeitsinitiative);;campaign_financing;Budgetzahlen;juristische Person oder Personengesellschaft;"Zuwender/in: economiesuisse, Akteur/in: Allianz ""Nein zur Chaos-Initiative"", Bern"
de;4219;allowances;alphabetical;Kampagnenfinanzierung;28;14.06.2026 Keine 10-Millionen-Schweiz! (Nachhaltigkeitsinitiative);;campaign_financing;Budgetzahlen;juristische Person oder Personengesellschaft;"Zuwender/in: economiesuisse, Akteur/in: Allianz ""Nein zur Chaos-Initiative"", Bern"
de;422;allowances;alphabetical;Kampagnenfinanzierung;1;22.10.2023 Nationalratswahlen 2023;2023;campaign_financing;Budgetzahlen;juristische Person oder Personengesellschaft;Zuwender/in: Fondazione per una politica liberal-conservatrice, Akteur/in: Unione Democratica di Centro del Canton Ticino, Pregassona
de;4220;allowances;alphabetical;Kampagnenfinanzierung;28;14.06.2026 Keine 10-Millionen-Schweiz! (Nachhaltigkeitsinitiative);;campaign_financing;Budgetzahlen;juristische Person oder Personengesellschaft;"Zuwender/in: Fondation Genève Place Financière, Akteur/in: Allianz ""Nein zur Chaos-Initiative"", Bern"
de;4221;allowances;alphabetical;Kampagnenfinanzierung;28;14.06.2026 Keine 10-Millionen-Schweiz! (Nachhaltigkeitsinitiative);;campaign_financing;Budgetzahlen;juristische Person oder Personengesellschaft;Zuwender/in: economiesuisse, Akteur/in: FDP.Die Liberalen, Bern
de;4222;allowances;alphabetical;Kampagnenfinanzierung;28;14.06.2026 Keine 10-Millionen-Schweiz! (Nachhaltigkeitsinitiative);;campaign_financing;Budgetzahlen;juristische Person oder Personengesellschaft;Zuwender/in: economiesuisse, Akteur/in: FDP.Die Liberalen, Bern
de;4223;allowances;alphabetical;Kampagnenfinanzierung;28;14.06.2026 Keine 10-Millionen-Schweiz! (Nachhaltigkeitsinitiative);;campaign_financing;Budgetzahlen;juristische Person oder Personengesellschaft;Zuwender/in: economiesuisse, Akteur/in: FDP.Die Liberalen, Bern
de;423;allowances;alphabetical;Kampagnenfinanzierung;1;22.10.2023 Nationalratswahlen 2023;2023;campaign_financing;Budgetzahlen;juristische Person oder Personengesellschaft;Zuwender/in: Verein «Für bürgerliche Politiker im Kanton Zug», Akteur/in: Schweizerische Volkspartei des Kantons und Freistaates Zug, Zug
de;424;allowances;alphabetical;Kampagnenfinanzierung;1;22.10.2023 Nationalratswahlen 2023;2023;campaign_financing;Budgetzahlen;natürliche Person;Zuwender/in: Leuppi Ruedi, Akteur/in: Jill Nussbaumer in den Nationalrat, Zug
de;425;allowances;alphabetical;Kampagnenfinanzierung;1;22.10.2023 Nationalratswahlen 2023;2023;campaign_financing;Budgetzahlen;juristische Person oder Personengesellschaft;Zuwender/in: WMN Services GmbH, Akteur/in: Alijaj Islam, Zürich
de;426;allowances;alphabetical;Kampagnenfinanzierung;1;22.10.2023 Nationalratswahlen 2023;2023;campaign_financing;Budgetzahlen;natürliche Person;Zuwender/in: Schärer David, Akteur/in: Alijaj Islam, Zürich
de;427;allowances;alphabetical;Kampagnenfinanzierung;1;22.10.2023 Nationalratswahlen 2023;2023;campaign_financing;Budgetzahlen;juristische Person oder Personengesellschaft;Zuwender/in: WMN Services GmbH, Akteur/in: Alijaj Islam, Zürich
de;428;allowances;alphabetical;Kampagnenfinanzierung;1;22.10.2023 Nationalratswahlen 2023;2023;campaign_financing;Budgetzahlen;juristische Person oder Personengesellschaft;Zuwender/in: Pro Infirmis, Akteur/in: Alijaj Islam, Zürich
de;429;allowances;alphabetical;Kampagnenfinanzierung;1;22.10.2023 Nationalratswahlen 2023;2023;campaign_financing;Budgetzahlen;juristische Person oder Personengesellschaft;Zuwender/in: Supporter-Club FDP AR, Akteur/in: FDP.Die Liberalen des Kantons Appenzell Ausserrhoden, Heiden
de;43;allowances;alphabetical;Kampagnenfinanzierung;1;22.10.2023 Nationalratswahlen 2023;2023;campaign_financing;Budgetzahlen;juristische Person oder Personengesellschaft;Zuwender/in: Raiffeisen Schweiz Genossenschaft, Akteur/in: Komitee Thomas de Courten in den Nationalrat, Rünenberg
de;430;allowances;alphabetical;Kampagnenfinanzierung;1;22.10.2023 Nationalratswahlen 2023;2023;campaign_financing;Budgetzahlen;natürliche Person;Zuwender/in: Marchand Christina, Akteur/in: Grüne Kanton Zürich, Zürich
de;431;allowances;alphabetical;Kampagnenfinanzierung;1;22.10.2023 Nationalratswahlen 2023;2023;campaign_financing;Budgetzahlen;juristische Person oder Personengesellschaft;Zuwender/in: SP Schweiz, Akteur/in: Sozialdemokratische Partei Basel-Stadt, Basel-Stadt
de;432;allowances;alphabetical;Kampagnenfinanzierung;1;22.10.2023 Nationalratswahlen 2023;2023;campaign_financing;Budgetzahlen;juristische Person oder Personengesellschaft;Zuwender/in: SP Schweiz, Akteur/in: Sozialdemokratische Partei Basel-Stadt, Basel-Stadt
de;433;allowances;alphabetical;Kampagnenfinanzierung;1;22.10.2023 Nationalratswahlen 2023;2023;campaign_financing;Budgetzahlen;juristische Person oder Personengesellschaft;Zuwender/in: Moving Media Basel AG, Akteur/in: Sozialdemokratische Partei Basel-Stadt, Basel-Stadt
de;434;allowances;alphabetical;Kampagnenfinanzierung;1;22.10.2023 Nationalratswahlen 2023;2023;campaign_financing;Definitive Zahlen;juristische Person oder Personengesellschaft;Zuwender/in: Greenpeace Schweiz, Akteur/in: Greenpeace Schweiz, Zürich
de;439;allowances;alphabetical;Kampagnenfinanzierung;1;22.10.2023 Nationalratswahlen 2023;2023;campaign_financing;Definitive Zahlen;natürliche Person;Zuwender/in: Weidmann Tobias, Akteur/in: Schweizerische Volkspartei des Bezirkes Winterthur, Hünikon (Neftenbach)
de;44;allowances;alphabetical;Kampagnenfinanzierung;1;22.10.2023 Nationalratswahlen 2023;2023;campaign_financing;Budgetzahlen;juristische Person oder Personengesellschaft;Zuwender/in: Sozialdemokratische Partei Schweiz, Akteur/in: Sozialdemokratische Partei Kanton Aargau, Aarau
de;441;allowances;alphabetical;Kampagnenfinanzierung;1;22.10.2023 Nationalratswahlen 2023;2023;campaign_financing;Definitive Zahlen;juristische Person oder Personengesellschaft;Zuwender/in: Grünliberale Partei Schweiz, Akteur/in: Grünliberale Kanton Zürich, Zürich
de;446;allowances;alphabetical;Kampagnenfinanzierung;1;22.10.2023 Nationalratswahlen 2023;2023;campaign_financing;Definitive Zahlen;natürliche Person;Zuwender/in: Töngi Michael, Akteur/in: Grüne Kanton Luzern, Luzern
de;447;allowances;alphabetical;Kampagnenfinanzierung;1;22.10.2023 Nationalratswahlen 2023;2023;campaign_financing;Definitive Zahlen;natürliche Person;Zuwender/in: Schlepfer Thom, Akteur/in: Grüne Kanton Luzern, Luzern
de;448;allowances;alphabetical;Kampagnenfinanzierung;1;22.10.2023 Nationalratswahlen 2023;2023;campaign_financing;Definitive Zahlen;juristische Person oder Personengesellschaft;Zuwender/in: Grünliberale Partei Schweiz, Akteur/in: Grünliberale Kanton Zürich, Zürich
de;449;allowances;alphabetical;Kampagnenfinanzierung;1;22.10.2023 Nationalratswahlen 2023;2023;campaign_financing;Definitive Zahlen;natürliche Person;Zuwender/in: Schaffner Barbara, Akteur/in: Grünliberale Kanton Zürich, Zürich
de;45;allowances;alphabetical;Kampagnenfinanzierung;1;22.10.2023 Nationalratswahlen 2023;2023;campaign_financing;Budgetzahlen;juristische Person oder Personengesellschaft;Zuwender/in: Club économique libéral, Akteur/in: Parti libéral-radical neuchâtelois, Neuchâtel
de;450;allowances;alphabetical;Kampagnenfinanzierung;1;22.10.2023 Nationalratswahlen 2023;2023;campaign_financing;Definitive Zahlen;natürliche Person;Zuwender/in: Bäumle Martin, Akteur/in: Grünliberale Kanton Zürich, Zürich
de;4516;allowances;alphabetical;Kampagnenfinanzierung;29;14.06.2026 Änderung vom 26. September 2025 des Bundesgesetzes über den zivilen Ersatzdienst (Zivildienstgesetz, ZDG);;campaign_financing;Budgetzahlen;juristische Person oder Personengesellschaft;Zuwender/in: Junge Grüne Schweiz, Akteur/in: Allianz Zivildienstgesetz-nein, Bern
de;4517;allowances;alphabetical;Kampagnenfinanzierung;29;14.06.2026 Änderung vom 26. September 2025 des Bundesgesetzes über den zivilen Ersatzdienst (Zivildienstgesetz, ZDG);;campaign_financing;Budgetzahlen;juristische Person oder Personengesellschaft;Zuwender/in: Junge Grüne Schweiz, Akteur/in: Allianz Zivildienstgesetz-nein, Bern
de;4526;allowances;alphabetical;Kampagnenfinanzierung;29;14.06.2026 Änderung vom 26. September 2025 des Bundesgesetzes über den zivilen Ersatzdienst (Zivildienstgesetz, ZDG);;campaign_financing;Budgetzahlen;natürliche Person;Zuwender/in: Werenfels Samuel, Akteur/in: Allianz Zivildienstgesetz-nein, Bern
de;454;allowances;alphabetical;Kampagnenfinanzierung;1;22.10.2023 Nationalratswahlen 2023;2023;campaign_financing;Definitive Zahlen;juristische Person oder Personengesellschaft;Zuwender/in: FDP Schweiz, Akteur/in: Partito Liberale Radicale Ticinese, Bellinzona
de;455;allowances;alphabetical;Kampagnenfinanzierung;1;22.10.2023 Nationalratswahlen 2023;2023;campaign_financing;Definitive Zahlen;juristische Person oder Personengesellschaft;Zuwender/in: Schweizerischer Gewerbeverband, Akteur/in: Schweizerische Volkspartei von Appenzell Ausserrhoden, Schönengrund
de;456;allowances;alphabetical;Kampagnenfinanzierung;1;22.10.2023 Nationalratswahlen 2023;2023;campaign_financing;Definitive Zahlen;juristische Person oder Personengesellschaft;Zuwender/in: Treffpunkt AR plus, Akteur/in: Schweizerische Volkspartei von Appenzell Ausserrhoden, Schönengrund
de;458;allowances;alphabetical;Kampagnenfinanzierung;1;22.10.2023 Nationalratswahlen 2023;2023;campaign_financing;Definitive Zahlen;natürliche Person;Zuwender/in: Studer Lilian, Akteur/in: Evangelische Volkspartei des Kantons Aargau, Aarau
de;459;allowances;alphabetical;Kampagnenfinanzierung;1;22.10.2023 Nationalratswahlen 2023;2023;campaign_financing;Definitive Zahlen;juristische Person oder Personengesellschaft;Zuwender/in: HEV Kanton Zürich, Akteur/in: Rueff-Frenkel Sonja, Zürich
de;46;allowances;alphabetical;Kampagnenfinanzierung;1;22.10.2023 Nationalratswahlen 2023;2023;campaign_financing;Budgetzahlen;natürliche Person;Zuwender/in: Blocher Christoph, Akteur/in: Schweizerische Volkspartei (SVP), Bern
de;460;allowances;alphabetical;Kampagnenfinanzierung;1;22.10.2023 Nationalratswahlen 2023;2023;campaign_financing;Definitive Zahlen;juristische Person oder Personengesellschaft;Zuwender/in: Verein «Für bürgerliche Politiker im Kanton Zug», Akteur/in: Schweizerische Volkspartei des Kantons und Freistaates Zug, Zug
de;462;allowances;alphabetical;Kampagnenfinanzierung;1;22.10.2023 Nationalratswahlen 2023;2023;campaign_financing;Definitive Zahlen;juristische Person oder Personengesellschaft;Zuwender/in: Baumeisterverband Solothurn, Akteur/in: Spielmann Markus, Starrkirch-Wil
de;463;allowances;alphabetical;Kampagnenfinanzierung;1;22.10.2023 Nationalratswahlen 2023;2023;campaign_financing;Definitive Zahlen;juristische Person oder Personengesellschaft;Zuwender/in: Grünliberale Partei Schweiz, Akteur/in: Grünliberale Kanton Thurgau, Frauenfeld
de;464;allowances;alphabetical;Kampagnenfinanzierung;1;22.10.2023 Nationalratswahlen 2023;2023;campaign_financing;Definitive Zahlen;natürliche Person;Zuwender/in: Thalmann Vroni, Akteur/in: Grüter Franz, Eich
de;465;allowances;alphabetical;Kampagnenfinanzierung;1;22.10.2023 Nationalratswahlen 2023;2023;campaign_financing;Definitive Zahlen;natürliche Person;Zuwender/in: Gredig Corina, Akteur/in: Grünliberale Kanton Zürich, Zürich
de;466;allowances;alphabetical;Kampagnenfinanzierung;1;22.10.2023 Nationalratswahlen 2023;2023;campaign_financing;Definitive Zahlen;natürliche Person;Zuwender/in: Hässig Patrick, Akteur/in: Grünliberale Kanton Zürich, Zürich
de;467;allowances;alphabetical;Kampagnenfinanzierung;1;22.10.2023 Nationalratswahlen 2023;2023;campaign_financing;Definitive Zahlen;natürliche Person;Zuwender/in: Moser Tiana, Akteur/in: Grünliberale Kanton Zürich, Zürich
de;468;allowances;alphabetical;Kampagnenfinanzierung;1;22.10.2023 Nationalratswahlen 2023;2023;campaign_financing;Definitive Zahlen;natürliche Person;Zuwender/in: Staub Zeno, Akteur/in: Arbeitsgemeinschaft Wirtschaft und Gesellschaft des Kantons Zürich (AWG), Zürich
de;469;allowances;alphabetical;Kampagnenfinanzierung;1;22.10.2023 Nationalratswahlen 2023;2023;campaign_financing;Definitive Zahlen;juristische Person oder Personengesellschaft;Zuwender/in: HEV Kanton Zürich, Akteur/in: Die Mitte Kanton Zürich, Zürich
de;47;allowances;alphabetical;Kampagnenfinanzierung;1;22.10.2023 Nationalratswahlen 2023;2023;campaign_financing;Budgetzahlen;natürliche Person;Zuwender/in: Frey Walter, Akteur/in: Schweizerische Volkspartei (SVP), Bern
de;470;allowances;alphabetical;Kampagnenfinanzierung;1;22.10.2023 Nationalratswahlen 2023;2023;campaign_financing;Definitive Zahlen;natürliche Person;Zuwender/in: Eric Syz, Akteur/in: Arbeitsgemeinschaft Wirtschaft und Gesellschaft des Kantons Zürich (AWG), Zürich
de;471;allowances;alphabetical;Kampagnenfinanzierung;1;22.10.2023 Nationalratswahlen 2023;2023;campaign_financing;Definitive Zahlen;juristische Person oder Personengesellschaft;Zuwender/in: Flughafen Zürich, Akteur/in: Die Mitte Kanton Zürich, Zürich
de;472;allowances;alphabetical;Kampagnenfinanzierung;2;22.10.2023 Ständeratswahlen 2023;;campaign_financing;Definitive Zahlen;juristische Person oder Personengesellschaft;Zuwender/in: Gem, Akteur/in: Gössi Petra, Küssnacht am Rigi
de;473;allowances;alphabetical;Kampagnenfinanzierung;1;22.10.2023 Nationalratswahlen 2023;2023;campaign_financing;Definitive Zahlen;juristische Person oder Personengesellschaft;Zuwender/in: Evangelische Volkspartei der Schweiz, Akteur/in: Evangelische Volkspartei des Kantons Aargau, Aarau
de;474;allowances;alphabetical;Kampagnenfinanzierung;1;22.10.2023 Nationalratswahlen 2023;2023;campaign_financing;Definitive Zahlen;juristische Person oder Personengesellschaft;Zuwender/in: Gesellschaft zum Zytthurm, Akteur/in: Die Mitte Kanton Zug, Rotkreuz
de;475;allowances;alphabetical;Kampagnenfinanzierung;1;22.10.2023 Nationalratswahlen 2023;2023;campaign_financing;Definitive Zahlen;juristische Person oder Personengesellschaft;Zuwender/in: Schweizerischer Arbeitgeberverband, Akteur/in: Grünliberale Partei Schweiz, Bern
de;478;allowances;alphabetical;Kampagnenfinanzierung;1;22.10.2023 Nationalratswahlen 2023;2023;campaign_financing;Definitive Zahlen;juristische Person oder Personengesellschaft;Zuwender/in: Hauseigentümerverband Kanton Zürich, Akteur/in: Farner Martin, Oberstammheim
de;48;allowances;alphabetical;Kampagnenfinanzierung;1;22.10.2023 Nationalratswahlen 2023;2023;campaign_financing;Budgetzahlen;natürliche Person;Zuwender/in: Martullo-Blocher Magdalena, Akteur/in: Schweizerische Volkspartei (SVP), Bern
de;482;allowances;alphabetical;Kampagnenfinanzierung;1;22.10.2023 Nationalratswahlen 2023;2023;campaign_financing;Definitive Zahlen;juristische Person oder Personengesellschaft;Zuwender/in: SSIC TI, Akteur/in: Farinelli Alex, Comano
de;484;allowances;alphabetical;Kampagnenfinanzierung;1;22.10.2023 Nationalratswahlen 2023;2023;campaign_financing;Definitive Zahlen;juristische Person oder Personengesellschaft;Zuwender/in: FORUM AARGAU, Akteur/in: FDP.Die Liberalen Aargau, Aarau
de;485;allowances;alphabetical;Kampagnenfinanzierung;1;22.10.2023 Nationalratswahlen 2023;2023;campaign_financing;Definitive Zahlen;juristische Person oder Personengesellschaft;Zuwender/in: HEV Zürich, Akteur/in: Freisinnig-Demokratische Partei der Stadt Zürich, Zürich
de;487;allowances;alphabetical;Kampagnenfinanzierung;2;22.10.2023 Ständeratswahlen 2023;;campaign_financing;Definitive Zahlen;natürliche Person;Zuwender/in: Burkard Carmita, Akteur/in: UNTERSTÜTZUNGSKOMITEE MAYA GRAF - UNSERE STÄNDERÄTIN WIEDER NACH BERN, Sissach
de;489;allowances;alphabetical;Kampagnenfinanzierung;1;22.10.2023 Nationalratswahlen 2023;2023;campaign_financing;Definitive Zahlen;juristische Person oder Personengesellschaft;Zuwender/in: Schweizerischer Gewerbeverband sgv, Akteur/in: Schneeberger Daniela, Thürnen
de;49;allowances;alphabetical;Kampagnenfinanzierung;1;22.10.2023 Nationalratswahlen 2023;2023;campaign_financing;Budgetzahlen;natürliche Person;Zuwender/in: Matter Thomas, Akteur/in: Schweizerische Volkspartei (SVP), Bern
de;495;allowances;alphabetical;Kampagnenfinanzierung;1;22.10.2023 Nationalratswahlen 2023;2023;campaign_financing;Definitive Zahlen;natürliche Person;Zuwender/in: Ruppen Franz, Akteur/in: Schweizerische Volkspartei Oberwallis, Brig
de;496;allowances;alphabetical;Kampagnenfinanzierung;1;22.10.2023 Nationalratswahlen 2023;2023;campaign_financing;Definitive Zahlen;natürliche Person;Zuwender/in: Graber Michael, Akteur/in: Schweizerische Volkspartei Oberwallis, Brig
de;497;allowances;alphabetical;Kampagnenfinanzierung;1;22.10.2023 Nationalratswahlen 2023;2023;campaign_financing;Definitive Zahlen;juristische Person oder Personengesellschaft;Zuwender/in: Pomona Media AG, Akteur/in: Schweizerische Volkspartei Oberwallis, Brig
de;498;allowances;alphabetical;Kampagnenfinanzierung;1;22.10.2023 Nationalratswahlen 2023;2023;campaign_financing;Definitive Zahlen;juristische Person oder Personengesellschaft;Zuwender/in: Kuratorium Thurgau, Akteur/in: Schweizerische Volkspartei des Kantons Thurgau, Mettlen
de;499;allowances;alphabetical;Kampagnenfinanzierung;1;22.10.2023 Nationalratswahlen 2023;2023;campaign_financing;Definitive Zahlen;juristische Person oder Personengesellschaft;Zuwender/in: Kuratorium Thurgau, Akteur/in: Schweizerische Volkspartei des Kantons Thurgau, Mettlen
de;5;allowances;alphabetical;Kampagnenfinanzierung;1;22.10.2023 Nationalratswahlen 2023;2023;campaign_financing;Budgetzahlen;juristische Person oder Personengesellschaft;Zuwender/in: Grünliberale Partei Bezirk Horgen, Akteur/in: Bellaïche Jäger Judith, Kilchberg
de;50;allowances;alphabetical;Kampagnenfinanzierung;1;22.10.2023 Nationalratswahlen 2023;2023;campaign_financing;Budgetzahlen;juristische Person oder Personengesellschaft;Zuwender/in: Schweiz. Arbeitgeberverband, Akteur/in: Schweizerische Volkspartei (SVP), Bern
de;500;allowances;alphabetical;Kampagnenfinanzierung;1;22.10.2023 Nationalratswahlen 2023;2023;campaign_financing;Definitive Zahlen;juristische Person oder Personengesellschaft;Zuwender/in: PCS Holding AG, Akteur/in: Schweizerische Volkspartei des Kantons Thurgau, Mettlen
de;501;allowances;alphabetical;Kampagnenfinanzierung;1;22.10.2023 Nationalratswahlen 2023;2023;campaign_financing;Definitive Zahlen;juristische Person oder Personengesellschaft;Zuwender/in: Grünliberale Partei Schweiz, Akteur/in: Junge Grünliberale Partei Schweiz, Bern
de;504;allowances;alphabetical;Kampagnenfinanzierung;1;22.10.2023 Nationalratswahlen 2023;2023;campaign_financing;Definitive Zahlen;juristische Person oder Personengesellschaft;Zuwender/in: Sozialdemokratische Partei der Schweiz, Akteur/in: Sozialdemokratische Partei des Kantons Zürich, Zürich
de;505;allowances;alphabetical;Kampagnenfinanzierung;1;22.10.2023 Nationalratswahlen 2023;2023;campaign_financing;Definitive Zahlen;juristische Person oder Personengesellschaft;Zuwender/in: Sozialdemokratische Partei der Schweiz, Akteur/in: Sozialdemokratische Partei des Kantons Zürich, Zürich
de;506;allowances;alphabetical;Kampagnenfinanzierung;1;22.10.2023 Nationalratswahlen 2023;2023;campaign_financing;Definitive Zahlen;juristische Person oder Personengesellschaft;Zuwender/in: Sozialdemokratische Partei der Schweiz, Akteur/in: Sozialdemokratische Partei des Kantons Zürich, Zürich
de;507;allowances;alphabetical;Kampagnenfinanzierung;1;22.10.2023 Nationalratswahlen 2023;2023;campaign_financing;Definitive Zahlen;natürliche Person;Zuwender/in: Ursprung Jasmin, Akteur/in: Schweizerische Volkspartei Ortspartei Udligenswil, Udligenswil
de;51;allowances;alphabetical;Kampagnenfinanzierung;1;22.10.2023 Nationalratswahlen 2023;2023;campaign_financing;Budgetzahlen;juristische Person oder Personengesellschaft;Zuwender/in: Swiss Life AG, Akteur/in: Schweizerische Volkspartei des Kantons Zürich, Dübendorf
de;511;allowances;alphabetical;Kampagnenfinanzierung;1;22.10.2023 Nationalratswahlen 2023;2023;campaign_financing;Definitive Zahlen;natürliche Person;Zuwender/in: Burkart Carmita, Akteur/in: Alternative - die Grünen Zug, Zug
de;514;allowances;alphabetical;Kampagnenfinanzierung;1;22.10.2023 Nationalratswahlen 2023;2023;campaign_financing;Definitive Zahlen;juristische Person oder Personengesellschaft;Zuwender/in: Aerztegesellschaft Zürich AGZ, Akteur/in: Balmer Bettina, Zürich
de;515;allowances;alphabetical;Kampagnenfinanzierung;1;22.10.2023 Nationalratswahlen 2023;2023;campaign_financing;Definitive Zahlen;juristische Person oder Personengesellschaft;Zuwender/in: WWF Bern, Akteur/in: Klima-Allianz Schweiz, Genf
de;516;allowances;alphabetical;Kampagnenfinanzierung;1;22.10.2023 Nationalratswahlen 2023;2023;campaign_financing;Definitive Zahlen;juristische Person oder Personengesellschaft;Zuwender/in: Stiftung Stopp Klimakrise, Akteur/in: Klima-Allianz Schweiz, Genf
de;517;allowances;alphabetical;Kampagnenfinanzierung;1;22.10.2023 Nationalratswahlen 2023;2023;campaign_financing;Definitive Zahlen;juristische Person oder Personengesellschaft;Zuwender/in: Greenpeace Schweiz, Akteur/in: Klima-Allianz Schweiz, Genf
de;518;allowances;alphabetical;Kampagnenfinanzierung;1;22.10.2023 Nationalratswahlen 2023;2023;campaign_financing;Definitive Zahlen;natürliche Person;Zuwender/in: Marchand Christina und Oliver, Akteur/in: Klima-Allianz Schweiz, Genf
de;519;allowances;alphabetical;Kampagnenfinanzierung;1;22.10.2023 Nationalratswahlen 2023;2023;campaign_financing;Definitive Zahlen;juristische Person oder Personengesellschaft;Zuwender/in: WWF Schweiz inklusive kantonale Sektionen, Akteur/in: Klima-Allianz Schweiz, Genf
de;52;allowances;alphabetical;Kampagnenfinanzierung;1;22.10.2023 Nationalratswahlen 2023;2023;campaign_financing;Budgetzahlen;juristische Person oder Personengesellschaft;Zuwender/in: Hauseigentümerverband Kanton Zürich, Akteur/in: Schweizerische Volkspartei des Kantons Zürich, Dübendorf
de;520;allowances;alphabetical;Kampagnenfinanzierung;1;22.10.2023 Nationalratswahlen 2023;2023;campaign_financing;Definitive Zahlen;juristische Person oder Personengesellschaft;Zuwender/in: Raiffeisenbank, Akteur/in: Schneider-Schneiter Elisabeth, Biel-Benken
de;521;allowances;alphabetical;Kampagnenfinanzierung;1;22.10.2023 Nationalratswahlen 2023;2023;campaign_financing;Definitive Zahlen;juristische Person oder Personengesellschaft;Zuwender/in: Verein für lösungsorientierte Politik, Akteur/in: Schneider-Schneiter Elisabeth, Biel-Benken
de;522;allowances;alphabetical;Kampagnenfinanzierung;1;22.10.2023 Nationalratswahlen 2023;2023;campaign_financing;Definitive Zahlen;juristische Person oder Personengesellschaft;Zuwender/in: Handelskammer beider Basel, Akteur/in: Schneider-Schneiter Elisabeth, Biel-Benken
de;523;allowances;alphabetical;Kampagnenfinanzierung;1;22.10.2023 Nationalratswahlen 2023;2023;campaign_financing;Definitive Zahlen;natürliche Person;Zuwender/in: Weidmann Tobias, Akteur/in: Schweizerische Volkspartei des Bezirkes Winterthur, Hünikon (Neftenbach)
de;524;allowances;alphabetical;Kampagnenfinanzierung;1;22.10.2023 Nationalratswahlen 2023;2023;campaign_financing;Definitive Zahlen;natürliche Person;Zuwender/in: Schärer David, Akteur/in: Alijaj Islam, Zürich
de;525;allowances;alphabetical;Kampagnenfinanzierung;1;22.10.2023 Nationalratswahlen 2023;2023;campaign_financing;Definitive Zahlen;juristische Person oder Personengesellschaft;Zuwender/in: Pro Infirmis, Akteur/in: Alijaj Islam, Zürich
de;526;allowances;alphabetical;Kampagnenfinanzierung;1;22.10.2023 Nationalratswahlen 2023;2023;campaign_financing;Definitive Zahlen;juristische Person oder Personengesellschaft;Zuwender/in: WMN Services GmbH, Akteur/in: Alijaj Islam, Zürich
de;527;allowances;alphabetical;Kampagnenfinanzierung;1;22.10.2023 Nationalratswahlen 2023;2023;campaign_financing;Definitive Zahlen;juristische Person oder Personengesellschaft;Zuwender/in: WMN Services GmbH, Akteur/in: Alijaj Islam, Zürich
de;528;allowances;alphabetical;Kampagnenfinanzierung;1;22.10.2023 Nationalratswahlen 2023;2023;campaign_financing;Definitive Zahlen;juristische Person oder Personengesellschaft;Zuwender/in: schweiz. Arbeitgeberverband, Akteur/in: Schweizerische Volkspartei (SVP), Bern
de;529;allowances;alphabetical;Kampagnenfinanzierung;1;22.10.2023 Nationalratswahlen 2023;2023;campaign_financing;Definitive Zahlen;natürliche Person;Zuwender/in: Matter Thomas, Akteur/in: Schweizerische Volkspartei (SVP), Bern
de;530;allowances;alphabetical;Kampagnenfinanzierung;1;22.10.2023 Nationalratswahlen 2023;2023;campaign_financing;Definitive Zahlen;natürliche Person;Zuwender/in: Frey Walter, Akteur/in: Schweizerische Volkspartei (SVP), Bern
de;531;allowances;alphabetical;Kampagnenfinanzierung;1;22.10.2023 Nationalratswahlen 2023;2023;campaign_financing;Definitive Zahlen;natürliche Person;Zuwender/in: Martullo Blocher Magdalena Silvia, Akteur/in: Schweizerische Volkspartei (SVP), Bern
de;532;allowances;alphabetical;Kampagnenfinanzierung;1;22.10.2023 Nationalratswahlen 2023;2023;campaign_financing;Definitive Zahlen;juristische Person oder Personengesellschaft;Zuwender/in: Stiftung für bürgerliche Politik, Akteur/in: Schweizerische Volkspartei (SVP), Bern
de;533;allowances;alphabetical;Kampagnenfinanzierung;1;22.10.2023 Nationalratswahlen 2023;2023;campaign_financing;Definitive Zahlen;juristische Person oder Personengesellschaft;Zuwender/in: Philip Morris Switzerland Sarl, Akteur/in: Schweizerische Volkspartei (SVP), Bern
de;534;allowances;alphabetical;Kampagnenfinanzierung;1;22.10.2023 Nationalratswahlen 2023;2023;campaign_financing;Definitive Zahlen;juristische Person oder Personengesellschaft;Zuwender/in: FDP.Die Liberalen Schweiz, Akteur/in: FDP.Die Liberalen Kanton Bern, Bern
de;535;allowances;alphabetical;Kampagnenfinanzierung;1;22.10.2023 Nationalratswahlen 2023;2023;campaign_financing;Definitive Zahlen;juristische Person oder Personengesellschaft;Zuwender/in: Supporterclub der FDP Kanton Bern, Akteur/in: FDP.Die Liberalen Kanton Bern, Bern
de;55;allowances;alphabetical;Kampagnenfinanzierung;1;22.10.2023 Nationalratswahlen 2023;2023;campaign_financing;Budgetzahlen;juristische Person oder Personengesellschaft;Zuwender/in: Aerztegesellschaft Zürich AGZ, Akteur/in: Balmer Bettina, Zürich
de;556;allowances;alphabetical;Kampagnenfinanzierung;1;22.10.2023 Nationalratswahlen 2023;2023;campaign_financing;Definitive Zahlen;juristische Person oder Personengesellschaft;Zuwender/in: PS Suisse, Akteur/in: Parti socialiste neuchâtelois, Neuchâtel
de;557;allowances;alphabetical;Kampagnenfinanzierung;1;22.10.2023 Nationalratswahlen 2023;2023;campaign_financing;Definitive Zahlen;juristische Person oder Personengesellschaft;Zuwender/in: PS Suisse, Akteur/in: Parti socialiste neuchâtelois, Neuchâtel
de;56;allowances;alphabetical;Kampagnenfinanzierung;1;22.10.2023 Nationalratswahlen 2023;2023;campaign_financing;Budgetzahlen;juristische Person oder Personengesellschaft;Zuwender/in: Schweizer Bauernverband, Akteur/in: IG der Wirtschaftsverbände, Zürich
de;560;allowances;alphabetical;Kampagnenfinanzierung;1;22.10.2023 Nationalratswahlen 2023;2023;campaign_financing;Definitive Zahlen;juristische Person oder Personengesellschaft;Zuwender/in: Swiss Life AG, Akteur/in: Schweizerische Volkspartei des Kantons Zürich, Dübendorf
de;561;allowances;alphabetical;Kampagnenfinanzierung;1;22.10.2023 Nationalratswahlen 2023;2023;campaign_financing;Definitive Zahlen;juristische Person oder Personengesellschaft;Zuwender/in: HEV Kanton Zürich, Akteur/in: Schweizerische Volkspartei des Kantons Zürich, Dübendorf
de;564;allowances;alphabetical;Kampagnenfinanzierung;1;22.10.2023 Nationalratswahlen 2023;2023;campaign_financing;Definitive Zahlen;juristische Person oder Personengesellschaft;Zuwender/in: Club Bürgerliche 100, Akteur/in: Schweizerische Volkspartei Aargau, Staufen
de;569;allowances;alphabetical;Kampagnenfinanzierung;1;22.10.2023 Nationalratswahlen 2023;2023;campaign_financing;Definitive Zahlen;juristische Person oder Personengesellschaft;Zuwender/in: SP Schweiz, Akteur/in: Sozialdemokratische Partei des Kantons Bern, Bern
de;57;allowances;alphabetical;Kampagnenfinanzierung;1;22.10.2023 Nationalratswahlen 2023;2023;campaign_financing;Budgetzahlen;juristische Person oder Personengesellschaft;Zuwender/in: Schweizer Bauernverband, Akteur/in: IG der Wirtschaftsverbände, Zürich
de;570;allowances;alphabetical;Kampagnenfinanzierung;1;22.10.2023 Nationalratswahlen 2023;2023;campaign_financing;Definitive Zahlen;juristische Person oder Personengesellschaft;Zuwender/in: SP Kanton Bern, Akteur/in: Sozialdemokratische Partei des Kantons Bern, Bern
de;571;allowances;alphabetical;Kampagnenfinanzierung;1;22.10.2023 Nationalratswahlen 2023;2023;campaign_financing;Definitive Zahlen;juristische Person oder Personengesellschaft;Zuwender/in: SP Schweiz, Akteur/in: Sozialdemokratische Partei des Kantons Bern, Bern
de;572;allowances;alphabetical;Kampagnenfinanzierung;1;22.10.2023 Nationalratswahlen 2023;2023;campaign_financing;Definitive Zahlen;juristische Person oder Personengesellschaft;Zuwender/in: Nokté Média Sàrl, Akteur/in: Association Nasrat Latif au Conseil national, Lausanne
de;573;allowances;alphabetical;Kampagnenfinanzierung;2;22.10.2023 Ständeratswahlen 2023;;campaign_financing;Definitive Zahlen;juristische Person oder Personengesellschaft;Zuwender/in: SP des Bezirks Meilen, Akteur/in: Jositsch Daniel, Stäfa
de;574;allowances;alphabetical;Kampagnenfinanzierung;2;22.10.2023 Ständeratswahlen 2023;;campaign_financing;Definitive Zahlen;juristische Person oder Personengesellschaft;Zuwender/in: Sozialdemokratische Partei Zürich, Akteur/in: Jositsch Daniel, Stäfa
de;575;allowances;alphabetical;Kampagnenfinanzierung;2;22.10.2023 Ständeratswahlen 2023;;campaign_financing;Definitive Zahlen;anonym;Zuwender/in: Anonyme Zuwendung, Akteur/in: Jositsch Daniel, Stäfa
de;576;allowances;alphabetical;Kampagnenfinanzierung;2;22.10.2023 Ständeratswahlen 2023;;campaign_financing;Definitive Zahlen;anonym;Zuwender/in: Anonyme Zuwendung, Akteur/in: Jositsch Daniel, Stäfa
de;577;allowances;alphabetical;Kampagnenfinanzierung;2;22.10.2023 Ständeratswahlen 2023;;campaign_financing;Definitive Zahlen;anonym;Zuwender/in: Anonyme Zuwendung, Akteur/in: Jositsch Daniel, Stäfa
de;578;allowances;alphabetical;Kampagnenfinanzierung;2;22.10.2023 Ständeratswahlen 2023;;campaign_financing;Definitive Zahlen;anonym;Zuwender/in: Anonyme Zuwendung, Akteur/in: Jositsch Daniel, Stäfa
de;579;allowances;alphabetical;Kampagnenfinanzierung;1;22.10.2023 Nationalratswahlen 2023;2023;campaign_financing;Definitive Zahlen;juristische Person oder Personengesellschaft;Zuwender/in: Partito Socialista Svizzero, Akteur/in: Partito Socialista Ticino, Bellinzona
de;580;allowances;alphabetical;Kampagnenfinanzierung;1;22.10.2023 Nationalratswahlen 2023;2023;campaign_financing;Definitive Zahlen;natürliche Person;Zuwender/in: Hug Piero, Akteur/in: GRÜNE Schweiz, Bern
de;581;allowances;alphabetical;Kampagnenfinanzierung;1;22.10.2023 Nationalratswahlen 2023;2023;campaign_financing;Definitive Zahlen;natürliche Person;Zuwender/in: Burkard Carmita, Akteur/in: GRÜNE Schweiz, Bern
de;582;allowances;alphabetical;Kampagnenfinanzierung;1;22.10.2023 Nationalratswahlen 2023;2023;campaign_financing;Definitive Zahlen;natürliche Person;Zuwender/in: Burkard Carmita, Akteur/in: GRÜNE Kanton Bern, Bern
de;583;allowances;alphabetical;Kampagnenfinanzierung;1;22.10.2023 Nationalratswahlen 2023;2023;campaign_financing;Definitive Zahlen;juristische Person oder Personengesellschaft;Zuwender/in: SP Kanton Zürich, Akteur/in: Jungsozialist*innen des Kantons Zürich, Zürich
de;586;allowances;alphabetical;Kampagnenfinanzierung;1;22.10.2023 Nationalratswahlen 2023;2023;campaign_financing;Definitive Zahlen;juristische Person oder Personengesellschaft;Zuwender/in: Donatorenvereinigung FDP Luzern, Akteur/in: FDP.Die Liberalen Luzern, Luzern
de;587;allowances;alphabetical;Kampagnenfinanzierung;1;22.10.2023 Nationalratswahlen 2023;2023;campaign_financing;Definitive Zahlen;juristische Person oder Personengesellschaft;Zuwender/in: Arbeitgeberverband Region Basel, Akteur/in: Schenker Saskia, Itingen
de;588;allowances;alphabetical;Kampagnenfinanzierung;1;22.10.2023 Nationalratswahlen 2023;2023;campaign_financing;Definitive Zahlen;natürliche Person;Zuwender/in: Huber Rosmarie, Akteur/in: Prelicz-Huber Katharina, Zürich
de;589;allowances;alphabetical;Kampagnenfinanzierung;1;22.10.2023 Nationalratswahlen 2023;2023;campaign_financing;Definitive Zahlen;natürliche Person;Zuwender/in: Schmid Sascha, Akteur/in: Mike Egger und Sascha Schmid in den Nationalrat, Au
de;590;allowances;alphabetical;Kampagnenfinanzierung;1;22.10.2023 Nationalratswahlen 2023;2023;campaign_financing;Definitive Zahlen;juristische Person oder Personengesellschaft;Zuwender/in: Schweizer Bauernverband, Akteur/in: IG der Wirtschaftsverbände, Zürich
de;591;allowances;alphabetical;Kampagnenfinanzierung;1;22.10.2023 Nationalratswahlen 2023;2023;campaign_financing;Definitive Zahlen;juristische Person oder Personengesellschaft;Zuwender/in: Schweizerischer Gewerbeverband, Akteur/in: IG der Wirtschaftsverbände, Zürich
de;592;allowances;alphabetical;Kampagnenfinanzierung;1;22.10.2023 Nationalratswahlen 2023;2023;campaign_financing;Definitive Zahlen;juristische Person oder Personengesellschaft;Zuwender/in: Schweizerischer Arbeitgeberverband, Akteur/in: IG der Wirtschaftsverbände, Zürich
de;593;allowances;alphabetical;Kampagnenfinanzierung;1;22.10.2023 Nationalratswahlen 2023;2023;campaign_financing;Definitive Zahlen;juristische Person oder Personengesellschaft;Zuwender/in: economiesuisse, Akteur/in: IG der Wirtschaftsverbände, Zürich
de;594;allowances;alphabetical;Kampagnenfinanzierung;1;22.10.2023 Nationalratswahlen 2023;2023;campaign_financing;Definitive Zahlen;juristische Person oder Personengesellschaft;Zuwender/in: Schweizer Bauernverband, Akteur/in: IG der Wirtschaftsverbände, Zürich
de;595;allowances;alphabetical;Kampagnenfinanzierung;1;22.10.2023 Nationalratswahlen 2023;2023;campaign_financing;Definitive Zahlen;juristische Person oder Personengesellschaft;Zuwender/in: economiesuisse, Akteur/in: IG der Wirtschaftsverbände, Zürich
de;596;allowances;alphabetical;Kampagnenfinanzierung;1;22.10.2023 Nationalratswahlen 2023;2023;campaign_financing;Definitive Zahlen;juristische Person oder Personengesellschaft;Zuwender/in: Schweizerischer Gewerbeverband, Akteur/in: IG der Wirtschaftsverbände, Zürich
de;597;allowances;alphabetical;Kampagnenfinanzierung;1;22.10.2023 Nationalratswahlen 2023;2023;campaign_financing;Definitive Zahlen;juristische Person oder Personengesellschaft;Zuwender/in: Schweizerischer Arbeitgeberverband, Akteur/in: IG der Wirtschaftsverbände, Zürich
de;598;allowances;alphabetical;Kampagnenfinanzierung;1;22.10.2023 Nationalratswahlen 2023;2023;campaign_financing;Definitive Zahlen;natürliche Person;Zuwender/in: Schlatter Patrick, Akteur/in: Die Mitte Kanton Solothurn, Solothurn
de;599;allowances;alphabetical;Kampagnenfinanzierung;1;22.10.2023 Nationalratswahlen 2023;2023;campaign_financing;Definitive Zahlen;natürliche Person;Zuwender/in: Bösiger Beat, Akteur/in: NR-Kandidat Beat Bösiger, Niederbipp
de;6;allowances;alphabetical;Kampagnenfinanzierung;1;22.10.2023 Nationalratswahlen 2023;2023;campaign_financing;Budgetzahlen;natürliche Person;Zuwender/in: Roth Franziska, Akteur/in: Sozialdemokratische Partei des Kantons Solothurn, Solothurn
de;600;allowances;alphabetical;Kampagnenfinanzierung;1;22.10.2023 Nationalratswahlen 2023;2023;campaign_financing;Definitive Zahlen;juristische Person oder Personengesellschaft;Zuwender/in: SP Schweiz, Akteur/in: Sozialdemokratische Partei Kanton Baselland, Liestal
de;601;allowances;alphabetical;Kampagnenfinanzierung;1;22.10.2023 Nationalratswahlen 2023;2023;campaign_financing;Definitive Zahlen;juristische Person oder Personengesellschaft;Zuwender/in: SP Schweiz, Akteur/in: Sozialdemokratische Partei Kanton Baselland, Liestal
de;602;allowances;alphabetical;Kampagnenfinanzierung;1;22.10.2023 Nationalratswahlen 2023;2023;campaign_financing;Definitive Zahlen;juristische Person oder Personengesellschaft;Zuwender/in: SP Schweiz, Akteur/in: Sozialdemokratische Partei Kanton Baselland, Liestal
de;603;allowances;alphabetical;Kampagnenfinanzierung;2;22.10.2023 Ständeratswahlen 2023;;campaign_financing;Definitive Zahlen;juristische Person oder Personengesellschaft;Zuwender/in: Sozialdemokratische Partei Kanton Bern (SP Kanton Bern), Akteur/in: Komitee Flavia in den Ständerat, Bern
de;604;allowances;alphabetical;Kampagnenfinanzierung;2;22.10.2023 Ständeratswahlen 2023;;campaign_financing;Definitive Zahlen;anonym;Zuwender/in: Anonyme Zuwendung, Akteur/in: Komitee Flavia in den Ständerat, Bern
de;606;allowances;alphabetical;Kampagnenfinanzierung;1;22.10.2023 Nationalratswahlen 2023;2023;campaign_financing;Definitive Zahlen;juristische Person oder Personengesellschaft;Zuwender/in: Gönnerverein Bären-Club der SVP Kanton Bern, Akteur/in: Schweizerische Volkspartei Kanton Bern, Bern
de;608;allowances;alphabetical;Kampagnenfinanzierung;1;22.10.2023 Nationalratswahlen 2023;2023;campaign_financing;Definitive Zahlen;juristische Person oder Personengesellschaft;Zuwender/in: Zürcher Bankenverband, Akteur/in: Portmann Hans-Peter, Rüschlikon
de;61;allowances;alphabetical;Kampagnenfinanzierung;1;22.10.2023 Nationalratswahlen 2023;2023;campaign_financing;Budgetzahlen;juristische Person oder Personengesellschaft;Zuwender/in: Sozialdemokratische Partei Schweiz, Akteur/in: Sozialdemokratische Partei Kanton Aargau, Aarau
de;611;allowances;alphabetical;Kampagnenfinanzierung;1;22.10.2023 Nationalratswahlen 2023;2023;campaign_financing;Definitive Zahlen;juristische Person oder Personengesellschaft;Zuwender/in: WWF Schweiz, Akteur/in: Umweltallianz, Zürich
de;612;allowances;alphabetical;Kampagnenfinanzierung;1;22.10.2023 Nationalratswahlen 2023;2023;campaign_financing;Definitive Zahlen;juristische Person oder Personengesellschaft;Zuwender/in: Greenpeace Schweiz, Akteur/in: Umweltallianz, Zürich
de;613;allowances;alphabetical;Kampagnenfinanzierung;1;22.10.2023 Nationalratswahlen 2023;2023;campaign_financing;Definitive Zahlen;juristische Person oder Personengesellschaft;Zuwender/in: Pro Natura, Akteur/in: Umweltallianz, Zürich
de;614;allowances;alphabetical;Kampagnenfinanzierung;1;22.10.2023 Nationalratswahlen 2023;2023;campaign_financing;Definitive Zahlen;juristische Person oder Personengesellschaft;Zuwender/in: VCS Verkehrs-Club der Schweiz, Akteur/in: Umweltallianz, Zürich
de;615;allowances;alphabetical;Kampagnenfinanzierung;1;22.10.2023 Nationalratswahlen 2023;2023;campaign_financing;Definitive Zahlen;juristische Person oder Personengesellschaft;Zuwender/in: Schweizerische Energiestiftung SES, Akteur/in: Umweltallianz, Zürich
de;616;allowances;alphabetical;Kampagnenfinanzierung;1;22.10.2023 Nationalratswahlen 2023;2023;campaign_financing;Definitive Zahlen;juristische Person oder Personengesellschaft;Zuwender/in: BirdLife Schweiz, Akteur/in: Umweltallianz, Zürich
de;617;allowances;alphabetical;Kampagnenfinanzierung;1;22.10.2023 Nationalratswahlen 2023;2023;campaign_financing;Definitive Zahlen;juristische Person oder Personengesellschaft;Zuwender/in: Greenpeace Schweiz, Akteur/in: Umweltallianz, Zürich
de;618;allowances;alphabetical;Kampagnenfinanzierung;1;22.10.2023 Nationalratswahlen 2023;2023;campaign_financing;Definitive Zahlen;juristische Person oder Personengesellschaft;Zuwender/in: Pro Natura, Akteur/in: Umweltallianz, Zürich
de;619;allowances;alphabetical;Kampagnenfinanzierung;1;22.10.2023 Nationalratswahlen 2023;2023;campaign_financing;Definitive Zahlen;juristische Person oder Personengesellschaft;Zuwender/in: Swissmem, Akteur/in: Brupbacher Trivigno Stefan, Zürich
de;62;allowances;alphabetical;Kampagnenfinanzierung;1;22.10.2023 Nationalratswahlen 2023;2023;campaign_financing;Budgetzahlen;juristische Person oder Personengesellschaft;Zuwender/in: Sozialdemokratische Partei Schweiz, Akteur/in: Sozialdemokratische Partei Kanton Aargau, Aarau
de;620;allowances;alphabetical;Kampagnenfinanzierung;1;22.10.2023 Nationalratswahlen 2023;2023;campaign_financing;Definitive Zahlen;juristische Person oder Personengesellschaft;Zuwender/in: VCS Verkehrs-Club der Schweiz, Akteur/in: Umweltallianz, Zürich
de;621;allowances;alphabetical;Kampagnenfinanzierung;1;22.10.2023 Nationalratswahlen 2023;2023;campaign_financing;Definitive Zahlen;juristische Person oder Personengesellschaft;Zuwender/in: Swissmem, Akteur/in: Brupbacher Trivigno Stefan, Zürich
de;622;allowances;alphabetical;Kampagnenfinanzierung;1;22.10.2023 Nationalratswahlen 2023;2023;campaign_financing;Definitive Zahlen;juristische Person oder Personengesellschaft;Zuwender/in: Schweizerische Energiestiftung SES, Akteur/in: Umweltallianz, Zürich
de;623;allowances;alphabetical;Kampagnenfinanzierung;1;22.10.2023 Nationalratswahlen 2023;2023;campaign_financing;Definitive Zahlen;juristische Person oder Personengesellschaft;Zuwender/in: BirdLife Schweiz, Akteur/in: Umweltallianz, Zürich
de;624;allowances;alphabetical;Kampagnenfinanzierung;1;22.10.2023 Nationalratswahlen 2023;2023;campaign_financing;Definitive Zahlen;juristische Person oder Personengesellschaft;Zuwender/in: WWF Schweiz, Akteur/in: Umweltallianz, Zürich
de;625;allowances;alphabetical;Kampagnenfinanzierung;1;22.10.2023 Nationalratswahlen 2023;2023;campaign_financing;Definitive Zahlen;juristische Person oder Personengesellschaft;Zuwender/in: WWF Schweiz, Akteur/in: WWF Schweiz, Zürich
de;626;allowances;alphabetical;Kampagnenfinanzierung;1;22.10.2023 Nationalratswahlen 2023;2023;campaign_financing;Definitive Zahlen;juristische Person oder Personengesellschaft;Zuwender/in: SUITO 1833, Akteur/in: FDP.Die Liberalen Kanton Schwyz, Gersau
de;627;allowances;alphabetical;Kampagnenfinanzierung;1;22.10.2023 Nationalratswahlen 2023;2023;campaign_financing;Definitive Zahlen;juristische Person oder Personengesellschaft;Zuwender/in: Freunde der FDP des Kantons Schwyz, Akteur/in: FDP.Die Liberalen Kanton Schwyz, Gersau
de;628;allowances;alphabetical;Kampagnenfinanzierung;1;22.10.2023 Nationalratswahlen 2023;2023;campaign_financing;Definitive Zahlen;natürliche Person;Zuwender/in: Bulliard-Marbach Christine, Akteur/in: Die Mitte Freiburg, Freiburg
de;629;allowances;alphabetical;Kampagnenfinanzierung;1;22.10.2023 Nationalratswahlen 2023;2023;campaign_financing;Definitive Zahlen;natürliche Person;Zuwender/in: Bulliard-Marbach Christine, Akteur/in: Die Mitte Freiburg, Freiburg
de;630;allowances;alphabetical;Kampagnenfinanzierung;1;22.10.2023 Nationalratswahlen 2023;2023;campaign_financing;Definitive Zahlen;natürliche Person;Zuwender/in: Roth Pasquier Marie-France, Akteur/in: Die Mitte Freiburg, Freiburg
de;631;allowances;alphabetical;Kampagnenfinanzierung;1;22.10.2023 Nationalratswahlen 2023;2023;campaign_financing;Definitive Zahlen;natürliche Person;Zuwender/in: Roth Pasquier Marie-France, Akteur/in: Die Mitte Freiburg, Freiburg
de;632;allowances;alphabetical;Kampagnenfinanzierung;1;22.10.2023 Nationalratswahlen 2023;2023;campaign_financing;Definitive Zahlen;natürliche Person;Zuwender/in: Chassot Isabelle, Akteur/in: Die Mitte Freiburg, Freiburg
de;633;allowances;alphabetical;Kampagnenfinanzierung;1;22.10.2023 Nationalratswahlen 2023;2023;campaign_financing;Definitive Zahlen;natürliche Person;Zuwender/in: Chassot Isabelle, Akteur/in: Die Mitte Freiburg, Freiburg
de;634;allowances;alphabetical;Kampagnenfinanzierung;2;22.10.2023 Ständeratswahlen 2023;;campaign_financing;Definitive Zahlen;juristische Person oder Personengesellschaft;Zuwender/in: SUITO 1833, Akteur/in: FDP.Die Liberalen Kanton Schwyz, Gersau
de;635;allowances;alphabetical;Kampagnenfinanzierung;2;22.10.2023 Ständeratswahlen 2023;;campaign_financing;Definitive Zahlen;juristische Person oder Personengesellschaft;Zuwender/in: Freunde der FDP des Kantons Schwyz, Akteur/in: FDP.Die Liberalen Kanton Schwyz, Gersau
de;636;allowances;alphabetical;Kampagnenfinanzierung;1;22.10.2023 Nationalratswahlen 2023;2023;campaign_financing;Definitive Zahlen;juristische Person oder Personengesellschaft;Zuwender/in: Lehner Versand AG, Akteur/in: Meier Thomas, Schenkon
de;637;allowances;alphabetical;Kampagnenfinanzierung;1;22.10.2023 Nationalratswahlen 2023;2023;campaign_financing;Definitive Zahlen;natürliche Person;Zuwender/in: Kern Georges, Akteur/in: Bellaïche Jäger Judith, Kilchberg
de;638;allowances;alphabetical;Kampagnenfinanzierung;1;22.10.2023 Nationalratswahlen 2023;2023;campaign_financing;Definitive Zahlen;juristische Person oder Personengesellschaft;Zuwender/in: Grünliberale Partei Bezirk Horgen, Akteur/in: Bellaïche Jäger Judith, Kilchberg
de;646;allowances;alphabetical;Kampagnenfinanzierung;1;22.10.2023 Nationalratswahlen 2023;2023;campaign_financing;Definitive Zahlen;natürliche Person;Zuwender/in: Chassot Isabelle, Akteur/in: Die Mitte Freiburg, Freiburg
de;647;allowances;alphabetical;Kampagnenfinanzierung;1;22.10.2023 Nationalratswahlen 2023;2023;campaign_financing;Definitive Zahlen;natürliche Person;Zuwender/in: De Planta Renaud, Akteur/in: Parti libéral-radical genevois, Genève
de;648;allowances;alphabetical;Kampagnenfinanzierung;1;22.10.2023 Nationalratswahlen 2023;2023;campaign_financing;Definitive Zahlen;juristische Person oder Personengesellschaft;Zuwender/in: Union Bancaire Privée, Akteur/in: Parti libéral-radical genevois, Genève
de;649;allowances;alphabetical;Kampagnenfinanzierung;1;22.10.2023 Nationalratswahlen 2023;2023;campaign_financing;Definitive Zahlen;juristische Person oder Personengesellschaft;Zuwender/in: Comité de coordination des associations économiques, Akteur/in: Parti libéral-radical genevois, Genève
de;650;allowances;alphabetical;Kampagnenfinanzierung;1;22.10.2023 Nationalratswahlen 2023;2023;campaign_financing;Definitive Zahlen;natürliche Person;Zuwender/in: Burkard Kroeber Carmita, Akteur/in: Les Vert-e-s neuchâtelois-es, Neuchâtel
de;653;allowances;alphabetical;Kampagnenfinanzierung;1;22.10.2023 Nationalratswahlen 2023;2023;campaign_financing;Definitive Zahlen;juristische Person oder Personengesellschaft;Zuwender/in: HEV Kanton Zürich, Akteur/in: Bigler Hans-Ulrich, Affoltern am Albis
de;654;allowances;alphabetical;Kampagnenfinanzierung;1;22.10.2023 Nationalratswahlen 2023;2023;campaign_financing;Definitive Zahlen;juristische Person oder Personengesellschaft;Zuwender/in: Schweizerischer Gewerbeverband sgv, Akteur/in: Bigler Hans-Ulrich, Affoltern am Albis
de;655;allowances;alphabetical;Kampagnenfinanzierung;2;22.10.2023 Ständeratswahlen 2023;;campaign_financing;Definitive Zahlen;juristische Person oder Personengesellschaft;Zuwender/in: Supporter-Club der FDP Graubünden, Akteur/in: Freisinnig-Demokratische Partei Graubünden, Chur
de;656;allowances;alphabetical;Kampagnenfinanzierung;1;22.10.2023 Nationalratswahlen 2023;2023;campaign_financing;Definitive Zahlen;juristische Person oder Personengesellschaft;Zuwender/in: Supporter-Club der FDP Graubünden, Akteur/in: Freisinnig-Demokratische Partei Graubünden, Chur
de;658;allowances;alphabetical;Kampagnenfinanzierung;1;22.10.2023 Nationalratswahlen 2023;2023;campaign_financing;Definitive Zahlen;juristische Person oder Personengesellschaft;Zuwender/in: Raiffeisen Schweiz Genossenschaft, Akteur/in: Komitee Thomas de Courten in den Nationalrat, Rünenberg
de;659;allowances;alphabetical;Kampagnenfinanzierung;1;22.10.2023 Nationalratswahlen 2023;2023;campaign_financing;Definitive Zahlen;juristische Person oder Personengesellschaft;Zuwender/in: Club économique libéral neuchâtelois, Akteur/in: Parti libéral-radical neuchâtelois, Neuchâtel
de;66;allowances;alphabetical;Kampagnenfinanzierung;1;22.10.2023 Nationalratswahlen 2023;2023;campaign_financing;Budgetzahlen;juristische Person oder Personengesellschaft;Zuwender/in: Supporter-Club der FDP des Kantons St.Gallen, Akteur/in: Freisinnig-Demokratische Partei des Kantons St. Gallen, St. Gallen
de;660;allowances;alphabetical;Kampagnenfinanzierung;1;22.10.2023 Nationalratswahlen 2023;2023;campaign_financing;Definitive Zahlen;juristische Person oder Personengesellschaft;Zuwender/in: Swissetec, Akteur/in: Parti libéral-radical neuchâtelois, Neuchâtel
de;662;allowances;alphabetical;Kampagnenfinanzierung;1;22.10.2023 Nationalratswahlen 2023;2023;campaign_financing;Definitive Zahlen;juristische Person oder Personengesellschaft;Zuwender/in: Churfisten-Club, Akteur/in: Schweizerische Volkspartei des Kantons St. Gallen, St. Gallen
de;663;allowances;alphabetical;Kampagnenfinanzierung;1;22.10.2023 Nationalratswahlen 2023;2023;campaign_financing;Definitive Zahlen;juristische Person oder Personengesellschaft;Zuwender/in: Churfirsten-Club, Akteur/in: Schweizerische Volkspartei des Kantons St. Gallen, St. Gallen
de;664;allowances;alphabetical;Kampagnenfinanzierung;1;22.10.2023 Nationalratswahlen 2023;2023;campaign_financing;Definitive Zahlen;juristische Person oder Personengesellschaft;Zuwender/in: Handelskammer beider Basel, Akteur/in: Dätwyler Martin, Laufen
de;666;allowances;alphabetical;Kampagnenfinanzierung;1;22.10.2023 Nationalratswahlen 2023;2023;campaign_financing;Definitive Zahlen;natürliche Person;Zuwender/in: Giacometti Anna, Akteur/in: Freisinnig-Demokratische Partei Graubünden, Chur
de;667;allowances;alphabetical;Kampagnenfinanzierung;2;22.10.2023 Ständeratswahlen 2023;;campaign_financing;Definitive Zahlen;natürliche Person;Zuwender/in: Schmid Martin, Akteur/in: Freisinnig-Demokratische Partei Graubünden, Chur
de;668;allowances;alphabetical;Kampagnenfinanzierung;1;22.10.2023 Nationalratswahlen 2023;2023;campaign_financing;Definitive Zahlen;juristische Person oder Personengesellschaft;Zuwender/in: Moving Media Basel AG, Akteur/in: Sozialdemokratische Partei Basel-Stadt, Basel-Stadt
de;67;allowances;alphabetical;Kampagnenfinanzierung;1;22.10.2023 Nationalratswahlen 2023;2023;campaign_financing;Budgetzahlen;juristische Person oder Personengesellschaft;Zuwender/in: SP Schweiz, Akteur/in: Sozialdemokratische Partei des Kantons Bern, Bern
de;671;allowances;alphabetical;Kampagnenfinanzierung;1;22.10.2023 Nationalratswahlen 2023;2023;campaign_financing;Definitive Zahlen;juristische Person oder Personengesellschaft;Zuwender/in: Raiffeisenbank Schweiz, Akteur/in: Schilliger Peter, Udligenswil
de;672;allowances;alphabetical;Kampagnenfinanzierung;1;22.10.2023 Nationalratswahlen 2023;2023;campaign_financing;Definitive Zahlen;juristische Person oder Personengesellschaft;Zuwender/in: Schweizerischer Gebäudetechnikverband - suissetec, Akteur/in: Schilliger Peter, Udligenswil
de;673;allowances;alphabetical;Kampagnenfinanzierung;1;22.10.2023 Nationalratswahlen 2023;2023;campaign_financing;Definitive Zahlen;juristische Person oder Personengesellschaft;Zuwender/in: TCS Schweiz und Sektion Waldstätte (3 Zahlungen insgesamt), Akteur/in: Schilliger Peter, Udligenswil
de;674;allowances;alphabetical;Kampagnenfinanzierung;1;22.10.2023 Nationalratswahlen 2023;2023;campaign_financing;Definitive Zahlen;juristische Person oder Personengesellschaft;Zuwender/in: SGV Schweizerischer Gewerbeverband, Akteur/in: Schilliger Peter, Udligenswil
de;687;allowances;alphabetical;Kampagnenfinanzierung;1;22.10.2023 Nationalratswahlen 2023;2023;campaign_financing;Definitive Zahlen;juristische Person oder Personengesellschaft;Zuwender/in: scienceindustries, Akteur/in: scienceindustries, Zürich
de;688;allowances;alphabetical;Kampagnenfinanzierung;1;22.10.2023 Nationalratswahlen 2023;2023;campaign_financing;Definitive Zahlen;juristische Person oder Personengesellschaft;Zuwender/in: eit.swiss, Akteur/in: Jauslin Matthias Samuel, Wohlen
de;69;allowances;alphabetical;Kampagnenfinanzierung;1;22.10.2023 Nationalratswahlen 2023;2023;campaign_financing;Budgetzahlen;juristische Person oder Personengesellschaft;Zuwender/in: FORUM AARGAU, Akteur/in: FDP.Die Liberalen Aargau, Aarau
de;690;allowances;alphabetical;Kampagnenfinanzierung;1;22.10.2023 Nationalratswahlen 2023;2023;campaign_financing;Definitive Zahlen;natürliche Person;Zuwender/in: Vietze Kristiane, Akteur/in: Kris nach Bern, Frauenfeld
de;691;allowances;alphabetical;Kampagnenfinanzierung;1;22.10.2023 Nationalratswahlen 2023;2023;campaign_financing;Definitive Zahlen;juristische Person oder Personengesellschaft;Zuwender/in: scienceindustries, Akteur/in: scienceindustries, Zürich
de;692;allowances;alphabetical;Kampagnenfinanzierung;1;22.10.2023 Nationalratswahlen 2023;2023;campaign_financing;Definitive Zahlen;juristische Person oder Personengesellschaft;Zuwender/in: SwissLife, Akteur/in: FDP.Die Liberalen Kanton Zürich, Zürich
de;693;allowances;alphabetical;Kampagnenfinanzierung;1;22.10.2023 Nationalratswahlen 2023;2023;campaign_financing;Definitive Zahlen;juristische Person oder Personengesellschaft;Zuwender/in: HEV Kanton Zürich, Akteur/in: FDP.Die Liberalen Kanton Zürich, Zürich
de;694;allowances;alphabetical;Kampagnenfinanzierung;1;22.10.2023 Nationalratswahlen 2023;2023;campaign_financing;Definitive Zahlen;juristische Person oder Personengesellschaft;Zuwender/in: SWISS REINSURANCE COMPANY LIMITED, Akteur/in: FDP.Die Liberalen Kanton Zürich, Zürich
de;695;allowances;alphabetical;Kampagnenfinanzierung;1;22.10.2023 Nationalratswahlen 2023;2023;campaign_financing;Definitive Zahlen;natürliche Person;Zuwender/in: Portmann Hans-Peter, Akteur/in: FDP.Die Liberalen Kanton Zürich, Zürich
de;696;allowances;alphabetical;Kampagnenfinanzierung;1;22.10.2023 Nationalratswahlen 2023;2023;campaign_financing;Definitive Zahlen;natürliche Person;Zuwender/in: Balmer Bettina, Akteur/in: FDP.Die Liberalen Kanton Zürich, Zürich
de;697;allowances;alphabetical;Kampagnenfinanzierung;1;22.10.2023 Nationalratswahlen 2023;2023;campaign_financing;Definitive Zahlen;natürliche Person;Zuwender/in: Sauter Regine, Akteur/in: FDP.Die Liberalen Kanton Zürich, Zürich
de;698;allowances;alphabetical;Kampagnenfinanzierung;1;22.10.2023 Nationalratswahlen 2023;2023;campaign_financing;Definitive Zahlen;natürliche Person;Zuwender/in: Walti Beat, Akteur/in: FDP.Die Liberalen Kanton Zürich, Zürich
de;699;allowances;alphabetical;Kampagnenfinanzierung;1;22.10.2023 Nationalratswahlen 2023;2023;campaign_financing;Definitive Zahlen;natürliche Person;Zuwender/in: Walti Beat, Akteur/in: FDP.Die Liberalen Kanton Zürich, Zürich
de;7;allowances;alphabetical;Kampagnenfinanzierung;1;22.10.2023 Nationalratswahlen 2023;2023;campaign_financing;Budgetzahlen;natürliche Person;Zuwender/in: Steinmann-Fehr Sabine, Akteur/in: Sozialdemokratische Partei des Kantons Glarus, Netstal
de;70;allowances;alphabetical;Kampagnenfinanzierung;1;22.10.2023 Nationalratswahlen 2023;2023;campaign_financing;Budgetzahlen;juristische Person oder Personengesellschaft;Zuwender/in: SP Schweiz, Akteur/in: Sozialdemokratische Partei des Kantons Bern, Bern
de;700;allowances;alphabetical;Kampagnenfinanzierung;1;22.10.2023 Nationalratswahlen 2023;2023;campaign_financing;Definitive Zahlen;natürliche Person;Zuwender/in: Silberschmidt Andri, Akteur/in: FDP.Die Liberalen Kanton Zürich, Zürich
de;701;allowances;alphabetical;Kampagnenfinanzierung;1;22.10.2023 Nationalratswahlen 2023;2023;campaign_financing;Definitive Zahlen;natürliche Person;Zuwender/in: Farner Martin, Akteur/in: FDP.Die Liberalen Kanton Zürich, Zürich
de;702;allowances;alphabetical;Kampagnenfinanzierung;1;22.10.2023 Nationalratswahlen 2023;2023;campaign_financing;Definitive Zahlen;natürliche Person;Zuwender/in: Müller Matthias, Akteur/in: FDP.Die Liberalen Kanton Zürich, Zürich
de;703;allowances;alphabetical;Kampagnenfinanzierung;1;22.10.2023 Nationalratswahlen 2023;2023;campaign_financing;Definitive Zahlen;natürliche Person;Zuwender/in: Portmann Hans-Peter, Akteur/in: FDP.Die Liberalen Kanton Zürich, Zürich
de;704;allowances;alphabetical;Kampagnenfinanzierung;1;22.10.2023 Nationalratswahlen 2023;2023;campaign_financing;Definitive Zahlen;juristische Person oder Personengesellschaft;"Zuwender/in: PAMAG Konsolen & Montagen, Akteur/in: Überparteiliches Komitee ""KR Paul Mayer in den Nationalrat"", Marthalen"
de;705;allowances;alphabetical;Kampagnenfinanzierung;1;22.10.2023 Nationalratswahlen 2023;2023;campaign_financing;Definitive Zahlen;juristische Person oder Personengesellschaft;"Zuwender/in: PAMAG Metallbau AG, Akteur/in: Überparteiliches Komitee ""KR Paul Mayer in den Nationalrat"", Marthalen"
de;706;allowances;alphabetical;Kampagnenfinanzierung;1;22.10.2023 Nationalratswahlen 2023;2023;campaign_financing;Definitive Zahlen;natürliche Person;"Zuwender/in: Mayer Paul, Akteur/in: Überparteiliches Komitee ""KR Paul Mayer in den Nationalrat"", Marthalen"
de;707;allowances;alphabetical;Kampagnenfinanzierung;1;22.10.2023 Nationalratswahlen 2023;2023;campaign_financing;Definitive Zahlen;juristische Person oder Personengesellschaft;Zuwender/in: SP Schweiz, Akteur/in: Sozialdemokratische Partei Basel-Stadt, Basel-Stadt
de;708;allowances;alphabetical;Kampagnenfinanzierung;1;22.10.2023 Nationalratswahlen 2023;2023;campaign_financing;Definitive Zahlen;juristische Person oder Personengesellschaft;Zuwender/in: SP Schweiz, Akteur/in: Sozialdemokratische Partei Basel-Stadt, Basel-Stadt
de;711;allowances;alphabetical;Kampagnenfinanzierung;2;22.10.2023 Ständeratswahlen 2023;;campaign_financing;Definitive Zahlen;juristische Person oder Personengesellschaft;Zuwender/in: Bärenclub der SVP des Kantons Bern, Akteur/in: Überparteiliches Wahlkomitee Werner Salzmann in den Ständerat, Mülchi
de;719;allowances;alphabetical;Kampagnenfinanzierung;1;22.10.2023 Nationalratswahlen 2023;2023;campaign_financing;Definitive Zahlen;juristische Person oder Personengesellschaft;Zuwender/in: BastA!, Akteur/in: Grünes Bündnis, Basel
de;720;allowances;alphabetical;Kampagnenfinanzierung;1;22.10.2023 Nationalratswahlen 2023;2023;campaign_financing;Definitive Zahlen;juristische Person oder Personengesellschaft;Zuwender/in: GRÜNE Basel-Stadt, Akteur/in: Grünes Bündnis, Basel
de;721;allowances;alphabetical;Kampagnenfinanzierung;1;22.10.2023 Nationalratswahlen 2023;2023;campaign_financing;Definitive Zahlen;juristische Person oder Personengesellschaft;Zuwender/in: Der Schweizerische Arbeitgeberverband, Akteur/in: Die Mitte, Bern
de;722;allowances;alphabetical;Kampagnenfinanzierung;1;22.10.2023 Nationalratswahlen 2023;2023;campaign_financing;Definitive Zahlen;juristische Person oder Personengesellschaft;Zuwender/in: Holcim Schweiz AG, Akteur/in: Die Mitte, Bern
de;723;allowances;alphabetical;Kampagnenfinanzierung;1;22.10.2023 Nationalratswahlen 2023;2023;campaign_financing;Definitive Zahlen;juristische Person oder Personengesellschaft;Zuwender/in: DIE MITTE-FRAKTION. DIE MITTE. EVP. (M-E), Akteur/in: Die Mitte, Bern
de;728;allowances;alphabetical;Kampagnenfinanzierung;2;22.10.2023 Ständeratswahlen 2023;;campaign_financing;Definitive Zahlen;natürliche Person;Zuwender/in: Burkard Kroeber Carmita, Akteur/in: Les Vert-e-s neuchâtelois-es, Neuchâtel
de;734;allowances;alphabetical;Kampagnenfinanzierung;2;22.10.2023 Ständeratswahlen 2023;;campaign_financing;Definitive Zahlen;natürliche Person;Zuwender/in: Germann Hannes, Akteur/in: Schweizerische Volkspartei des Kantons Schaffhausen, Schaffhausen
de;735;allowances;alphabetical;Kampagnenfinanzierung;1;22.10.2023 Nationalratswahlen 2023;2023;campaign_financing;Definitive Zahlen;juristische Person oder Personengesellschaft;Zuwender/in: Comité de coordination des associations économiques, Akteur/in: Le Centre du canton de Genève, Genève
de;737;allowances;alphabetical;Kampagnenfinanzierung;1;22.10.2023 Nationalratswahlen 2023;2023;campaign_financing;Definitive Zahlen;juristische Person oder Personengesellschaft;Zuwender/in: Evangelische Volkspartei der Schweiz, Akteur/in: Evangelische Volkspartei Kanton Bern, Bern
de;744;allowances;alphabetical;Kampagnenfinanzierung;1;22.10.2023 Nationalratswahlen 2023;2023;campaign_financing;Definitive Zahlen;juristische Person oder Personengesellschaft;Zuwender/in: SP Kanton Bern, Akteur/in: Jungsozialist*innen Kanton Bern, Bern
de;745;allowances;alphabetical;Kampagnenfinanzierung;2;22.10.2023 Ständeratswahlen 2023;;campaign_financing;Definitive Zahlen;juristische Person oder Personengesellschaft;Zuwender/in: PLR Canton de Fribourg, Akteur/in: Gapany Johanna, Bulle
de;746;allowances;alphabetical;Kampagnenfinanzierung;1;22.10.2023 Nationalratswahlen 2023;2023;campaign_financing;Definitive Zahlen;juristische Person oder Personengesellschaft;Zuwender/in: SP Schweiz, Akteur/in: Sozialdemokratische Partei des Kantons Luzern, Luzern
de;747;allowances;alphabetical;Kampagnenfinanzierung;1;22.10.2023 Nationalratswahlen 2023;2023;campaign_financing;Definitive Zahlen;juristische Person oder Personengesellschaft;Zuwender/in: SP Schweiz, Akteur/in: Sozialdemokratische Partei des Kantons Luzern, Luzern
de;752;allowances;alphabetical;Kampagnenfinanzierung;1;22.10.2023 Nationalratswahlen 2023;2023;campaign_financing;Definitive Zahlen;juristische Person oder Personengesellschaft;Zuwender/in: Supporterclub FDP AR, Akteur/in: FDP.Die Liberalen des Kantons Appenzell Ausserrhoden, Heiden
de;753;allowances;alphabetical;Kampagnenfinanzierung;1;22.10.2023 Nationalratswahlen 2023;2023;campaign_financing;Definitive Zahlen;juristische Person oder Personengesellschaft;Zuwender/in: Supporter-Club der FDP des Kantons St.Gallen, Akteur/in: Freisinnig-Demokratische Partei des Kantons St. Gallen, St. Gallen
de;754;allowances;alphabetical;Kampagnenfinanzierung;1;22.10.2023 Nationalratswahlen 2023;2023;campaign_financing;Definitive Zahlen;juristische Person oder Personengesellschaft;Zuwender/in: Parti démocrate chrétien / Fêtes du printemps, Akteur/in: Die Mitte Freiburg, Freiburg
de;755;allowances;alphabetical;Kampagnenfinanzierung;1;22.10.2023 Nationalratswahlen 2023;2023;campaign_financing;Definitive Zahlen;juristische Person oder Personengesellschaft;Zuwender/in: Parti démocrate chrétien / Fêtes du printemps, Akteur/in: Die Mitte Freiburg, Freiburg
de;759;allowances;alphabetical;Kampagnenfinanzierung;1;22.10.2023 Nationalratswahlen 2023;2023;campaign_financing;Definitive Zahlen;natürliche Person;Zuwender/in: Burger Philippe, Akteur/in: Piratenpartei Bern, Bern
de;761;allowances;alphabetical;Kampagnenfinanzierung;1;22.10.2023 Nationalratswahlen 2023;2023;campaign_financing;Definitive Zahlen;natürliche Person;Zuwender/in: Burger Philippe, Akteur/in: Piratenpartei Schweiz, Bern
de;762;allowances;alphabetical;Kampagnenfinanzierung;1;22.10.2023 Nationalratswahlen 2023;2023;campaign_financing;Definitive Zahlen;natürliche Person;Zuwender/in: Burkard Carmita, Akteur/in: Verdi del Cantone Ticino, Bellinzona
de;763;allowances;alphabetical;Kampagnenfinanzierung;1;22.10.2023 Nationalratswahlen 2023;2023;campaign_financing;Definitive Zahlen;natürliche Person;Zuwender/in: Gysin Greta, Akteur/in: Verdi del Cantone Ticino, Bellinzona
de;764;allowances;alphabetical;Kampagnenfinanzierung;1;22.10.2023 Nationalratswahlen 2023;2023;campaign_financing;Definitive Zahlen;natürliche Person;Zuwender/in: Savary Josef, Akteur/in: Verdi del Cantone Ticino, Bellinzona
de;765;allowances;alphabetical;Kampagnenfinanzierung;1;22.10.2023 Nationalratswahlen 2023;2023;campaign_financing;Definitive Zahlen;natürliche Person;Zuwender/in: Majno-Hurst Pietro, Akteur/in: Verdi del Cantone Ticino, Bellinzona
de;770;allowances;alphabetical;Kampagnenfinanzierung;1;22.10.2023 Nationalratswahlen 2023;2023;campaign_financing;Definitive Zahlen;natürliche Person;Zuwender/in: Berthoud Alexandre, Akteur/in: Campagne commune Alexandre Berthoud, Thierry Amy, Carlos Bujard, Neyruz-sur-Moudon
de;771;allowances;alphabetical;Kampagnenfinanzierung;1;22.10.2023 Nationalratswahlen 2023;2023;campaign_financing;Definitive Zahlen;juristische Person oder Personengesellschaft;Zuwender/in: Fondazione per una politica liberal-conservatrice, Akteur/in: Unione Democratica di Centro del Canton Ticino, Pregassona
de;772;allowances;alphabetical;Kampagnenfinanzierung;1;22.10.2023 Nationalratswahlen 2023;2023;campaign_financing;Definitive Zahlen;juristische Person oder Personengesellschaft;Zuwender/in: Fondazione per una politica liberal-conservatrice, Akteur/in: Unione Democratica di Centro del Canton Ticino, Pregassona
de;773;allowances;alphabetical;Kampagnenfinanzierung;1;22.10.2023 Nationalratswahlen 2023;2023;campaign_financing;Definitive Zahlen;natürliche Person;Zuwender/in: Matter Michel, Akteur/in: Parti vert'libéral genevois, Genève
de;774;allowances;alphabetical;Kampagnenfinanzierung;1;22.10.2023 Nationalratswahlen 2023;2023;campaign_financing;Definitive Zahlen;natürliche Person;Zuwender/in: Marchand Christina, Akteur/in: Grüne Kanton Zürich, Zürich
de;776;allowances;alphabetical;Kampagnenfinanzierung;2;22.10.2023 Ständeratswahlen 2023;;campaign_financing;Definitive Zahlen;natürliche Person;Zuwender/in: Burkard Kroeber Carmita, Akteur/in: Campagne commune des candidat-es PS et Vert-es à l'élection au Conseil des États - Genève, Genève
de;777;allowances;alphabetical;Kampagnenfinanzierung;2;22.10.2023 Ständeratswahlen 2023;;campaign_financing;Definitive Zahlen;juristische Person oder Personengesellschaft;Zuwender/in: Grüne Partei der Schweiz, Akteur/in: Campagne commune des candidat-es PS et Vert-es à l'élection au Conseil des États - Genève, Genève
de;778;allowances;alphabetical;Kampagnenfinanzierung;1;22.10.2023 Nationalratswahlen 2023;2023;campaign_financing;Definitive Zahlen;juristische Person oder Personengesellschaft;Zuwender/in: EDU Schweiz, Akteur/in: Eidgenössisch-Demokratische Union des Kantons Bern, Münsingen
de;779;allowances;alphabetical;Kampagnenfinanzierung;1;22.10.2023 Nationalratswahlen 2023;2023;campaign_financing;Definitive Zahlen;natürliche Person;Zuwender/in: Burkard Carmita, Akteur/in: Les Vert.e.s, mouvement écologiste vaudois, Lausanne
de;780;allowances;alphabetical;Kampagnenfinanzierung;1;22.10.2023 Nationalratswahlen 2023;2023;campaign_financing;Definitive Zahlen;juristische Person oder Personengesellschaft;Zuwender/in: GRÜNE Schweiz, Akteur/in: Junge Grüne Schweiz, Bern
de;781;allowances;alphabetical;Kampagnenfinanzierung;1;22.10.2023 Nationalratswahlen 2023;2023;campaign_financing;Definitive Zahlen;natürliche Person;Zuwender/in: Burkard Carmita, Akteur/in: Junge Grüne Schweiz, Bern
de;784;allowances;alphabetical;Kampagnenfinanzierung;2;22.10.2023 Ständeratswahlen 2023;;campaign_financing;Definitive Zahlen;juristische Person oder Personengesellschaft;Zuwender/in: Parti socialiste genevois, Akteur/in: Campagne commune des candidat-es PS et Vert-es à l'élection au Conseil des États - Genève, Genève
de;785;allowances;alphabetical;Kampagnenfinanzierung;2;22.10.2023 Ständeratswahlen 2023;;campaign_financing;Definitive Zahlen;juristische Person oder Personengesellschaft;Zuwender/in: Les Vert-e-s genevois-es, Akteur/in: Campagne commune des candidat-es PS et Vert-es à l'élection au Conseil des États - Genève, Genève
de;786;allowances;alphabetical;Kampagnenfinanzierung;1;22.10.2023 Nationalratswahlen 2023;2023;campaign_financing;Definitive Zahlen;natürliche Person;Zuwender/in: Candinas Martin, Akteur/in: Die Mitte Graubünden, Chur
de;787;allowances;alphabetical;Kampagnenfinanzierung;2;22.10.2023 Ständeratswahlen 2023;;campaign_financing;Definitive Zahlen;natürliche Person;Zuwender/in: Engler Stefan, Akteur/in: Die Mitte Graubünden, Chur
de;788;allowances;alphabetical;Kampagnenfinanzierung;1;22.10.2023 Nationalratswahlen 2023;2023;campaign_financing;Definitive Zahlen;juristische Person oder Personengesellschaft;Zuwender/in: Gönnervereinigung der Mitte Kanton Bern, Akteur/in: Die Mitte Kanton Bern, Bern
de;795;allowances;alphabetical;Kampagnenfinanzierung;2;22.10.2023 Ständeratswahlen 2023;;campaign_financing;Definitive Zahlen;natürliche Person;Zuwender/in: Burkard Kroeber Carmita, Akteur/in: Les Vert.e.s, mouvement écologiste vaudois, Lausanne
de;796;allowances;alphabetical;Kampagnenfinanzierung;2;22.10.2023 Ständeratswahlen 2023;;campaign_financing;Definitive Zahlen;natürliche Person;Zuwender/in: Burkard Kroeber Carmita, Akteur/in: Les Vert.e.s, mouvement écologiste vaudois, Lausanne
de;798;allowances;alphabetical;Kampagnenfinanzierung;2;22.10.2023 Ständeratswahlen 2023;;campaign_financing;Definitive Zahlen;natürliche Person;Zuwender/in: Kern Georges Alexander, Akteur/in: Moser Tiana Angelina, Zürich
de;799;allowances;alphabetical;Kampagnenfinanzierung;2;22.10.2023 Ständeratswahlen 2023;;campaign_financing;Definitive Zahlen;juristische Person oder Personengesellschaft;Zuwender/in: Grünliberale Partei Kanton Zürich, Akteur/in: Moser Tiana Angelina, Zürich
de;800;allowances;alphabetical;Kampagnenfinanzierung;2;22.10.2023 Ständeratswahlen 2023;;campaign_financing;Definitive Zahlen;natürliche Person;Zuwender/in: Curran-Steiner Barbara M., Akteur/in: Moser Tiana Angelina, Zürich
de;801;allowances;alphabetical;Kampagnenfinanzierung;2;22.10.2023 Ständeratswahlen 2023;;campaign_financing;Definitive Zahlen;juristische Person oder Personengesellschaft;Zuwender/in: Parti socialiste vaudois, Akteur/in: Les Vert.e.s, mouvement écologiste vaudois, Lausanne
de;802;allowances;alphabetical;Kampagnenfinanzierung;2;22.10.2023 Ständeratswahlen 2023;;campaign_financing;Definitive Zahlen;juristische Person oder Personengesellschaft;Zuwender/in: Il Centro Ticino, Akteur/in: Regazzi Fabio, Gordola
de;803;allowances;alphabetical;Kampagnenfinanzierung;1;22.10.2023 Nationalratswahlen 2023;2023;campaign_financing;Definitive Zahlen;juristische Person oder Personengesellschaft;Zuwender/in: Raiffeisen Schweiz, Akteur/in: Guggisberg Lars, Kirchlindach
de;804;allowances;alphabetical;Kampagnenfinanzierung;1;22.10.2023 Nationalratswahlen 2023;2023;campaign_financing;Definitive Zahlen;juristische Person oder Personengesellschaft;Zuwender/in: TCS Schweiz, Sektion Bern, Region Bern-Mittelland, Akteur/in: Guggisberg Lars, Kirchlindach
de;805;allowances;alphabetical;Kampagnenfinanzierung;2;22.10.2023 Ständeratswahlen 2023;;campaign_financing;Definitive Zahlen;juristische Person oder Personengesellschaft;Zuwender/in: Grünliberale Partei Schweiz, Akteur/in: Moser Tiana Angelina, Zürich
de;806;allowances;alphabetical;Kampagnenfinanzierung;2;22.10.2023 Ständeratswahlen 2023;;campaign_financing;Definitive Zahlen;juristische Person oder Personengesellschaft;Zuwender/in: Grünliberale Partei Schweiz, Akteur/in: Moser Tiana Angelina, Zürich
de;807;allowances;alphabetical;Kampagnenfinanzierung;1;22.10.2023 Nationalratswahlen 2023;2023;campaign_financing;Definitive Zahlen;natürliche Person;Zuwender/in: Burkard Carmita, Akteur/in: Grüne Kanton Solothurn, Solothurn
de;808;allowances;alphabetical;Kampagnenfinanzierung;1;22.10.2023 Nationalratswahlen 2023;2023;campaign_financing;Definitive Zahlen;juristische Person oder Personengesellschaft;Zuwender/in: Schweizerischer Gewerbeverband, Akteur/in: Müller Leo, Ruswil
de;81;allowances;alphabetical;Kampagnenfinanzierung;1;22.10.2023 Nationalratswahlen 2023;2023;campaign_financing;Budgetzahlen;natürliche Person;Zuwender/in: Burkard Carmita, Akteur/in: GRÜNE Kanton Bern, Bern
de;810;allowances;alphabetical;Kampagnenfinanzierung;1;22.10.2023 Nationalratswahlen 2023;2023;campaign_financing;Definitive Zahlen;natürliche Person;Zuwender/in: Thalmann Christian, Akteur/in: EG Ankli, Bartholdi & Thalmann, Breitenbach
de;811;allowances;alphabetical;Kampagnenfinanzierung;1;22.10.2023 Nationalratswahlen 2023;2023;campaign_financing;Definitive Zahlen;juristische Person oder Personengesellschaft;Zuwender/in: Bandfabrik Breitenbach AG, Akteur/in: EG Ankli, Bartholdi & Thalmann, Breitenbach
de;812;allowances;alphabetical;Kampagnenfinanzierung;2;22.10.2023 Ständeratswahlen 2023;;campaign_financing;Definitive Zahlen;juristische Person oder Personengesellschaft;Zuwender/in: Churfirsten-Club, Akteur/in: Friedli Esther, Ebnat-Kappel
de;813;allowances;alphabetical;Kampagnenfinanzierung;1;22.10.2023 Nationalratswahlen 2023;2023;campaign_financing;Definitive Zahlen;juristische Person oder Personengesellschaft;Zuwender/in: Intergrund, Akteur/in: Schoop Adrian, Turgi
de;814;allowances;alphabetical;Kampagnenfinanzierung;1;22.10.2023 Nationalratswahlen 2023;2023;campaign_financing;Definitive Zahlen;juristische Person oder Personengesellschaft;Zuwender/in: Suissetec, Akteur/in: Schoop Adrian, Turgi
de;815;allowances;alphabetical;Kampagnenfinanzierung;2;22.10.2023 Ständeratswahlen 2023;;campaign_financing;Definitive Zahlen;juristische Person oder Personengesellschaft;Zuwender/in: Le Centre, Akteur/in: Chassot Isabelle, Granges-Paccot
de;819;allowances;alphabetical;Kampagnenfinanzierung;2;22.10.2023 Ständeratswahlen 2023;;campaign_financing;Definitive Zahlen;juristische Person oder Personengesellschaft;Zuwender/in: SP Schaffhausen, Akteur/in: Stocker Simon, Schaffhausen
de;820;allowances;alphabetical;Kampagnenfinanzierung;2;22.10.2023 Ständeratswahlen 2023;;campaign_financing;Definitive Zahlen;juristische Person oder Personengesellschaft;Zuwender/in: SP Schweiz, Akteur/in: Stocker Simon, Schaffhausen
de;821;allowances;alphabetical;Kampagnenfinanzierung;1;22.10.2023 Nationalratswahlen 2023;2023;campaign_financing;Definitive Zahlen;juristische Person oder Personengesellschaft;Zuwender/in: St. Martinsgesellschaft, Akteur/in: Die Mitte Schwyz, Schwyz
de;822;allowances;alphabetical;Kampagnenfinanzierung;2;22.10.2023 Ständeratswahlen 2023;;campaign_financing;Definitive Zahlen;juristische Person oder Personengesellschaft;Zuwender/in: WWF Schweiz, Akteur/in: Umweltallianz, Zürich
de;823;allowances;alphabetical;Kampagnenfinanzierung;2;22.10.2023 Ständeratswahlen 2023;;campaign_financing;Definitive Zahlen;juristische Person oder Personengesellschaft;Zuwender/in: WWF Schweiz, Akteur/in: Umweltallianz, Zürich
de;824;allowances;alphabetical;Kampagnenfinanzierung;2;22.10.2023 Ständeratswahlen 2023;;campaign_financing;Definitive Zahlen;juristische Person oder Personengesellschaft;Zuwender/in: Le Centre Valais romand, Akteur/in: Maret Marianne, Troistorrents
de;827;allowances;alphabetical;Kampagnenfinanzierung;2;22.10.2023 Ständeratswahlen 2023;;campaign_financing;Definitive Zahlen;juristische Person oder Personengesellschaft;Zuwender/in: Union Démocratique du Centre, Genève, Akteur/in: Alliance Genevoise (MCG-UDC), Genève
de;828;allowances;alphabetical;Kampagnenfinanzierung;2;22.10.2023 Ständeratswahlen 2023;;campaign_financing;Definitive Zahlen;juristische Person oder Personengesellschaft;Zuwender/in: Mouvement Citoyens Genevois, Akteur/in: Alliance Genevoise (MCG-UDC), Genève
de;83;allowances;alphabetical;Kampagnenfinanzierung;1;22.10.2023 Nationalratswahlen 2023;2023;campaign_financing;Budgetzahlen;natürliche Person;Zuwender/in: Burkard Carmita, Akteur/in: Alternative - die Grünen Zug, Zug
de;830;allowances;alphabetical;Kampagnenfinanzierung;1;22.10.2023 Nationalratswahlen 2023;2023;campaign_financing;Definitive Zahlen;juristische Person oder Personengesellschaft;Zuwender/in: PLR.Les Libéraux-Radicaux Valais, Akteur/in: Association libérale-radicale des districts de Monthey et de St-Maurice, Vouvry
de;832;allowances;alphabetical;Kampagnenfinanzierung;1;22.10.2023 Nationalratswahlen 2023;2023;campaign_financing;Definitive Zahlen;natürliche Person;Zuwender/in: Maire Jacques, Akteur/in: Les Vert-e-s genevoi-es (parti écologiste genevois), Genève 4
de;833;allowances;alphabetical;Kampagnenfinanzierung;1;22.10.2023 Nationalratswahlen 2023;2023;campaign_financing;Definitive Zahlen;natürliche Person;Zuwender/in: Burkard Kroeber Carmita, Akteur/in: Les Vert-e-s genevoi-es (parti écologiste genevois), Genève 4
de;840;allowances;alphabetical;Kampagnenfinanzierung;1;22.10.2023 Nationalratswahlen 2023;2023;campaign_financing;Definitive Zahlen;juristische Person oder Personengesellschaft;Zuwender/in: COMITE DE COORDINATION DES ASSOCIATIONS ECONOMIQUES GENEVE, Akteur/in: Union Démocratique du Centre, Genève, Les Acacias
de;841;allowances;alphabetical;Kampagnenfinanzierung;1;22.10.2023 Nationalratswahlen 2023;2023;campaign_financing;Definitive Zahlen;juristische Person oder Personengesellschaft;Zuwender/in: COMITE DE COORDINATION DES ASSOCIATIONS ECONOMIQUES GENEVE, Akteur/in: Union Démocratique du Centre, Genève, Les Acacias
de;843;allowances;alphabetical;Kampagnenfinanzierung;2;22.10.2023 Ständeratswahlen 2023;;campaign_financing;Definitive Zahlen;juristische Person oder Personengesellschaft;Zuwender/in: Fondazione per una politica liberal-conservatrice, Akteur/in: Chiesa Marco, Ruvigliana
de;851;allowances;alphabetical;Kampagnenfinanzierung;1;22.10.2023 Nationalratswahlen 2023;2023;campaign_financing;Definitive Zahlen;natürliche Person;Zuwender/in: Gugger Nik, Akteur/in: Evangelische Volkspartei (EVP) des Kantons Zürich, Zürich
de;852;allowances;alphabetical;Kampagnenfinanzierung;1;22.10.2023 Nationalratswahlen 2023;2023;campaign_financing;Definitive Zahlen;natürliche Person;Zuwender/in: Scognamiglio Donato, Akteur/in: Evangelische Volkspartei (EVP) des Kantons Zürich, Zürich
de;853;allowances;alphabetical;Kampagnenfinanzierung;1;22.10.2023 Nationalratswahlen 2023;2023;campaign_financing;Definitive Zahlen;juristische Person oder Personengesellschaft;Zuwender/in: EVP Schweiz, Akteur/in: Evangelische Volkspartei (EVP) des Kantons Zürich, Zürich
de;86;allowances;alphabetical;Kampagnenfinanzierung;1;22.10.2023 Nationalratswahlen 2023;2023;campaign_financing;Budgetzahlen;juristische Person oder Personengesellschaft;Zuwender/in: Greenpeace Schweiz, Akteur/in: Klima-Allianz Schweiz, Genf
de;864;allowances;alphabetical;Kampagnenfinanzierung;1;22.10.2023 Nationalratswahlen 2023;2023;campaign_financing;Definitive Zahlen;natürliche Person;Zuwender/in: Burger Philippe, Akteur/in: Piratenpartei Zürich, Zürich
de;87;allowances;alphabetical;Kampagnenfinanzierung;1;22.10.2023 Nationalratswahlen 2023;2023;campaign_financing;Budgetzahlen;juristische Person oder Personengesellschaft;Zuwender/in: WWF Schweiz, Akteur/in: Klima-Allianz Schweiz, Genf
de;875;allowances;alphabetical;Kampagnenfinanzierung;1;22.10.2023 Nationalratswahlen 2023;2023;campaign_financing;Definitive Zahlen;natürliche Person;Zuwender/in: von Arx Casimir, Akteur/in: Grünliberale Partei des Kantons Bern, Bern
de;88;allowances;alphabetical;Kampagnenfinanzierung;1;22.10.2023 Nationalratswahlen 2023;2023;campaign_financing;Budgetzahlen;juristische Person oder Personengesellschaft;Zuwender/in: Stiftung Stopp Klimakrise, Akteur/in: Klima-Allianz Schweiz, Genf
de;89;allowances;alphabetical;Kampagnenfinanzierung;1;22.10.2023 Nationalratswahlen 2023;2023;campaign_financing;Budgetzahlen;natürliche Person;Zuwender/in: Marchand Christina, Akteur/in: Klima-Allianz Schweiz, Genf
de;895;allowances;alphabetical;Kampagnenfinanzierung;1;22.10.2023 Nationalratswahlen 2023;2023;campaign_financing;Definitive Zahlen;juristische Person oder Personengesellschaft;Zuwender/in: EDU Schweiz, Akteur/in: Eidgenössisch-Demokratische Union (EDU) Kanton Zürich, Winterthur
de;896;allowances;alphabetical;Kampagnenfinanzierung;1;22.10.2023 Nationalratswahlen 2023;2023;campaign_financing;Definitive Zahlen;juristische Person oder Personengesellschaft;Zuwender/in: EDU Winterthur und Umgebung, Akteur/in: Eidgenössisch-Demokratische Union (EDU) Kanton Zürich, Winterthur
de;897;allowances;alphabetical;Kampagnenfinanzierung;1;22.10.2023 Nationalratswahlen 2023;2023;campaign_financing;Definitive Zahlen;juristische Person oder Personengesellschaft;Zuwender/in: EDU Hinwil, Akteur/in: Eidgenössisch-Demokratische Union (EDU) Kanton Zürich, Winterthur
de;898;allowances;alphabetical;Kampagnenfinanzierung;1;22.10.2023 Nationalratswahlen 2023;2023;campaign_financing;Definitive Zahlen;juristische Person oder Personengesellschaft;Zuwender/in: EDU Unterland, Akteur/in: Eidgenössisch-Demokratische Union (EDU) Kanton Zürich, Winterthur
de;899;allowances;alphabetical;Kampagnenfinanzierung;1;22.10.2023 Nationalratswahlen 2023;2023;campaign_financing;Definitive Zahlen;juristische Person oder Personengesellschaft;Zuwender/in: SP Schweiz, Akteur/in: Sozialdemokratische Partei Kanton Aargau, Aarau
de;9;allowances;alphabetical;Kampagnenfinanzierung;1;22.10.2023 Nationalratswahlen 2023;2023;campaign_financing;Budgetzahlen;natürliche Person;Zuwender/in: Burkard Carmita, Akteur/in: GRÜNE Schweiz, Bern
de;90;allowances;alphabetical;Kampagnenfinanzierung;1;22.10.2023 Nationalratswahlen 2023;2023;campaign_financing;Budgetzahlen;natürliche Person;Zuwender/in: Studer Lilian, Akteur/in: Evangelische Volkspartei des Kantons Aargau, Aarau
de;900;allowances;alphabetical;Kampagnenfinanzierung;1;22.10.2023 Nationalratswahlen 2023;2023;campaign_financing;Definitive Zahlen;juristische Person oder Personengesellschaft;Zuwender/in: SP Schweiz, Akteur/in: Sozialdemokratische Partei Kanton Aargau, Aarau
de;901;allowances;alphabetical;Kampagnenfinanzierung;1;22.10.2023 Nationalratswahlen 2023;2023;campaign_financing;Definitive Zahlen;juristische Person oder Personengesellschaft;Zuwender/in: SP Schweiz, Akteur/in: Sozialdemokratische Partei Kanton Aargau, Aarau
de;904;allowances;alphabetical;Kampagnenfinanzierung;1;22.10.2023 Nationalratswahlen 2023;2023;campaign_financing;Definitive Zahlen;juristische Person oder Personengesellschaft;Zuwender/in: PLR Suisse, Akteur/in: PLR.Les Libéraux-Radicaux Vaud, Lausanne
de;905;allowances;alphabetical;Kampagnenfinanzierung;1;22.10.2023 Nationalratswahlen 2023;2023;campaign_financing;Definitive Zahlen;juristische Person oder Personengesellschaft;Zuwender/in: Association pour le développement d'une économie libérale (ADEL), Akteur/in: PLR.Les Libéraux-Radicaux Vaud, Lausanne
de;906;allowances;alphabetical;Kampagnenfinanzierung;2;22.10.2023 Ständeratswahlen 2023;;campaign_financing;Definitive Zahlen;juristische Person oder Personengesellschaft;Zuwender/in: PLR Vaud, Akteur/in: Alliance Vaudoise, Lausanne
de;907;allowances;alphabetical;Kampagnenfinanzierung;2;22.10.2023 Ständeratswahlen 2023;;campaign_financing;Definitive Zahlen;juristische Person oder Personengesellschaft;Zuwender/in: UDC Vaud, Akteur/in: Alliance Vaudoise, Lausanne
de;908;allowances;alphabetical;Kampagnenfinanzierung;2;22.10.2023 Ständeratswahlen 2023;;campaign_financing;Definitive Zahlen;juristische Person oder Personengesellschaft;Zuwender/in: Association pour le développement d’une économie libérale (ADEL), Akteur/in: Alliance Vaudoise, Lausanne
de;92;allowances;alphabetical;Kampagnenfinanzierung;1;22.10.2023 Nationalratswahlen 2023;2023;campaign_financing;Budgetzahlen;juristische Person oder Personengesellschaft;Zuwender/in: Unione Svizzera delle Arti e dei Mestieri usam, Akteur/in: Regazzi Fabio, Gordola
de;93;allowances;alphabetical;Kampagnenfinanzierung;1;22.10.2023 Nationalratswahlen 2023;2023;campaign_financing;Budgetzahlen;natürliche Person;Zuwender/in: Ruppen Franz, Akteur/in: Schweizerische Volkspartei Oberwallis, Brig
de;94;allowances;alphabetical;Kampagnenfinanzierung;1;22.10.2023 Nationalratswahlen 2023;2023;campaign_financing;Budgetzahlen;juristische Person oder Personengesellschaft;Zuwender/in: Pomona Media AG, Akteur/in: Schweizerische Volkspartei Oberwallis, Brig
de;944;allowances;alphabetical;Kampagnenfinanzierung;3;03.03.2024 Für ein besseres Leben im Alter (Initiative für eine 13. AHV-Rente);;campaign_financing;Budgetzahlen;juristische Person oder Personengesellschaft;"Zuwender/in: Zürcher Handelskammer, Akteur/in: Allianz ""Nein zur 13. AHV-Rente"", Zürich"
de;945;allowances;alphabetical;Kampagnenfinanzierung;3;03.03.2024 Für ein besseres Leben im Alter (Initiative für eine 13. AHV-Rente);;campaign_financing;Budgetzahlen;juristische Person oder Personengesellschaft;"Zuwender/in: Zürcher Handelskammer, Akteur/in: Allianz ""Nein zur 13. AHV-Rente"", Zürich"
de;946;allowances;alphabetical;Kampagnenfinanzierung;3;03.03.2024 Für ein besseres Leben im Alter (Initiative für eine 13. AHV-Rente);;campaign_financing;Budgetzahlen;juristische Person oder Personengesellschaft;"Zuwender/in: economiesuisse, Akteur/in: Allianz ""Nein zur 13. AHV-Rente"", Zürich"
de;947;allowances;alphabetical;Kampagnenfinanzierung;3;03.03.2024 Für ein besseres Leben im Alter (Initiative für eine 13. AHV-Rente);;campaign_financing;Budgetzahlen;juristische Person oder Personengesellschaft;"Zuwender/in: Schweizerischer Gewerbeverband, Akteur/in: Allianz ""Nein zur 13. AHV-Rente"", Zürich"
de;948;allowances;alphabetical;Kampagnenfinanzierung;3;03.03.2024 Für ein besseres Leben im Alter (Initiative für eine 13. AHV-Rente);;campaign_financing;Budgetzahlen;juristische Person oder Personengesellschaft;"Zuwender/in: economiesuisse, Akteur/in: Allianz ""Nein zur 13. AHV-Rente"", Zürich"
de;949;allowances;alphabetical;Kampagnenfinanzierung;3;03.03.2024 Für ein besseres Leben im Alter (Initiative für eine 13. AHV-Rente);;campaign_financing;Budgetzahlen;juristische Person oder Personengesellschaft;"Zuwender/in: Schweizerischer Arbeitgeberverband, Akteur/in: Allianz ""Nein zur 13. AHV-Rente"", Zürich"
de;95;allowances;alphabetical;Kampagnenfinanzierung;1;22.10.2023 Nationalratswahlen 2023;2023;campaign_financing;Budgetzahlen;natürliche Person;Zuwender/in: Graber Michael, Akteur/in: Schweizerische Volkspartei Oberwallis, Brig
de;950;allowances;alphabetical;Kampagnenfinanzierung;3;03.03.2024 Für ein besseres Leben im Alter (Initiative für eine 13. AHV-Rente);;campaign_financing;Budgetzahlen;juristische Person oder Personengesellschaft;"Zuwender/in: Schweizerischer Gewerbeverband, Akteur/in: Allianz ""Nein zur 13. AHV-Rente"", Zürich"
de;951;allowances;alphabetical;Kampagnenfinanzierung;3;03.03.2024 Für ein besseres Leben im Alter (Initiative für eine 13. AHV-Rente);;campaign_financing;Budgetzahlen;juristische Person oder Personengesellschaft;"Zuwender/in: economiesuisse, Akteur/in: Allianz ""Nein zur 13. AHV-Rente"", Zürich"
de;952;allowances;alphabetical;Kampagnenfinanzierung;3;03.03.2024 Für ein besseres Leben im Alter (Initiative für eine 13. AHV-Rente);;campaign_financing;Budgetzahlen;juristische Person oder Personengesellschaft;"Zuwender/in: Schweizerischer Arbeitgeberverband, Akteur/in: Allianz ""Nein zur 13. AHV-Rente"", Zürich"
de;953;allowances;alphabetical;Kampagnenfinanzierung;3;03.03.2024 Für ein besseres Leben im Alter (Initiative für eine 13. AHV-Rente);;campaign_financing;Budgetzahlen;juristische Person oder Personengesellschaft;"Zuwender/in: Fédération des entreprises romandes Genève, Akteur/in: Allianz ""Nein zur 13. AHV-Rente"", Zürich"
de;954;allowances;alphabetical;Kampagnenfinanzierung;3;03.03.2024 Für ein besseres Leben im Alter (Initiative für eine 13. AHV-Rente);;campaign_financing;Budgetzahlen;juristische Person oder Personengesellschaft;"Zuwender/in: Fédération des entreprises romandes Genève, Akteur/in: Allianz ""Nein zur 13. AHV-Rente"", Zürich"
de;955;allowances;alphabetical;Kampagnenfinanzierung;3;03.03.2024 Für ein besseres Leben im Alter (Initiative für eine 13. AHV-Rente);;campaign_financing;Budgetzahlen;juristische Person oder Personengesellschaft;"Zuwender/in: Schweizerischer Gewerbeverband, Akteur/in: Allianz ""Nein zur 13. AHV-Rente"", Zürich"
de;956;allowances;alphabetical;Kampagnenfinanzierung;3;03.03.2024 Für ein besseres Leben im Alter (Initiative für eine 13. AHV-Rente);;campaign_financing;Budgetzahlen;juristische Person oder Personengesellschaft;"Zuwender/in: economiesuisse, Akteur/in: Allianz ""Nein zur 13. AHV-Rente"", Zürich"
de;957;allowances;alphabetical;Kampagnenfinanzierung;3;03.03.2024 Für ein besseres Leben im Alter (Initiative für eine 13. AHV-Rente);;campaign_financing;Budgetzahlen;juristische Person oder Personengesellschaft;"Zuwender/in: Swissmem, Akteur/in: Allianz ""Nein zur 13. AHV-Rente"", Zürich"
de;958;allowances;alphabetical;Kampagnenfinanzierung;3;03.03.2024 Für ein besseres Leben im Alter (Initiative für eine 13. AHV-Rente);;campaign_financing;Budgetzahlen;juristische Person oder Personengesellschaft;"Zuwender/in: Swissmem, Akteur/in: Allianz ""Nein zur 13. AHV-Rente"", Zürich"
de;969;allowances;alphabetical;Kampagnenfinanzierung;4;03.03.2024 Für eine sichere und nachhaltige Altersvorsorge (Renteninitiative);;campaign_financing;Budgetzahlen;juristische Person oder Personengesellschaft;Zuwender/in: economiesuisse, Akteur/in: Komitee Renteninitiative Ja, Zürich
de;97;allowances;alphabetical;Kampagnenfinanzierung;1;22.10.2023 Nationalratswahlen 2023;2023;campaign_financing;Budgetzahlen;natürliche Person;Zuwender/in: Burkard Carmita, Akteur/in: Les Vert-e-s genevoi-es (parti écologiste genevois), Genève 4
de;970;allowances;alphabetical;Kampagnenfinanzierung;4;03.03.2024 Für eine sichere und nachhaltige Altersvorsorge (Renteninitiative);;campaign_financing;Budgetzahlen;juristische Person oder Personengesellschaft;Zuwender/in: Jungfreisinnige Schweiz, Akteur/in: Komitee Renteninitiative Ja, Zürich
de;971;allowances;alphabetical;Kampagnenfinanzierung;4;03.03.2024 Für eine sichere und nachhaltige Altersvorsorge (Renteninitiative);;campaign_financing;Budgetzahlen;juristische Person oder Personengesellschaft;Zuwender/in: Swiss Re Management Ltd., Akteur/in: Komitee Renteninitiative Ja, Zürich
de;972;allowances;alphabetical;Kampagnenfinanzierung;4;03.03.2024 Für eine sichere und nachhaltige Altersvorsorge (Renteninitiative);;campaign_financing;Budgetzahlen;natürliche Person;Zuwender/in: Ehinger Oliver, Akteur/in: Komitee Renteninitiative Ja, Zürich
de;973;allowances;alphabetical;Kampagnenfinanzierung;4;03.03.2024 Für eine sichere und nachhaltige Altersvorsorge (Renteninitiative);;campaign_financing;Budgetzahlen;juristische Person oder Personengesellschaft;Zuwender/in: Bonny Stiftung für Freiheit, Akteur/in: Komitee Renteninitiative Ja, Zürich
de;974;allowances;alphabetical;Kampagnenfinanzierung;4;03.03.2024 Für eine sichere und nachhaltige Altersvorsorge (Renteninitiative);;campaign_financing;Budgetzahlen;juristische Person oder Personengesellschaft;Zuwender/in: Freunde der FDP, Akteur/in: Komitee Renteninitiative Ja, Zürich
de;975;allowances;alphabetical;Kampagnenfinanzierung;4;03.03.2024 Für eine sichere und nachhaltige Altersvorsorge (Renteninitiative);;campaign_financing;Budgetzahlen;juristische Person oder Personengesellschaft;Zuwender/in: Stiftung Gambit, Akteur/in: Komitee Renteninitiative Ja, Zürich
de;976;allowances;alphabetical;Kampagnenfinanzierung;4;03.03.2024 Für eine sichere und nachhaltige Altersvorsorge (Renteninitiative);;campaign_financing;Budgetzahlen;juristische Person oder Personengesellschaft;Zuwender/in: Zürcher Handelskammer, Akteur/in: Komitee Renteninitiative Ja, Zürich
de;977;allowances;alphabetical;Kampagnenfinanzierung;4;03.03.2024 Für eine sichere und nachhaltige Altersvorsorge (Renteninitiative);;campaign_financing;Budgetzahlen;juristische Person oder Personengesellschaft;Zuwender/in: Verein Renteninitiative, Akteur/in: Komitee Renteninitiative Ja, Zürich
de;978;allowances;alphabetical;Kampagnenfinanzierung;4;03.03.2024 Für eine sichere und nachhaltige Altersvorsorge (Renteninitiative);;campaign_financing;Budgetzahlen;juristische Person oder Personengesellschaft;Zuwender/in: UBS AG, Akteur/in: Komitee Renteninitiative Ja, Zürich
de;979;allowances;alphabetical;Kampagnenfinanzierung;4;03.03.2024 Für eine sichere und nachhaltige Altersvorsorge (Renteninitiative);;campaign_financing;Budgetzahlen;juristische Person oder Personengesellschaft;Zuwender/in: Swiss Re Management Ltd., Akteur/in: Komitee Renteninitiative Ja, Zürich
de;98;allowances;alphabetical;Kampagnenfinanzierung;1;22.10.2023 Nationalratswahlen 2023;2023;campaign_financing;Budgetzahlen;natürliche Person;Zuwender/in: Maire Jacques, Akteur/in: Les Vert-e-s genevoi-es (parti écologiste genevois), Genève 4
de;980;allowances;alphabetical;Kampagnenfinanzierung;3;03.03.2024 Für ein besseres Leben im Alter (Initiative für eine 13. AHV-Rente);;campaign_financing;Budgetzahlen;juristische Person oder Personengesellschaft;Zuwender/in: Gewerkschaft des Verkehrspersonals SEV, Akteur/in: Schweizerischer Gewerkschaftsbund (SGB), Bern
de;981;allowances;alphabetical;Kampagnenfinanzierung;3;03.03.2024 Für ein besseres Leben im Alter (Initiative für eine 13. AHV-Rente);;campaign_financing;Budgetzahlen;juristische Person oder Personengesellschaft;Zuwender/in: Gewerkschaft syndicom, Akteur/in: Schweizerischer Gewerkschaftsbund (SGB), Bern
de;982;allowances;alphabetical;Kampagnenfinanzierung;3;03.03.2024 Für ein besseres Leben im Alter (Initiative für eine 13. AHV-Rente);;campaign_financing;Budgetzahlen;juristische Person oder Personengesellschaft;Zuwender/in: Gewerkschaft Unia, Akteur/in: Schweizerischer Gewerkschaftsbund (SGB), Bern
de;983;allowances;alphabetical;Kampagnenfinanzierung;3;03.03.2024 Für ein besseres Leben im Alter (Initiative für eine 13. AHV-Rente);;campaign_financing;Budgetzahlen;juristische Person oder Personengesellschaft;Zuwender/in: Verband öffentliches Personal VPOD, Akteur/in: Schweizerischer Gewerkschaftsbund (SGB), Bern
de;984;allowances;alphabetical;Kampagnenfinanzierung;3;03.03.2024 Für ein besseres Leben im Alter (Initiative für eine 13. AHV-Rente);;campaign_financing;Budgetzahlen;juristische Person oder Personengesellschaft;Zuwender/in: Syndicat interprofessionnel de travailleuses et travailleurs SIT, Akteur/in: Schweizerischer Gewerkschaftsbund (SGB), Bern
de;985;allowances;alphabetical;Kampagnenfinanzierung;3;03.03.2024 Für ein besseres Leben im Alter (Initiative für eine 13. AHV-Rente);;campaign_financing;Budgetzahlen;juristische Person oder Personengesellschaft;Zuwender/in: PVB, Akteur/in: Schweizerischer Gewerkschaftsbund (SGB), Bern
de;986;allowances;alphabetical;Kampagnenfinanzierung;3;03.03.2024 Für ein besseres Leben im Alter (Initiative für eine 13. AHV-Rente);;campaign_financing;Budgetzahlen;juristische Person oder Personengesellschaft;Zuwender/in: SBPV, Akteur/in: Schweizerischer Gewerkschaftsbund (SGB), Bern
de;987;allowances;alphabetical;Kampagnenfinanzierung;3;03.03.2024 Für ein besseres Leben im Alter (Initiative für eine 13. AHV-Rente);;campaign_financing;Budgetzahlen;juristische Person oder Personengesellschaft;Zuwender/in: garanto, Akteur/in: Schweizerischer Gewerkschaftsbund (SGB), Bern
de;988;allowances;alphabetical;Kampagnenfinanzierung;3;03.03.2024 Für ein besseres Leben im Alter (Initiative für eine 13. AHV-Rente);;campaign_financing;Budgetzahlen;juristische Person oder Personengesellschaft;Zuwender/in: SSM, Akteur/in: Schweizerischer Gewerkschaftsbund (SGB), Bern
de;989;allowances;alphabetical;Kampagnenfinanzierung;3;03.03.2024 Für ein besseres Leben im Alter (Initiative für eine 13. AHV-Rente);;campaign_financing;Budgetzahlen;juristische Person oder Personengesellschaft;Zuwender/in: AvenirSocial, Akteur/in: Schweizerischer Gewerkschaftsbund (SGB), Bern
de;990;allowances;alphabetical;Kampagnenfinanzierung;3;03.03.2024 Für ein besseres Leben im Alter (Initiative für eine 13. AHV-Rente);;campaign_financing;Budgetzahlen;juristische Person oder Personengesellschaft;Zuwender/in: Kapers, Akteur/in: Schweizerischer Gewerkschaftsbund (SGB), Bern
de;991;allowances;alphabetical;Kampagnenfinanzierung;3;03.03.2024 Für ein besseres Leben im Alter (Initiative für eine 13. AHV-Rente);;campaign_financing;Budgetzahlen;juristische Person oder Personengesellschaft;Zuwender/in: SMV, Akteur/in: Schweizerischer Gewerkschaftsbund (SGB), Bern
de;992;allowances;alphabetical;Kampagnenfinanzierung;3;03.03.2024 Für ein besseres Leben im Alter (Initiative für eine 13. AHV-Rente);;campaign_financing;Budgetzahlen;juristische Person oder Personengesellschaft;Zuwender/in: SzeneSchweiz, Akteur/in: Schweizerischer Gewerkschaftsbund (SGB), Bern
de;993;allowances;alphabetical;Kampagnenfinanzierung;3;03.03.2024 Für ein besseres Leben im Alter (Initiative für eine 13. AHV-Rente);;campaign_financing;Budgetzahlen;juristische Person oder Personengesellschaft;Zuwender/in: Helvetica, Akteur/in: Schweizerischer Gewerkschaftsbund (SGB), Bern
de;994;allowances;alphabetical;Kampagnenfinanzierung;3;03.03.2024 Für ein besseres Leben im Alter (Initiative für eine 13. AHV-Rente);;campaign_financing;Budgetzahlen;juristische Person oder Personengesellschaft;Zuwender/in: Nautilus, Akteur/in: Schweizerischer Gewerkschaftsbund (SGB), Bern
de;995;allowances;alphabetical;Kampagnenfinanzierung;3;03.03.2024 Für ein besseres Leben im Alter (Initiative für eine 13. AHV-Rente);;campaign_financing;Budgetzahlen;juristische Person oder Personengesellschaft;Zuwender/in: ESPA, Akteur/in: Schweizerischer Gewerkschaftsbund (SGB), Bern
de;996;allowances;alphabetical;Kampagnenfinanzierung;3;03.03.2024 Für ein besseres Leben im Alter (Initiative für eine 13. AHV-Rente);;campaign_financing;Budgetzahlen;juristische Person oder Personengesellschaft;Zuwender/in: Association des Amis de Jost Steiger, Akteur/in: Schweizerischer Gewerkschaftsbund (SGB), Bern
