declaration_id;language;category;financing_id;with_budget;event_label;event_year;event_date;source_path;file_sha256;data_status;disclosure_run;date;actor_id;actor;actor_type;form_id;disclosure_report;mandate_id;last_name;first_name;institution;amount_chf
party-17-F-004;fr;party;17;FALSE;2024;;;/api/frontend/latest/fr/downloads/financings/17?with_budget=false;6dd1cc52a6ad36fdf0ca7dc088b6ebfbdd578a32ccc871b290926ff4c511ee6b;29.10.25 08:57:52;Financement des partis 2024;31.12.2024;8;Sozialdemokratische Partei der Schweiz;Personne morale ou société de personnes;1265;Déclaration des recettes annuelles;1000;Jaccoud;Jessica;Conseil national;2970.0
party-17-F-004;fr;party;17;FALSE;2024;;;/api/frontend/latest/fr/downloads/financings/17?with_budget=false;6dd1cc52a6ad36fdf0ca7dc088b6ebfbdd578a32ccc871b290926ff4c511ee6b;29.10.25 08:57:52;Financement des partis 2024;31.12.2024;8;Sozialdemokratische Partei der Schweiz;Personne morale ou société de personnes;1265;Déclaration des recettes annuelles;1001;Revaz;Estelle;Conseil national;2970.0
party-17-F-004;fr;party;17;FALSE;2024;;;/api/frontend/latest/fr/downloads/financings/17?with_budget=false;6dd1cc52a6ad36fdf0ca7dc088b6ebfbdd578a32ccc871b290926ff4c511ee6b;29.10.25 08:57:52;Financement des partis 2024;31.12.2024;8;Sozialdemokratische Partei der Schweiz;Personne morale ou société de personnes;1265;Déclaration des recettes annuelles;1002;Tschopp;Jean;Conseil national;2970.0
party-17-F-004;fr;party;17;FALSE;2024;;;/api/frontend/latest/fr/downloads/financings/17?with_budget=false;6dd1cc52a6ad36fdf0ca7dc088b6ebfbdd578a32ccc871b290926ff4c511ee6b;29.10.25 08:57:52;Financement des partis 2024;31.12.2024;8;Sozialdemokratische Partei der Schweiz;Personne morale ou société de personnes;1265;Déclaration des recettes annuelles;1003;Tuosto;Brenda;Conseil national;4000.0
party-17-F-004;fr;party;17;FALSE;2024;;;/api/frontend/latest/fr/downloads/financings/17?with_budget=false;6dd1cc52a6ad36fdf0ca7dc088b6ebfbdd578a32ccc871b290926ff4c511ee6b;29.10.25 08:57:52;Financement des partis 2024;31.12.2024;8;Sozialdemokratische Partei der Schweiz;Personne morale ou société de personnes;1265;Déclaration des recettes annuelles;1004;Elmiger-Necipoglu;Selin;Tribunal administratif fédéral;4902.0
party-17-F-004;fr;party;17;FALSE;2024;;;/api/frontend/latest/fr/downloads/financings/17?with_budget=false;6dd1cc52a6ad36fdf0ca7dc088b6ebfbdd578a32ccc871b290926ff4c511ee6b;29.10.25 08:57:52;Financement des partis 2024;31.12.2024;8;Sozialdemokratische Partei der Schweiz;Personne morale ou société de personnes;1265;Déclaration des recettes annuelles;1005;Petrik-Haltiner;Tanja;Tribunal fédéral;340.0
party-17-F-004;fr;party;17;FALSE;2024;;;/api/frontend/latest/fr/downloads/financings/17?with_budget=false;6dd1cc52a6ad36fdf0ca7dc088b6ebfbdd578a32ccc871b290926ff4c511ee6b;29.10.25 08:57:52;Financement des partis 2024;31.12.2024;8;Sozialdemokratische Partei der Schweiz;Personne morale ou société de personnes;1265;Déclaration des recettes annuelles;1006;Schär;Caroline;Tribunal fédéral;1720.0
party-17-F-005;fr;party;17;FALSE;2024;;;/api/frontend/latest/fr/downloads/financings/17?with_budget=false;6dd1cc52a6ad36fdf0ca7dc088b6ebfbdd578a32ccc871b290926ff4c511ee6b;29.10.25 08:57:52;Financement des partis 2024;31.12.2024;9;Les VERT-E-S suisses;Personne morale ou société de personnes;1268;Déclaration des recettes annuelles;1007;Andrey;Gerhard;Conseil national;8000.0
party-17-F-005;fr;party;17;FALSE;2024;;;/api/frontend/latest/fr/downloads/financings/17?with_budget=false;6dd1cc52a6ad36fdf0ca7dc088b6ebfbdd578a32ccc871b290926ff4c511ee6b;29.10.25 08:57:52;Financement des partis 2024;31.12.2024;9;Les VERT-E-S suisses;Personne morale ou société de personnes;1268;Déclaration des recettes annuelles;1008;Arslan;Sibel;Conseil national;9000.0
party-17-F-005;fr;party;17;FALSE;2024;;;/api/frontend/latest/fr/downloads/financings/17?with_budget=false;6dd1cc52a6ad36fdf0ca7dc088b6ebfbdd578a32ccc871b290926ff4c511ee6b;29.10.25 08:57:52;Financement des partis 2024;31.12.2024;9;Les VERT-E-S suisses;Personne morale ou société de personnes;1268;Déclaration des recettes annuelles;1009;Badertscher;Christine;Conseil national;6000.0
party-17-F-005;fr;party;17;FALSE;2024;;;/api/frontend/latest/fr/downloads/financings/17?with_budget=false;6dd1cc52a6ad36fdf0ca7dc088b6ebfbdd578a32ccc871b290926ff4c511ee6b;29.10.25 08:57:52;Financement des partis 2024;31.12.2024;9;Les VERT-E-S suisses;Personne morale ou société de personnes;1268;Déclaration des recettes annuelles;1010;Baumann;Kilian;Conseil national;6000.0
party-17-F-005;fr;party;17;FALSE;2024;;;/api/frontend/latest/fr/downloads/financings/17?with_budget=false;6dd1cc52a6ad36fdf0ca7dc088b6ebfbdd578a32ccc871b290926ff4c511ee6b;29.10.25 08:57:52;Financement des partis 2024;31.12.2024;9;Les VERT-E-S suisses;Personne morale ou société de personnes;1268;Déclaration des recettes annuelles;1011;Brenzikofer;Florence;Conseil national;6000.0
party-17-F-005;fr;party;17;FALSE;2024;;;/api/frontend/latest/fr/downloads/financings/17?with_budget=false;6dd1cc52a6ad36fdf0ca7dc088b6ebfbdd578a32ccc871b290926ff4c511ee6b;29.10.25 08:57:52;Financement des partis 2024;31.12.2024;9;Les VERT-E-S suisses;Personne morale ou société de personnes;1268;Déclaration des recettes annuelles;1012;Clivaz;Christophe;Conseil national;6000.0
party-17-F-005;fr;party;17;FALSE;2024;;;/api/frontend/latest/fr/downloads/financings/17?with_budget=false;6dd1cc52a6ad36fdf0ca7dc088b6ebfbdd578a32ccc871b290926ff4c511ee6b;29.10.25 08:57:52;Financement des partis 2024;31.12.2024;9;Les VERT-E-S suisses;Personne morale ou société de personnes;1268;Déclaration des recettes annuelles;1014;Fivaz;Fabien;Conseil national;8000.0
party-17-F-005;fr;party;17;FALSE;2024;;;/api/frontend/latest/fr/downloads/financings/17?with_budget=false;6dd1cc52a6ad36fdf0ca7dc088b6ebfbdd578a32ccc871b290926ff4c511ee6b;29.10.25 08:57:52;Financement des partis 2024;31.12.2024;9;Les VERT-E-S suisses;Personne morale ou société de personnes;1268;Déclaration des recettes annuelles;1015;Girod;Bastien;Conseil national;4500.0
party-17-F-005;fr;party;17;FALSE;2024;;;/api/frontend/latest/fr/downloads/financings/17?with_budget=false;6dd1cc52a6ad36fdf0ca7dc088b6ebfbdd578a32ccc871b290926ff4c511ee6b;29.10.25 08:57:52;Financement des partis 2024;31.12.2024;9;Les VERT-E-S suisses;Personne morale ou société de personnes;1268;Déclaration des recettes annuelles;1016;Glättli;Balthasar;Conseil national;6000.0
party-17-F-005;fr;party;17;FALSE;2024;;;/api/frontend/latest/fr/downloads/financings/17?with_budget=false;6dd1cc52a6ad36fdf0ca7dc088b6ebfbdd578a32ccc871b290926ff4c511ee6b;29.10.25 08:57:52;Financement des partis 2024;31.12.2024;9;Les VERT-E-S suisses;Personne morale ou société de personnes;1268;Déclaration des recettes annuelles;1017;Graf;Maya;Conseil des États;9000.0
party-17-F-005;fr;party;17;FALSE;2024;;;/api/frontend/latest/fr/downloads/financings/17?with_budget=false;6dd1cc52a6ad36fdf0ca7dc088b6ebfbdd578a32ccc871b290926ff4c511ee6b;29.10.25 08:57:52;Financement des partis 2024;31.12.2024;9;Les VERT-E-S suisses;Personne morale ou société de personnes;1268;Déclaration des recettes annuelles;1018;Gysin;Greta;Conseil national;6000.0
party-17-F-005;fr;party;17;FALSE;2024;;;/api/frontend/latest/fr/downloads/financings/17?with_budget=false;6dd1cc52a6ad36fdf0ca7dc088b6ebfbdd578a32ccc871b290926ff4c511ee6b;29.10.25 08:57:52;Financement des partis 2024;31.12.2024;9;Les VERT-E-S suisses;Personne morale ou société de personnes;1268;Déclaration des recettes annuelles;1020;Kälin;Irene;Conseil national;6000.0
party-17-F-005;fr;party;17;FALSE;2024;;;/api/frontend/latest/fr/downloads/financings/17?with_budget=false;6dd1cc52a6ad36fdf0ca7dc088b6ebfbdd578a32ccc871b290926ff4c511ee6b;29.10.25 08:57:52;Financement des partis 2024;31.12.2024;9;Les VERT-E-S suisses;Personne morale ou société de personnes;1268;Déclaration des recettes annuelles;1021;Klopfenstein;Delphine;Conseil national;8000.0
party-17-F-005;fr;party;17;FALSE;2024;;;/api/frontend/latest/fr/downloads/financings/17?with_budget=false;6dd1cc52a6ad36fdf0ca7dc088b6ebfbdd578a32ccc871b290926ff4c511ee6b;29.10.25 08:57:52;Financement des partis 2024;31.12.2024;9;Les VERT-E-S suisses;Personne morale ou société de personnes;1268;Déclaration des recettes annuelles;1023;Mahaim;Raphaël;Conseil national;6000.0
party-17-F-005;fr;party;17;FALSE;2024;;;/api/frontend/latest/fr/downloads/financings/17?with_budget=false;6dd1cc52a6ad36fdf0ca7dc088b6ebfbdd578a32ccc871b290926ff4c511ee6b;29.10.25 08:57:52;Financement des partis 2024;31.12.2024;9;Les VERT-E-S suisses;Personne morale ou société de personnes;1268;Déclaration des recettes annuelles;1025;Michaud Gigon;Sophie;Conseil national;6000.0
party-17-F-005;fr;party;17;FALSE;2024;;;/api/frontend/latest/fr/downloads/financings/17?with_budget=false;6dd1cc52a6ad36fdf0ca7dc088b6ebfbdd578a32ccc871b290926ff4c511ee6b;29.10.25 08:57:52;Financement des partis 2024;31.12.2024;9;Les VERT-E-S suisses;Personne morale ou société de personnes;1268;Déclaration des recettes annuelles;1026;Porchet;Léonore;Conseil national;6000.0
party-17-F-005;fr;party;17;FALSE;2024;;;/api/frontend/latest/fr/downloads/financings/17?with_budget=false;6dd1cc52a6ad36fdf0ca7dc088b6ebfbdd578a32ccc871b290926ff4c511ee6b;29.10.25 08:57:52;Financement des partis 2024;31.12.2024;9;Les VERT-E-S suisses;Personne morale ou société de personnes;1268;Déclaration des recettes annuelles;1027;Prelicz-Huber;Katharina;Conseil national;8000.0
party-17-F-005;fr;party;17;FALSE;2024;;;/api/frontend/latest/fr/downloads/financings/17?with_budget=false;6dd1cc52a6ad36fdf0ca7dc088b6ebfbdd578a32ccc871b290926ff4c511ee6b;29.10.25 08:57:52;Financement des partis 2024;31.12.2024;9;Les VERT-E-S suisses;Personne morale ou société de personnes;1268;Déclaration des recettes annuelles;1029;Ryser;Franziska;Conseil national;4500.0
party-17-F-005;fr;party;17;FALSE;2024;;;/api/frontend/latest/fr/downloads/financings/17?with_budget=false;6dd1cc52a6ad36fdf0ca7dc088b6ebfbdd578a32ccc871b290926ff4c511ee6b;29.10.25 08:57:52;Financement des partis 2024;31.12.2024;9;Les VERT-E-S suisses;Personne morale ou société de personnes;1268;Déclaration des recettes annuelles;1030;Schlatter;Marionna;Conseil national;8000.0
party-17-F-005;fr;party;17;FALSE;2024;;;/api/frontend/latest/fr/downloads/financings/17?with_budget=false;6dd1cc52a6ad36fdf0ca7dc088b6ebfbdd578a32ccc871b290926ff4c511ee6b;29.10.25 08:57:52;Financement des partis 2024;31.12.2024;9;Les VERT-E-S suisses;Personne morale ou société de personnes;1268;Déclaration des recettes annuelles;1031;Schneider;Meret;Conseil national;1500.0
party-17-F-005;fr;party;17;FALSE;2024;;;/api/frontend/latest/fr/downloads/financings/17?with_budget=false;6dd1cc52a6ad36fdf0ca7dc088b6ebfbdd578a32ccc871b290926ff4c511ee6b;29.10.25 08:57:52;Financement des partis 2024;31.12.2024;9;Les VERT-E-S suisses;Personne morale ou société de personnes;1268;Déclaration des recettes annuelles;1033;Töngi;Michael;Conseil national;8000.0
party-17-F-005;fr;party;17;FALSE;2024;;;/api/frontend/latest/fr/downloads/financings/17?with_budget=false;6dd1cc52a6ad36fdf0ca7dc088b6ebfbdd578a32ccc871b290926ff4c511ee6b;29.10.25 08:57:52;Financement des partis 2024;31.12.2024;9;Les VERT-E-S suisses;Personne morale ou société de personnes;1268;Déclaration des recettes annuelles;1034;Trede;Aline;Conseil national;8000.0
party-17-F-005;fr;party;17;FALSE;2024;;;/api/frontend/latest/fr/downloads/financings/17?with_budget=false;6dd1cc52a6ad36fdf0ca7dc088b6ebfbdd578a32ccc871b290926ff4c511ee6b;29.10.25 08:57:52;Financement des partis 2024;31.12.2024;9;Les VERT-E-S suisses;Personne morale ou société de personnes;1268;Déclaration des recettes annuelles;1035;Vara;Céline;Conseil des États;9000.0
party-17-F-005;fr;party;17;FALSE;2024;;;/api/frontend/latest/fr/downloads/financings/17?with_budget=false;6dd1cc52a6ad36fdf0ca7dc088b6ebfbdd578a32ccc871b290926ff4c511ee6b;29.10.25 08:57:52;Financement des partis 2024;31.12.2024;9;Les VERT-E-S suisses;Personne morale ou société de personnes;1268;Déclaration des recettes annuelles;1036;Walder;Nicolas;Conseil national;8000.0
party-17-F-005;fr;party;17;FALSE;2024;;;/api/frontend/latest/fr/downloads/financings/17?with_budget=false;6dd1cc52a6ad36fdf0ca7dc088b6ebfbdd578a32ccc871b290926ff4c511ee6b;29.10.25 08:57:52;Financement des partis 2024;31.12.2024;9;Les VERT-E-S suisses;Personne morale ou société de personnes;1268;Déclaration des recettes annuelles;1037;Weichelt;Manuela;Conseil national;7000.0
party-17-F-005;fr;party;17;FALSE;2024;;;/api/frontend/latest/fr/downloads/financings/17?with_budget=false;6dd1cc52a6ad36fdf0ca7dc088b6ebfbdd578a32ccc871b290926ff4c511ee6b;29.10.25 08:57:52;Financement des partis 2024;31.12.2024;9;Les VERT-E-S suisses;Personne morale ou société de personnes;1268;Déclaration des recettes annuelles;1038;Wettstein;Felix;Conseil national;6000.0
party-17-F-005;fr;party;17;FALSE;2024;;;/api/frontend/latest/fr/downloads/financings/17?with_budget=false;6dd1cc52a6ad36fdf0ca7dc088b6ebfbdd578a32ccc871b290926ff4c511ee6b;29.10.25 08:57:52;Financement des partis 2024;31.12.2024;9;Les VERT-E-S suisses;Personne morale ou société de personnes;1268;Déclaration des recettes annuelles;1039;Zopfi;Mathias;Conseil des États;9000.0
party-17-F-005;fr;party;17;FALSE;2024;;;/api/frontend/latest/fr/downloads/financings/17?with_budget=false;6dd1cc52a6ad36fdf0ca7dc088b6ebfbdd578a32ccc871b290926ff4c511ee6b;29.10.25 08:57:52;Financement des partis 2024;31.12.2024;9;Les VERT-E-S suisses;Personne morale ou société de personnes;1268;Déclaration des recettes annuelles;1040;Antonioni Luftensteiner;Emilia;Tribunal administratif fédéral;8204.0
party-17-F-005;fr;party;17;FALSE;2024;;;/api/frontend/latest/fr/downloads/financings/17?with_budget=false;6dd1cc52a6ad36fdf0ca7dc088b6ebfbdd578a32ccc871b290926ff4c511ee6b;29.10.25 08:57:52;Financement des partis 2024;31.12.2024;9;Les VERT-E-S suisses;Personne morale ou société de personnes;1268;Déclaration des recettes annuelles;1041;Aubry Girardin;Florence;Tribunal fédéral;10000.0
party-17-F-005;fr;party;17;FALSE;2024;;;/api/frontend/latest/fr/downloads/financings/17?with_budget=false;6dd1cc52a6ad36fdf0ca7dc088b6ebfbdd578a32ccc871b290926ff4c511ee6b;29.10.25 08:57:52;Financement des partis 2024;31.12.2024;9;Les VERT-E-S suisses;Personne morale ou société de personnes;1268;Déclaration des recettes annuelles;1043;Bolz Reimann;Susanne;Tribunal administratif fédéral;6746.3
party-17-F-005;fr;party;17;FALSE;2024;;;/api/frontend/latest/fr/downloads/financings/17?with_budget=false;6dd1cc52a6ad36fdf0ca7dc088b6ebfbdd578a32ccc871b290926ff4c511ee6b;29.10.25 08:57:52;Financement des partis 2024;31.12.2024;9;Les VERT-E-S suisses;Personne morale ou société de personnes;1268;Déclaration des recettes annuelles;1044;Demont;Maric;Tribunal pénal fédéral;9228.0
party-17-F-005;fr;party;17;FALSE;2024;;;/api/frontend/latest/fr/downloads/financings/17?with_budget=false;6dd1cc52a6ad36fdf0ca7dc088b6ebfbdd578a32ccc871b290926ff4c511ee6b;29.10.25 08:57:52;Financement des partis 2024;31.12.2024;9;Les VERT-E-S suisses;Personne morale ou société de personnes;1268;Déclaration des recettes annuelles;1045;Christian;Denys;Tribunal fédéral;10104.0
party-17-F-005;fr;party;17;FALSE;2024;;;/api/frontend/latest/fr/downloads/financings/17?with_budget=false;6dd1cc52a6ad36fdf0ca7dc088b6ebfbdd578a32ccc871b290926ff4c511ee6b;29.10.25 08:57:52;Financement des partis 2024;31.12.2024;9;Les VERT-E-S suisses;Personne morale ou société de personnes;1268;Déclaration des recettes annuelles;1046;Derrer;Regina;Tribunal administratif fédéral;6691.2
party-17-F-005;fr;party;17;FALSE;2024;;;/api/frontend/latest/fr/downloads/financings/17?with_budget=false;6dd1cc52a6ad36fdf0ca7dc088b6ebfbdd578a32ccc871b290926ff4c511ee6b;29.10.25 08:57:52;Financement des partis 2024;31.12.2024;9;Les VERT-E-S suisses;Personne morale ou société de personnes;1268;Déclaration des recettes annuelles;1047;Hartmann;Stephan;Tribunal fédéral;18000.0
party-17-F-005;fr;party;17;FALSE;2024;;;/api/frontend/latest/fr/downloads/financings/17?with_budget=false;6dd1cc52a6ad36fdf0ca7dc088b6ebfbdd578a32ccc871b290926ff4c511ee6b;29.10.25 08:57:52;Financement des partis 2024;31.12.2024;9;Les VERT-E-S suisses;Personne morale ou société de personnes;1268;Déclaration des recettes annuelles;1048;Kempe;Sebastian;Tribunal administratif fédéral;7356.0
party-17-F-005;fr;party;17;FALSE;2024;;;/api/frontend/latest/fr/downloads/financings/17?with_budget=false;6dd1cc52a6ad36fdf0ca7dc088b6ebfbdd578a32ccc871b290926ff4c511ee6b;29.10.25 08:57:52;Financement des partis 2024;31.12.2024;9;Les VERT-E-S suisses;Personne morale ou société de personnes;1268;Déclaration des recettes annuelles;1049;Kölz;Christian;Tribunal fédéral;21840.0
party-17-F-005;fr;party;17;FALSE;2024;;;/api/frontend/latest/fr/downloads/financings/17?with_budget=false;6dd1cc52a6ad36fdf0ca7dc088b6ebfbdd578a32ccc871b290926ff4c511ee6b;29.10.25 08:57:52;Financement des partis 2024;31.12.2024;9;Les VERT-E-S suisses;Personne morale ou société de personnes;1268;Déclaration des recettes annuelles;1050;Mariéthoz Wyssen;Camilla;Tribunal administratif fédéral;4200.0
party-17-F-005;fr;party;17;FALSE;2024;;;/api/frontend/latest/fr/downloads/financings/17?with_budget=false;6dd1cc52a6ad36fdf0ca7dc088b6ebfbdd578a32ccc871b290926ff4c511ee6b;29.10.25 08:57:52;Financement des partis 2024;31.12.2024;9;Les VERT-E-S suisses;Personne morale ou société de personnes;1268;Déclaration des recettes annuelles;1051;Merz;Laurent;Tribunal fédéral;21840.0
party-17-F-005;fr;party;17;FALSE;2024;;;/api/frontend/latest/fr/downloads/financings/17?with_budget=false;6dd1cc52a6ad36fdf0ca7dc088b6ebfbdd578a32ccc871b290926ff4c511ee6b;29.10.25 08:57:52;Financement des partis 2024;31.12.2024;9;Les VERT-E-S suisses;Personne morale ou société de personnes;1268;Déclaration des recettes annuelles;1052;Métral;Jean;Tribunal fédéral;18000.0
party-17-F-005;fr;party;17;FALSE;2024;;;/api/frontend/latest/fr/downloads/financings/17?with_budget=false;6dd1cc52a6ad36fdf0ca7dc088b6ebfbdd578a32ccc871b290926ff4c511ee6b;29.10.25 08:57:52;Financement des partis 2024;31.12.2024;9;Les VERT-E-S suisses;Personne morale ou société de personnes;1268;Déclaration des recettes annuelles;1054;Piras;Chiara;Tribunal administratif fédéral;4800.0
party-17-F-005;fr;party;17;FALSE;2024;;;/api/frontend/latest/fr/downloads/financings/17?with_budget=false;6dd1cc52a6ad36fdf0ca7dc088b6ebfbdd578a32ccc871b290926ff4c511ee6b;29.10.25 08:57:52;Financement des partis 2024;31.12.2024;9;Les VERT-E-S suisses;Personne morale ou société de personnes;1268;Déclaration des recettes annuelles;1055;Ruedin;Pierre-Emmanuel;Tribunal administratif fédéral;4351.9
party-17-F-005;fr;party;17;FALSE;2024;;;/api/frontend/latest/fr/downloads/financings/17?with_budget=false;6dd1cc52a6ad36fdf0ca7dc088b6ebfbdd578a32ccc871b290926ff4c511ee6b;29.10.25 08:57:52;Financement des partis 2024;31.12.2024;9;Les VERT-E-S suisses;Personne morale ou société de personnes;1268;Déclaration des recettes annuelles;1056;Theis;Contessina;Tribunal administratif fédéral;5040.0
party-17-F-005;fr;party;17;FALSE;2024;;;/api/frontend/latest/fr/downloads/financings/17?with_budget=false;6dd1cc52a6ad36fdf0ca7dc088b6ebfbdd578a32ccc871b290926ff4c511ee6b;29.10.25 08:57:52;Financement des partis 2024;31.12.2024;9;Les VERT-E-S suisses;Personne morale ou société de personnes;1268;Déclaration des recettes annuelles;1057;Widmer;Iris;Tribunal administratif fédéral;6156.0
party-17-F-005;fr;party;17;FALSE;2024;;;/api/frontend/latest/fr/downloads/financings/17?with_budget=false;6dd1cc52a6ad36fdf0ca7dc088b6ebfbdd578a32ccc871b290926ff4c511ee6b;29.10.25 08:57:52;Financement des partis 2024;31.12.2024;9;Les VERT-E-S suisses;Personne morale ou société de personnes;1268;Déclaration des recettes annuelles;1058;Zufferey;Nathalie;Tribunal pénal fédéral;6600.0
party-17-F-005;fr;party;17;FALSE;2024;;;/api/frontend/latest/fr/downloads/financings/17?with_budget=false;6dd1cc52a6ad36fdf0ca7dc088b6ebfbdd578a32ccc871b290926ff4c511ee6b;29.10.25 08:57:52;Financement des partis 2024;31.12.2024;9;Les VERT-E-S suisses;Personne morale ou société de personnes;1268;Déclaration des recettes annuelles;1059;Katharina;Giovannone;Tribunal pénal fédéral;395.3
party-17-F-005;fr;party;17;FALSE;2024;;;/api/frontend/latest/fr/downloads/financings/17?with_budget=false;6dd1cc52a6ad36fdf0ca7dc088b6ebfbdd578a32ccc871b290926ff4c511ee6b;29.10.25 08:57:52;Financement des partis 2024;31.12.2024;9;Les VERT-E-S suisses;Personne morale ou société de personnes;1268;Déclaration des recettes annuelles;1061;Philipp;Egli;Tribunal administratif fédéral;8736.0
party-17-F-006;fr;party;17;FALSE;2024;;;/api/frontend/latest/fr/downloads/financings/17?with_budget=false;6dd1cc52a6ad36fdf0ca7dc088b6ebfbdd578a32ccc871b290926ff4c511ee6b;29.10.25 08:57:52;Financement des partis 2024;31.12.2024;59;Le Centre;Personne morale ou société de personnes;1269;Déclaration des recettes annuelles;1225;Engler;Stefan;Conseil des États;3000.0
party-17-F-006;fr;party;17;FALSE;2024;;;/api/frontend/latest/fr/downloads/financings/17?with_budget=false;6dd1cc52a6ad36fdf0ca7dc088b6ebfbdd578a32ccc871b290926ff4c511ee6b;29.10.25 08:57:52;Financement des partis 2024;31.12.2024;59;Le Centre;Personne morale ou société de personnes;1269;Déclaration des recettes annuelles;1226;Maitre;Vincent;Conseil national;3000.0
party-17-F-006;fr;party;17;FALSE;2024;;;/api/frontend/latest/fr/downloads/financings/17?with_budget=false;6dd1cc52a6ad36fdf0ca7dc088b6ebfbdd578a32ccc871b290926ff4c511ee6b;29.10.25 08:57:52;Financement des partis 2024;31.12.2024;59;Le Centre;Personne morale ou société de personnes;1269;Déclaration des recettes annuelles;1227;Candinas;Martin;Conseil national;3000.0
party-17-F-006;fr;party;17;FALSE;2024;;;/api/frontend/latest/fr/downloads/financings/17?with_budget=false;6dd1cc52a6ad36fdf0ca7dc088b6ebfbdd578a32ccc871b290926ff4c511ee6b;29.10.25 08:57:52;Financement des partis 2024;31.12.2024;59;Le Centre;Personne morale ou société de personnes;1269;Déclaration des recettes annuelles;1228;Würth;Benedikt;Conseil des États;3000.0
party-17-F-006;fr;party;17;FALSE;2024;;;/api/frontend/latest/fr/downloads/financings/17?with_budget=false;6dd1cc52a6ad36fdf0ca7dc088b6ebfbdd578a32ccc871b290926ff4c511ee6b;29.10.25 08:57:52;Financement des partis 2024;31.12.2024;59;Le Centre;Personne morale ou société de personnes;1269;Déclaration des recettes annuelles;1229;Wismer-Felder;Priska;Conseil national;3000.0
party-17-F-006;fr;party;17;FALSE;2024;;;/api/frontend/latest/fr/downloads/financings/17?with_budget=false;6dd1cc52a6ad36fdf0ca7dc088b6ebfbdd578a32ccc871b290926ff4c511ee6b;29.10.25 08:57:52;Financement des partis 2024;31.12.2024;59;Le Centre;Personne morale ou société de personnes;1269;Déclaration des recettes annuelles;1230;Chassot;Isabelle;Conseil des États;3000.0
party-17-F-006;fr;party;17;FALSE;2024;;;/api/frontend/latest/fr/downloads/financings/17?with_budget=false;6dd1cc52a6ad36fdf0ca7dc088b6ebfbdd578a32ccc871b290926ff4c511ee6b;29.10.25 08:57:52;Financement des partis 2024;31.12.2024;59;Le Centre;Personne morale ou société de personnes;1269;Déclaration des recettes annuelles;1231;Müller-Bühler;Leo;Conseil national;3000.0
party-17-F-006;fr;party;17;FALSE;2024;;;/api/frontend/latest/fr/downloads/financings/17?with_budget=false;6dd1cc52a6ad36fdf0ca7dc088b6ebfbdd578a32ccc871b290926ff4c511ee6b;29.10.25 08:57:52;Financement des partis 2024;31.12.2024;59;Le Centre;Personne morale ou société de personnes;1269;Déclaration des recettes annuelles;1232;Fässler;Daniel;Conseil des États;3000.0
party-17-F-006;fr;party;17;FALSE;2024;;;/api/frontend/latest/fr/downloads/financings/17?with_budget=false;6dd1cc52a6ad36fdf0ca7dc088b6ebfbdd578a32ccc871b290926ff4c511ee6b;29.10.25 08:57:52;Financement des partis 2024;31.12.2024;59;Le Centre;Personne morale ou société de personnes;1269;Déclaration des recettes annuelles;1233;Müller-Altermatt;Stefan;Conseil national;3000.0
party-17-F-006;fr;party;17;FALSE;2024;;;/api/frontend/latest/fr/downloads/financings/17?with_budget=false;6dd1cc52a6ad36fdf0ca7dc088b6ebfbdd578a32ccc871b290926ff4c511ee6b;29.10.25 08:57:52;Financement des partis 2024;31.12.2024;59;Le Centre;Personne morale ou société de personnes;1269;Déclaration des recettes annuelles;1234;Häberli-Koller;Brigitte;Conseil des États;3000.0
party-17-F-006;fr;party;17;FALSE;2024;;;/api/frontend/latest/fr/downloads/financings/17?with_budget=false;6dd1cc52a6ad36fdf0ca7dc088b6ebfbdd578a32ccc871b290926ff4c511ee6b;29.10.25 08:57:52;Financement des partis 2024;31.12.2024;59;Le Centre;Personne morale ou société de personnes;1269;Déclaration des recettes annuelles;1235;Rechsteiner;Thomas;Conseil national;3000.0
party-17-F-006;fr;party;17;FALSE;2024;;;/api/frontend/latest/fr/downloads/financings/17?with_budget=false;6dd1cc52a6ad36fdf0ca7dc088b6ebfbdd578a32ccc871b290926ff4c511ee6b;29.10.25 08:57:52;Financement des partis 2024;31.12.2024;59;Le Centre;Personne morale ou société de personnes;1269;Déclaration des recettes annuelles;1236;Kutter;Philipp;Conseil national;3000.0
party-17-F-006;fr;party;17;FALSE;2024;;;/api/frontend/latest/fr/downloads/financings/17?with_budget=false;6dd1cc52a6ad36fdf0ca7dc088b6ebfbdd578a32ccc871b290926ff4c511ee6b;29.10.25 08:57:52;Financement des partis 2024;31.12.2024;59;Le Centre;Personne morale ou société de personnes;1269;Déclaration des recettes annuelles;1237;Pfister;Gerhard;Conseil national;3000.0
party-17-F-006;fr;party;17;FALSE;2024;;;/api/frontend/latest/fr/downloads/financings/17?with_budget=false;6dd1cc52a6ad36fdf0ca7dc088b6ebfbdd578a32ccc871b290926ff4c511ee6b;29.10.25 08:57:52;Financement des partis 2024;31.12.2024;59;Le Centre;Personne morale ou société de personnes;1269;Déclaration des recettes annuelles;1238;Ritter;Markus;Conseil national;3000.0
party-17-F-006;fr;party;17;FALSE;2024;;;/api/frontend/latest/fr/downloads/financings/17?with_budget=false;6dd1cc52a6ad36fdf0ca7dc088b6ebfbdd578a32ccc871b290926ff4c511ee6b;29.10.25 08:57:52;Financement des partis 2024;31.12.2024;59;Le Centre;Personne morale ou société de personnes;1269;Déclaration des recettes annuelles;1239;Schneider-Schneiter;Elisabeth;Conseil national;3000.0
party-17-F-006;fr;party;17;FALSE;2024;;;/api/frontend/latest/fr/downloads/financings/17?with_budget=false;6dd1cc52a6ad36fdf0ca7dc088b6ebfbdd578a32ccc871b290926ff4c511ee6b;29.10.25 08:57:52;Financement des partis 2024;31.12.2024;59;Le Centre;Personne morale ou société de personnes;1269;Déclaration des recettes annuelles;1240;Bregy;Philipp Matthias;Conseil national;3000.0
party-17-F-006;fr;party;17;FALSE;2024;;;/api/frontend/latest/fr/downloads/financings/17?with_budget=false;6dd1cc52a6ad36fdf0ca7dc088b6ebfbdd578a32ccc871b290926ff4c511ee6b;29.10.25 08:57:52;Financement des partis 2024;31.12.2024;59;Le Centre;Personne morale ou société de personnes;1269;Déclaration des recettes annuelles;1241;Bischof;Pirmin;Conseil des États;3000.0
party-17-F-006;fr;party;17;FALSE;2024;;;/api/frontend/latest/fr/downloads/financings/17?with_budget=false;6dd1cc52a6ad36fdf0ca7dc088b6ebfbdd578a32ccc871b290926ff4c511ee6b;29.10.25 08:57:52;Financement des partis 2024;31.12.2024;59;Le Centre;Personne morale ou société de personnes;1269;Déclaration des recettes annuelles;1242;Stadler;Simon;Conseil national;3000.0
party-17-F-006;fr;party;17;FALSE;2024;;;/api/frontend/latest/fr/downloads/financings/17?with_budget=false;6dd1cc52a6ad36fdf0ca7dc088b6ebfbdd578a32ccc871b290926ff4c511ee6b;29.10.25 08:57:52;Financement des partis 2024;31.12.2024;59;Le Centre;Personne morale ou société de personnes;1269;Déclaration des recettes annuelles;1243;Rieder;Beat;Conseil des États;3000.0
party-17-F-006;fr;party;17;FALSE;2024;;;/api/frontend/latest/fr/downloads/financings/17?with_budget=false;6dd1cc52a6ad36fdf0ca7dc088b6ebfbdd578a32ccc871b290926ff4c511ee6b;29.10.25 08:57:52;Financement des partis 2024;31.12.2024;59;Le Centre;Personne morale ou société de personnes;1269;Déclaration des recettes annuelles;1244;Ettlin-Barth;Erich;Conseil des États;3000.0
party-17-F-006;fr;party;17;FALSE;2024;;;/api/frontend/latest/fr/downloads/financings/17?with_budget=false;6dd1cc52a6ad36fdf0ca7dc088b6ebfbdd578a32ccc871b290926ff4c511ee6b;29.10.25 08:57:52;Financement des partis 2024;31.12.2024;59;Le Centre;Personne morale ou société de personnes;1269;Déclaration des recettes annuelles;1245;Paganini;Nicolò;Conseil national;3000.0
party-17-F-006;fr;party;17;FALSE;2024;;;/api/frontend/latest/fr/downloads/financings/17?with_budget=false;6dd1cc52a6ad36fdf0ca7dc088b6ebfbdd578a32ccc871b290926ff4c511ee6b;29.10.25 08:57:52;Financement des partis 2024;31.12.2024;59;Le Centre;Personne morale ou société de personnes;1269;Déclaration des recettes annuelles;1246;Gmür-Schönenberger;Andrea;Conseil des États;3000.0
party-17-F-006;fr;party;17;FALSE;2024;;;/api/frontend/latest/fr/downloads/financings/17?with_budget=false;6dd1cc52a6ad36fdf0ca7dc088b6ebfbdd578a32ccc871b290926ff4c511ee6b;29.10.25 08:57:52;Financement des partis 2024;31.12.2024;59;Le Centre;Personne morale ou société de personnes;1269;Déclaration des recettes annuelles;1247;Hess;Lorenz;Conseil national;3000.0
party-17-F-006;fr;party;17;FALSE;2024;;;/api/frontend/latest/fr/downloads/financings/17?with_budget=false;6dd1cc52a6ad36fdf0ca7dc088b6ebfbdd578a32ccc871b290926ff4c511ee6b;29.10.25 08:57:52;Financement des partis 2024;31.12.2024;59;Le Centre;Personne morale ou société de personnes;1269;Déclaration des recettes annuelles;1248;Z'graggen;Heidi;Conseil des États;3000.0
party-17-F-006;fr;party;17;FALSE;2024;;;/api/frontend/latest/fr/downloads/financings/17?with_budget=false;6dd1cc52a6ad36fdf0ca7dc088b6ebfbdd578a32ccc871b290926ff4c511ee6b;29.10.25 08:57:52;Financement des partis 2024;31.12.2024;59;Le Centre;Personne morale ou société de personnes;1269;Déclaration des recettes annuelles;1249;Lohr;Christian;Conseil national;3000.0
party-17-F-006;fr;party;17;FALSE;2024;;;/api/frontend/latest/fr/downloads/financings/17?with_budget=false;6dd1cc52a6ad36fdf0ca7dc088b6ebfbdd578a32ccc871b290926ff4c511ee6b;29.10.25 08:57:52;Financement des partis 2024;31.12.2024;59;Le Centre;Personne morale ou société de personnes;1269;Déclaration des recettes annuelles;1250;Hegglin;Peter;Conseil des États;3000.0
party-17-F-006;fr;party;17;FALSE;2024;;;/api/frontend/latest/fr/downloads/financings/17?with_budget=false;6dd1cc52a6ad36fdf0ca7dc088b6ebfbdd578a32ccc871b290926ff4c511ee6b;29.10.25 08:57:52;Financement des partis 2024;31.12.2024;59;Le Centre;Personne morale ou société de personnes;1269;Déclaration des recettes annuelles;1251;Roduit;Benjamin;Conseil national;3000.0
party-17-F-006;fr;party;17;FALSE;2024;;;/api/frontend/latest/fr/downloads/financings/17?with_budget=false;6dd1cc52a6ad36fdf0ca7dc088b6ebfbdd578a32ccc871b290926ff4c511ee6b;29.10.25 08:57:52;Financement des partis 2024;31.12.2024;59;Le Centre;Personne morale ou société de personnes;1269;Déclaration des recettes annuelles;1252;Meier;Andreas;Conseil national;3000.0
party-17-F-006;fr;party;17;FALSE;2024;;;/api/frontend/latest/fr/downloads/financings/17?with_budget=false;6dd1cc52a6ad36fdf0ca7dc088b6ebfbdd578a32ccc871b290926ff4c511ee6b;29.10.25 08:57:52;Financement des partis 2024;31.12.2024;59;Le Centre;Personne morale ou société de personnes;1269;Déclaration des recettes annuelles;1253;Roth Pasquier;Marie-France;Conseil national;3000.0
party-17-F-006;fr;party;17;FALSE;2024;;;/api/frontend/latest/fr/downloads/financings/17?with_budget=false;6dd1cc52a6ad36fdf0ca7dc088b6ebfbdd578a32ccc871b290926ff4c511ee6b;29.10.25 08:57:52;Financement des partis 2024;31.12.2024;59;Le Centre;Personne morale ou société de personnes;1269;Déclaration des recettes annuelles;1254;Kamerzin;Sidney-Hervé;Conseil national;3000.0
party-17-F-006;fr;party;17;FALSE;2024;;;/api/frontend/latest/fr/downloads/financings/17?with_budget=false;6dd1cc52a6ad36fdf0ca7dc088b6ebfbdd578a32ccc871b290926ff4c511ee6b;29.10.25 08:57:52;Financement des partis 2024;31.12.2024;59;Le Centre;Personne morale ou société de personnes;1269;Déclaration des recettes annuelles;1255;Binder;Marianne;Conseil des États;3000.0
party-17-F-006;fr;party;17;FALSE;2024;;;/api/frontend/latest/fr/downloads/financings/17?with_budget=false;6dd1cc52a6ad36fdf0ca7dc088b6ebfbdd578a32ccc871b290926ff4c511ee6b;29.10.25 08:57:52;Financement des partis 2024;31.12.2024;59;Le Centre;Personne morale ou société de personnes;1269;Déclaration des recettes annuelles;1256;Maret;Marianne;Conseil des États;3000.0
party-17-F-006;fr;party;17;FALSE;2024;;;/api/frontend/latest/fr/downloads/financings/17?with_budget=false;6dd1cc52a6ad36fdf0ca7dc088b6ebfbdd578a32ccc871b290926ff4c511ee6b;29.10.25 08:57:52;Financement des partis 2024;31.12.2024;59;Le Centre;Personne morale ou société de personnes;1269;Déclaration des recettes annuelles;1257;Juillard;Charles;Conseil des États;3000.0
party-17-F-006;fr;party;17;FALSE;2024;;;/api/frontend/latest/fr/downloads/financings/17?with_budget=false;6dd1cc52a6ad36fdf0ca7dc088b6ebfbdd578a32ccc871b290926ff4c511ee6b;29.10.25 08:57:52;Financement des partis 2024;31.12.2024;59;Le Centre;Personne morale ou société de personnes;1269;Déclaration des recettes annuelles;1258;Bulliard-Marbach;Christine;Conseil national;3000.0
party-17-F-006;fr;party;17;FALSE;2024;;;/api/frontend/latest/fr/downloads/financings/17?with_budget=false;6dd1cc52a6ad36fdf0ca7dc088b6ebfbdd578a32ccc871b290926ff4c511ee6b;29.10.25 08:57:52;Financement des partis 2024;31.12.2024;59;Le Centre;Personne morale ou société de personnes;1269;Déclaration des recettes annuelles;1259;Regazzi;Fabio;Conseil des États;3000.0
party-17-F-006;fr;party;17;FALSE;2024;;;/api/frontend/latest/fr/downloads/financings/17?with_budget=false;6dd1cc52a6ad36fdf0ca7dc088b6ebfbdd578a32ccc871b290926ff4c511ee6b;29.10.25 08:57:52;Financement des partis 2024;31.12.2024;59;Le Centre;Personne morale ou société de personnes;1269;Déclaration des recettes annuelles;1260;Butikofer Repond;Frédérique;Tribunal pénal fédéral;500.0
party-17-F-006;fr;party;17;FALSE;2024;;;/api/frontend/latest/fr/downloads/financings/17?with_budget=false;6dd1cc52a6ad36fdf0ca7dc088b6ebfbdd578a32ccc871b290926ff4c511ee6b;29.10.25 08:57:52;Financement des partis 2024;31.12.2024;59;Le Centre;Personne morale ou société de personnes;1269;Déclaration des recettes annuelles;1261;Lötscher;Cordula;Tribunal fédéral;300.0
party-17-F-006;fr;party;17;FALSE;2024;;;/api/frontend/latest/fr/downloads/financings/17?with_budget=false;6dd1cc52a6ad36fdf0ca7dc088b6ebfbdd578a32ccc871b290926ff4c511ee6b;29.10.25 08:57:52;Financement des partis 2024;31.12.2024;59;Le Centre;Personne morale ou société de personnes;1269;Déclaration des recettes annuelles;1262;Fabbri;Alberto;Tribunal pénal fédéral;1900.0
party-17-F-006;fr;party;17;FALSE;2024;;;/api/frontend/latest/fr/downloads/financings/17?with_budget=false;6dd1cc52a6ad36fdf0ca7dc088b6ebfbdd578a32ccc871b290926ff4c511ee6b;29.10.25 08:57:52;Financement des partis 2024;31.12.2024;59;Le Centre;Personne morale ou société de personnes;1269;Déclaration des recettes annuelles;1263;Dietrich;Kathrin;Tribunal administratif fédéral;1500.0
party-17-F-006;fr;party;17;FALSE;2024;;;/api/frontend/latest/fr/downloads/financings/17?with_budget=false;6dd1cc52a6ad36fdf0ca7dc088b6ebfbdd578a32ccc871b290926ff4c511ee6b;29.10.25 08:57:52;Financement des partis 2024;31.12.2024;59;Le Centre;Personne morale ou société de personnes;1269;Déclaration des recettes annuelles;1264;Urwyler;Adrian;Tribunal pénal fédéral;600.0
party-17-F-006;fr;party;17;FALSE;2024;;;/api/frontend/latest/fr/downloads/financings/17?with_budget=false;6dd1cc52a6ad36fdf0ca7dc088b6ebfbdd578a32ccc871b290926ff4c511ee6b;29.10.25 08:57:52;Financement des partis 2024;31.12.2024;59;Le Centre;Personne morale ou société de personnes;1269;Déclaration des recettes annuelles;1265;Gehring;Caroline;Tribunal administratif fédéral;1600.0
party-17-F-006;fr;party;17;FALSE;2024;;;/api/frontend/latest/fr/downloads/financings/17?with_budget=false;6dd1cc52a6ad36fdf0ca7dc088b6ebfbdd578a32ccc871b290926ff4c511ee6b;29.10.25 08:57:52;Financement des partis 2024;31.12.2024;59;Le Centre;Personne morale ou société de personnes;1269;Déclaration des recettes annuelles;1266;Heimgartner;Stefan;Tribunal pénal fédéral;1280.0
party-17-F-006;fr;party;17;FALSE;2024;;;/api/frontend/latest/fr/downloads/financings/17?with_budget=false;6dd1cc52a6ad36fdf0ca7dc088b6ebfbdd578a32ccc871b290926ff4c511ee6b;29.10.25 08:57:52;Financement des partis 2024;31.12.2024;59;Le Centre;Personne morale ou société de personnes;1269;Déclaration des recettes annuelles;1267;Richard;Pascal;Tribunal administratif fédéral;1600.0
party-17-F-006;fr;party;17;FALSE;2024;;;/api/frontend/latest/fr/downloads/financings/17?with_budget=false;6dd1cc52a6ad36fdf0ca7dc088b6ebfbdd578a32ccc871b290926ff4c511ee6b;29.10.25 08:57:52;Financement des partis 2024;31.12.2024;59;Le Centre;Personne morale ou société de personnes;1269;Déclaration des recettes annuelles;1268;Rochat Pauchard;Annie;Tribunal administratif fédéral;1600.0
party-17-F-006;fr;party;17;FALSE;2024;;;/api/frontend/latest/fr/downloads/financings/17?with_budget=false;6dd1cc52a6ad36fdf0ca7dc088b6ebfbdd578a32ccc871b290926ff4c511ee6b;29.10.25 08:57:52;Financement des partis 2024;31.12.2024;59;Le Centre;Personne morale ou société de personnes;1269;Déclaration des recettes annuelles;1269;Ackermann;Christine;Tribunal administratif fédéral;1280.0
party-17-F-006;fr;party;17;FALSE;2024;;;/api/frontend/latest/fr/downloads/financings/17?with_budget=false;6dd1cc52a6ad36fdf0ca7dc088b6ebfbdd578a32ccc871b290926ff4c511ee6b;29.10.25 08:57:52;Financement des partis 2024;31.12.2024;59;Le Centre;Personne morale ou société de personnes;1269;Déclaration des recettes annuelles;1270;Jacquemoud-Rossari;Laura;Tribunal fédéral;6000.0
party-17-F-006;fr;party;17;FALSE;2024;;;/api/frontend/latest/fr/downloads/financings/17?with_budget=false;6dd1cc52a6ad36fdf0ca7dc088b6ebfbdd578a32ccc871b290926ff4c511ee6b;29.10.25 08:57:52;Financement des partis 2024;31.12.2024;59;Le Centre;Personne morale ou société de personnes;1269;Déclaration des recettes annuelles;1271;Angeli-Busi;Pietro;Tribunal administratif fédéral;1600.0
party-17-F-006;fr;party;17;FALSE;2024;;;/api/frontend/latest/fr/downloads/financings/17?with_budget=false;6dd1cc52a6ad36fdf0ca7dc088b6ebfbdd578a32ccc871b290926ff4c511ee6b;29.10.25 08:57:52;Financement des partis 2024;31.12.2024;59;Le Centre;Personne morale ou société de personnes;1269;Déclaration des recettes annuelles;1272;Chatton;Gregor T.;Tribunal administratif fédéral;1600.0
party-17-F-006;fr;party;17;FALSE;2024;;;/api/frontend/latest/fr/downloads/financings/17?with_budget=false;6dd1cc52a6ad36fdf0ca7dc088b6ebfbdd578a32ccc871b290926ff4c511ee6b;29.10.25 08:57:52;Financement des partis 2024;31.12.2024;59;Le Centre;Personne morale ou société de personnes;1269;Déclaration des recettes annuelles;1273;Venetz;Petra;Tribunal pénal fédéral;80.0
party-17-F-006;fr;party;17;FALSE;2024;;;/api/frontend/latest/fr/downloads/financings/17?with_budget=false;6dd1cc52a6ad36fdf0ca7dc088b6ebfbdd578a32ccc871b290926ff4c511ee6b;29.10.25 08:57:52;Financement des partis 2024;31.12.2024;59;Le Centre;Personne morale ou société de personnes;1269;Déclaration des recettes annuelles;1274;Hirsig-Vouilloz;Madeleine;Tribunal administratif fédéral;1600.0
party-17-F-006;fr;party;17;FALSE;2024;;;/api/frontend/latest/fr/downloads/financings/17?with_budget=false;6dd1cc52a6ad36fdf0ca7dc088b6ebfbdd578a32ccc871b290926ff4c511ee6b;29.10.25 08:57:52;Financement des partis 2024;31.12.2024;59;Le Centre;Personne morale ou société de personnes;1269;Déclaration des recettes annuelles;1275;Pont Veuthey;Marie-Claire;Tribunal fédéral;900.0
party-17-F-006;fr;party;17;FALSE;2024;;;/api/frontend/latest/fr/downloads/financings/17?with_budget=false;6dd1cc52a6ad36fdf0ca7dc088b6ebfbdd578a32ccc871b290926ff4c511ee6b;29.10.25 08:57:52;Financement des partis 2024;31.12.2024;59;Le Centre;Personne morale ou société de personnes;1269;Déclaration des recettes annuelles;1276;Pontarolo;Mattia;Tribunal fédéral;800.0
party-17-F-006;fr;party;17;FALSE;2024;;;/api/frontend/latest/fr/downloads/financings/17?with_budget=false;6dd1cc52a6ad36fdf0ca7dc088b6ebfbdd578a32ccc871b290926ff4c511ee6b;29.10.25 08:57:52;Financement des partis 2024;31.12.2024;59;Le Centre;Personne morale ou société de personnes;1269;Déclaration des recettes annuelles;1277;Antoniazza;Yannick;Tribunal administratif fédéral;1600.0
party-17-F-006;fr;party;17;FALSE;2024;;;/api/frontend/latest/fr/downloads/financings/17?with_budget=false;6dd1cc52a6ad36fdf0ca7dc088b6ebfbdd578a32ccc871b290926ff4c511ee6b;29.10.25 08:57:52;Financement des partis 2024;31.12.2024;59;Le Centre;Personne morale ou société de personnes;1269;Déclaration des recettes annuelles;1278;Albisetti Bernasconi;Maurizio;Tribunal pénal fédéral;800.0
party-17-F-006;fr;party;17;FALSE;2024;;;/api/frontend/latest/fr/downloads/financings/17?with_budget=false;6dd1cc52a6ad36fdf0ca7dc088b6ebfbdd578a32ccc871b290926ff4c511ee6b;29.10.25 08:57:52;Financement des partis 2024;31.12.2024;59;Le Centre;Personne morale ou société de personnes;1269;Déclaration des recettes annuelles;1279;Brüschweiler;Daniela;Tribunal administratif fédéral;1600.0
party-17-F-006;fr;party;17;FALSE;2024;;;/api/frontend/latest/fr/downloads/financings/17?with_budget=false;6dd1cc52a6ad36fdf0ca7dc088b6ebfbdd578a32ccc871b290926ff4c511ee6b;29.10.25 08:57:52;Financement des partis 2024;31.12.2024;59;Le Centre;Personne morale ou société de personnes;1269;Déclaration des recettes annuelles;1280;Petry;Roswitha;Tribunal administratif fédéral;1440.0
party-17-F-006;fr;party;17;FALSE;2024;;;/api/frontend/latest/fr/downloads/financings/17?with_budget=false;6dd1cc52a6ad36fdf0ca7dc088b6ebfbdd578a32ccc871b290926ff4c511ee6b;29.10.25 08:57:52;Financement des partis 2024;31.12.2024;59;Le Centre;Personne morale ou société de personnes;1269;Déclaration des recettes annuelles;1281;Hänni;Julia;Tribunal fédéral;6000.0
party-17-F-006;fr;party;17;FALSE;2024;;;/api/frontend/latest/fr/downloads/financings/17?with_budget=false;6dd1cc52a6ad36fdf0ca7dc088b6ebfbdd578a32ccc871b290926ff4c511ee6b;29.10.25 08:57:52;Financement des partis 2024;31.12.2024;59;Le Centre;Personne morale ou société de personnes;1269;Déclaration des recettes annuelles;1282;Stupf;Martin;Tribunal pénal fédéral;1440.0
party-17-F-006;fr;party;17;FALSE;2024;;;/api/frontend/latest/fr/downloads/financings/17?with_budget=false;6dd1cc52a6ad36fdf0ca7dc088b6ebfbdd578a32ccc871b290926ff4c511ee6b;29.10.25 08:57:52;Financement des partis 2024;31.12.2024;59;Le Centre;Personne morale ou société de personnes;1269;Déclaration des recettes annuelles;1283;Maillard-Theiler;Marcel;Tribunal fédéral;6000.0
party-17-F-006;fr;party;17;FALSE;2024;;;/api/frontend/latest/fr/downloads/financings/17?with_budget=false;6dd1cc52a6ad36fdf0ca7dc088b6ebfbdd578a32ccc871b290926ff4c511ee6b;29.10.25 08:57:52;Financement des partis 2024;31.12.2024;59;Le Centre;Personne morale ou société de personnes;1269;Déclaration des recettes annuelles;1284;Amherd;Viola;Conseil fédéral;12000.0
party-17-F-006;fr;party;17;FALSE;2024;;;/api/frontend/latest/fr/downloads/financings/17?with_budget=false;6dd1cc52a6ad36fdf0ca7dc088b6ebfbdd578a32ccc871b290926ff4c511ee6b;29.10.25 08:57:52;Financement des partis 2024;31.12.2024;59;Le Centre;Personne morale ou société de personnes;1269;Déclaration des recettes annuelles;1285;May Canellas;Marie-Chantal;Tribunal fédéral;6000.0
party-17-F-006;fr;party;17;FALSE;2024;;;/api/frontend/latest/fr/downloads/financings/17?with_budget=false;6dd1cc52a6ad36fdf0ca7dc088b6ebfbdd578a32ccc871b290926ff4c511ee6b;29.10.25 08:57:52;Financement des partis 2024;31.12.2024;59;Le Centre;Personne morale ou société de personnes;1269;Déclaration des recettes annuelles;1286;Bally Frehner;Maya;Conseil national;3000.0
party-17-F-006;fr;party;17;FALSE;2024;;;/api/frontend/latest/fr/downloads/financings/17?with_budget=false;6dd1cc52a6ad36fdf0ca7dc088b6ebfbdd578a32ccc871b290926ff4c511ee6b;29.10.25 08:57:52;Financement des partis 2024;31.12.2024;59;Le Centre;Personne morale ou société de personnes;1269;Déclaration des recettes annuelles;1287;Durrer-Knobel;Regina;Conseil national;3000.0
party-17-F-006;fr;party;17;FALSE;2024;;;/api/frontend/latest/fr/downloads/financings/17?with_budget=false;6dd1cc52a6ad36fdf0ca7dc088b6ebfbdd578a32ccc871b290926ff4c511ee6b;29.10.25 08:57:52;Financement des partis 2024;31.12.2024;59;Le Centre;Personne morale ou société de personnes;1269;Déclaration des recettes annuelles;1288;Fonio;Giorgio;Conseil national;3000.0
party-17-F-006;fr;party;17;FALSE;2024;;;/api/frontend/latest/fr/downloads/financings/17?with_budget=false;6dd1cc52a6ad36fdf0ca7dc088b6ebfbdd578a32ccc871b290926ff4c511ee6b;29.10.25 08:57:52;Financement des partis 2024;31.12.2024;59;Le Centre;Personne morale ou société de personnes;1269;Déclaration des recettes annuelles;1289;Blunschy;Dominik;Conseil national;3000.0
party-17-F-006;fr;party;17;FALSE;2024;;;/api/frontend/latest/fr/downloads/financings/17?with_budget=false;6dd1cc52a6ad36fdf0ca7dc088b6ebfbdd578a32ccc871b290926ff4c511ee6b;29.10.25 08:57:52;Financement des partis 2024;31.12.2024;59;Le Centre;Personne morale ou société de personnes;1269;Déclaration des recettes annuelles;1290;Bürgin;Yvonne;Conseil national;3000.0
party-17-F-006;fr;party;17;FALSE;2024;;;/api/frontend/latest/fr/downloads/financings/17?with_budget=false;6dd1cc52a6ad36fdf0ca7dc088b6ebfbdd578a32ccc871b290926ff4c511ee6b;29.10.25 08:57:52;Financement des partis 2024;31.12.2024;59;Le Centre;Personne morale ou société de personnes;1269;Déclaration des recettes annuelles;1291;Barandun;Nicole;Conseil national;3000.0
party-17-F-006;fr;party;17;FALSE;2024;;;/api/frontend/latest/fr/downloads/financings/17?with_budget=false;6dd1cc52a6ad36fdf0ca7dc088b6ebfbdd578a32ccc871b290926ff4c511ee6b;29.10.25 08:57:52;Financement des partis 2024;31.12.2024;59;Le Centre;Personne morale ou société de personnes;1269;Déclaration des recettes annuelles;1292;Kaufmann-Roos;Pius;Conseil national;3000.0
party-17-F-006;fr;party;17;FALSE;2024;;;/api/frontend/latest/fr/downloads/financings/17?with_budget=false;6dd1cc52a6ad36fdf0ca7dc088b6ebfbdd578a32ccc871b290926ff4c511ee6b;29.10.25 08:57:52;Financement des partis 2024;31.12.2024;59;Le Centre;Personne morale ou société de personnes;1269;Déclaration des recettes annuelles;1293;Nause;Reto;Conseil national;3000.0
party-17-F-006;fr;party;17;FALSE;2024;;;/api/frontend/latest/fr/downloads/financings/17?with_budget=false;6dd1cc52a6ad36fdf0ca7dc088b6ebfbdd578a32ccc871b290926ff4c511ee6b;29.10.25 08:57:52;Financement des partis 2024;31.12.2024;59;Le Centre;Personne morale ou société de personnes;1269;Déclaration des recettes annuelles;1294;Chappuis;Isabelle;Conseil national;3000.0
party-17-F-006;fr;party;17;FALSE;2024;;;/api/frontend/latest/fr/downloads/financings/17?with_budget=false;6dd1cc52a6ad36fdf0ca7dc088b6ebfbdd578a32ccc871b290926ff4c511ee6b;29.10.25 08:57:52;Financement des partis 2024;31.12.2024;59;Le Centre;Personne morale ou société de personnes;1269;Déclaration des recettes annuelles;1295;Ermotti;Andrea;Tribunal pénal fédéral;1280.0
party-17-F-006;fr;party;17;FALSE;2024;;;/api/frontend/latest/fr/downloads/financings/17?with_budget=false;6dd1cc52a6ad36fdf0ca7dc088b6ebfbdd578a32ccc871b290926ff4c511ee6b;29.10.25 08:57:52;Financement des partis 2024;31.12.2024;59;Le Centre;Personne morale ou société de personnes;1269;Déclaration des recettes annuelles;1296;von Felten;Rolf;Tribunal fédéral;6000.0
party-17-F-007;fr;party;17;FALSE;2024;;;/api/frontend/latest/fr/downloads/financings/17?with_budget=false;6dd1cc52a6ad36fdf0ca7dc088b6ebfbdd578a32ccc871b290926ff4c511ee6b;29.10.25 08:57:52;Financement des partis 2024;31.12.2024;268;Mouvement Citoyens Genevois;Personne morale ou société de personnes;1271;Déclaration des recettes annuelles;1345;Poggia;Mauro;Conseil des États;10000.0
party-17-F-001;fr;party;17;FALSE;2024;;;/api/frontend/latest/fr/downloads/financings/17?with_budget=false;6dd1cc52a6ad36fdf0ca7dc088b6ebfbdd578a32ccc871b290926ff4c511ee6b;29.10.25 08:57:52;Financement des partis 2024;31.12.2024;33;Grünliberale Partei Schweiz;Personne morale ou société de personnes;1261;Déclaration des recettes annuelles;1346;Misic;Alexander;Tribunal administratif fédéral;8000.0
party-17-F-001;fr;party;17;FALSE;2024;;;/api/frontend/latest/fr/downloads/financings/17?with_budget=false;6dd1cc52a6ad36fdf0ca7dc088b6ebfbdd578a32ccc871b290926ff4c511ee6b;29.10.25 08:57:52;Financement des partis 2024;31.12.2024;33;Grünliberale Partei Schweiz;Personne morale ou société de personnes;1261;Déclaration des recettes annuelles;1347;Haag;Stephan;Tribunal fédéral;14299.15
party-17-F-001;fr;party;17;FALSE;2024;;;/api/frontend/latest/fr/downloads/financings/17?with_budget=false;6dd1cc52a6ad36fdf0ca7dc088b6ebfbdd578a32ccc871b290926ff4c511ee6b;29.10.25 08:57:52;Financement des partis 2024;31.12.2024;33;Grünliberale Partei Schweiz;Personne morale ou société de personnes;1261;Déclaration des recettes annuelles;1348;Marti;Esther;Tribunal administratif fédéral;2000.0
party-17-F-001;fr;party;17;FALSE;2024;;;/api/frontend/latest/fr/downloads/financings/17?with_budget=false;6dd1cc52a6ad36fdf0ca7dc088b6ebfbdd578a32ccc871b290926ff4c511ee6b;29.10.25 08:57:52;Financement des partis 2024;31.12.2024;33;Grünliberale Partei Schweiz;Personne morale ou société de personnes;1261;Déclaration des recettes annuelles;1349;Balmelli;Barbara;Tribunal administratif fédéral;8934.0
party-17-F-001;fr;party;17;FALSE;2024;;;/api/frontend/latest/fr/downloads/financings/17?with_budget=false;6dd1cc52a6ad36fdf0ca7dc088b6ebfbdd578a32ccc871b290926ff4c511ee6b;29.10.25 08:57:52;Financement des partis 2024;31.12.2024;33;Grünliberale Partei Schweiz;Personne morale ou société de personnes;1261;Déclaration des recettes annuelles;1350;Errass;Christoph;Tribunal administratif fédéral;6150.0
party-17-F-001;fr;party;17;FALSE;2024;;;/api/frontend/latest/fr/downloads/financings/17?with_budget=false;6dd1cc52a6ad36fdf0ca7dc088b6ebfbdd578a32ccc871b290926ff4c511ee6b;29.10.25 08:57:52;Financement des partis 2024;31.12.2024;33;Grünliberale Partei Schweiz;Personne morale ou société de personnes;1261;Déclaration des recettes annuelles;1351;Schweizer;Mark Daniel;Tribunal fédéral des brevets;2200.0
party-17-F-001;fr;party;17;FALSE;2024;;;/api/frontend/latest/fr/downloads/financings/17?with_budget=false;6dd1cc52a6ad36fdf0ca7dc088b6ebfbdd578a32ccc871b290926ff4c511ee6b;29.10.25 08:57:52;Financement des partis 2024;31.12.2024;33;Grünliberale Partei Schweiz;Personne morale ou société de personnes;1261;Déclaration des recettes annuelles;1352;Hurni;Christoph;Tribunal fédéral;13020.0
party-17-F-001;fr;party;17;FALSE;2024;;;/api/frontend/latest/fr/downloads/financings/17?with_budget=false;6dd1cc52a6ad36fdf0ca7dc088b6ebfbdd578a32ccc871b290926ff4c511ee6b;29.10.25 08:57:52;Financement des partis 2024;31.12.2024;33;Grünliberale Partei Schweiz;Personne morale ou société de personnes;1261;Déclaration des recettes annuelles;1353;Segessenmann;Thomas;Tribunal administratif fédéral;6754.0
party-17-F-001;fr;party;17;FALSE;2024;;;/api/frontend/latest/fr/downloads/financings/17?with_budget=false;6dd1cc52a6ad36fdf0ca7dc088b6ebfbdd578a32ccc871b290926ff4c511ee6b;29.10.25 08:57:52;Financement des partis 2024;31.12.2024;33;Grünliberale Partei Schweiz;Personne morale ou société de personnes;1261;Déclaration des recettes annuelles;1354;Rossi;Viktor;Bundeskanzler;19200.0
party-17-F-009;fr;party;17;FALSE;2024;;;/api/frontend/latest/fr/downloads/financings/17?with_budget=false;6dd1cc52a6ad36fdf0ca7dc088b6ebfbdd578a32ccc871b290926ff4c511ee6b;29.10.25 08:57:52;Financement des partis 2024;31.12.2024;43;PLR.Les Libéraux-Radicaux;Personne morale ou société de personnes;1275;Déclaration des recettes annuelles;1627;Riniker;Maja;Conseil national;1000.0
party-17-F-009;fr;party;17;FALSE;2024;;;/api/frontend/latest/fr/downloads/financings/17?with_budget=false;6dd1cc52a6ad36fdf0ca7dc088b6ebfbdd578a32ccc871b290926ff4c511ee6b;29.10.25 08:57:52;Financement des partis 2024;31.12.2024;43;PLR.Les Libéraux-Radicaux;Personne morale ou société de personnes;1275;Déclaration des recettes annuelles;1628;Wasserfallen;Christian;Conseil national;1000.0
party-17-F-009;fr;party;17;FALSE;2024;;;/api/frontend/latest/fr/downloads/financings/17?with_budget=false;6dd1cc52a6ad36fdf0ca7dc088b6ebfbdd578a32ccc871b290926ff4c511ee6b;29.10.25 08:57:52;Financement des partis 2024;31.12.2024;43;PLR.Les Libéraux-Radicaux;Personne morale ou société de personnes;1275;Déclaration des recettes annuelles;1629;Caroni;Andrea;Conseil des États;1000.0
party-17-F-009;fr;party;17;FALSE;2024;;;/api/frontend/latest/fr/downloads/financings/17?with_budget=false;6dd1cc52a6ad36fdf0ca7dc088b6ebfbdd578a32ccc871b290926ff4c511ee6b;29.10.25 08:57:52;Financement des partis 2024;31.12.2024;43;PLR.Les Libéraux-Radicaux;Personne morale ou société de personnes;1275;Déclaration des recettes annuelles;1630;Müller;Damian;Conseil des États;1000.0
party-17-F-009;fr;party;17;FALSE;2024;;;/api/frontend/latest/fr/downloads/financings/17?with_budget=false;6dd1cc52a6ad36fdf0ca7dc088b6ebfbdd578a32ccc871b290926ff4c511ee6b;29.10.25 08:57:52;Financement des partis 2024;31.12.2024;43;PLR.Les Libéraux-Radicaux;Personne morale ou société de personnes;1275;Déclaration des recettes annuelles;1631;Cottier;Damien;Conseil national;1000.0
party-17-F-009;fr;party;17;FALSE;2024;;;/api/frontend/latest/fr/downloads/financings/17?with_budget=false;6dd1cc52a6ad36fdf0ca7dc088b6ebfbdd578a32ccc871b290926ff4c511ee6b;29.10.25 08:57:52;Financement des partis 2024;31.12.2024;43;PLR.Les Libéraux-Radicaux;Personne morale ou société de personnes;1275;Déclaration des recettes annuelles;1632;De Montmollin;Simone;Conseil national;1000.0
party-17-F-009;fr;party;17;FALSE;2024;;;/api/frontend/latest/fr/downloads/financings/17?with_budget=false;6dd1cc52a6ad36fdf0ca7dc088b6ebfbdd578a32ccc871b290926ff4c511ee6b;29.10.25 08:57:52;Financement des partis 2024;31.12.2024;43;PLR.Les Libéraux-Radicaux;Personne morale ou société de personnes;1275;Déclaration des recettes annuelles;1633;Giacometti;Anna;Conseil national;1000.0
party-17-F-009;fr;party;17;FALSE;2024;;;/api/frontend/latest/fr/downloads/financings/17?with_budget=false;6dd1cc52a6ad36fdf0ca7dc088b6ebfbdd578a32ccc871b290926ff4c511ee6b;29.10.25 08:57:52;Financement des partis 2024;31.12.2024;43;PLR.Les Libéraux-Radicaux;Personne morale ou société de personnes;1275;Déclaration des recettes annuelles;1634;Gössi;Petra;Conseil des États;1000.0
party-17-F-009;fr;party;17;FALSE;2024;;;/api/frontend/latest/fr/downloads/financings/17?with_budget=false;6dd1cc52a6ad36fdf0ca7dc088b6ebfbdd578a32ccc871b290926ff4c511ee6b;29.10.25 08:57:52;Financement des partis 2024;31.12.2024;43;PLR.Les Libéraux-Radicaux;Personne morale ou société de personnes;1275;Déclaration des recettes annuelles;1635;Sauter;Regine;Conseil national;1000.0
party-17-F-009;fr;party;17;FALSE;2024;;;/api/frontend/latest/fr/downloads/financings/17?with_budget=false;6dd1cc52a6ad36fdf0ca7dc088b6ebfbdd578a32ccc871b290926ff4c511ee6b;29.10.25 08:57:52;Financement des partis 2024;31.12.2024;43;PLR.Les Libéraux-Radicaux;Personne morale ou société de personnes;1275;Déclaration des recettes annuelles;1636;Dittli;Josef;Conseil des États;1000.0
party-17-F-009;fr;party;17;FALSE;2024;;;/api/frontend/latest/fr/downloads/financings/17?with_budget=false;6dd1cc52a6ad36fdf0ca7dc088b6ebfbdd578a32ccc871b290926ff4c511ee6b;29.10.25 08:57:52;Financement des partis 2024;31.12.2024;43;PLR.Les Libéraux-Radicaux;Personne morale ou société de personnes;1275;Déclaration des recettes annuelles;1637;Silberschmidt;Andri;Conseil national;1000.0
party-17-F-009;fr;party;17;FALSE;2024;;;/api/frontend/latest/fr/downloads/financings/17?with_budget=false;6dd1cc52a6ad36fdf0ca7dc088b6ebfbdd578a32ccc871b290926ff4c511ee6b;29.10.25 08:57:52;Financement des partis 2024;31.12.2024;43;PLR.Les Libéraux-Radicaux;Personne morale ou société de personnes;1275;Déclaration des recettes annuelles;1638;Michel;Matthias;Conseil des États;1000.0
party-17-F-009;fr;party;17;FALSE;2024;;;/api/frontend/latest/fr/downloads/financings/17?with_budget=false;6dd1cc52a6ad36fdf0ca7dc088b6ebfbdd578a32ccc871b290926ff4c511ee6b;29.10.25 08:57:52;Financement des partis 2024;31.12.2024;43;PLR.Les Libéraux-Radicaux;Personne morale ou société de personnes;1275;Déclaration des recettes annuelles;1639;Jauslin;Matthias;Conseil national;1000.0
party-17-F-009;fr;party;17;FALSE;2024;;;/api/frontend/latest/fr/downloads/financings/17?with_budget=false;6dd1cc52a6ad36fdf0ca7dc088b6ebfbdd578a32ccc871b290926ff4c511ee6b;29.10.25 08:57:52;Financement des partis 2024;31.12.2024;43;PLR.Les Libéraux-Radicaux;Personne morale ou société de personnes;1275;Déclaration des recettes annuelles;1640;Von Falkenstein;Patricia;Conseil national;1000.0
party-17-F-009;fr;party;17;FALSE;2024;;;/api/frontend/latest/fr/downloads/financings/17?with_budget=false;6dd1cc52a6ad36fdf0ca7dc088b6ebfbdd578a32ccc871b290926ff4c511ee6b;29.10.25 08:57:52;Financement des partis 2024;31.12.2024;43;PLR.Les Libéraux-Radicaux;Personne morale ou société de personnes;1275;Déclaration des recettes annuelles;1641;Schilliger;Peter;Conseil national;1000.0
party-17-F-009;fr;party;17;FALSE;2024;;;/api/frontend/latest/fr/downloads/financings/17?with_budget=false;6dd1cc52a6ad36fdf0ca7dc088b6ebfbdd578a32ccc871b290926ff4c511ee6b;29.10.25 08:57:52;Financement des partis 2024;31.12.2024;43;PLR.Les Libéraux-Radicaux;Personne morale ou société de personnes;1275;Déclaration des recettes annuelles;1642;Wehrli;Laurent;Conseil national;1000.0
party-17-F-009;fr;party;17;FALSE;2024;;;/api/frontend/latest/fr/downloads/financings/17?with_budget=false;6dd1cc52a6ad36fdf0ca7dc088b6ebfbdd578a32ccc871b290926ff4c511ee6b;29.10.25 08:57:52;Financement des partis 2024;31.12.2024;43;PLR.Les Libéraux-Radicaux;Personne morale ou société de personnes;1275;Déclaration des recettes annuelles;1643;Farinelli;Alex;Conseil national;1000.0
party-17-F-009;fr;party;17;FALSE;2024;;;/api/frontend/latest/fr/downloads/financings/17?with_budget=false;6dd1cc52a6ad36fdf0ca7dc088b6ebfbdd578a32ccc871b290926ff4c511ee6b;29.10.25 08:57:52;Financement des partis 2024;31.12.2024;43;PLR.Les Libéraux-Radicaux;Personne morale ou société de personnes;1275;Déclaration des recettes annuelles;1644;Wicki;Hans;Conseil des États;1000.0
party-17-F-009;fr;party;17;FALSE;2024;;;/api/frontend/latest/fr/downloads/financings/17?with_budget=false;6dd1cc52a6ad36fdf0ca7dc088b6ebfbdd578a32ccc871b290926ff4c511ee6b;29.10.25 08:57:52;Financement des partis 2024;31.12.2024;43;PLR.Les Libéraux-Radicaux;Personne morale ou société de personnes;1275;Déclaration des recettes annuelles;1645;Feller;Olivier;Conseil national;1000.0
party-17-F-009;fr;party;17;FALSE;2024;;;/api/frontend/latest/fr/downloads/financings/17?with_budget=false;6dd1cc52a6ad36fdf0ca7dc088b6ebfbdd578a32ccc871b290926ff4c511ee6b;29.10.25 08:57:52;Financement des partis 2024;31.12.2024;43;PLR.Les Libéraux-Radicaux;Personne morale ou société de personnes;1275;Déclaration des recettes annuelles;1646;Keller Sutter;Karin;Conseil fédéral;15000.0
party-17-F-009;fr;party;17;FALSE;2024;;;/api/frontend/latest/fr/downloads/financings/17?with_budget=false;6dd1cc52a6ad36fdf0ca7dc088b6ebfbdd578a32ccc871b290926ff4c511ee6b;29.10.25 08:57:52;Financement des partis 2024;31.12.2024;43;PLR.Les Libéraux-Radicaux;Personne morale ou société de personnes;1275;Déclaration des recettes annuelles;1647;Gapany;Johanna;Conseil des États;1000.0
party-17-F-009;fr;party;17;FALSE;2024;;;/api/frontend/latest/fr/downloads/financings/17?with_budget=false;6dd1cc52a6ad36fdf0ca7dc088b6ebfbdd578a32ccc871b290926ff4c511ee6b;29.10.25 08:57:52;Financement des partis 2024;31.12.2024;43;PLR.Les Libéraux-Radicaux;Personne morale ou société de personnes;1275;Déclaration des recettes annuelles;1648;Nantermod;Philippe;Conseil national;1000.0
party-17-F-009;fr;party;17;FALSE;2024;;;/api/frontend/latest/fr/downloads/financings/17?with_budget=false;6dd1cc52a6ad36fdf0ca7dc088b6ebfbdd578a32ccc871b290926ff4c511ee6b;29.10.25 08:57:52;Financement des partis 2024;31.12.2024;43;PLR.Les Libéraux-Radicaux;Personne morale ou société de personnes;1275;Déclaration des recettes annuelles;1649;Walti;Beat;Conseil national;1000.0
party-17-F-009;fr;party;17;FALSE;2024;;;/api/frontend/latest/fr/downloads/financings/17?with_budget=false;6dd1cc52a6ad36fdf0ca7dc088b6ebfbdd578a32ccc871b290926ff4c511ee6b;29.10.25 08:57:52;Financement des partis 2024;31.12.2024;43;PLR.Les Libéraux-Radicaux;Personne morale ou société de personnes;1275;Déclaration des recettes annuelles;1650;Vincenz-Stauffacher;Susanne;Conseil national;1000.0
party-17-F-009;fr;party;17;FALSE;2024;;;/api/frontend/latest/fr/downloads/financings/17?with_budget=false;6dd1cc52a6ad36fdf0ca7dc088b6ebfbdd578a32ccc871b290926ff4c511ee6b;29.10.25 08:57:52;Financement des partis 2024;31.12.2024;43;PLR.Les Libéraux-Radicaux;Personne morale ou société de personnes;1275;Déclaration des recettes annuelles;1651;Schneeberger;Daniela;Conseil national;1000.0
party-17-F-009;fr;party;17;FALSE;2024;;;/api/frontend/latest/fr/downloads/financings/17?with_budget=false;6dd1cc52a6ad36fdf0ca7dc088b6ebfbdd578a32ccc871b290926ff4c511ee6b;29.10.25 08:57:52;Financement des partis 2024;31.12.2024;43;PLR.Les Libéraux-Radicaux;Personne morale ou société de personnes;1275;Déclaration des recettes annuelles;1652;Cassis;Ignazio;Conseil fédéral;15000.0
party-17-F-009;fr;party;17;FALSE;2024;;;/api/frontend/latest/fr/downloads/financings/17?with_budget=false;6dd1cc52a6ad36fdf0ca7dc088b6ebfbdd578a32ccc871b290926ff4c511ee6b;29.10.25 08:57:52;Financement des partis 2024;31.12.2024;43;PLR.Les Libéraux-Radicaux;Personne morale ou société de personnes;1275;Déclaration des recettes annuelles;1653;De Quattro;Jacqueline;Conseil national;1000.0
party-17-F-009;fr;party;17;FALSE;2024;;;/api/frontend/latest/fr/downloads/financings/17?with_budget=false;6dd1cc52a6ad36fdf0ca7dc088b6ebfbdd578a32ccc871b290926ff4c511ee6b;29.10.25 08:57:52;Financement des partis 2024;31.12.2024;43;PLR.Les Libéraux-Radicaux;Personne morale ou société de personnes;1275;Déclaration des recettes annuelles;1654;Dobler;Marcel;Conseil national;1000.0
party-17-F-009;fr;party;17;FALSE;2024;;;/api/frontend/latest/fr/downloads/financings/17?with_budget=false;6dd1cc52a6ad36fdf0ca7dc088b6ebfbdd578a32ccc871b290926ff4c511ee6b;29.10.25 08:57:52;Financement des partis 2024;31.12.2024;43;PLR.Les Libéraux-Radicaux;Personne morale ou société de personnes;1275;Déclaration des recettes annuelles;1655;Burkart;Thierry;Conseil des États;1000.0
party-17-F-009;fr;party;17;FALSE;2024;;;/api/frontend/latest/fr/downloads/financings/17?with_budget=false;6dd1cc52a6ad36fdf0ca7dc088b6ebfbdd578a32ccc871b290926ff4c511ee6b;29.10.25 08:57:52;Financement des partis 2024;31.12.2024;43;PLR.Les Libéraux-Radicaux;Personne morale ou société de personnes;1275;Déclaration des recettes annuelles;1656;Gianini;Simone;Conseil national;1000.0
party-17-F-009;fr;party;17;FALSE;2024;;;/api/frontend/latest/fr/downloads/financings/17?with_budget=false;6dd1cc52a6ad36fdf0ca7dc088b6ebfbdd578a32ccc871b290926ff4c511ee6b;29.10.25 08:57:52;Financement des partis 2024;31.12.2024;43;PLR.Les Libéraux-Radicaux;Personne morale ou société de personnes;1275;Déclaration des recettes annuelles;1657;Mühlemann;Benjamin;Conseil des États;1000.0
party-17-F-009;fr;party;17;FALSE;2024;;;/api/frontend/latest/fr/downloads/financings/17?with_budget=false;6dd1cc52a6ad36fdf0ca7dc088b6ebfbdd578a32ccc871b290926ff4c511ee6b;29.10.25 08:57:52;Financement des partis 2024;31.12.2024;43;PLR.Les Libéraux-Radicaux;Personne morale ou société de personnes;1275;Déclaration des recettes annuelles;1658;Schmid;Martin;Conseil des États;1000.0
party-17-F-009;fr;party;17;FALSE;2024;;;/api/frontend/latest/fr/downloads/financings/17?with_budget=false;6dd1cc52a6ad36fdf0ca7dc088b6ebfbdd578a32ccc871b290926ff4c511ee6b;29.10.25 08:57:52;Financement des partis 2024;31.12.2024;43;PLR.Les Libéraux-Radicaux;Personne morale ou société de personnes;1275;Déclaration des recettes annuelles;1659;Vietze;Kristiane;Conseil national;1000.0
party-17-F-009;fr;party;17;FALSE;2024;;;/api/frontend/latest/fr/downloads/financings/17?with_budget=false;6dd1cc52a6ad36fdf0ca7dc088b6ebfbdd578a32ccc871b290926ff4c511ee6b;29.10.25 08:57:52;Financement des partis 2024;31.12.2024;43;PLR.Les Libéraux-Radicaux;Personne morale ou société de personnes;1275;Déclaration des recettes annuelles;1660;Aellen;Cyril;Conseil national;1000.0
party-17-F-009;fr;party;17;FALSE;2024;;;/api/frontend/latest/fr/downloads/financings/17?with_budget=false;6dd1cc52a6ad36fdf0ca7dc088b6ebfbdd578a32ccc871b290926ff4c511ee6b;29.10.25 08:57:52;Financement des partis 2024;31.12.2024;43;PLR.Les Libéraux-Radicaux;Personne morale ou société de personnes;1275;Déclaration des recettes annuelles;1661;Michel;Simon;Conseil national;1000.0
party-17-F-009;fr;party;17;FALSE;2024;;;/api/frontend/latest/fr/downloads/financings/17?with_budget=false;6dd1cc52a6ad36fdf0ca7dc088b6ebfbdd578a32ccc871b290926ff4c511ee6b;29.10.25 08:57:52;Financement des partis 2024;31.12.2024;43;PLR.Les Libéraux-Radicaux;Personne morale ou société de personnes;1275;Déclaration des recettes annuelles;1662;Broulis;Pascal;Conseil des États;1000.0
party-17-F-009;fr;party;17;FALSE;2024;;;/api/frontend/latest/fr/downloads/financings/17?with_budget=false;6dd1cc52a6ad36fdf0ca7dc088b6ebfbdd578a32ccc871b290926ff4c511ee6b;29.10.25 08:57:52;Financement des partis 2024;31.12.2024;43;PLR.Les Libéraux-Radicaux;Personne morale ou société de personnes;1275;Déclaration des recettes annuelles;1663;Balmer;Bettina;Conseil national;1000.0
party-17-F-009;fr;party;17;FALSE;2024;;;/api/frontend/latest/fr/downloads/financings/17?with_budget=false;6dd1cc52a6ad36fdf0ca7dc088b6ebfbdd578a32ccc871b290926ff4c511ee6b;29.10.25 08:57:52;Financement des partis 2024;31.12.2024;43;PLR.Les Libéraux-Radicaux;Personne morale ou société de personnes;1275;Déclaration des recettes annuelles;1664;Ruch;Daniel;Conseil national;1000.0
party-17-F-009;fr;party;17;FALSE;2024;;;/api/frontend/latest/fr/downloads/financings/17?with_budget=false;6dd1cc52a6ad36fdf0ca7dc088b6ebfbdd578a32ccc871b290926ff4c511ee6b;29.10.25 08:57:52;Financement des partis 2024;31.12.2024;43;PLR.Les Libéraux-Radicaux;Personne morale ou société de personnes;1275;Déclaration des recettes annuelles;1665;Theiler;Heinz;Conseil national;1000.0
party-17-F-009;fr;party;17;FALSE;2024;;;/api/frontend/latest/fr/downloads/financings/17?with_budget=false;6dd1cc52a6ad36fdf0ca7dc088b6ebfbdd578a32ccc871b290926ff4c511ee6b;29.10.25 08:57:52;Financement des partis 2024;31.12.2024;43;PLR.Les Libéraux-Radicaux;Personne morale ou société de personnes;1275;Déclaration des recettes annuelles;1666;Gobet;Nadine;Conseil national;1000.0
party-17-F-009;fr;party;17;FALSE;2024;;;/api/frontend/latest/fr/downloads/financings/17?with_budget=false;6dd1cc52a6ad36fdf0ca7dc088b6ebfbdd578a32ccc871b290926ff4c511ee6b;29.10.25 08:57:52;Financement des partis 2024;31.12.2024;43;PLR.Les Libéraux-Radicaux;Personne morale ou société de personnes;1275;Déclaration des recettes annuelles;1667;Portmann;Hans-Peter;Conseil national;1000.0
party-17-F-003;fr;party;17;FALSE;2024;;;/api/frontend/latest/fr/downloads/financings/17?with_budget=false;6dd1cc52a6ad36fdf0ca7dc088b6ebfbdd578a32ccc871b290926ff4c511ee6b;29.10.25 08:57:52;Financement des partis 2024;31.12.2024;42;Union Démocratique du Centre (UDC);Personne morale ou société de personnes;1264;Déclaration des recettes annuelles;783;Jametti;Monique;Tribunal fédéral;8000.0
party-17-F-003;fr;party;17;FALSE;2024;;;/api/frontend/latest/fr/downloads/financings/17?with_budget=false;6dd1cc52a6ad36fdf0ca7dc088b6ebfbdd578a32ccc871b290926ff4c511ee6b;29.10.25 08:57:52;Financement des partis 2024;31.12.2024;42;Union Démocratique du Centre (UDC);Personne morale ou société de personnes;1264;Déclaration des recettes annuelles;784;Müller;Thomas;Tribunal fédéral;8000.0
party-17-F-003;fr;party;17;FALSE;2024;;;/api/frontend/latest/fr/downloads/financings/17?with_budget=false;6dd1cc52a6ad36fdf0ca7dc088b6ebfbdd578a32ccc871b290926ff4c511ee6b;29.10.25 08:57:52;Financement des partis 2024;31.12.2024;42;Union Démocratique du Centre (UDC);Personne morale ou société de personnes;1264;Déclaration des recettes annuelles;785;Rüedi;Yves;Tribunal fédéral;8000.0
party-17-F-003;fr;party;17;FALSE;2024;;;/api/frontend/latest/fr/downloads/financings/17?with_budget=false;6dd1cc52a6ad36fdf0ca7dc088b6ebfbdd578a32ccc871b290926ff4c511ee6b;29.10.25 08:57:52;Financement des partis 2024;31.12.2024;42;Union Démocratique du Centre (UDC);Personne morale ou société de personnes;1264;Déclaration des recettes annuelles;786;von Werdt;Nicolas;Tribunal fédéral;8000.0
party-17-F-003;fr;party;17;FALSE;2024;;;/api/frontend/latest/fr/downloads/financings/17?with_budget=false;6dd1cc52a6ad36fdf0ca7dc088b6ebfbdd578a32ccc871b290926ff4c511ee6b;29.10.25 08:57:52;Financement des partis 2024;31.12.2024;42;Union Démocratique du Centre (UDC);Personne morale ou société de personnes;1264;Déclaration des recettes annuelles;787;Koch;Sonja;Tribunal fédéral;8000.0
party-17-F-003;fr;party;17;FALSE;2024;;;/api/frontend/latest/fr/downloads/financings/17?with_budget=false;6dd1cc52a6ad36fdf0ca7dc088b6ebfbdd578a32ccc871b290926ff4c511ee6b;29.10.25 08:57:52;Financement des partis 2024;31.12.2024;42;Union Démocratique du Centre (UDC);Personne morale ou société de personnes;1264;Déclaration des recettes annuelles;788;van de Graaf;Beatrice;Tribunal fédéral;8000.0
party-17-F-003;fr;party;17;FALSE;2024;;;/api/frontend/latest/fr/downloads/financings/17?with_budget=false;6dd1cc52a6ad36fdf0ca7dc088b6ebfbdd578a32ccc871b290926ff4c511ee6b;29.10.25 08:57:52;Financement des partis 2024;31.12.2024;42;Union Démocratique du Centre (UDC);Personne morale ou société de personnes;1264;Déclaration des recettes annuelles;789;Heine;Alexia;Tribunal fédéral;8000.0
party-17-F-003;fr;party;17;FALSE;2024;;;/api/frontend/latest/fr/downloads/financings/17?with_budget=false;6dd1cc52a6ad36fdf0ca7dc088b6ebfbdd578a32ccc871b290926ff4c511ee6b;29.10.25 08:57:52;Financement des partis 2024;31.12.2024;42;Union Démocratique du Centre (UDC);Personne morale ou société de personnes;1264;Déclaration des recettes annuelles;790;Herrmann;Christian;Tribunal fédéral;8000.0
party-17-F-003;fr;party;17;FALSE;2024;;;/api/frontend/latest/fr/downloads/financings/17?with_budget=false;6dd1cc52a6ad36fdf0ca7dc088b6ebfbdd578a32ccc871b290926ff4c511ee6b;29.10.25 08:57:52;Financement des partis 2024;31.12.2024;42;Union Démocratique du Centre (UDC);Personne morale ou société de personnes;1264;Déclaration des recettes annuelles;791;Viscione;Daniela;Tribunal fédéral;8000.0
party-17-F-003;fr;party;17;FALSE;2024;;;/api/frontend/latest/fr/downloads/financings/17?with_budget=false;6dd1cc52a6ad36fdf0ca7dc088b6ebfbdd578a32ccc871b290926ff4c511ee6b;29.10.25 08:57:52;Financement des partis 2024;31.12.2024;42;Union Démocratique du Centre (UDC);Personne morale ou société de personnes;1264;Déclaration des recettes annuelles;792;Moser-Szeless;Margrit;Tribunal fédéral;8000.0
party-17-F-003;fr;party;17;FALSE;2024;;;/api/frontend/latest/fr/downloads/financings/17?with_budget=false;6dd1cc52a6ad36fdf0ca7dc088b6ebfbdd578a32ccc871b290926ff4c511ee6b;29.10.25 08:57:52;Financement des partis 2024;31.12.2024;42;Union Démocratique du Centre (UDC);Personne morale ou société de personnes;1264;Déclaration des recettes annuelles;793;Arndt;Christine;Tribunal fédéral;1000.0
party-17-F-003;fr;party;17;FALSE;2024;;;/api/frontend/latest/fr/downloads/financings/17?with_budget=false;6dd1cc52a6ad36fdf0ca7dc088b6ebfbdd578a32ccc871b290926ff4c511ee6b;29.10.25 08:57:52;Financement des partis 2024;31.12.2024;42;Union Démocratique du Centre (UDC);Personne morale ou société de personnes;1264;Déclaration des recettes annuelles;794;Courbat;Céline;Tribunal fédéral;1000.0
party-17-F-003;fr;party;17;FALSE;2024;;;/api/frontend/latest/fr/downloads/financings/17?with_budget=false;6dd1cc52a6ad36fdf0ca7dc088b6ebfbdd578a32ccc871b290926ff4c511ee6b;29.10.25 08:57:52;Financement des partis 2024;31.12.2024;42;Union Démocratique du Centre (UDC);Personne morale ou société de personnes;1264;Déclaration des recettes annuelles;795;Weber;Richard;Tribunal fédéral;1000.0
party-17-F-003;fr;party;17;FALSE;2024;;;/api/frontend/latest/fr/downloads/financings/17?with_budget=false;6dd1cc52a6ad36fdf0ca7dc088b6ebfbdd578a32ccc871b290926ff4c511ee6b;29.10.25 08:57:52;Financement des partis 2024;31.12.2024;42;Union Démocratique du Centre (UDC);Personne morale ou société de personnes;1264;Déclaration des recettes annuelles;796;Giesser;Yvona;Tribunal fédéral;1000.0
party-17-F-003;fr;party;17;FALSE;2024;;;/api/frontend/latest/fr/downloads/financings/17?with_budget=false;6dd1cc52a6ad36fdf0ca7dc088b6ebfbdd578a32ccc871b290926ff4c511ee6b;29.10.25 08:57:52;Financement des partis 2024;31.12.2024;42;Union Démocratique du Centre (UDC);Personne morale ou société de personnes;1264;Déclaration des recettes annuelles;797;Wasser-Keller;Beata;Tribunal fédéral;1000.0
party-17-F-003;fr;party;17;FALSE;2024;;;/api/frontend/latest/fr/downloads/financings/17?with_budget=false;6dd1cc52a6ad36fdf0ca7dc088b6ebfbdd578a32ccc871b290926ff4c511ee6b;29.10.25 08:57:52;Financement des partis 2024;31.12.2024;42;Union Démocratique du Centre (UDC);Personne morale ou société de personnes;1264;Déclaration des recettes annuelles;798;Bouverat;David;Tribunal pénal fédéral;5000.0
party-17-F-003;fr;party;17;FALSE;2024;;;/api/frontend/latest/fr/downloads/financings/17?with_budget=false;6dd1cc52a6ad36fdf0ca7dc088b6ebfbdd578a32ccc871b290926ff4c511ee6b;29.10.25 08:57:52;Financement des partis 2024;31.12.2024;42;Union Démocratique du Centre (UDC);Personne morale ou société de personnes;1264;Déclaration des recettes annuelles;799;Felix;Ulrich;Tribunal pénal fédéral;5000.0
party-17-F-003;fr;party;17;FALSE;2024;;;/api/frontend/latest/fr/downloads/financings/17?with_budget=false;6dd1cc52a6ad36fdf0ca7dc088b6ebfbdd578a32ccc871b290926ff4c511ee6b;29.10.25 08:57:52;Financement des partis 2024;31.12.2024;42;Union Démocratique du Centre (UDC);Personne morale ou société de personnes;1264;Déclaration des recettes annuelles;800;Blum;Andrea;Tribunal pénal fédéral;5000.0
party-17-F-003;fr;party;17;FALSE;2024;;;/api/frontend/latest/fr/downloads/financings/17?with_budget=false;6dd1cc52a6ad36fdf0ca7dc088b6ebfbdd578a32ccc871b290926ff4c511ee6b;29.10.25 08:57:52;Financement des partis 2024;31.12.2024;42;Union Démocratique du Centre (UDC);Personne morale ou société de personnes;1264;Déclaration des recettes annuelles;801;Stucki;Marcia;Tribunal pénal fédéral;1000.0
party-17-F-003;fr;party;17;FALSE;2024;;;/api/frontend/latest/fr/downloads/financings/17?with_budget=false;6dd1cc52a6ad36fdf0ca7dc088b6ebfbdd578a32ccc871b290926ff4c511ee6b;29.10.25 08:57:52;Financement des partis 2024;31.12.2024;42;Union Démocratique du Centre (UDC);Personne morale ou société de personnes;1264;Déclaration des recettes annuelles;802;Steiger;Jürg;Tribunal administratif fédéral;5000.0
party-17-F-003;fr;party;17;FALSE;2024;;;/api/frontend/latest/fr/downloads/financings/17?with_budget=false;6dd1cc52a6ad36fdf0ca7dc088b6ebfbdd578a32ccc871b290926ff4c511ee6b;29.10.25 08:57:52;Financement des partis 2024;31.12.2024;42;Union Démocratique du Centre (UDC);Personne morale ou société de personnes;1264;Déclaration des recettes annuelles;803;Tiefenthal;Jürg;Tribunal administratif fédéral;5000.0
party-17-F-003;fr;party;17;FALSE;2024;;;/api/frontend/latest/fr/downloads/financings/17?with_budget=false;6dd1cc52a6ad36fdf0ca7dc088b6ebfbdd578a32ccc871b290926ff4c511ee6b;29.10.25 08:57:52;Financement des partis 2024;31.12.2024;42;Union Démocratique du Centre (UDC);Personne morale ou société de personnes;1264;Déclaration des recettes annuelles;804;Baechler;Jean-Luc;Tribunal administratif fédéral;5000.0
party-17-F-003;fr;party;17;FALSE;2024;;;/api/frontend/latest/fr/downloads/financings/17?with_budget=false;6dd1cc52a6ad36fdf0ca7dc088b6ebfbdd578a32ccc871b290926ff4c511ee6b;29.10.25 08:57:52;Financement des partis 2024;31.12.2024;42;Union Démocratique du Centre (UDC);Personne morale ou société de personnes;1264;Déclaration des recettes annuelles;805;Willisegger;Daniel;Tribunal administratif fédéral;5000.0
party-17-F-003;fr;party;17;FALSE;2024;;;/api/frontend/latest/fr/downloads/financings/17?with_budget=false;6dd1cc52a6ad36fdf0ca7dc088b6ebfbdd578a32ccc871b290926ff4c511ee6b;29.10.25 08:57:52;Financement des partis 2024;31.12.2024;42;Union Démocratique du Centre (UDC);Personne morale ou société de personnes;1264;Déclaration des recettes annuelles;806;Bissegger;Caroline;Tribunal administratif fédéral;5000.0
party-17-F-003;fr;party;17;FALSE;2024;;;/api/frontend/latest/fr/downloads/financings/17?with_budget=false;6dd1cc52a6ad36fdf0ca7dc088b6ebfbdd578a32ccc871b290926ff4c511ee6b;29.10.25 08:57:52;Financement des partis 2024;31.12.2024;42;Union Démocratique du Centre (UDC);Personne morale ou société de personnes;1264;Déclaration des recettes annuelles;807;Rohrer;Christoph;Tribunal administratif fédéral;5000.0
party-17-F-003;fr;party;17;FALSE;2024;;;/api/frontend/latest/fr/downloads/financings/17?with_budget=false;6dd1cc52a6ad36fdf0ca7dc088b6ebfbdd578a32ccc871b290926ff4c511ee6b;29.10.25 08:57:52;Financement des partis 2024;31.12.2024;42;Union Démocratique du Centre (UDC);Personne morale ou société de personnes;1264;Déclaration des recettes annuelles;808;Weiss;David;Tribunal administratif fédéral;5000.0
party-17-F-003;fr;party;17;FALSE;2024;;;/api/frontend/latest/fr/downloads/financings/17?with_budget=false;6dd1cc52a6ad36fdf0ca7dc088b6ebfbdd578a32ccc871b290926ff4c511ee6b;29.10.25 08:57:52;Financement des partis 2024;31.12.2024;42;Union Démocratique du Centre (UDC);Personne morale ou société de personnes;1264;Déclaration des recettes annuelles;809;Bovier;Gérald;Tribunal administratif fédéral;5000.0
party-17-F-003;fr;party;17;FALSE;2024;;;/api/frontend/latest/fr/downloads/financings/17?with_budget=false;6dd1cc52a6ad36fdf0ca7dc088b6ebfbdd578a32ccc871b290926ff4c511ee6b;29.10.25 08:57:52;Financement des partis 2024;31.12.2024;42;Union Démocratique du Centre (UDC);Personne morale ou société de personnes;1264;Déclaration des recettes annuelles;810;Felley;Yanick;Tribunal administratif fédéral;5000.0
party-17-F-003;fr;party;17;FALSE;2024;;;/api/frontend/latest/fr/downloads/financings/17?with_budget=false;6dd1cc52a6ad36fdf0ca7dc088b6ebfbdd578a32ccc871b290926ff4c511ee6b;29.10.25 08:57:52;Financement des partis 2024;31.12.2024;42;Union Démocratique du Centre (UDC);Personne morale ou société de personnes;1264;Déclaration des recettes annuelles;811;Scherrer-Bänzinger;Jeannine;Tribunal administratif fédéral;5000.0
party-17-F-003;fr;party;17;FALSE;2024;;;/api/frontend/latest/fr/downloads/financings/17?with_budget=false;6dd1cc52a6ad36fdf0ca7dc088b6ebfbdd578a32ccc871b290926ff4c511ee6b;29.10.25 08:57:52;Financement des partis 2024;31.12.2024;42;Union Démocratique du Centre (UDC);Personne morale ou société de personnes;1264;Déclaration des recettes annuelles;812;Thurnheer;Simon M.;Tribunal administratif fédéral;5000.0
party-17-F-003;fr;party;17;FALSE;2024;;;/api/frontend/latest/fr/downloads/financings/17?with_budget=false;6dd1cc52a6ad36fdf0ca7dc088b6ebfbdd578a32ccc871b290926ff4c511ee6b;29.10.25 08:57:52;Financement des partis 2024;31.12.2024;42;Union Démocratique du Centre (UDC);Personne morale ou société de personnes;1264;Déclaration des recettes annuelles;813;Freihofer;Gabriela;Tribunal administratif fédéral;5000.0
party-17-F-003;fr;party;17;FALSE;2024;;;/api/frontend/latest/fr/downloads/financings/17?with_budget=false;6dd1cc52a6ad36fdf0ca7dc088b6ebfbdd578a32ccc871b290926ff4c511ee6b;29.10.25 08:57:52;Financement des partis 2024;31.12.2024;42;Union Démocratique du Centre (UDC);Personne morale ou société de personnes;1264;Déclaration des recettes annuelles;814;Noli;Lorenz;Tribunal administratif fédéral;5000.0
party-17-F-003;fr;party;17;FALSE;2024;;;/api/frontend/latest/fr/downloads/financings/17?with_budget=false;6dd1cc52a6ad36fdf0ca7dc088b6ebfbdd578a32ccc871b290926ff4c511ee6b;29.10.25 08:57:52;Financement des partis 2024;31.12.2024;42;Union Démocratique du Centre (UDC);Personne morale ou société de personnes;1264;Déclaration des recettes annuelles;815;Sauder;Grégory;Tribunal administratif fédéral;5000.0
party-17-F-003;fr;party;17;FALSE;2024;;;/api/frontend/latest/fr/downloads/financings/17?with_budget=false;6dd1cc52a6ad36fdf0ca7dc088b6ebfbdd578a32ccc871b290926ff4c511ee6b;29.10.25 08:57:52;Financement des partis 2024;31.12.2024;42;Union Démocratique du Centre (UDC);Personne morale ou société de personnes;1264;Déclaration des recettes annuelles;816;Wenger;David R.;Tribunal administratif fédéral;5000.0
party-17-F-003;fr;party;17;FALSE;2024;;;/api/frontend/latest/fr/downloads/financings/17?with_budget=false;6dd1cc52a6ad36fdf0ca7dc088b6ebfbdd578a32ccc871b290926ff4c511ee6b;29.10.25 08:57:52;Financement des partis 2024;31.12.2024;42;Union Démocratique du Centre (UDC);Personne morale ou société de personnes;1264;Déclaration des recettes annuelles;817;Tornare Villanueva;Chrystel;Tribunal administratif fédéral;5000.0
party-17-F-003;fr;party;17;FALSE;2024;;;/api/frontend/latest/fr/downloads/financings/17?with_budget=false;6dd1cc52a6ad36fdf0ca7dc088b6ebfbdd578a32ccc871b290926ff4c511ee6b;29.10.25 08:57:52;Financement des partis 2024;31.12.2024;42;Union Démocratique du Centre (UDC);Personne morale ou société de personnes;1264;Déclaration des recettes annuelles;818;Cupa;Basil;Tribunal administratif fédéral;5000.0
party-17-F-003;fr;party;17;FALSE;2024;;;/api/frontend/latest/fr/downloads/financings/17?with_budget=false;6dd1cc52a6ad36fdf0ca7dc088b6ebfbdd578a32ccc871b290926ff4c511ee6b;29.10.25 08:57:52;Financement des partis 2024;31.12.2024;42;Union Démocratique du Centre (UDC);Personne morale ou société de personnes;1264;Déclaration des recettes annuelles;819;Addor;Jean-Luc;Conseil national;2750.0
party-17-F-003;fr;party;17;FALSE;2024;;;/api/frontend/latest/fr/downloads/financings/17?with_budget=false;6dd1cc52a6ad36fdf0ca7dc088b6ebfbdd578a32ccc871b290926ff4c511ee6b;29.10.25 08:57:52;Financement des partis 2024;31.12.2024;42;Union Démocratique du Centre (UDC);Personne morale ou société de personnes;1264;Déclaration des recettes annuelles;821;Aeschi;Thomas;Conseil national;2750.0
party-17-F-003;fr;party;17;FALSE;2024;;;/api/frontend/latest/fr/downloads/financings/17?with_budget=false;6dd1cc52a6ad36fdf0ca7dc088b6ebfbdd578a32ccc871b290926ff4c511ee6b;29.10.25 08:57:52;Financement des partis 2024;31.12.2024;42;Union Démocratique du Centre (UDC);Personne morale ou société de personnes;1264;Déclaration des recettes annuelles;822;Amaudruz;Céline;Conseil national;2750.0
party-17-F-003;fr;party;17;FALSE;2024;;;/api/frontend/latest/fr/downloads/financings/17?with_budget=false;6dd1cc52a6ad36fdf0ca7dc088b6ebfbdd578a32ccc871b290926ff4c511ee6b;29.10.25 08:57:52;Financement des partis 2024;31.12.2024;42;Union Démocratique du Centre (UDC);Personne morale ou société de personnes;1264;Déclaration des recettes annuelles;823;Bircher;Martina;Conseil national;2750.0
party-17-F-003;fr;party;17;FALSE;2024;;;/api/frontend/latest/fr/downloads/financings/17?with_budget=false;6dd1cc52a6ad36fdf0ca7dc088b6ebfbdd578a32ccc871b290926ff4c511ee6b;29.10.25 08:57:52;Financement des partis 2024;31.12.2024;42;Union Démocratique du Centre (UDC);Personne morale ou société de personnes;1264;Déclaration des recettes annuelles;824;Bläsi;Thomas;Conseil national;2750.0
party-17-F-003;fr;party;17;FALSE;2024;;;/api/frontend/latest/fr/downloads/financings/17?with_budget=false;6dd1cc52a6ad36fdf0ca7dc088b6ebfbdd578a32ccc871b290926ff4c511ee6b;29.10.25 08:57:52;Financement des partis 2024;31.12.2024;42;Union Démocratique du Centre (UDC);Personne morale ou société de personnes;1264;Déclaration des recettes annuelles;825;Büchel;Roland Rino;Conseil national;2750.0
party-17-F-003;fr;party;17;FALSE;2024;;;/api/frontend/latest/fr/downloads/financings/17?with_budget=false;6dd1cc52a6ad36fdf0ca7dc088b6ebfbdd578a32ccc871b290926ff4c511ee6b;29.10.25 08:57:52;Financement des partis 2024;31.12.2024;42;Union Démocratique du Centre (UDC);Personne morale ou société de personnes;1264;Déclaration des recettes annuelles;826;Buffat;Michaël;Conseil national;2750.0
party-17-F-003;fr;party;17;FALSE;2024;;;/api/frontend/latest/fr/downloads/financings/17?with_budget=false;6dd1cc52a6ad36fdf0ca7dc088b6ebfbdd578a32ccc871b290926ff4c511ee6b;29.10.25 08:57:52;Financement des partis 2024;31.12.2024;42;Union Démocratique du Centre (UDC);Personne morale ou société de personnes;1264;Déclaration des recettes annuelles;827;Bühler;Manfred;Conseil national;2750.0
party-17-F-003;fr;party;17;FALSE;2024;;;/api/frontend/latest/fr/downloads/financings/17?with_budget=false;6dd1cc52a6ad36fdf0ca7dc088b6ebfbdd578a32ccc871b290926ff4c511ee6b;29.10.25 08:57:52;Financement des partis 2024;31.12.2024;42;Union Démocratique du Centre (UDC);Personne morale ou société de personnes;1264;Déclaration des recettes annuelles;828;Burgherr;Thomas;Conseil national;2750.0
party-17-F-003;fr;party;17;FALSE;2024;;;/api/frontend/latest/fr/downloads/financings/17?with_budget=false;6dd1cc52a6ad36fdf0ca7dc088b6ebfbdd578a32ccc871b290926ff4c511ee6b;29.10.25 08:57:52;Financement des partis 2024;31.12.2024;42;Union Démocratique du Centre (UDC);Personne morale ou société de personnes;1264;Déclaration des recettes annuelles;829;Chiesa;Marco;Conseil des États;2750.0
party-17-F-003;fr;party;17;FALSE;2024;;;/api/frontend/latest/fr/downloads/financings/17?with_budget=false;6dd1cc52a6ad36fdf0ca7dc088b6ebfbdd578a32ccc871b290926ff4c511ee6b;29.10.25 08:57:52;Financement des partis 2024;31.12.2024;42;Union Démocratique du Centre (UDC);Personne morale ou société de personnes;1264;Déclaration des recettes annuelles;830;de Courten;Thomas;Conseil national;2750.0
party-17-F-003;fr;party;17;FALSE;2024;;;/api/frontend/latest/fr/downloads/financings/17?with_budget=false;6dd1cc52a6ad36fdf0ca7dc088b6ebfbdd578a32ccc871b290926ff4c511ee6b;29.10.25 08:57:52;Financement des partis 2024;31.12.2024;42;Union Démocratique du Centre (UDC);Personne morale ou société de personnes;1264;Déclaration des recettes annuelles;831;Dettling;Marcel;Conseil national;2750.0
party-17-F-003;fr;party;17;FALSE;2024;;;/api/frontend/latest/fr/downloads/financings/17?with_budget=false;6dd1cc52a6ad36fdf0ca7dc088b6ebfbdd578a32ccc871b290926ff4c511ee6b;29.10.25 08:57:52;Financement des partis 2024;31.12.2024;42;Union Démocratique du Centre (UDC);Personne morale ou société de personnes;1264;Déclaration des recettes annuelles;832;Egger;Mike;Conseil national;2750.0
party-17-F-003;fr;party;17;FALSE;2024;;;/api/frontend/latest/fr/downloads/financings/17?with_budget=false;6dd1cc52a6ad36fdf0ca7dc088b6ebfbdd578a32ccc871b290926ff4c511ee6b;29.10.25 08:57:52;Financement des partis 2024;31.12.2024;42;Union Démocratique du Centre (UDC);Personne morale ou société de personnes;1264;Déclaration des recettes annuelles;834;Fischer;Benjamin;Conseil national;2750.0
party-17-F-003;fr;party;17;FALSE;2024;;;/api/frontend/latest/fr/downloads/financings/17?with_budget=false;6dd1cc52a6ad36fdf0ca7dc088b6ebfbdd578a32ccc871b290926ff4c511ee6b;29.10.25 08:57:52;Financement des partis 2024;31.12.2024;42;Union Démocratique du Centre (UDC);Personne morale ou société de personnes;1264;Déclaration des recettes annuelles;835;Friedli;Esther;Conseil des États;2750.0
party-17-F-003;fr;party;17;FALSE;2024;;;/api/frontend/latest/fr/downloads/financings/17?with_budget=false;6dd1cc52a6ad36fdf0ca7dc088b6ebfbdd578a32ccc871b290926ff4c511ee6b;29.10.25 08:57:52;Financement des partis 2024;31.12.2024;42;Union Démocratique du Centre (UDC);Personne morale ou société de personnes;1264;Déclaration des recettes annuelles;836;Gafner;Andreas;Conseil national;2750.0
party-17-F-003;fr;party;17;FALSE;2024;;;/api/frontend/latest/fr/downloads/financings/17?with_budget=false;6dd1cc52a6ad36fdf0ca7dc088b6ebfbdd578a32ccc871b290926ff4c511ee6b;29.10.25 08:57:52;Financement des partis 2024;31.12.2024;42;Union Démocratique du Centre (UDC);Personne morale ou société de personnes;1264;Déclaration des recettes annuelles;838;Germann;Hannes;Conseil des États;2750.0
party-17-F-003;fr;party;17;FALSE;2024;;;/api/frontend/latest/fr/downloads/financings/17?with_budget=false;6dd1cc52a6ad36fdf0ca7dc088b6ebfbdd578a32ccc871b290926ff4c511ee6b;29.10.25 08:57:52;Financement des partis 2024;31.12.2024;42;Union Démocratique du Centre (UDC);Personne morale ou société de personnes;1264;Déclaration des recettes annuelles;839;Giezendanner;Benjamin;Conseil national;2750.0
party-17-F-003;fr;party;17;FALSE;2024;;;/api/frontend/latest/fr/downloads/financings/17?with_budget=false;6dd1cc52a6ad36fdf0ca7dc088b6ebfbdd578a32ccc871b290926ff4c511ee6b;29.10.25 08:57:52;Financement des partis 2024;31.12.2024;42;Union Démocratique du Centre (UDC);Personne morale ou société de personnes;1264;Déclaration des recettes annuelles;840;Glarner;Andreas;Conseil national;2750.0
party-17-F-003;fr;party;17;FALSE;2024;;;/api/frontend/latest/fr/downloads/financings/17?with_budget=false;6dd1cc52a6ad36fdf0ca7dc088b6ebfbdd578a32ccc871b290926ff4c511ee6b;29.10.25 08:57:52;Financement des partis 2024;31.12.2024;42;Union Démocratique du Centre (UDC);Personne morale ou société de personnes;1264;Déclaration des recettes annuelles;841;Götte;Michael;Conseil national;2750.0
party-17-F-003;fr;party;17;FALSE;2024;;;/api/frontend/latest/fr/downloads/financings/17?with_budget=false;6dd1cc52a6ad36fdf0ca7dc088b6ebfbdd578a32ccc871b290926ff4c511ee6b;29.10.25 08:57:52;Financement des partis 2024;31.12.2024;42;Union Démocratique du Centre (UDC);Personne morale ou société de personnes;1264;Déclaration des recettes annuelles;842;Graber;Michael;Conseil national;2750.0
party-17-F-003;fr;party;17;FALSE;2024;;;/api/frontend/latest/fr/downloads/financings/17?with_budget=false;6dd1cc52a6ad36fdf0ca7dc088b6ebfbdd578a32ccc871b290926ff4c511ee6b;29.10.25 08:57:52;Financement des partis 2024;31.12.2024;42;Union Démocratique du Centre (UDC);Personne morale ou société de personnes;1264;Déclaration des recettes annuelles;844;Grüter;Franz;Conseil national;2750.0
party-17-F-003;fr;party;17;FALSE;2024;;;/api/frontend/latest/fr/downloads/financings/17?with_budget=false;6dd1cc52a6ad36fdf0ca7dc088b6ebfbdd578a32ccc871b290926ff4c511ee6b;29.10.25 08:57:52;Financement des partis 2024;31.12.2024;42;Union Démocratique du Centre (UDC);Personne morale ou société de personnes;1264;Déclaration des recettes annuelles;845;Guggisberg;Lars;Conseil national;2750.0
party-17-F-003;fr;party;17;FALSE;2024;;;/api/frontend/latest/fr/downloads/financings/17?with_budget=false;6dd1cc52a6ad36fdf0ca7dc088b6ebfbdd578a32ccc871b290926ff4c511ee6b;29.10.25 08:57:52;Financement des partis 2024;31.12.2024;42;Union Démocratique du Centre (UDC);Personne morale ou société de personnes;1264;Déclaration des recettes annuelles;846;Gutjahr;Diana;Conseil national;2750.0
party-17-F-003;fr;party;17;FALSE;2024;;;/api/frontend/latest/fr/downloads/financings/17?with_budget=false;6dd1cc52a6ad36fdf0ca7dc088b6ebfbdd578a32ccc871b290926ff4c511ee6b;29.10.25 08:57:52;Financement des partis 2024;31.12.2024;42;Union Démocratique du Centre (UDC);Personne morale ou société de personnes;1264;Déclaration des recettes annuelles;847;Haab;Martin;Conseil national;2750.0
party-17-F-003;fr;party;17;FALSE;2024;;;/api/frontend/latest/fr/downloads/financings/17?with_budget=false;6dd1cc52a6ad36fdf0ca7dc088b6ebfbdd578a32ccc871b290926ff4c511ee6b;29.10.25 08:57:52;Financement des partis 2024;31.12.2024;42;Union Démocratique du Centre (UDC);Personne morale ou société de personnes;1264;Déclaration des recettes annuelles;848;Heer;Alfred;Conseil national;2750.0
party-17-F-003;fr;party;17;FALSE;2024;;;/api/frontend/latest/fr/downloads/financings/17?with_budget=false;6dd1cc52a6ad36fdf0ca7dc088b6ebfbdd578a32ccc871b290926ff4c511ee6b;29.10.25 08:57:52;Financement des partis 2024;31.12.2024;42;Union Démocratique du Centre (UDC);Personne morale ou société de personnes;1264;Déclaration des recettes annuelles;849;Heimgartner;Stefanie;Conseil national;2750.0
party-17-F-003;fr;party;17;FALSE;2024;;;/api/frontend/latest/fr/downloads/financings/17?with_budget=false;6dd1cc52a6ad36fdf0ca7dc088b6ebfbdd578a32ccc871b290926ff4c511ee6b;29.10.25 08:57:52;Financement des partis 2024;31.12.2024;42;Union Démocratique du Centre (UDC);Personne morale ou société de personnes;1264;Déclaration des recettes annuelles;851;Hess;Erich;Conseil national;2750.0
party-17-F-003;fr;party;17;FALSE;2024;;;/api/frontend/latest/fr/downloads/financings/17?with_budget=false;6dd1cc52a6ad36fdf0ca7dc088b6ebfbdd578a32ccc871b290926ff4c511ee6b;29.10.25 08:57:52;Financement des partis 2024;31.12.2024;42;Union Démocratique du Centre (UDC);Personne morale ou société de personnes;1264;Déclaration des recettes annuelles;852;Huber;Alois;Conseil national;2750.0
party-17-F-003;fr;party;17;FALSE;2024;;;/api/frontend/latest/fr/downloads/financings/17?with_budget=false;6dd1cc52a6ad36fdf0ca7dc088b6ebfbdd578a32ccc871b290926ff4c511ee6b;29.10.25 08:57:52;Financement des partis 2024;31.12.2024;42;Union Démocratique du Centre (UDC);Personne morale ou société de personnes;1264;Déclaration des recettes annuelles;853;Hurter;Thomas;Conseil national;2750.0
party-17-F-003;fr;party;17;FALSE;2024;;;/api/frontend/latest/fr/downloads/financings/17?with_budget=false;6dd1cc52a6ad36fdf0ca7dc088b6ebfbdd578a32ccc871b290926ff4c511ee6b;29.10.25 08:57:52;Financement des partis 2024;31.12.2024;42;Union Démocratique du Centre (UDC);Personne morale ou société de personnes;1264;Déclaration des recettes annuelles;854;Imark;Christian;Conseil national;2750.0
party-17-F-003;fr;party;17;FALSE;2024;;;/api/frontend/latest/fr/downloads/financings/17?with_budget=false;6dd1cc52a6ad36fdf0ca7dc088b6ebfbdd578a32ccc871b290926ff4c511ee6b;29.10.25 08:57:52;Financement des partis 2024;31.12.2024;42;Union Démocratique du Centre (UDC);Personne morale ou société de personnes;1264;Déclaration des recettes annuelles;859;Marchesi;Piero;Conseil national;2750.0
party-17-F-003;fr;party;17;FALSE;2024;;;/api/frontend/latest/fr/downloads/financings/17?with_budget=false;6dd1cc52a6ad36fdf0ca7dc088b6ebfbdd578a32ccc871b290926ff4c511ee6b;29.10.25 08:57:52;Financement des partis 2024;31.12.2024;42;Union Démocratique du Centre (UDC);Personne morale ou société de personnes;1264;Déclaration des recettes annuelles;860;Martullo-Blocher;Magdalena;Conseil national;2750.0
party-17-F-003;fr;party;17;FALSE;2024;;;/api/frontend/latest/fr/downloads/financings/17?with_budget=false;6dd1cc52a6ad36fdf0ca7dc088b6ebfbdd578a32ccc871b290926ff4c511ee6b;29.10.25 08:57:52;Financement des partis 2024;31.12.2024;42;Union Démocratique du Centre (UDC);Personne morale ou société de personnes;1264;Déclaration des recettes annuelles;861;Matter;Thomas;Conseil national;2750.0
party-17-F-003;fr;party;17;FALSE;2024;;;/api/frontend/latest/fr/downloads/financings/17?with_budget=false;6dd1cc52a6ad36fdf0ca7dc088b6ebfbdd578a32ccc871b290926ff4c511ee6b;29.10.25 08:57:52;Financement des partis 2024;31.12.2024;42;Union Démocratique du Centre (UDC);Personne morale ou société de personnes;1264;Déclaration des recettes annuelles;863;Nicolet;Jacques;Conseil national;2750.0
party-17-F-003;fr;party;17;FALSE;2024;;;/api/frontend/latest/fr/downloads/financings/17?with_budget=false;6dd1cc52a6ad36fdf0ca7dc088b6ebfbdd578a32ccc871b290926ff4c511ee6b;29.10.25 08:57:52;Financement des partis 2024;31.12.2024;42;Union Démocratique du Centre (UDC);Personne morale ou société de personnes;1264;Déclaration des recettes annuelles;864;Page;Pierre André;Conseil national;2750.0
party-17-F-003;fr;party;17;FALSE;2024;;;/api/frontend/latest/fr/downloads/financings/17?with_budget=false;6dd1cc52a6ad36fdf0ca7dc088b6ebfbdd578a32ccc871b290926ff4c511ee6b;29.10.25 08:57:52;Financement des partis 2024;31.12.2024;42;Union Démocratique du Centre (UDC);Personne morale ou société de personnes;1264;Déclaration des recettes annuelles;865;Parmelin;Guy;Conseil fédéral;10000.0
party-17-F-003;fr;party;17;FALSE;2024;;;/api/frontend/latest/fr/downloads/financings/17?with_budget=false;6dd1cc52a6ad36fdf0ca7dc088b6ebfbdd578a32ccc871b290926ff4c511ee6b;29.10.25 08:57:52;Financement des partis 2024;31.12.2024;42;Union Démocratique du Centre (UDC);Personne morale ou société de personnes;1264;Déclaration des recettes annuelles;866;Quadri;Lorenzo;Conseil national;2750.0
party-17-F-003;fr;party;17;FALSE;2024;;;/api/frontend/latest/fr/downloads/financings/17?with_budget=false;6dd1cc52a6ad36fdf0ca7dc088b6ebfbdd578a32ccc871b290926ff4c511ee6b;29.10.25 08:57:52;Financement des partis 2024;31.12.2024;42;Union Démocratique du Centre (UDC);Personne morale ou société de personnes;1264;Déclaration des recettes annuelles;867;Reimann;Lukas;Conseil national;2750.0
party-17-F-003;fr;party;17;FALSE;2024;;;/api/frontend/latest/fr/downloads/financings/17?with_budget=false;6dd1cc52a6ad36fdf0ca7dc088b6ebfbdd578a32ccc871b290926ff4c511ee6b;29.10.25 08:57:52;Financement des partis 2024;31.12.2024;42;Union Démocratique du Centre (UDC);Personne morale ou société de personnes;1264;Déclaration des recettes annuelles;868;Rösti;Albert;Conseil fédéral;10000.0
party-17-F-003;fr;party;17;FALSE;2024;;;/api/frontend/latest/fr/downloads/financings/17?with_budget=false;6dd1cc52a6ad36fdf0ca7dc088b6ebfbdd578a32ccc871b290926ff4c511ee6b;29.10.25 08:57:52;Financement des partis 2024;31.12.2024;42;Union Démocratique du Centre (UDC);Personne morale ou société de personnes;1264;Déclaration des recettes annuelles;869;Rüegger;Monika;Conseil national;2750.0
party-17-F-003;fr;party;17;FALSE;2024;;;/api/frontend/latest/fr/downloads/financings/17?with_budget=false;6dd1cc52a6ad36fdf0ca7dc088b6ebfbdd578a32ccc871b290926ff4c511ee6b;29.10.25 08:57:52;Financement des partis 2024;31.12.2024;42;Union Démocratique du Centre (UDC);Personne morale ou société de personnes;1264;Déclaration des recettes annuelles;870;Rutz;Gregor;Conseil national;2750.0
party-17-F-003;fr;party;17;FALSE;2024;;;/api/frontend/latest/fr/downloads/financings/17?with_budget=false;6dd1cc52a6ad36fdf0ca7dc088b6ebfbdd578a32ccc871b290926ff4c511ee6b;29.10.25 08:57:52;Financement des partis 2024;31.12.2024;42;Union Démocratique du Centre (UDC);Personne morale ou société de personnes;1264;Déclaration des recettes annuelles;873;Schwander;Pirmin;Conseil des États;2750.0
party-17-F-003;fr;party;17;FALSE;2024;;;/api/frontend/latest/fr/downloads/financings/17?with_budget=false;6dd1cc52a6ad36fdf0ca7dc088b6ebfbdd578a32ccc871b290926ff4c511ee6b;29.10.25 08:57:52;Financement des partis 2024;31.12.2024;42;Union Démocratique du Centre (UDC);Personne morale ou société de personnes;1264;Déclaration des recettes annuelles;874;Sollberger;Sandra;Conseil national;2750.0
party-17-F-003;fr;party;17;FALSE;2024;;;/api/frontend/latest/fr/downloads/financings/17?with_budget=false;6dd1cc52a6ad36fdf0ca7dc088b6ebfbdd578a32ccc871b290926ff4c511ee6b;29.10.25 08:57:52;Financement des partis 2024;31.12.2024;42;Union Démocratique du Centre (UDC);Personne morale ou société de personnes;1264;Déclaration des recettes annuelles;875;Stark;Jakob;Conseil des États;2750.0
party-17-F-003;fr;party;17;FALSE;2024;;;/api/frontend/latest/fr/downloads/financings/17?with_budget=false;6dd1cc52a6ad36fdf0ca7dc088b6ebfbdd578a32ccc871b290926ff4c511ee6b;29.10.25 08:57:52;Financement des partis 2024;31.12.2024;42;Union Démocratique du Centre (UDC);Personne morale ou société de personnes;1264;Déclaration des recettes annuelles;876;Steinemann;Barbara;Conseil national;2750.0
party-17-F-003;fr;party;17;FALSE;2024;;;/api/frontend/latest/fr/downloads/financings/17?with_budget=false;6dd1cc52a6ad36fdf0ca7dc088b6ebfbdd578a32ccc871b290926ff4c511ee6b;29.10.25 08:57:52;Financement des partis 2024;31.12.2024;42;Union Démocratique du Centre (UDC);Personne morale ou société de personnes;1264;Déclaration des recettes annuelles;877;Strupler;Manuel;Conseil national;2750.0
party-17-F-003;fr;party;17;FALSE;2024;;;/api/frontend/latest/fr/downloads/financings/17?with_budget=false;6dd1cc52a6ad36fdf0ca7dc088b6ebfbdd578a32ccc871b290926ff4c511ee6b;29.10.25 08:57:52;Financement des partis 2024;31.12.2024;42;Union Démocratique du Centre (UDC);Personne morale ou société de personnes;1264;Déclaration des recettes annuelles;878;Tuena;Mauro;Conseil national;2750.0
party-17-F-003;fr;party;17;FALSE;2024;;;/api/frontend/latest/fr/downloads/financings/17?with_budget=false;6dd1cc52a6ad36fdf0ca7dc088b6ebfbdd578a32ccc871b290926ff4c511ee6b;29.10.25 08:57:52;Financement des partis 2024;31.12.2024;42;Union Démocratique du Centre (UDC);Personne morale ou société de personnes;1264;Déclaration des recettes annuelles;879;Umricht Pieren;Nadja;Conseil national;2750.0
party-17-F-003;fr;party;17;FALSE;2024;;;/api/frontend/latest/fr/downloads/financings/17?with_budget=false;6dd1cc52a6ad36fdf0ca7dc088b6ebfbdd578a32ccc871b290926ff4c511ee6b;29.10.25 08:57:52;Financement des partis 2024;31.12.2024;42;Union Démocratique du Centre (UDC);Personne morale ou société de personnes;1264;Déclaration des recettes annuelles;881;Walliser;Bruno;Conseil national;2750.0
party-17-F-003;fr;party;17;FALSE;2024;;;/api/frontend/latest/fr/downloads/financings/17?with_budget=false;6dd1cc52a6ad36fdf0ca7dc088b6ebfbdd578a32ccc871b290926ff4c511ee6b;29.10.25 08:57:52;Financement des partis 2024;31.12.2024;42;Union Démocratique du Centre (UDC);Personne morale ou société de personnes;1264;Déclaration des recettes annuelles;883;Zuberbühler;David;Conseil national;2750.0
party-17-F-003;fr;party;17;FALSE;2024;;;/api/frontend/latest/fr/downloads/financings/17?with_budget=false;6dd1cc52a6ad36fdf0ca7dc088b6ebfbdd578a32ccc871b290926ff4c511ee6b;29.10.25 08:57:52;Financement des partis 2024;31.12.2024;42;Union Démocratique du Centre (UDC);Personne morale ou société de personnes;1264;Déclaration des recettes annuelles;884;Riner;Christoph;Conseil national;2750.0
party-17-F-003;fr;party;17;FALSE;2024;;;/api/frontend/latest/fr/downloads/financings/17?with_budget=false;6dd1cc52a6ad36fdf0ca7dc088b6ebfbdd578a32ccc871b290926ff4c511ee6b;29.10.25 08:57:52;Financement des partis 2024;31.12.2024;42;Union Démocratique du Centre (UDC);Personne morale ou société de personnes;1264;Déclaration des recettes annuelles;885;Calame;Didier;Conseil national;2750.0
party-17-F-003;fr;party;17;FALSE;2024;;;/api/frontend/latest/fr/downloads/financings/17?with_budget=false;6dd1cc52a6ad36fdf0ca7dc088b6ebfbdd578a32ccc871b290926ff4c511ee6b;29.10.25 08:57:52;Financement des partis 2024;31.12.2024;42;Union Démocratique du Centre (UDC);Personne morale ou société de personnes;1264;Déclaration des recettes annuelles;886;Vontobel;Erich;Conseil national;2750.0
party-17-F-003;fr;party;17;FALSE;2024;;;/api/frontend/latest/fr/downloads/financings/17?with_budget=false;6dd1cc52a6ad36fdf0ca7dc088b6ebfbdd578a32ccc871b290926ff4c511ee6b;29.10.25 08:57:52;Financement des partis 2024;31.12.2024;42;Union Démocratique du Centre (UDC);Personne morale ou société de personnes;1264;Déclaration des recettes annuelles;887;Wandfluh;Ernst;Conseil national;2750.0
party-17-F-003;fr;party;17;FALSE;2024;;;/api/frontend/latest/fr/downloads/financings/17?with_budget=false;6dd1cc52a6ad36fdf0ca7dc088b6ebfbdd578a32ccc871b290926ff4c511ee6b;29.10.25 08:57:52;Financement des partis 2024;31.12.2024;42;Union Démocratique du Centre (UDC);Personne morale ou société de personnes;1264;Déclaration des recettes annuelles;888;Freymond;Sylvain;Conseil national;2750.0
party-17-F-003;fr;party;17;FALSE;2024;;;/api/frontend/latest/fr/downloads/financings/17?with_budget=false;6dd1cc52a6ad36fdf0ca7dc088b6ebfbdd578a32ccc871b290926ff4c511ee6b;29.10.25 08:57:52;Financement des partis 2024;31.12.2024;42;Union Démocratique du Centre (UDC);Personne morale ou société de personnes;1264;Déclaration des recettes annuelles;889;Schnyder;Markus;Conseil national;2750.0
party-17-F-003;fr;party;17;FALSE;2024;;;/api/frontend/latest/fr/downloads/financings/17?with_budget=false;6dd1cc52a6ad36fdf0ca7dc088b6ebfbdd578a32ccc871b290926ff4c511ee6b;29.10.25 08:57:52;Financement des partis 2024;31.12.2024;42;Union Démocratique du Centre (UDC);Personne morale ou société de personnes;1264;Déclaration des recettes annuelles;890;Hübscher;Martin;Conseil national;2750.0
party-17-F-003;fr;party;17;FALSE;2024;;;/api/frontend/latest/fr/downloads/financings/17?with_budget=false;6dd1cc52a6ad36fdf0ca7dc088b6ebfbdd578a32ccc871b290926ff4c511ee6b;29.10.25 08:57:52;Financement des partis 2024;31.12.2024;42;Union Démocratique du Centre (UDC);Personne morale ou société de personnes;1264;Déclaration des recettes annuelles;891;Poggia;Mauro;Conseil des États;2750.0
party-17-F-003;fr;party;17;FALSE;2024;;;/api/frontend/latest/fr/downloads/financings/17?with_budget=false;6dd1cc52a6ad36fdf0ca7dc088b6ebfbdd578a32ccc871b290926ff4c511ee6b;29.10.25 08:57:52;Financement des partis 2024;31.12.2024;42;Union Démocratique du Centre (UDC);Personne morale ou société de personnes;1264;Déclaration des recettes annuelles;892;Kolly;Nicolas;Conseil national;2750.0
party-17-F-003;fr;party;17;FALSE;2024;;;/api/frontend/latest/fr/downloads/financings/17?with_budget=false;6dd1cc52a6ad36fdf0ca7dc088b6ebfbdd578a32ccc871b290926ff4c511ee6b;29.10.25 08:57:52;Financement des partis 2024;31.12.2024;42;Union Démocratique du Centre (UDC);Personne morale ou société de personnes;1264;Déclaration des recettes annuelles;893;Pamini;Paolo;Conseil national;2750.0
party-17-F-003;fr;party;17;FALSE;2024;;;/api/frontend/latest/fr/downloads/financings/17?with_budget=false;6dd1cc52a6ad36fdf0ca7dc088b6ebfbdd578a32ccc871b290926ff4c511ee6b;29.10.25 08:57:52;Financement des partis 2024;31.12.2024;42;Union Démocratique du Centre (UDC);Personne morale ou société de personnes;1264;Déclaration des recettes annuelles;894;Schmid;Pascal;Conseil national;2750.0
party-17-F-003;fr;party;17;FALSE;2024;;;/api/frontend/latest/fr/downloads/financings/17?with_budget=false;6dd1cc52a6ad36fdf0ca7dc088b6ebfbdd578a32ccc871b290926ff4c511ee6b;29.10.25 08:57:52;Financement des partis 2024;31.12.2024;42;Union Démocratique du Centre (UDC);Personne morale ou société de personnes;1264;Déclaration des recettes annuelles;895;Riem;Katja;Conseil national;2750.0
party-17-F-003;fr;party;17;FALSE;2024;;;/api/frontend/latest/fr/downloads/financings/17?with_budget=false;6dd1cc52a6ad36fdf0ca7dc088b6ebfbdd578a32ccc871b290926ff4c511ee6b;29.10.25 08:57:52;Financement des partis 2024;31.12.2024;42;Union Démocratique du Centre (UDC);Personne morale ou société de personnes;1264;Déclaration des recettes annuelles;896;Golay;Roger;Conseil national;2750.0
party-17-F-003;fr;party;17;FALSE;2024;;;/api/frontend/latest/fr/downloads/financings/17?with_budget=false;6dd1cc52a6ad36fdf0ca7dc088b6ebfbdd578a32ccc871b290926ff4c511ee6b;29.10.25 08:57:52;Financement des partis 2024;31.12.2024;42;Union Démocratique du Centre (UDC);Personne morale ou société de personnes;1264;Déclaration des recettes annuelles;897;Bürgi;Roman;Conseil national;2750.0
party-17-F-003;fr;party;17;FALSE;2024;;;/api/frontend/latest/fr/downloads/financings/17?with_budget=false;6dd1cc52a6ad36fdf0ca7dc088b6ebfbdd578a32ccc871b290926ff4c511ee6b;29.10.25 08:57:52;Financement des partis 2024;31.12.2024;42;Union Démocratique du Centre (UDC);Personne morale ou société de personnes;1264;Déclaration des recettes annuelles;898;Hug;Roman;Conseil national;2750.0
party-17-F-003;fr;party;17;FALSE;2024;;;/api/frontend/latest/fr/downloads/financings/17?with_budget=false;6dd1cc52a6ad36fdf0ca7dc088b6ebfbdd578a32ccc871b290926ff4c511ee6b;29.10.25 08:57:52;Financement des partis 2024;31.12.2024;42;Union Démocratique du Centre (UDC);Personne morale ou société de personnes;1264;Déclaration des recettes annuelles;899;Rüegsegger;Hans Jörg;Conseil national;2750.0
party-17-F-003;fr;party;17;FALSE;2024;;;/api/frontend/latest/fr/downloads/financings/17?with_budget=false;6dd1cc52a6ad36fdf0ca7dc088b6ebfbdd578a32ccc871b290926ff4c511ee6b;29.10.25 08:57:52;Financement des partis 2024;31.12.2024;42;Union Démocratique du Centre (UDC);Personne morale ou société de personnes;1264;Déclaration des recettes annuelles;900;Salzmann;Werner;Conseil des États;2750.0
party-17-F-003;fr;party;17;FALSE;2024;;;/api/frontend/latest/fr/downloads/financings/17?with_budget=false;6dd1cc52a6ad36fdf0ca7dc088b6ebfbdd578a32ccc871b290926ff4c511ee6b;29.10.25 08:57:52;Financement des partis 2024;31.12.2024;42;Union Démocratique du Centre (UDC);Personne morale ou société de personnes;1264;Déclaration des recettes annuelles;901;Sormann;Daniel;Conseil national;2750.0
party-17-F-003;fr;party;17;FALSE;2024;;;/api/frontend/latest/fr/downloads/financings/17?with_budget=false;6dd1cc52a6ad36fdf0ca7dc088b6ebfbdd578a32ccc871b290926ff4c511ee6b;29.10.25 08:57:52;Financement des partis 2024;31.12.2024;42;Union Démocratique du Centre (UDC);Personne morale ou société de personnes;1264;Déclaration des recettes annuelles;902;Stettler;Thomas;Conseil national;2750.0
party-17-F-003;fr;party;17;FALSE;2024;;;/api/frontend/latest/fr/downloads/financings/17?with_budget=false;6dd1cc52a6ad36fdf0ca7dc088b6ebfbdd578a32ccc871b290926ff4c511ee6b;29.10.25 08:57:52;Financement des partis 2024;31.12.2024;42;Union Démocratique du Centre (UDC);Personne morale ou société de personnes;1264;Déclaration des recettes annuelles;903;Knutti;Thomas;Conseil national;2750.0
party-17-F-003;fr;party;17;FALSE;2024;;;/api/frontend/latest/fr/downloads/financings/17?with_budget=false;6dd1cc52a6ad36fdf0ca7dc088b6ebfbdd578a32ccc871b290926ff4c511ee6b;29.10.25 08:57:52;Financement des partis 2024;31.12.2024;42;Union Démocratique du Centre (UDC);Personne morale ou société de personnes;1264;Déclaration des recettes annuelles;904;Fehr-Düsel;Nina;Conseil national;2750.0
party-17-F-003;fr;party;17;FALSE;2024;;;/api/frontend/latest/fr/downloads/financings/17?with_budget=false;6dd1cc52a6ad36fdf0ca7dc088b6ebfbdd578a32ccc871b290926ff4c511ee6b;29.10.25 08:57:52;Financement des partis 2024;31.12.2024;42;Union Démocratique du Centre (UDC);Personne morale ou société de personnes;1264;Déclaration des recettes annuelles;905;Thalmann-Bieri;Vroni;Conseil national;2750.0
party-17-F-003;fr;party;17;FALSE;2024;;;/api/frontend/latest/fr/downloads/financings/17?with_budget=false;6dd1cc52a6ad36fdf0ca7dc088b6ebfbdd578a32ccc871b290926ff4c511ee6b;29.10.25 08:57:52;Financement des partis 2024;31.12.2024;42;Union Démocratique du Centre (UDC);Personne morale ou société de personnes;1264;Déclaration des recettes annuelles;906;Gartmann;Walter;Conseil national;2750.0
party-17-F-003;fr;party;17;FALSE;2024;;;/api/frontend/latest/fr/downloads/financings/17?with_budget=false;6dd1cc52a6ad36fdf0ca7dc088b6ebfbdd578a32ccc871b290926ff4c511ee6b;29.10.25 08:57:52;Financement des partis 2024;31.12.2024;42;Union Démocratique du Centre (UDC);Personne morale ou société de personnes;1264;Déclaration des recettes annuelles;907;Wyssmann;Rémy;Conseil national;2750.0
party-17-F-003;fr;party;17;FALSE;2024;;;/api/frontend/latest/fr/downloads/financings/17?with_budget=false;6dd1cc52a6ad36fdf0ca7dc088b6ebfbdd578a32ccc871b290926ff4c511ee6b;29.10.25 08:57:52;Financement des partis 2024;31.12.2024;42;Union Démocratique du Centre (UDC);Personne morale ou société de personnes;1264;Déclaration des recettes annuelles;908;Pahud;Yvan;Conseil national;2750.0
party-17-F-003;fr;party;17;FALSE;2024;;;/api/frontend/latest/fr/downloads/financings/17?with_budget=false;6dd1cc52a6ad36fdf0ca7dc088b6ebfbdd578a32ccc871b290926ff4c511ee6b;29.10.25 08:57:52;Financement des partis 2024;31.12.2024;42;Union Démocratique du Centre (UDC);Personne morale ou société de personnes;1264;Déclaration des recettes annuelles;909;Brunner;Aarthur;Tribunal fédéral;1000.0
party-17-F-003;fr;party;17;FALSE;2024;;;/api/frontend/latest/fr/downloads/financings/17?with_budget=false;6dd1cc52a6ad36fdf0ca7dc088b6ebfbdd578a32ccc871b290926ff4c511ee6b;29.10.25 08:57:52;Financement des partis 2024;31.12.2024;42;Union Démocratique du Centre (UDC);Personne morale ou société de personnes;1264;Déclaration des recettes annuelles;910;Metzger;Stephan;Tribunal administratif fédéral;5000.0
party-17-F-004;fr;party;17;FALSE;2024;;;/api/frontend/latest/fr/downloads/financings/17?with_budget=false;6dd1cc52a6ad36fdf0ca7dc088b6ebfbdd578a32ccc871b290926ff4c511ee6b;29.10.25 08:57:52;Financement des partis 2024;31.12.2024;8;Sozialdemokratische Partei der Schweiz;Personne morale ou société de personnes;1265;Déclaration des recettes annuelles;911;Aebischer;Matthias;Conseil national;4554.0
party-17-F-004;fr;party;17;FALSE;2024;;;/api/frontend/latest/fr/downloads/financings/17?with_budget=false;6dd1cc52a6ad36fdf0ca7dc088b6ebfbdd578a32ccc871b290926ff4c511ee6b;29.10.25 08:57:52;Financement des partis 2024;31.12.2024;8;Sozialdemokratische Partei der Schweiz;Personne morale ou société de personnes;1265;Déclaration des recettes annuelles;912;Amoos;Emmanuel;Conseil national;3754.0
party-17-F-004;fr;party;17;FALSE;2024;;;/api/frontend/latest/fr/downloads/financings/17?with_budget=false;6dd1cc52a6ad36fdf0ca7dc088b6ebfbdd578a32ccc871b290926ff4c511ee6b;29.10.25 08:57:52;Financement des partis 2024;31.12.2024;8;Sozialdemokratische Partei der Schweiz;Personne morale ou société de personnes;1265;Déclaration des recettes annuelles;914;Badran;Jacqueline;Conseil national;7144.0
party-17-F-004;fr;party;17;FALSE;2024;;;/api/frontend/latest/fr/downloads/financings/17?with_budget=false;6dd1cc52a6ad36fdf0ca7dc088b6ebfbdd578a32ccc871b290926ff4c511ee6b;29.10.25 08:57:52;Financement des partis 2024;31.12.2024;8;Sozialdemokratische Partei der Schweiz;Personne morale ou société de personnes;1265;Déclaration des recettes annuelles;916;Bendahan;Samuel;Conseil national;7111.0
party-17-F-004;fr;party;17;FALSE;2024;;;/api/frontend/latest/fr/downloads/financings/17?with_budget=false;6dd1cc52a6ad36fdf0ca7dc088b6ebfbdd578a32ccc871b290926ff4c511ee6b;29.10.25 08:57:52;Financement des partis 2024;31.12.2024;8;Sozialdemokratische Partei der Schweiz;Personne morale ou société de personnes;1265;Déclaration des recettes annuelles;919;Crevoisier;Mathilde;Conseil des États;2970.0
party-17-F-004;fr;party;17;FALSE;2024;;;/api/frontend/latest/fr/downloads/financings/17?with_budget=false;6dd1cc52a6ad36fdf0ca7dc088b6ebfbdd578a32ccc871b290926ff4c511ee6b;29.10.25 08:57:52;Financement des partis 2024;31.12.2024;8;Sozialdemokratische Partei der Schweiz;Personne morale ou société de personnes;1265;Déclaration des recettes annuelles;920;Crottaz;Brigitte;Conseil national;5687.0
party-17-F-004;fr;party;17;FALSE;2024;;;/api/frontend/latest/fr/downloads/financings/17?with_budget=false;6dd1cc52a6ad36fdf0ca7dc088b6ebfbdd578a32ccc871b290926ff4c511ee6b;29.10.25 08:57:52;Financement des partis 2024;31.12.2024;8;Sozialdemokratische Partei der Schweiz;Personne morale ou société de personnes;1265;Déclaration des recettes annuelles;921;Dandrès;Christian;Conseil national;4832.0
party-17-F-004;fr;party;17;FALSE;2024;;;/api/frontend/latest/fr/downloads/financings/17?with_budget=false;6dd1cc52a6ad36fdf0ca7dc088b6ebfbdd578a32ccc871b290926ff4c511ee6b;29.10.25 08:57:52;Financement des partis 2024;31.12.2024;8;Sozialdemokratische Partei der Schweiz;Personne morale ou société de personnes;1265;Déclaration des recettes annuelles;922;Fehlmann Rielle;Laurence;Conseil national;4725.0
party-17-F-004;fr;party;17;FALSE;2024;;;/api/frontend/latest/fr/downloads/financings/17?with_budget=false;6dd1cc52a6ad36fdf0ca7dc088b6ebfbdd578a32ccc871b290926ff4c511ee6b;29.10.25 08:57:52;Financement des partis 2024;31.12.2024;8;Sozialdemokratische Partei der Schweiz;Personne morale ou société de personnes;1265;Déclaration des recettes annuelles;924;Fridez;Pierre-Alain;Conseil national;8320.0
party-17-F-004;fr;party;17;FALSE;2024;;;/api/frontend/latest/fr/downloads/financings/17?with_budget=false;6dd1cc52a6ad36fdf0ca7dc088b6ebfbdd578a32ccc871b290926ff4c511ee6b;29.10.25 08:57:52;Financement des partis 2024;31.12.2024;8;Sozialdemokratische Partei der Schweiz;Personne morale ou société de personnes;1265;Déclaration des recettes annuelles;925;Friedl;Claudia;Conseil national;3603.0
party-17-F-004;fr;party;17;FALSE;2024;;;/api/frontend/latest/fr/downloads/financings/17?with_budget=false;6dd1cc52a6ad36fdf0ca7dc088b6ebfbdd578a32ccc871b290926ff4c511ee6b;29.10.25 08:57:52;Financement des partis 2024;31.12.2024;8;Sozialdemokratische Partei der Schweiz;Personne morale ou société de personnes;1265;Déclaration des recettes annuelles;926;Funiciello;Tamara;Conseil national;2970.0
party-17-F-004;fr;party;17;FALSE;2024;;;/api/frontend/latest/fr/downloads/financings/17?with_budget=false;6dd1cc52a6ad36fdf0ca7dc088b6ebfbdd578a32ccc871b290926ff4c511ee6b;29.10.25 08:57:52;Financement des partis 2024;31.12.2024;8;Sozialdemokratische Partei der Schweiz;Personne morale ou société de personnes;1265;Déclaration des recettes annuelles;928;Gysi;Barbara;Conseil national;4882.0
party-17-F-004;fr;party;17;FALSE;2024;;;/api/frontend/latest/fr/downloads/financings/17?with_budget=false;6dd1cc52a6ad36fdf0ca7dc088b6ebfbdd578a32ccc871b290926ff4c511ee6b;29.10.25 08:57:52;Financement des partis 2024;31.12.2024;8;Sozialdemokratische Partei der Schweiz;Personne morale ou société de personnes;1265;Déclaration des recettes annuelles;929;Herzog;Eva;Conseil des États;8320.0
party-17-F-004;fr;party;17;FALSE;2024;;;/api/frontend/latest/fr/downloads/financings/17?with_budget=false;6dd1cc52a6ad36fdf0ca7dc088b6ebfbdd578a32ccc871b290926ff4c511ee6b;29.10.25 08:57:52;Financement des partis 2024;31.12.2024;8;Sozialdemokratische Partei der Schweiz;Personne morale ou société de personnes;1265;Déclaration des recettes annuelles;930;Hurni;Baptiste;Conseil des États;5597.0
party-17-F-004;fr;party;17;FALSE;2024;;;/api/frontend/latest/fr/downloads/financings/17?with_budget=false;6dd1cc52a6ad36fdf0ca7dc088b6ebfbdd578a32ccc871b290926ff4c511ee6b;29.10.25 08:57:52;Financement des partis 2024;31.12.2024;8;Sozialdemokratische Partei der Schweiz;Personne morale ou société de personnes;1265;Déclaration des recettes annuelles;931;Jositsch;Daniel;Conseil des États;8320.0
party-17-F-004;fr;party;17;FALSE;2024;;;/api/frontend/latest/fr/downloads/financings/17?with_budget=false;6dd1cc52a6ad36fdf0ca7dc088b6ebfbdd578a32ccc871b290926ff4c511ee6b;29.10.25 08:57:52;Financement des partis 2024;31.12.2024;8;Sozialdemokratische Partei der Schweiz;Personne morale ou société de personnes;1265;Déclaration des recettes annuelles;933;Maillard;Pierre-Yves;Conseil des États;3800.0
party-17-F-004;fr;party;17;FALSE;2024;;;/api/frontend/latest/fr/downloads/financings/17?with_budget=false;6dd1cc52a6ad36fdf0ca7dc088b6ebfbdd578a32ccc871b290926ff4c511ee6b;29.10.25 08:57:52;Financement des partis 2024;31.12.2024;8;Sozialdemokratische Partei der Schweiz;Personne morale ou société de personnes;1265;Déclaration des recettes annuelles;935;Marti;Min Li;Conseil national;4152.0
party-17-F-004;fr;party;17;FALSE;2024;;;/api/frontend/latest/fr/downloads/financings/17?with_budget=false;6dd1cc52a6ad36fdf0ca7dc088b6ebfbdd578a32ccc871b290926ff4c511ee6b;29.10.25 08:57:52;Financement des partis 2024;31.12.2024;8;Sozialdemokratische Partei der Schweiz;Personne morale ou société de personnes;1265;Déclaration des recettes annuelles;936;Marti;Samira;Conseil national;3205.0
party-17-F-004;fr;party;17;FALSE;2024;;;/api/frontend/latest/fr/downloads/financings/17?with_budget=false;6dd1cc52a6ad36fdf0ca7dc088b6ebfbdd578a32ccc871b290926ff4c511ee6b;29.10.25 08:57:52;Financement des partis 2024;31.12.2024;8;Sozialdemokratische Partei der Schweiz;Personne morale ou société de personnes;1265;Déclaration des recettes annuelles;937;Masshardt;Nadine;Conseil national;3349.0
party-17-F-004;fr;party;17;FALSE;2024;;;/api/frontend/latest/fr/downloads/financings/17?with_budget=false;6dd1cc52a6ad36fdf0ca7dc088b6ebfbdd578a32ccc871b290926ff4c511ee6b;29.10.25 08:57:52;Financement des partis 2024;31.12.2024;8;Sozialdemokratische Partei der Schweiz;Personne morale ou société de personnes;1265;Déclaration des recettes annuelles;938;Meyer;Mattea;Conseil national;3180.0
party-17-F-004;fr;party;17;FALSE;2024;;;/api/frontend/latest/fr/downloads/financings/17?with_budget=false;6dd1cc52a6ad36fdf0ca7dc088b6ebfbdd578a32ccc871b290926ff4c511ee6b;29.10.25 08:57:52;Financement des partis 2024;31.12.2024;8;Sozialdemokratische Partei der Schweiz;Personne morale ou société de personnes;1265;Déclaration des recettes annuelles;939;Molina;Fabian;Conseil national;3584.0
party-17-F-004;fr;party;17;FALSE;2024;;;/api/frontend/latest/fr/downloads/financings/17?with_budget=false;6dd1cc52a6ad36fdf0ca7dc088b6ebfbdd578a32ccc871b290926ff4c511ee6b;29.10.25 08:57:52;Financement des partis 2024;31.12.2024;8;Sozialdemokratische Partei der Schweiz;Personne morale ou société de personnes;1265;Déclaration des recettes annuelles;940;Munz;Martina;Conseil national;4378.0
party-17-F-004;fr;party;17;FALSE;2024;;;/api/frontend/latest/fr/downloads/financings/17?with_budget=false;6dd1cc52a6ad36fdf0ca7dc088b6ebfbdd578a32ccc871b290926ff4c511ee6b;29.10.25 08:57:52;Financement des partis 2024;31.12.2024;8;Sozialdemokratische Partei der Schweiz;Personne morale ou société de personnes;1265;Déclaration des recettes annuelles;941;Nordmann;Roger;Conseil national;5703.0
party-17-F-004;fr;party;17;FALSE;2024;;;/api/frontend/latest/fr/downloads/financings/17?with_budget=false;6dd1cc52a6ad36fdf0ca7dc088b6ebfbdd578a32ccc871b290926ff4c511ee6b;29.10.25 08:57:52;Financement des partis 2024;31.12.2024;8;Sozialdemokratische Partei der Schweiz;Personne morale ou société de personnes;1265;Déclaration des recettes annuelles;942;Nussbaumer-Wälti;Eric;Conseil national;4731.0
party-17-F-004;fr;party;17;FALSE;2024;;;/api/frontend/latest/fr/downloads/financings/17?with_budget=false;6dd1cc52a6ad36fdf0ca7dc088b6ebfbdd578a32ccc871b290926ff4c511ee6b;29.10.25 08:57:52;Financement des partis 2024;31.12.2024;8;Sozialdemokratische Partei der Schweiz;Personne morale ou société de personnes;1265;Déclaration des recettes annuelles;943;Piller Carrard;Valérie;Conseil national;2970.0
party-17-F-004;fr;party;17;FALSE;2024;;;/api/frontend/latest/fr/downloads/financings/17?with_budget=false;6dd1cc52a6ad36fdf0ca7dc088b6ebfbdd578a32ccc871b290926ff4c511ee6b;29.10.25 08:57:52;Financement des partis 2024;31.12.2024;8;Sozialdemokratische Partei der Schweiz;Personne morale ou société de personnes;1265;Déclaration des recettes annuelles;944;Pult;Jon;Conseil national;3592.0
party-17-F-004;fr;party;17;FALSE;2024;;;/api/frontend/latest/fr/downloads/financings/17?with_budget=false;6dd1cc52a6ad36fdf0ca7dc088b6ebfbdd578a32ccc871b290926ff4c511ee6b;29.10.25 08:57:52;Financement des partis 2024;31.12.2024;8;Sozialdemokratische Partei der Schweiz;Personne morale ou société de personnes;1265;Déclaration des recettes annuelles;945;Roth;Franziska;Conseil des États;3998.0
party-17-F-004;fr;party;17;FALSE;2024;;;/api/frontend/latest/fr/downloads/financings/17?with_budget=false;6dd1cc52a6ad36fdf0ca7dc088b6ebfbdd578a32ccc871b290926ff4c511ee6b;29.10.25 08:57:52;Financement des partis 2024;31.12.2024;8;Sozialdemokratische Partei der Schweiz;Personne morale ou société de personnes;1265;Déclaration des recettes annuelles;947;Seiler Graf;Priska;Conseil national;3550.0
party-17-F-004;fr;party;17;FALSE;2024;;;/api/frontend/latest/fr/downloads/financings/17?with_budget=false;6dd1cc52a6ad36fdf0ca7dc088b6ebfbdd578a32ccc871b290926ff4c511ee6b;29.10.25 08:57:52;Financement des partis 2024;31.12.2024;8;Sozialdemokratische Partei der Schweiz;Personne morale ou société de personnes;1265;Déclaration des recettes annuelles;948;Sommaruga;Carlo;Conseil des États;3571.0
party-17-F-004;fr;party;17;FALSE;2024;;;/api/frontend/latest/fr/downloads/financings/17?with_budget=false;6dd1cc52a6ad36fdf0ca7dc088b6ebfbdd578a32ccc871b290926ff4c511ee6b;29.10.25 08:57:52;Financement des partis 2024;31.12.2024;8;Sozialdemokratische Partei der Schweiz;Personne morale ou société de personnes;1265;Déclaration des recettes annuelles;950;Storni;Bruno;Conseil national;3500.0
party-17-F-004;fr;party;17;FALSE;2024;;;/api/frontend/latest/fr/downloads/financings/17?with_budget=false;6dd1cc52a6ad36fdf0ca7dc088b6ebfbdd578a32ccc871b290926ff4c511ee6b;29.10.25 08:57:52;Financement des partis 2024;31.12.2024;8;Sozialdemokratische Partei der Schweiz;Personne morale ou société de personnes;1265;Déclaration des recettes annuelles;951;Suter;Gabriela;Conseil national;3369.0
party-17-F-004;fr;party;17;FALSE;2024;;;/api/frontend/latest/fr/downloads/financings/17?with_budget=false;6dd1cc52a6ad36fdf0ca7dc088b6ebfbdd578a32ccc871b290926ff4c511ee6b;29.10.25 08:57:52;Financement des partis 2024;31.12.2024;8;Sozialdemokratische Partei der Schweiz;Personne morale ou société de personnes;1265;Déclaration des recettes annuelles;952;Wasserfallen;Flavia;Conseil des États;2970.0
party-17-F-004;fr;party;17;FALSE;2024;;;/api/frontend/latest/fr/downloads/financings/17?with_budget=false;6dd1cc52a6ad36fdf0ca7dc088b6ebfbdd578a32ccc871b290926ff4c511ee6b;29.10.25 08:57:52;Financement des partis 2024;31.12.2024;8;Sozialdemokratische Partei der Schweiz;Personne morale ou société de personnes;1265;Déclaration des recettes annuelles;953;Wermuth;Cédric;Conseil national;3464.0
party-17-F-004;fr;party;17;FALSE;2024;;;/api/frontend/latest/fr/downloads/financings/17?with_budget=false;6dd1cc52a6ad36fdf0ca7dc088b6ebfbdd578a32ccc871b290926ff4c511ee6b;29.10.25 08:57:52;Financement des partis 2024;31.12.2024;8;Sozialdemokratische Partei der Schweiz;Personne morale ou société de personnes;1265;Déclaration des recettes annuelles;954;Widmer;Céline;Conseil national;3379.0
party-17-F-004;fr;party;17;FALSE;2024;;;/api/frontend/latest/fr/downloads/financings/17?with_budget=false;6dd1cc52a6ad36fdf0ca7dc088b6ebfbdd578a32ccc871b290926ff4c511ee6b;29.10.25 08:57:52;Financement des partis 2024;31.12.2024;8;Sozialdemokratische Partei der Schweiz;Personne morale ou société de personnes;1265;Déclaration des recettes annuelles;955;Wyss;Sarah;Conseil national;3395.0
party-17-F-004;fr;party;17;FALSE;2024;;;/api/frontend/latest/fr/downloads/financings/17?with_budget=false;6dd1cc52a6ad36fdf0ca7dc088b6ebfbdd578a32ccc871b290926ff4c511ee6b;29.10.25 08:57:52;Financement des partis 2024;31.12.2024;8;Sozialdemokratische Partei der Schweiz;Personne morale ou société de personnes;1265;Déclaration des recettes annuelles;957;Baume-Schneider;Elisabeth;Conseil fédéral;39000.0
party-17-F-004;fr;party;17;FALSE;2024;;;/api/frontend/latest/fr/downloads/financings/17?with_budget=false;6dd1cc52a6ad36fdf0ca7dc088b6ebfbdd578a32ccc871b290926ff4c511ee6b;29.10.25 08:57:52;Financement des partis 2024;31.12.2024;8;Sozialdemokratische Partei der Schweiz;Personne morale ou société de personnes;1265;Déclaration des recettes annuelles;959;Beusch;Michael;Tribunal fédéral;15000.0
party-17-F-004;fr;party;17;FALSE;2024;;;/api/frontend/latest/fr/downloads/financings/17?with_budget=false;6dd1cc52a6ad36fdf0ca7dc088b6ebfbdd578a32ccc871b290926ff4c511ee6b;29.10.25 08:57:52;Financement des partis 2024;31.12.2024;8;Sozialdemokratische Partei der Schweiz;Personne morale ou société de personnes;1265;Déclaration des recettes annuelles;960;Fellmann;Jeremias;Tribunal fédéral;1000.0
party-17-F-004;fr;party;17;FALSE;2024;;;/api/frontend/latest/fr/downloads/financings/17?with_budget=false;6dd1cc52a6ad36fdf0ca7dc088b6ebfbdd578a32ccc871b290926ff4c511ee6b;29.10.25 08:57:52;Financement des partis 2024;31.12.2024;8;Sozialdemokratische Partei der Schweiz;Personne morale ou société de personnes;1265;Déclaration des recettes annuelles;962;Fuchs;Mia;Tribunal administratif fédéral;6000.0
party-17-F-004;fr;party;17;FALSE;2024;;;/api/frontend/latest/fr/downloads/financings/17?with_budget=false;6dd1cc52a6ad36fdf0ca7dc088b6ebfbdd578a32ccc871b290926ff4c511ee6b;29.10.25 08:57:52;Financement des partis 2024;31.12.2024;8;Sozialdemokratische Partei der Schweiz;Personne morale ou société de personnes;1265;Déclaration des recettes annuelles;963;Genner;Susanne;Tribunal administratif fédéral;6073.0
party-17-F-004;fr;party;17;FALSE;2024;;;/api/frontend/latest/fr/downloads/financings/17?with_budget=false;6dd1cc52a6ad36fdf0ca7dc088b6ebfbdd578a32ccc871b290926ff4c511ee6b;29.10.25 08:57:52;Financement des partis 2024;31.12.2024;8;Sozialdemokratische Partei der Schweiz;Personne morale ou société de personnes;1265;Déclaration des recettes annuelles;964;Greppi-Erb;Maurizio;Tribunal administratif fédéral;6600.0
party-17-F-004;fr;party;17;FALSE;2024;;;/api/frontend/latest/fr/downloads/financings/17?with_budget=false;6dd1cc52a6ad36fdf0ca7dc088b6ebfbdd578a32ccc871b290926ff4c511ee6b;29.10.25 08:57:52;Financement des partis 2024;31.12.2024;8;Sozialdemokratische Partei der Schweiz;Personne morale ou société de personnes;1265;Déclaration des recettes annuelles;965;Kneubühler;Lorenz;Tribunal fédéral;13000.0
party-17-F-004;fr;party;17;FALSE;2024;;;/api/frontend/latest/fr/downloads/financings/17?with_budget=false;6dd1cc52a6ad36fdf0ca7dc088b6ebfbdd578a32ccc871b290926ff4c511ee6b;29.10.25 08:57:52;Financement des partis 2024;31.12.2024;8;Sozialdemokratische Partei der Schweiz;Personne morale ou société de personnes;1265;Déclaration des recettes annuelles;966;König;Markus;Tribunal administratif fédéral;5000.0
party-17-F-004;fr;party;17;FALSE;2024;;;/api/frontend/latest/fr/downloads/financings/17?with_budget=false;6dd1cc52a6ad36fdf0ca7dc088b6ebfbdd578a32ccc871b290926ff4c511ee6b;29.10.25 08:57:52;Financement des partis 2024;31.12.2024;8;Sozialdemokratische Partei der Schweiz;Personne morale ou société de personnes;1265;Déclaration des recettes annuelles;967;Leisinger;Constance Ulrike;Tribunal administratif fédéral;3400.0
party-17-F-004;fr;party;17;FALSE;2024;;;/api/frontend/latest/fr/downloads/financings/17?with_budget=false;6dd1cc52a6ad36fdf0ca7dc088b6ebfbdd578a32ccc871b290926ff4c511ee6b;29.10.25 08:57:52;Financement des partis 2024;31.12.2024;8;Sozialdemokratische Partei der Schweiz;Personne morale ou société de personnes;1265;Déclaration des recettes annuelles;968;Mutombo;Keita;Tribunal administratif fédéral;5100.0
party-17-F-004;fr;party;17;FALSE;2024;;;/api/frontend/latest/fr/downloads/financings/17?with_budget=false;6dd1cc52a6ad36fdf0ca7dc088b6ebfbdd578a32ccc871b290926ff4c511ee6b;29.10.25 08:57:52;Financement des partis 2024;31.12.2024;8;Sozialdemokratische Partei der Schweiz;Personne morale ou société de personnes;1265;Déclaration des recettes annuelles;969;Ryter;Marianne;Tribunal fédéral;14000.0
party-17-F-004;fr;party;17;FALSE;2024;;;/api/frontend/latest/fr/downloads/financings/17?with_budget=false;6dd1cc52a6ad36fdf0ca7dc088b6ebfbdd578a32ccc871b290926ff4c511ee6b;29.10.25 08:57:52;Financement des partis 2024;31.12.2024;8;Sozialdemokratische Partei der Schweiz;Personne morale ou société de personnes;1265;Déclaration des recettes annuelles;970;Schenker Senn;Regula;Tribunal administratif fédéral;4890.0
party-17-F-004;fr;party;17;FALSE;2024;;;/api/frontend/latest/fr/downloads/financings/17?with_budget=false;6dd1cc52a6ad36fdf0ca7dc088b6ebfbdd578a32ccc871b290926ff4c511ee6b;29.10.25 08:57:52;Financement des partis 2024;31.12.2024;8;Sozialdemokratische Partei der Schweiz;Personne morale ou société de personnes;1265;Déclaration des recettes annuelles;971;Spälti Giannakitsas;Nina;Tribunal administratif fédéral;2000.0
party-17-F-004;fr;party;17;FALSE;2024;;;/api/frontend/latest/fr/downloads/financings/17?with_budget=false;6dd1cc52a6ad36fdf0ca7dc088b6ebfbdd578a32ccc871b290926ff4c511ee6b;29.10.25 08:57:52;Financement des partis 2024;31.12.2024;8;Sozialdemokratische Partei der Schweiz;Personne morale ou société de personnes;1265;Déclaration des recettes annuelles;972;Steiner;Marc;Tribunal administratif fédéral;3000.0
party-17-F-004;fr;party;17;FALSE;2024;;;/api/frontend/latest/fr/downloads/financings/17?with_budget=false;6dd1cc52a6ad36fdf0ca7dc088b6ebfbdd578a32ccc871b290926ff4c511ee6b;29.10.25 08:57:52;Financement des partis 2024;31.12.2024;8;Sozialdemokratische Partei der Schweiz;Personne morale ou société de personnes;1265;Déclaration des recettes annuelles;973;Stump Wendt;Brigitte;Tribunal pénal fédéral;3000.0
party-17-F-004;fr;party;17;FALSE;2024;;;/api/frontend/latest/fr/downloads/financings/17?with_budget=false;6dd1cc52a6ad36fdf0ca7dc088b6ebfbdd578a32ccc871b290926ff4c511ee6b;29.10.25 08:57:52;Financement des partis 2024;31.12.2024;8;Sozialdemokratische Partei der Schweiz;Personne morale ou société de personnes;1265;Déclaration des recettes annuelles;974;Winiger;Christian;Tribunal administratif fédéral;5000.0
party-17-F-004;fr;party;17;FALSE;2024;;;/api/frontend/latest/fr/downloads/financings/17?with_budget=false;6dd1cc52a6ad36fdf0ca7dc088b6ebfbdd578a32ccc871b290926ff4c511ee6b;29.10.25 08:57:52;Financement des partis 2024;31.12.2024;8;Sozialdemokratische Partei der Schweiz;Personne morale ou société de personnes;1265;Déclaration des recettes annuelles;975;Wirthlin;Martin;Tribunal fédéral;15000.0
party-17-F-004;fr;party;17;FALSE;2024;;;/api/frontend/latest/fr/downloads/financings/17?with_budget=false;6dd1cc52a6ad36fdf0ca7dc088b6ebfbdd578a32ccc871b290926ff4c511ee6b;29.10.25 08:57:52;Financement des partis 2024;31.12.2024;8;Sozialdemokratische Partei der Schweiz;Personne morale ou société de personnes;1265;Déclaration des recettes annuelles;976;Abrecht;Bernard;Tribunal fédéral;14600.0
party-17-F-004;fr;party;17;FALSE;2024;;;/api/frontend/latest/fr/downloads/financings/17?with_budget=false;6dd1cc52a6ad36fdf0ca7dc088b6ebfbdd578a32ccc871b290926ff4c511ee6b;29.10.25 08:57:52;Financement des partis 2024;31.12.2024;8;Sozialdemokratische Partei der Schweiz;Personne morale ou société de personnes;1265;Déclaration des recettes annuelles;977;Bomio-Giovanascini;Giorgio;Tribunal pénal fédéral;1000.0
party-17-F-004;fr;party;17;FALSE;2024;;;/api/frontend/latest/fr/downloads/financings/17?with_budget=false;6dd1cc52a6ad36fdf0ca7dc088b6ebfbdd578a32ccc871b290926ff4c511ee6b;29.10.25 08:57:52;Financement des partis 2024;31.12.2024;8;Sozialdemokratische Partei der Schweiz;Personne morale ou société de personnes;1265;Déclaration des recettes annuelles;978;D'Aveni;Deborah;Tribunal administratif fédéral;2580.1
party-17-F-004;fr;party;17;FALSE;2024;;;/api/frontend/latest/fr/downloads/financings/17?with_budget=false;6dd1cc52a6ad36fdf0ca7dc088b6ebfbdd578a32ccc871b290926ff4c511ee6b;29.10.25 08:57:52;Financement des partis 2024;31.12.2024;8;Sozialdemokratische Partei der Schweiz;Personne morale ou société de personnes;1265;Déclaration des recettes annuelles;979;Parrino;Francesco;Tribunal fédéral;14000.0
party-17-F-004;fr;party;17;FALSE;2024;;;/api/frontend/latest/fr/downloads/financings/17?with_budget=false;6dd1cc52a6ad36fdf0ca7dc088b6ebfbdd578a32ccc871b290926ff4c511ee6b;29.10.25 08:57:52;Financement des partis 2024;31.12.2024;8;Sozialdemokratische Partei der Schweiz;Personne morale ou société de personnes;1265;Déclaration des recettes annuelles;980;Waeber;William;Tribunal administratif fédéral;7000.0
party-17-F-004;fr;party;17;FALSE;2024;;;/api/frontend/latest/fr/downloads/financings/17?with_budget=false;6dd1cc52a6ad36fdf0ca7dc088b6ebfbdd578a32ccc871b290926ff4c511ee6b;29.10.25 08:57:52;Financement des partis 2024;31.12.2024;8;Sozialdemokratische Partei der Schweiz;Personne morale ou société de personnes;1265;Déclaration des recettes annuelles;981;Garré;Roy;Tribunal pénal fédéral;3000.0
party-17-F-004;fr;party;17;FALSE;2024;;;/api/frontend/latest/fr/downloads/financings/17?with_budget=false;6dd1cc52a6ad36fdf0ca7dc088b6ebfbdd578a32ccc871b290926ff4c511ee6b;29.10.25 08:57:52;Financement des partis 2024;31.12.2024;8;Sozialdemokratische Partei der Schweiz;Personne morale ou société de personnes;1265;Déclaration des recettes annuelles;982;Zenger;Stephane;Tribunal pénal fédéral;3000.0
party-17-F-004;fr;party;17;FALSE;2024;;;/api/frontend/latest/fr/downloads/financings/17?with_budget=false;6dd1cc52a6ad36fdf0ca7dc088b6ebfbdd578a32ccc871b290926ff4c511ee6b;29.10.25 08:57:52;Financement des partis 2024;31.12.2024;8;Sozialdemokratische Partei der Schweiz;Personne morale ou société de personnes;1265;Déclaration des recettes annuelles;983;Bürki Moreni;Michela;Tribunal administratif fédéral;4300.0
party-17-F-004;fr;party;17;FALSE;2024;;;/api/frontend/latest/fr/downloads/financings/17?with_budget=false;6dd1cc52a6ad36fdf0ca7dc088b6ebfbdd578a32ccc871b290926ff4c511ee6b;29.10.25 08:57:52;Financement des partis 2024;31.12.2024;8;Sozialdemokratische Partei der Schweiz;Personne morale ou société de personnes;1265;Déclaration des recettes annuelles;984;De Rossa;Federica;Tribunal fédéral;14000.0
party-17-F-004;fr;party;17;FALSE;2024;;;/api/frontend/latest/fr/downloads/financings/17?with_budget=false;6dd1cc52a6ad36fdf0ca7dc088b6ebfbdd578a32ccc871b290926ff4c511ee6b;29.10.25 08:57:52;Financement des partis 2024;31.12.2024;8;Sozialdemokratische Partei der Schweiz;Personne morale ou société de personnes;1265;Déclaration des recettes annuelles;985;Frischknecht;Tom;Tribunal pénal fédéral;500.0
party-17-F-004;fr;party;17;FALSE;2024;;;/api/frontend/latest/fr/downloads/financings/17?with_budget=false;6dd1cc52a6ad36fdf0ca7dc088b6ebfbdd578a32ccc871b290926ff4c511ee6b;29.10.25 08:57:52;Financement des partis 2024;31.12.2024;8;Sozialdemokratische Partei der Schweiz;Personne morale ou société de personnes;1265;Déclaration des recettes annuelles;986;Loppacher;Barbara;Tribunal pénal fédéral;300.0
party-17-F-004;fr;party;17;FALSE;2024;;;/api/frontend/latest/fr/downloads/financings/17?with_budget=false;6dd1cc52a6ad36fdf0ca7dc088b6ebfbdd578a32ccc871b290926ff4c511ee6b;29.10.25 08:57:52;Financement des partis 2024;31.12.2024;8;Sozialdemokratische Partei der Schweiz;Personne morale ou société de personnes;1265;Déclaration des recettes annuelles;987;Ros;Jean-Paul;Tribunal pénal fédéral;780.0
party-17-F-004;fr;party;17;FALSE;2024;;;/api/frontend/latest/fr/downloads/financings/17?with_budget=false;6dd1cc52a6ad36fdf0ca7dc088b6ebfbdd578a32ccc871b290926ff4c511ee6b;29.10.25 08:57:52;Financement des partis 2024;31.12.2024;8;Sozialdemokratische Partei der Schweiz;Personne morale ou société de personnes;1265;Déclaration des recettes annuelles;988;Jans;Beat;Conseil fédéral;38650.0
party-17-F-004;fr;party;17;FALSE;2024;;;/api/frontend/latest/fr/downloads/financings/17?with_budget=false;6dd1cc52a6ad36fdf0ca7dc088b6ebfbdd578a32ccc871b290926ff4c511ee6b;29.10.25 08:57:52;Financement des partis 2024;31.12.2024;8;Sozialdemokratische Partei der Schweiz;Personne morale ou société de personnes;1265;Déclaration des recettes annuelles;989;Alijaj;Islam;Conseil national;2970.0
party-17-F-004;fr;party;17;FALSE;2024;;;/api/frontend/latest/fr/downloads/financings/17?with_budget=false;6dd1cc52a6ad36fdf0ca7dc088b6ebfbdd578a32ccc871b290926ff4c511ee6b;29.10.25 08:57:52;Financement des partis 2024;31.12.2024;8;Sozialdemokratische Partei der Schweiz;Personne morale ou société de personnes;1265;Déclaration des recettes annuelles;990;Brizzi;Simona;Conseil national;2970.0
party-17-F-004;fr;party;17;FALSE;2024;;;/api/frontend/latest/fr/downloads/financings/17?with_budget=false;6dd1cc52a6ad36fdf0ca7dc088b6ebfbdd578a32ccc871b290926ff4c511ee6b;29.10.25 08:57:52;Financement des partis 2024;31.12.2024;8;Sozialdemokratische Partei der Schweiz;Personne morale ou société de personnes;1265;Déclaration des recettes annuelles;991;Candan;Hasan;Conseil national;3186.0
party-17-F-004;fr;party;17;FALSE;2024;;;/api/frontend/latest/fr/downloads/financings/17?with_budget=false;6dd1cc52a6ad36fdf0ca7dc088b6ebfbdd578a32ccc871b290926ff4c511ee6b;29.10.25 08:57:52;Financement des partis 2024;31.12.2024;8;Sozialdemokratische Partei der Schweiz;Personne morale ou société de personnes;1265;Déclaration des recettes annuelles;992;Rosenwasser;Anna;Conseil national;2970.0
party-17-F-004;fr;party;17;FALSE;2024;;;/api/frontend/latest/fr/downloads/financings/17?with_budget=false;6dd1cc52a6ad36fdf0ca7dc088b6ebfbdd578a32ccc871b290926ff4c511ee6b;29.10.25 08:57:52;Financement des partis 2024;31.12.2024;8;Sozialdemokratische Partei der Schweiz;Personne morale ou société de personnes;1265;Déclaration des recettes annuelles;993;Roth;David;Conseil national;4153.0
party-17-F-004;fr;party;17;FALSE;2024;;;/api/frontend/latest/fr/downloads/financings/17?with_budget=false;6dd1cc52a6ad36fdf0ca7dc088b6ebfbdd578a32ccc871b290926ff4c511ee6b;29.10.25 08:57:52;Financement des partis 2024;31.12.2024;8;Sozialdemokratische Partei der Schweiz;Personne morale ou société de personnes;1265;Déclaration des recettes annuelles;994;Rumy;Farah;Conseil national;3340.0
party-17-F-004;fr;party;17;FALSE;2024;;;/api/frontend/latest/fr/downloads/financings/17?with_budget=false;6dd1cc52a6ad36fdf0ca7dc088b6ebfbdd578a32ccc871b290926ff4c511ee6b;29.10.25 08:57:52;Financement des partis 2024;31.12.2024;8;Sozialdemokratische Partei der Schweiz;Personne morale ou société de personnes;1265;Déclaration des recettes annuelles;995;Schläfli;Nina;Conseil national;3066.0
party-17-F-004;fr;party;17;FALSE;2024;;;/api/frontend/latest/fr/downloads/financings/17?with_budget=false;6dd1cc52a6ad36fdf0ca7dc088b6ebfbdd578a32ccc871b290926ff4c511ee6b;29.10.25 08:57:52;Financement des partis 2024;31.12.2024;8;Sozialdemokratische Partei der Schweiz;Personne morale ou société de personnes;1265;Déclaration des recettes annuelles;996;Stocker;Simon;Conseil des États;3833.0
party-17-F-004;fr;party;17;FALSE;2024;;;/api/frontend/latest/fr/downloads/financings/17?with_budget=false;6dd1cc52a6ad36fdf0ca7dc088b6ebfbdd578a32ccc871b290926ff4c511ee6b;29.10.25 08:57:52;Financement des partis 2024;31.12.2024;8;Sozialdemokratische Partei der Schweiz;Personne morale ou société de personnes;1265;Déclaration des recettes annuelles;997;Zryd;Andrea;Conseil national;2970.0
party-17-F-004;fr;party;17;FALSE;2024;;;/api/frontend/latest/fr/downloads/financings/17?with_budget=false;6dd1cc52a6ad36fdf0ca7dc088b6ebfbdd578a32ccc871b290926ff4c511ee6b;29.10.25 08:57:52;Financement des partis 2024;31.12.2024;8;Sozialdemokratische Partei der Schweiz;Personne morale ou société de personnes;1265;Déclaration des recettes annuelles;998;Zybach;Ursula;Conseil national;3000.0
party-17-F-004;fr;party;17;FALSE;2024;;;/api/frontend/latest/fr/downloads/financings/17?with_budget=false;6dd1cc52a6ad36fdf0ca7dc088b6ebfbdd578a32ccc871b290926ff4c511ee6b;29.10.25 08:57:52;Financement des partis 2024;31.12.2024;8;Sozialdemokratische Partei der Schweiz;Personne morale ou société de personnes;1265;Déclaration des recettes annuelles;999;Docourt;Martine;Conseil national;2970.0
party-30-F-001;fr;party;30;FALSE;2025;;;/api/frontend/latest/fr/downloads/financings/30?with_budget=false;b2c545fad513522f0b93f19e9aadf841dd6bc438f388b7183733c143faf1b7fa;46267.3955810909;Financement des partis 2025;31.12.2025;43;PLR.Les Libéraux-Radicaux;Personne morale ou société de personnes;1522;Déclaration des recettes annuelles;1668;Riniker;Maja;Conseil national;1000.0
party-30-F-001;fr;party;30;FALSE;2025;;;/api/frontend/latest/fr/downloads/financings/30?with_budget=false;b2c545fad513522f0b93f19e9aadf841dd6bc438f388b7183733c143faf1b7fa;46267.39558110106;Financement des partis 2025;31.12.2025;43;PLR.Les Libéraux-Radicaux;Personne morale ou société de personnes;1522;Déclaration des recettes annuelles;1669;Wasserfallen;Christian;Conseil national;1000.0
party-30-F-001;fr;party;30;FALSE;2025;;;/api/frontend/latest/fr/downloads/financings/30?with_budget=false;b2c545fad513522f0b93f19e9aadf841dd6bc438f388b7183733c143faf1b7fa;46267.39558110258;Financement des partis 2025;31.12.2025;43;PLR.Les Libéraux-Radicaux;Personne morale ou société de personnes;1522;Déclaration des recettes annuelles;1670;Caroni;Andrea;Conseil des États;1000.0
party-30-F-001;fr;party;30;FALSE;2025;;;/api/frontend/latest/fr/downloads/financings/30?with_budget=false;b2c545fad513522f0b93f19e9aadf841dd6bc438f388b7183733c143faf1b7fa;46267.39558110369;Financement des partis 2025;31.12.2025;43;PLR.Les Libéraux-Radicaux;Personne morale ou société de personnes;1522;Déclaration des recettes annuelles;1671;Müller;Damian;Conseil des États;1000.0
party-30-F-001;fr;party;30;FALSE;2025;;;/api/frontend/latest/fr/downloads/financings/30?with_budget=false;b2c545fad513522f0b93f19e9aadf841dd6bc438f388b7183733c143faf1b7fa;46267.395581104516;Financement des partis 2025;31.12.2025;43;PLR.Les Libéraux-Radicaux;Personne morale ou société de personnes;1522;Déclaration des recettes annuelles;1672;Cottier;Damien;Conseil national;1000.0
party-30-F-001;fr;party;30;FALSE;2025;;;/api/frontend/latest/fr/downloads/financings/30?with_budget=false;b2c545fad513522f0b93f19e9aadf841dd6bc438f388b7183733c143faf1b7fa;46267.39558110527;Financement des partis 2025;31.12.2025;43;PLR.Les Libéraux-Radicaux;Personne morale ou société de personnes;1522;Déclaration des recettes annuelles;1673;De Montmollin;Simone;Conseil national;1000.0
party-30-F-001;fr;party;30;FALSE;2025;;;/api/frontend/latest/fr/downloads/financings/30?with_budget=false;b2c545fad513522f0b93f19e9aadf841dd6bc438f388b7183733c143faf1b7fa;46267.395581106015;Financement des partis 2025;31.12.2025;43;PLR.Les Libéraux-Radicaux;Personne morale ou société de personnes;1522;Déclaration des recettes annuelles;1674;Giacometti;Anna;Conseil national;1000.0
party-30-F-001;fr;party;30;FALSE;2025;;;/api/frontend/latest/fr/downloads/financings/30?with_budget=false;b2c545fad513522f0b93f19e9aadf841dd6bc438f388b7183733c143faf1b7fa;46267.39558110695;Financement des partis 2025;31.12.2025;43;PLR.Les Libéraux-Radicaux;Personne morale ou société de personnes;1522;Déclaration des recettes annuelles;1675;Gössi;Petra;Conseil des États;1000.0
party-30-F-001;fr;party;30;FALSE;2025;;;/api/frontend/latest/fr/downloads/financings/30?with_budget=false;b2c545fad513522f0b93f19e9aadf841dd6bc438f388b7183733c143faf1b7fa;46267.39558110765;Financement des partis 2025;31.12.2025;43;PLR.Les Libéraux-Radicaux;Personne morale ou société de personnes;1522;Déclaration des recettes annuelles;1676;Sauter;Regine;Conseil national;1000.0
party-30-F-001;fr;party;30;FALSE;2025;;;/api/frontend/latest/fr/downloads/financings/30?with_budget=false;b2c545fad513522f0b93f19e9aadf841dd6bc438f388b7183733c143faf1b7fa;46267.395581108365;Financement des partis 2025;31.12.2025;43;PLR.Les Libéraux-Radicaux;Personne morale ou société de personnes;1522;Déclaration des recettes annuelles;1677;Dittli;Josef;Conseil des États;1000.0
party-30-F-001;fr;party;30;FALSE;2025;;;/api/frontend/latest/fr/downloads/financings/30?with_budget=false;b2c545fad513522f0b93f19e9aadf841dd6bc438f388b7183733c143faf1b7fa;46267.39558110907;Financement des partis 2025;31.12.2025;43;PLR.Les Libéraux-Radicaux;Personne morale ou société de personnes;1522;Déclaration des recettes annuelles;1678;Silberschmidt;Andri;Conseil national;1000.0
party-30-F-001;fr;party;30;FALSE;2025;;;/api/frontend/latest/fr/downloads/financings/30?with_budget=false;b2c545fad513522f0b93f19e9aadf841dd6bc438f388b7183733c143faf1b7fa;46267.39558110981;Financement des partis 2025;31.12.2025;43;PLR.Les Libéraux-Radicaux;Personne morale ou société de personnes;1522;Déclaration des recettes annuelles;1679;Michel;Matthias;Conseil des États;1000.0
party-30-F-001;fr;party;30;FALSE;2025;;;/api/frontend/latest/fr/downloads/financings/30?with_budget=false;b2c545fad513522f0b93f19e9aadf841dd6bc438f388b7183733c143faf1b7fa;46267.395581110526;Financement des partis 2025;31.12.2025;43;PLR.Les Libéraux-Radicaux;Personne morale ou société de personnes;1522;Déclaration des recettes annuelles;1681;Von Falkenstein;Patricia;Conseil national;1000.0
party-30-F-001;fr;party;30;FALSE;2025;;;/api/frontend/latest/fr/downloads/financings/30?with_budget=false;b2c545fad513522f0b93f19e9aadf841dd6bc438f388b7183733c143faf1b7fa;46267.39558111121;Financement des partis 2025;31.12.2025;43;PLR.Les Libéraux-Radicaux;Personne morale ou société de personnes;1522;Déclaration des recettes annuelles;1682;Schilliger;Peter;Conseil national;1000.0
party-30-F-001;fr;party;30;FALSE;2025;;;/api/frontend/latest/fr/downloads/financings/30?with_budget=false;b2c545fad513522f0b93f19e9aadf841dd6bc438f388b7183733c143faf1b7fa;46267.39558111223;Financement des partis 2025;31.12.2025;43;PLR.Les Libéraux-Radicaux;Personne morale ou société de personnes;1522;Déclaration des recettes annuelles;1683;Wehrli;Laurent;Conseil national;1000.0
party-30-F-001;fr;party;30;FALSE;2025;;;/api/frontend/latest/fr/downloads/financings/30?with_budget=false;b2c545fad513522f0b93f19e9aadf841dd6bc438f388b7183733c143faf1b7fa;46267.39558111321;Financement des partis 2025;31.12.2025;43;PLR.Les Libéraux-Radicaux;Personne morale ou société de personnes;1522;Déclaration des recettes annuelles;1684;Farinelli;Alex;Conseil national;1000.0
party-30-F-001;fr;party;30;FALSE;2025;;;/api/frontend/latest/fr/downloads/financings/30?with_budget=false;b2c545fad513522f0b93f19e9aadf841dd6bc438f388b7183733c143faf1b7fa;46267.39558111422;Financement des partis 2025;31.12.2025;43;PLR.Les Libéraux-Radicaux;Personne morale ou société de personnes;1522;Déclaration des recettes annuelles;1685;Wicki;Hans;Conseil des États;1000.0
party-30-F-001;fr;party;30;FALSE;2025;;;/api/frontend/latest/fr/downloads/financings/30?with_budget=false;b2c545fad513522f0b93f19e9aadf841dd6bc438f388b7183733c143faf1b7fa;46267.39558111518;Financement des partis 2025;31.12.2025;43;PLR.Les Libéraux-Radicaux;Personne morale ou société de personnes;1522;Déclaration des recettes annuelles;1686;Feller;Olivier;Conseil national;1000.0
party-30-F-001;fr;party;30;FALSE;2025;;;/api/frontend/latest/fr/downloads/financings/30?with_budget=false;b2c545fad513522f0b93f19e9aadf841dd6bc438f388b7183733c143faf1b7fa;46267.39558111596;Financement des partis 2025;31.12.2025;43;PLR.Les Libéraux-Radicaux;Personne morale ou société de personnes;1522;Déclaration des recettes annuelles;1688;Gapany;Johanna;Conseil des États;1000.0
party-30-F-001;fr;party;30;FALSE;2025;;;/api/frontend/latest/fr/downloads/financings/30?with_budget=false;b2c545fad513522f0b93f19e9aadf841dd6bc438f388b7183733c143faf1b7fa;46267.395581116696;Financement des partis 2025;31.12.2025;43;PLR.Les Libéraux-Radicaux;Personne morale ou société de personnes;1522;Déclaration des recettes annuelles;1689;Nantermod;Philippe;Conseil national;1000.0
party-30-F-001;fr;party;30;FALSE;2025;;;/api/frontend/latest/fr/downloads/financings/30?with_budget=false;b2c545fad513522f0b93f19e9aadf841dd6bc438f388b7183733c143faf1b7fa;46267.39558111744;Financement des partis 2025;31.12.2025;43;PLR.Les Libéraux-Radicaux;Personne morale ou société de personnes;1522;Déclaration des recettes annuelles;1690;Walti;Beat;Conseil national;1000.0
party-30-F-001;fr;party;30;FALSE;2025;;;/api/frontend/latest/fr/downloads/financings/30?with_budget=false;b2c545fad513522f0b93f19e9aadf841dd6bc438f388b7183733c143faf1b7fa;46267.39558111827;Financement des partis 2025;31.12.2025;43;PLR.Les Libéraux-Radicaux;Personne morale ou société de personnes;1522;Déclaration des recettes annuelles;1691;Vincenz-Stauffacher;Susanne;Conseil national;1000.0
party-30-F-001;fr;party;30;FALSE;2025;;;/api/frontend/latest/fr/downloads/financings/30?with_budget=false;b2c545fad513522f0b93f19e9aadf841dd6bc438f388b7183733c143faf1b7fa;46267.39558111897;Financement des partis 2025;31.12.2025;43;PLR.Les Libéraux-Radicaux;Personne morale ou société de personnes;1522;Déclaration des recettes annuelles;1692;Schneeberger;Daniela;Conseil national;1000.0
party-30-F-001;fr;party;30;FALSE;2025;;;/api/frontend/latest/fr/downloads/financings/30?with_budget=false;b2c545fad513522f0b93f19e9aadf841dd6bc438f388b7183733c143faf1b7fa;46267.39558111967;Financement des partis 2025;31.12.2025;43;PLR.Les Libéraux-Radicaux;Personne morale ou société de personnes;1522;Déclaration des recettes annuelles;1693;Cassis;Ignazio;Conseil fédéral;15000.0
party-30-F-001;fr;party;30;FALSE;2025;;;/api/frontend/latest/fr/downloads/financings/30?with_budget=false;b2c545fad513522f0b93f19e9aadf841dd6bc438f388b7183733c143faf1b7fa;46267.39558112037;Financement des partis 2025;31.12.2025;43;PLR.Les Libéraux-Radicaux;Personne morale ou société de personnes;1522;Déclaration des recettes annuelles;1694;De Quattro;Jacqueline;Conseil national;1000.0
party-30-F-001;fr;party;30;FALSE;2025;;;/api/frontend/latest/fr/downloads/financings/30?with_budget=false;b2c545fad513522f0b93f19e9aadf841dd6bc438f388b7183733c143faf1b7fa;46267.3955811211;Financement des partis 2025;31.12.2025;43;PLR.Les Libéraux-Radicaux;Personne morale ou société de personnes;1522;Déclaration des recettes annuelles;1695;Dobler;Marcel;Conseil national;1000.0
party-30-F-001;fr;party;30;FALSE;2025;;;/api/frontend/latest/fr/downloads/financings/30?with_budget=false;b2c545fad513522f0b93f19e9aadf841dd6bc438f388b7183733c143faf1b7fa;46267.39558112182;Financement des partis 2025;31.12.2025;43;PLR.Les Libéraux-Radicaux;Personne morale ou société de personnes;1522;Déclaration des recettes annuelles;1696;Burkart;Thierry;Conseil des États;1000.0
party-30-F-001;fr;party;30;FALSE;2025;;;/api/frontend/latest/fr/downloads/financings/30?with_budget=false;b2c545fad513522f0b93f19e9aadf841dd6bc438f388b7183733c143faf1b7fa;46267.39558112254;Financement des partis 2025;31.12.2025;43;PLR.Les Libéraux-Radicaux;Personne morale ou société de personnes;1522;Déclaration des recettes annuelles;1697;Gianini;Simone;Conseil national;1000.0
party-30-F-001;fr;party;30;FALSE;2025;;;/api/frontend/latest/fr/downloads/financings/30?with_budget=false;b2c545fad513522f0b93f19e9aadf841dd6bc438f388b7183733c143faf1b7fa;46267.39558112335;Financement des partis 2025;31.12.2025;43;PLR.Les Libéraux-Radicaux;Personne morale ou société de personnes;1522;Déclaration des recettes annuelles;1698;Mühlemann;Benjamin;Conseil des États;1000.0
party-30-F-001;fr;party;30;FALSE;2025;;;/api/frontend/latest/fr/downloads/financings/30?with_budget=false;b2c545fad513522f0b93f19e9aadf841dd6bc438f388b7183733c143faf1b7fa;46267.395581124285;Financement des partis 2025;31.12.2025;43;PLR.Les Libéraux-Radicaux;Personne morale ou société de personnes;1522;Déclaration des recettes annuelles;1699;Schmid;Martin;Conseil des États;1000.0
party-30-F-001;fr;party;30;FALSE;2025;;;/api/frontend/latest/fr/downloads/financings/30?with_budget=false;b2c545fad513522f0b93f19e9aadf841dd6bc438f388b7183733c143faf1b7fa;46267.39558112514;Financement des partis 2025;31.12.2025;43;PLR.Les Libéraux-Radicaux;Personne morale ou société de personnes;1522;Déclaration des recettes annuelles;1700;Vietze;Kristiane;Conseil national;1000.0
party-30-F-001;fr;party;30;FALSE;2025;;;/api/frontend/latest/fr/downloads/financings/30?with_budget=false;b2c545fad513522f0b93f19e9aadf841dd6bc438f388b7183733c143faf1b7fa;46267.39558112588;Financement des partis 2025;31.12.2025;43;PLR.Les Libéraux-Radicaux;Personne morale ou société de personnes;1522;Déclaration des recettes annuelles;1701;Aellen;Cyril;Conseil national;1000.0
party-30-F-001;fr;party;30;FALSE;2025;;;/api/frontend/latest/fr/downloads/financings/30?with_budget=false;b2c545fad513522f0b93f19e9aadf841dd6bc438f388b7183733c143faf1b7fa;46267.39558112659;Financement des partis 2025;31.12.2025;43;PLR.Les Libéraux-Radicaux;Personne morale ou société de personnes;1522;Déclaration des recettes annuelles;1702;Michel;Simon;Conseil national;1000.0
party-30-F-001;fr;party;30;FALSE;2025;;;/api/frontend/latest/fr/downloads/financings/30?with_budget=false;b2c545fad513522f0b93f19e9aadf841dd6bc438f388b7183733c143faf1b7fa;46267.39558112758;Financement des partis 2025;31.12.2025;43;PLR.Les Libéraux-Radicaux;Personne morale ou société de personnes;1522;Déclaration des recettes annuelles;1703;Broulis;Pascal;Conseil des États;1000.0
party-30-F-001;fr;party;30;FALSE;2025;;;/api/frontend/latest/fr/downloads/financings/30?with_budget=false;b2c545fad513522f0b93f19e9aadf841dd6bc438f388b7183733c143faf1b7fa;46267.39558112831;Financement des partis 2025;31.12.2025;43;PLR.Les Libéraux-Radicaux;Personne morale ou société de personnes;1522;Déclaration des recettes annuelles;1704;Balmer;Bettina;Conseil national;1000.0
party-30-F-001;fr;party;30;FALSE;2025;;;/api/frontend/latest/fr/downloads/financings/30?with_budget=false;b2c545fad513522f0b93f19e9aadf841dd6bc438f388b7183733c143faf1b7fa;46267.395581129014;Financement des partis 2025;31.12.2025;43;PLR.Les Libéraux-Radicaux;Personne morale ou société de personnes;1522;Déclaration des recettes annuelles;1705;Ruch;Daniel;Conseil national;1000.0
party-30-F-001;fr;party;30;FALSE;2025;;;/api/frontend/latest/fr/downloads/financings/30?with_budget=false;b2c545fad513522f0b93f19e9aadf841dd6bc438f388b7183733c143faf1b7fa;46267.395581129735;Financement des partis 2025;31.12.2025;43;PLR.Les Libéraux-Radicaux;Personne morale ou société de personnes;1522;Déclaration des recettes annuelles;1706;Theiler;Heinz;Conseil national;1000.0
party-30-F-001;fr;party;30;FALSE;2025;;;/api/frontend/latest/fr/downloads/financings/30?with_budget=false;b2c545fad513522f0b93f19e9aadf841dd6bc438f388b7183733c143faf1b7fa;46267.39558113041;Financement des partis 2025;31.12.2025;43;PLR.Les Libéraux-Radicaux;Personne morale ou société de personnes;1522;Déclaration des recettes annuelles;1707;Gobet;Nadine;Conseil national;1000.0
party-30-F-001;fr;party;30;FALSE;2025;;;/api/frontend/latest/fr/downloads/financings/30?with_budget=false;b2c545fad513522f0b93f19e9aadf841dd6bc438f388b7183733c143faf1b7fa;46267.39558113112;Financement des partis 2025;31.12.2025;43;PLR.Les Libéraux-Radicaux;Personne morale ou société de personnes;1522;Déclaration des recettes annuelles;1708;Portmann;Hans-Peter;Conseil national;1000.0
party-30-F-001;fr;party;30;FALSE;2025;;;/api/frontend/latest/fr/downloads/financings/30?with_budget=false;b2c545fad513522f0b93f19e9aadf841dd6bc438f388b7183733c143faf1b7fa;46267.39558113182;Financement des partis 2025;31.12.2025;43;PLR.Les Libéraux-Radicaux;Personne morale ou société de personnes;1522;Déclaration des recettes annuelles;1709;Brüngger;Severin;Conseil des États (ab Mai 2025);500.0
party-30-F-002;fr;party;30;FALSE;2025;;;/api/frontend/latest/fr/downloads/financings/30?with_budget=false;b2c545fad513522f0b93f19e9aadf841dd6bc438f388b7183733c143faf1b7fa;46267.39558113845;Financement des partis 2025;31.12.2025;33;Grünliberale Partei Schweiz;Personne morale ou société de personnes;1524;Déclaration des recettes annuelles;1710;Misic;Alexander;Tribunal administratif fédéral;7000.0
party-30-F-002;fr;party;30;FALSE;2025;;;/api/frontend/latest/fr/downloads/financings/30?with_budget=false;b2c545fad513522f0b93f19e9aadf841dd6bc438f388b7183733c143faf1b7fa;46267.39558113968;Financement des partis 2025;31.12.2025;33;Grünliberale Partei Schweiz;Personne morale ou société de personnes;1524;Déclaration des recettes annuelles;1711;Haag;Stephan;Tribunal fédéral;14345.0
party-30-F-002;fr;party;30;FALSE;2025;;;/api/frontend/latest/fr/downloads/financings/30?with_budget=false;b2c545fad513522f0b93f19e9aadf841dd6bc438f388b7183733c143faf1b7fa;46267.395581140496;Financement des partis 2025;31.12.2025;33;Grünliberale Partei Schweiz;Personne morale ou société de personnes;1524;Déclaration des recettes annuelles;1712;Marti;Esther;Tribunal administratif fédéral;2200.0
party-30-F-002;fr;party;30;FALSE;2025;;;/api/frontend/latest/fr/downloads/financings/30?with_budget=false;b2c545fad513522f0b93f19e9aadf841dd6bc438f388b7183733c143faf1b7fa;46267.395581141245;Financement des partis 2025;31.12.2025;33;Grünliberale Partei Schweiz;Personne morale ou société de personnes;1524;Déclaration des recettes annuelles;1713;Balmelli;Barbara;Tribunal administratif fédéral;8934.0
party-30-F-002;fr;party;30;FALSE;2025;;;/api/frontend/latest/fr/downloads/financings/30?with_budget=false;b2c545fad513522f0b93f19e9aadf841dd6bc438f388b7183733c143faf1b7fa;46267.39558114195;Financement des partis 2025;31.12.2025;33;Grünliberale Partei Schweiz;Personne morale ou société de personnes;1524;Déclaration des recettes annuelles;1714;Errass;Christoph;Tribunal administratif fédéral;6150.0
party-30-F-002;fr;party;30;FALSE;2025;;;/api/frontend/latest/fr/downloads/financings/30?with_budget=false;b2c545fad513522f0b93f19e9aadf841dd6bc438f388b7183733c143faf1b7fa;46267.39558114265;Financement des partis 2025;31.12.2025;33;Grünliberale Partei Schweiz;Personne morale ou société de personnes;1524;Déclaration des recettes annuelles;1715;Schweizer;Mark Daniel;Tribunal fédéral des brevets;2000.0
party-30-F-002;fr;party;30;FALSE;2025;;;/api/frontend/latest/fr/downloads/financings/30?with_budget=false;b2c545fad513522f0b93f19e9aadf841dd6bc438f388b7183733c143faf1b7fa;46267.395581143355;Financement des partis 2025;31.12.2025;33;Grünliberale Partei Schweiz;Personne morale ou société de personnes;1524;Déclaration des recettes annuelles;1716;Hurni;Christoph;Tribunal fédéral;13020.0
party-30-F-002;fr;party;30;FALSE;2025;;;/api/frontend/latest/fr/downloads/financings/30?with_budget=false;b2c545fad513522f0b93f19e9aadf841dd6bc438f388b7183733c143faf1b7fa;46267.39558114404;Financement des partis 2025;31.12.2025;33;Grünliberale Partei Schweiz;Personne morale ou société de personnes;1524;Déclaration des recettes annuelles;1717;Segessenmann;Thomas;Tribunal administratif fédéral;6754.0
party-30-F-002;fr;party;30;FALSE;2025;;;/api/frontend/latest/fr/downloads/financings/30?with_budget=false;b2c545fad513522f0b93f19e9aadf841dd6bc438f388b7183733c143faf1b7fa;46267.39558114483;Financement des partis 2025;31.12.2025;33;Grünliberale Partei Schweiz;Personne morale ou société de personnes;1524;Déclaration des recettes annuelles;1718;Rossi;Viktor;Bundeskanzler;19200.0
party-30-F-003;fr;party;30;FALSE;2025;;;/api/frontend/latest/fr/downloads/financings/30?with_budget=false;b2c545fad513522f0b93f19e9aadf841dd6bc438f388b7183733c143faf1b7fa;46267.39558114686;Financement des partis 2025;31.12.2025;8;Sozialdemokratische Partei der Schweiz;Personne morale ou société de personnes;1526;Déclaration des recettes annuelles;1719;Aebischer;Matthias;Conseil national;760.0
party-30-F-003;fr;party;30;FALSE;2025;;;/api/frontend/latest/fr/downloads/financings/30?with_budget=false;b2c545fad513522f0b93f19e9aadf841dd6bc438f388b7183733c143faf1b7fa;46267.39558114775;Financement des partis 2025;31.12.2025;8;Sozialdemokratische Partei der Schweiz;Personne morale ou société de personnes;1526;Déclaration des recettes annuelles;1720;Amoos;Emmanuel;Conseil national;3832.0
party-30-F-003;fr;party;30;FALSE;2025;;;/api/frontend/latest/fr/downloads/financings/30?with_budget=false;b2c545fad513522f0b93f19e9aadf841dd6bc438f388b7183733c143faf1b7fa;46267.395581148434;Financement des partis 2025;31.12.2025;8;Sozialdemokratische Partei der Schweiz;Personne morale ou société de personnes;1526;Déclaration des recettes annuelles;1721;Badran;Jacqueline;Conseil national;6943.0
party-30-F-003;fr;party;30;FALSE;2025;;;/api/frontend/latest/fr/downloads/financings/30?with_budget=false;b2c545fad513522f0b93f19e9aadf841dd6bc438f388b7183733c143faf1b7fa;46267.395581149074;Financement des partis 2025;31.12.2025;8;Sozialdemokratische Partei der Schweiz;Personne morale ou société de personnes;1526;Déclaration des recettes annuelles;1722;Bendahan;Samuel;Conseil national;7982.0
party-30-F-003;fr;party;30;FALSE;2025;;;/api/frontend/latest/fr/downloads/financings/30?with_budget=false;b2c545fad513522f0b93f19e9aadf841dd6bc438f388b7183733c143faf1b7fa;46267.39558114991;Financement des partis 2025;31.12.2025;8;Sozialdemokratische Partei der Schweiz;Personne morale ou société de personnes;1526;Déclaration des recettes annuelles;1723;Crevoisier;Mathilde;Conseil des États;2970.0
party-30-F-003;fr;party;30;FALSE;2025;;;/api/frontend/latest/fr/downloads/financings/30?with_budget=false;b2c545fad513522f0b93f19e9aadf841dd6bc438f388b7183733c143faf1b7fa;46267.395581150566;Financement des partis 2025;31.12.2025;8;Sozialdemokratische Partei der Schweiz;Personne morale ou société de personnes;1526;Déclaration des recettes annuelles;1724;Crottaz;Brigitte;Conseil national;5720.0
party-30-F-003;fr;party;30;FALSE;2025;;;/api/frontend/latest/fr/downloads/financings/30?with_budget=false;b2c545fad513522f0b93f19e9aadf841dd6bc438f388b7183733c143faf1b7fa;46267.39558115119;Financement des partis 2025;31.12.2025;8;Sozialdemokratische Partei der Schweiz;Personne morale ou société de personnes;1526;Déclaration des recettes annuelles;1725;Dandrès;Christian;Conseil national;4304.0
party-30-F-003;fr;party;30;FALSE;2025;;;/api/frontend/latest/fr/downloads/financings/30?with_budget=false;b2c545fad513522f0b93f19e9aadf841dd6bc438f388b7183733c143faf1b7fa;46267.39558115182;Financement des partis 2025;31.12.2025;8;Sozialdemokratische Partei der Schweiz;Personne morale ou société de personnes;1526;Déclaration des recettes annuelles;1726;Fehlmann Rielle;Laurence;Conseil national;4680.0
party-30-F-003;fr;party;30;FALSE;2025;;;/api/frontend/latest/fr/downloads/financings/30?with_budget=false;b2c545fad513522f0b93f19e9aadf841dd6bc438f388b7183733c143faf1b7fa;46267.395581152545;Financement des partis 2025;31.12.2025;8;Sozialdemokratische Partei der Schweiz;Personne morale ou société de personnes;1526;Déclaration des recettes annuelles;1727;Fridez;Pierre-Alain;Conseil national;7624.0
party-30-F-003;fr;party;30;FALSE;2025;;;/api/frontend/latest/fr/downloads/financings/30?with_budget=false;b2c545fad513522f0b93f19e9aadf841dd6bc438f388b7183733c143faf1b7fa;46267.39558115318;Financement des partis 2025;31.12.2025;8;Sozialdemokratische Partei der Schweiz;Personne morale ou société de personnes;1526;Déclaration des recettes annuelles;1728;Friedl;Claudia;Conseil national;3330.0
party-30-F-003;fr;party;30;FALSE;2025;;;/api/frontend/latest/fr/downloads/financings/30?with_budget=false;b2c545fad513522f0b93f19e9aadf841dd6bc438f388b7183733c143faf1b7fa;46267.39558115379;Financement des partis 2025;31.12.2025;8;Sozialdemokratische Partei der Schweiz;Personne morale ou société de personnes;1526;Déclaration des recettes annuelles;1729;Funiciello;Tamara;Conseil national;3040.0
party-30-F-003;fr;party;30;FALSE;2025;;;/api/frontend/latest/fr/downloads/financings/30?with_budget=false;b2c545fad513522f0b93f19e9aadf841dd6bc438f388b7183733c143faf1b7fa;46267.39558115439;Financement des partis 2025;31.12.2025;8;Sozialdemokratische Partei der Schweiz;Personne morale ou société de personnes;1526;Déclaration des recettes annuelles;1730;Gysi;Barbara;Conseil national;4824.0
party-30-F-003;fr;party;30;FALSE;2025;;;/api/frontend/latest/fr/downloads/financings/30?with_budget=false;b2c545fad513522f0b93f19e9aadf841dd6bc438f388b7183733c143faf1b7fa;46267.39558115604;Financement des partis 2025;31.12.2025;8;Sozialdemokratische Partei der Schweiz;Personne morale ou société de personnes;1526;Déclaration des recettes annuelles;1731;Herzog;Eva;Conseil des États;8320.0
party-30-F-003;fr;party;30;FALSE;2025;;;/api/frontend/latest/fr/downloads/financings/30?with_budget=false;b2c545fad513522f0b93f19e9aadf841dd6bc438f388b7183733c143faf1b7fa;46267.39558115671;Financement des partis 2025;31.12.2025;8;Sozialdemokratische Partei der Schweiz;Personne morale ou société de personnes;1526;Déclaration des recettes annuelles;1732;Hurni;Baptiste;Conseil des États;5990.0
party-30-F-003;fr;party;30;FALSE;2025;;;/api/frontend/latest/fr/downloads/financings/30?with_budget=false;b2c545fad513522f0b93f19e9aadf841dd6bc438f388b7183733c143faf1b7fa;46267.395581157354;Financement des partis 2025;31.12.2025;8;Sozialdemokratische Partei der Schweiz;Personne morale ou société de personnes;1526;Déclaration des recettes annuelles;1733;Jositsch;Daniel;Conseil des États;8320.0
party-30-F-003;fr;party;30;FALSE;2025;;;/api/frontend/latest/fr/downloads/financings/30?with_budget=false;b2c545fad513522f0b93f19e9aadf841dd6bc438f388b7183733c143faf1b7fa;46267.395581158125;Financement des partis 2025;31.12.2025;8;Sozialdemokratische Partei der Schweiz;Personne morale ou société de personnes;1526;Déclaration des recettes annuelles;1734;Maillard;Pierre-Yves;Conseil des États;4331.0
party-30-F-003;fr;party;30;FALSE;2025;;;/api/frontend/latest/fr/downloads/financings/30?with_budget=false;b2c545fad513522f0b93f19e9aadf841dd6bc438f388b7183733c143faf1b7fa;46267.39558115877;Financement des partis 2025;31.12.2025;8;Sozialdemokratische Partei der Schweiz;Personne morale ou société de personnes;1526;Déclaration des recettes annuelles;1735;Marti;Min Li;Conseil national;4212.0
party-30-F-003;fr;party;30;FALSE;2025;;;/api/frontend/latest/fr/downloads/financings/30?with_budget=false;b2c545fad513522f0b93f19e9aadf841dd6bc438f388b7183733c143faf1b7fa;46267.39558115943;Financement des partis 2025;31.12.2025;8;Sozialdemokratische Partei der Schweiz;Personne morale ou société de personnes;1526;Déclaration des recettes annuelles;1736;Marti;Samira;Conseil national;3957.0
party-30-F-003;fr;party;30;FALSE;2025;;;/api/frontend/latest/fr/downloads/financings/30?with_budget=false;b2c545fad513522f0b93f19e9aadf841dd6bc438f388b7183733c143faf1b7fa;46267.39558116007;Financement des partis 2025;31.12.2025;8;Sozialdemokratische Partei der Schweiz;Personne morale ou société de personnes;1526;Déclaration des recettes annuelles;1737;Masshardt;Nadine;Conseil national;3123.0
party-30-F-003;fr;party;30;FALSE;2025;;;/api/frontend/latest/fr/downloads/financings/30?with_budget=false;b2c545fad513522f0b93f19e9aadf841dd6bc438f388b7183733c143faf1b7fa;46267.3955811607;Financement des partis 2025;31.12.2025;8;Sozialdemokratische Partei der Schweiz;Personne morale ou société de personnes;1526;Déclaration des recettes annuelles;1738;Meyer;Mattea;Conseil national;3164.0
party-30-F-003;fr;party;30;FALSE;2025;;;/api/frontend/latest/fr/downloads/financings/30?with_budget=false;b2c545fad513522f0b93f19e9aadf841dd6bc438f388b7183733c143faf1b7fa;46267.39558116158;Financement des partis 2025;31.12.2025;8;Sozialdemokratische Partei der Schweiz;Personne morale ou société de personnes;1526;Déclaration des recettes annuelles;1739;Molina;Fabian;Conseil national;3528.0
party-30-F-003;fr;party;30;FALSE;2025;;;/api/frontend/latest/fr/downloads/financings/30?with_budget=false;b2c545fad513522f0b93f19e9aadf841dd6bc438f388b7183733c143faf1b7fa;46267.395581162265;Financement des partis 2025;31.12.2025;8;Sozialdemokratische Partei der Schweiz;Personne morale ou société de personnes;1526;Déclaration des recettes annuelles;1741;Nordmann;Roger;Conseil national;1426.0
party-30-F-003;fr;party;30;FALSE;2025;;;/api/frontend/latest/fr/downloads/financings/30?with_budget=false;b2c545fad513522f0b93f19e9aadf841dd6bc438f388b7183733c143faf1b7fa;46267.39558116291;Financement des partis 2025;31.12.2025;8;Sozialdemokratische Partei der Schweiz;Personne morale ou société de personnes;1526;Déclaration des recettes annuelles;1742;Nussbaumer-Wälti;Eric;Conseil national;5161.0
party-30-F-003;fr;party;30;FALSE;2025;;;/api/frontend/latest/fr/downloads/financings/30?with_budget=false;b2c545fad513522f0b93f19e9aadf841dd6bc438f388b7183733c143faf1b7fa;46267.39558116362;Financement des partis 2025;31.12.2025;8;Sozialdemokratische Partei der Schweiz;Personne morale ou société de personnes;1526;Déclaration des recettes annuelles;1743;Piller Carrard;Valérie;Conseil national;3064.0
party-30-F-003;fr;party;30;FALSE;2025;;;/api/frontend/latest/fr/downloads/financings/30?with_budget=false;b2c545fad513522f0b93f19e9aadf841dd6bc438f388b7183733c143faf1b7fa;46267.3955811643;Financement des partis 2025;31.12.2025;8;Sozialdemokratische Partei der Schweiz;Personne morale ou société de personnes;1526;Déclaration des recettes annuelles;1744;Pult;Jon;Conseil national;3443.0
party-30-F-003;fr;party;30;FALSE;2025;;;/api/frontend/latest/fr/downloads/financings/30?with_budget=false;b2c545fad513522f0b93f19e9aadf841dd6bc438f388b7183733c143faf1b7fa;46267.39558116494;Financement des partis 2025;31.12.2025;8;Sozialdemokratische Partei der Schweiz;Personne morale ou société de personnes;1526;Déclaration des recettes annuelles;1745;Roth;Franziska;Conseil des États;4354.0
party-30-F-003;fr;party;30;FALSE;2025;;;/api/frontend/latest/fr/downloads/financings/30?with_budget=false;b2c545fad513522f0b93f19e9aadf841dd6bc438f388b7183733c143faf1b7fa;46267.39558116558;Financement des partis 2025;31.12.2025;8;Sozialdemokratische Partei der Schweiz;Personne morale ou société de personnes;1526;Déclaration des recettes annuelles;1746;Seiler Graf;Priska;Conseil national;3600.0
party-30-F-003;fr;party;30;FALSE;2025;;;/api/frontend/latest/fr/downloads/financings/30?with_budget=false;b2c545fad513522f0b93f19e9aadf841dd6bc438f388b7183733c143faf1b7fa;46267.39558116624;Financement des partis 2025;31.12.2025;8;Sozialdemokratische Partei der Schweiz;Personne morale ou société de personnes;1526;Déclaration des recettes annuelles;1747;Sommaruga;Carlo;Conseil des États;8320.0
party-30-F-003;fr;party;30;FALSE;2025;;;/api/frontend/latest/fr/downloads/financings/30?with_budget=false;b2c545fad513522f0b93f19e9aadf841dd6bc438f388b7183733c143faf1b7fa;46267.395581166864;Financement des partis 2025;31.12.2025;8;Sozialdemokratische Partei der Schweiz;Personne morale ou société de personnes;1526;Déclaration des recettes annuelles;1748;Storni;Bruno;Conseil national;3866.0
party-30-F-003;fr;party;30;FALSE;2025;;;/api/frontend/latest/fr/downloads/financings/30?with_budget=false;b2c545fad513522f0b93f19e9aadf841dd6bc438f388b7183733c143faf1b7fa;46267.395581167475;Financement des partis 2025;31.12.2025;8;Sozialdemokratische Partei der Schweiz;Personne morale ou société de personnes;1526;Déclaration des recettes annuelles;1749;Suter;Gabriela;Conseil national;3869.0
party-30-F-003;fr;party;30;FALSE;2025;;;/api/frontend/latest/fr/downloads/financings/30?with_budget=false;b2c545fad513522f0b93f19e9aadf841dd6bc438f388b7183733c143faf1b7fa;46267.395581168166;Financement des partis 2025;31.12.2025;8;Sozialdemokratische Partei der Schweiz;Personne morale ou société de personnes;1526;Déclaration des recettes annuelles;1750;Wasserfallen;Flavia;Conseil des États;2970.0
party-30-F-003;fr;party;30;FALSE;2025;;;/api/frontend/latest/fr/downloads/financings/30?with_budget=false;b2c545fad513522f0b93f19e9aadf841dd6bc438f388b7183733c143faf1b7fa;46267.395581168814;Financement des partis 2025;31.12.2025;8;Sozialdemokratische Partei der Schweiz;Personne morale ou société de personnes;1526;Déclaration des recettes annuelles;1751;Wermuth;Cédric;Conseil national;3400.0
party-30-F-003;fr;party;30;FALSE;2025;;;/api/frontend/latest/fr/downloads/financings/30?with_budget=false;b2c545fad513522f0b93f19e9aadf841dd6bc438f388b7183733c143faf1b7fa;46267.39558116957;Financement des partis 2025;31.12.2025;8;Sozialdemokratische Partei der Schweiz;Personne morale ou société de personnes;1526;Déclaration des recettes annuelles;1752;Widmer;Céline;Conseil national;3184.0
party-30-F-003;fr;party;30;FALSE;2025;;;/api/frontend/latest/fr/downloads/financings/30?with_budget=false;b2c545fad513522f0b93f19e9aadf841dd6bc438f388b7183733c143faf1b7fa;46267.39558117022;Financement des partis 2025;31.12.2025;8;Sozialdemokratische Partei der Schweiz;Personne morale ou société de personnes;1526;Déclaration des recettes annuelles;1753;Wyss;Sarah;Conseil national;3369.0
party-30-F-003;fr;party;30;FALSE;2025;;;/api/frontend/latest/fr/downloads/financings/30?with_budget=false;b2c545fad513522f0b93f19e9aadf841dd6bc438f388b7183733c143faf1b7fa;46267.39558117086;Financement des partis 2025;31.12.2025;8;Sozialdemokratische Partei der Schweiz;Personne morale ou société de personnes;1526;Déclaration des recettes annuelles;1754;Baume-Schneider;Elisabeth;Conseil fédéral;39641.0
party-30-F-003;fr;party;30;FALSE;2025;;;/api/frontend/latest/fr/downloads/financings/30?with_budget=false;b2c545fad513522f0b93f19e9aadf841dd6bc438f388b7183733c143faf1b7fa;46267.39558117166;Financement des partis 2025;31.12.2025;8;Sozialdemokratische Partei der Schweiz;Personne morale ou société de personnes;1526;Déclaration des recettes annuelles;1755;Beusch;Michael;Tribunal fédéral;15000.0
party-30-F-003;fr;party;30;FALSE;2025;;;/api/frontend/latest/fr/downloads/financings/30?with_budget=false;b2c545fad513522f0b93f19e9aadf841dd6bc438f388b7183733c143faf1b7fa;46267.39558117232;Financement des partis 2025;31.12.2025;8;Sozialdemokratische Partei der Schweiz;Personne morale ou société de personnes;1526;Déclaration des recettes annuelles;1756;Fellmann;Jeremias;Tribunal fédéral;300.0
party-30-F-003;fr;party;30;FALSE;2025;;;/api/frontend/latest/fr/downloads/financings/30?with_budget=false;b2c545fad513522f0b93f19e9aadf841dd6bc438f388b7183733c143faf1b7fa;46267.39558117318;Financement des partis 2025;31.12.2025;8;Sozialdemokratische Partei der Schweiz;Personne morale ou société de personnes;1526;Déclaration des recettes annuelles;1757;Fuchs;Mia;Tribunal administratif fédéral;6000.0
party-30-F-003;fr;party;30;FALSE;2025;;;/api/frontend/latest/fr/downloads/financings/30?with_budget=false;b2c545fad513522f0b93f19e9aadf841dd6bc438f388b7183733c143faf1b7fa;46267.39558117385;Financement des partis 2025;31.12.2025;8;Sozialdemokratische Partei der Schweiz;Personne morale ou société de personnes;1526;Déclaration des recettes annuelles;1758;Genner;Susanne;Tribunal administratif fédéral;6259.0
party-30-F-003;fr;party;30;FALSE;2025;;;/api/frontend/latest/fr/downloads/financings/30?with_budget=false;b2c545fad513522f0b93f19e9aadf841dd6bc438f388b7183733c143faf1b7fa;46267.395581174496;Financement des partis 2025;31.12.2025;8;Sozialdemokratische Partei der Schweiz;Personne morale ou société de personnes;1526;Déclaration des recettes annuelles;1759;Greppi-Erb;Maurizio;Tribunal administratif fédéral;6600.0
party-30-F-003;fr;party;30;FALSE;2025;;;/api/frontend/latest/fr/downloads/financings/30?with_budget=false;b2c545fad513522f0b93f19e9aadf841dd6bc438f388b7183733c143faf1b7fa;46267.39558117514;Financement des partis 2025;31.12.2025;8;Sozialdemokratische Partei der Schweiz;Personne morale ou société de personnes;1526;Déclaration des recettes annuelles;1760;Kneubühler;Lorenz;Tribunal fédéral;13000.0
party-30-F-003;fr;party;30;FALSE;2025;;;/api/frontend/latest/fr/downloads/financings/30?with_budget=false;b2c545fad513522f0b93f19e9aadf841dd6bc438f388b7183733c143faf1b7fa;46267.39558117576;Financement des partis 2025;31.12.2025;8;Sozialdemokratische Partei der Schweiz;Personne morale ou société de personnes;1526;Déclaration des recettes annuelles;1761;König;Markus;Tribunal administratif fédéral;5000.0
party-30-F-003;fr;party;30;FALSE;2025;;;/api/frontend/latest/fr/downloads/financings/30?with_budget=false;b2c545fad513522f0b93f19e9aadf841dd6bc438f388b7183733c143faf1b7fa;46267.39558117639;Financement des partis 2025;31.12.2025;8;Sozialdemokratische Partei der Schweiz;Personne morale ou société de personnes;1526;Déclaration des recettes annuelles;1762;Leisinger;Constance Ulrike;Tribunal administratif fédéral;3400.0
party-30-F-003;fr;party;30;FALSE;2025;;;/api/frontend/latest/fr/downloads/financings/30?with_budget=false;b2c545fad513522f0b93f19e9aadf841dd6bc438f388b7183733c143faf1b7fa;46267.39558117701;Financement des partis 2025;31.12.2025;8;Sozialdemokratische Partei der Schweiz;Personne morale ou société de personnes;1526;Déclaration des recettes annuelles;1763;Mutombo;Keita;Tribunal administratif fédéral;5100.0
party-30-F-003;fr;party;30;FALSE;2025;;;/api/frontend/latest/fr/downloads/financings/30?with_budget=false;b2c545fad513522f0b93f19e9aadf841dd6bc438f388b7183733c143faf1b7fa;46267.39558117787;Financement des partis 2025;31.12.2025;8;Sozialdemokratische Partei der Schweiz;Personne morale ou société de personnes;1526;Déclaration des recettes annuelles;1764;Ryter;Marianne;Tribunal fédéral;13000.0
party-30-F-003;fr;party;30;FALSE;2025;;;/api/frontend/latest/fr/downloads/financings/30?with_budget=false;b2c545fad513522f0b93f19e9aadf841dd6bc438f388b7183733c143faf1b7fa;46267.395581178534;Financement des partis 2025;31.12.2025;8;Sozialdemokratische Partei der Schweiz;Personne morale ou société de personnes;1526;Déclaration des recettes annuelles;1765;Schenker Senn;Regula;Tribunal administratif fédéral;4020.0
party-30-F-003;fr;party;30;FALSE;2025;;;/api/frontend/latest/fr/downloads/financings/30?with_budget=false;b2c545fad513522f0b93f19e9aadf841dd6bc438f388b7183733c143faf1b7fa;46267.3955811792;Financement des partis 2025;31.12.2025;8;Sozialdemokratische Partei der Schweiz;Personne morale ou société de personnes;1526;Déclaration des recettes annuelles;1766;Spälti Giannakitsas;Nina;Tribunal administratif fédéral;2000.0
party-30-F-003;fr;party;30;FALSE;2025;;;/api/frontend/latest/fr/downloads/financings/30?with_budget=false;b2c545fad513522f0b93f19e9aadf841dd6bc438f388b7183733c143faf1b7fa;46267.39558117995;Financement des partis 2025;31.12.2025;8;Sozialdemokratische Partei der Schweiz;Personne morale ou société de personnes;1526;Déclaration des recettes annuelles;1767;Steiner;Marc;Tribunal administratif fédéral;3000.0
party-30-F-003;fr;party;30;FALSE;2025;;;/api/frontend/latest/fr/downloads/financings/30?with_budget=false;b2c545fad513522f0b93f19e9aadf841dd6bc438f388b7183733c143faf1b7fa;46267.39558118061;Financement des partis 2025;31.12.2025;8;Sozialdemokratische Partei der Schweiz;Personne morale ou société de personnes;1526;Déclaration des recettes annuelles;1768;Stump Wendt;Brigitte;Tribunal pénal fédéral;3000.0
party-30-F-003;fr;party;30;FALSE;2025;;;/api/frontend/latest/fr/downloads/financings/30?with_budget=false;b2c545fad513522f0b93f19e9aadf841dd6bc438f388b7183733c143faf1b7fa;46267.39558118153;Financement des partis 2025;31.12.2025;8;Sozialdemokratische Partei der Schweiz;Personne morale ou société de personnes;1526;Déclaration des recettes annuelles;1769;Winiger;Christian;Tribunal administratif fédéral;5500.0
party-30-F-003;fr;party;30;FALSE;2025;;;/api/frontend/latest/fr/downloads/financings/30?with_budget=false;b2c545fad513522f0b93f19e9aadf841dd6bc438f388b7183733c143faf1b7fa;46267.39558118219;Financement des partis 2025;31.12.2025;8;Sozialdemokratische Partei der Schweiz;Personne morale ou société de personnes;1526;Déclaration des recettes annuelles;1771;Abrecht;Bernard;Tribunal fédéral;15000.0
party-30-F-003;fr;party;30;FALSE;2025;;;/api/frontend/latest/fr/downloads/financings/30?with_budget=false;b2c545fad513522f0b93f19e9aadf841dd6bc438f388b7183733c143faf1b7fa;46267.39558118286;Financement des partis 2025;31.12.2025;8;Sozialdemokratische Partei der Schweiz;Personne morale ou société de personnes;1526;Déclaration des recettes annuelles;1772;Bomio-Giovanascini;Giorgio;Tribunal pénal fédéral;500.0
party-30-F-003;fr;party;30;FALSE;2025;;;/api/frontend/latest/fr/downloads/financings/30?with_budget=false;b2c545fad513522f0b93f19e9aadf841dd6bc438f388b7183733c143faf1b7fa;46267.39558118352;Financement des partis 2025;31.12.2025;8;Sozialdemokratische Partei der Schweiz;Personne morale ou société de personnes;1526;Déclaration des recettes annuelles;1773;D'Aveni;Deborah;Tribunal administratif fédéral;5000.0
party-30-F-003;fr;party;30;FALSE;2025;;;/api/frontend/latest/fr/downloads/financings/30?with_budget=false;b2c545fad513522f0b93f19e9aadf841dd6bc438f388b7183733c143faf1b7fa;46267.39558118417;Financement des partis 2025;31.12.2025;8;Sozialdemokratische Partei der Schweiz;Personne morale ou société de personnes;1526;Déclaration des recettes annuelles;1774;Parrino;Francesco;Tribunal fédéral;14000.0
party-30-F-003;fr;party;30;FALSE;2025;;;/api/frontend/latest/fr/downloads/financings/30?with_budget=false;b2c545fad513522f0b93f19e9aadf841dd6bc438f388b7183733c143faf1b7fa;46267.39558118507;Financement des partis 2025;31.12.2025;8;Sozialdemokratische Partei der Schweiz;Personne morale ou société de personnes;1526;Déclaration des recettes annuelles;1775;Waeber;William;Tribunal administratif fédéral;5500.0
party-30-F-003;fr;party;30;FALSE;2025;;;/api/frontend/latest/fr/downloads/financings/30?with_budget=false;b2c545fad513522f0b93f19e9aadf841dd6bc438f388b7183733c143faf1b7fa;46267.39558118576;Financement des partis 2025;31.12.2025;8;Sozialdemokratische Partei der Schweiz;Personne morale ou société de personnes;1526;Déclaration des recettes annuelles;1776;Garré;Roy;Tribunal pénal fédéral;3000.0
party-30-F-003;fr;party;30;FALSE;2025;;;/api/frontend/latest/fr/downloads/financings/30?with_budget=false;b2c545fad513522f0b93f19e9aadf841dd6bc438f388b7183733c143faf1b7fa;46267.39558118641;Financement des partis 2025;31.12.2025;8;Sozialdemokratische Partei der Schweiz;Personne morale ou société de personnes;1526;Déclaration des recettes annuelles;1777;Zenger;Stephane;Tribunal pénal fédéral;3000.0
party-30-F-003;fr;party;30;FALSE;2025;;;/api/frontend/latest/fr/downloads/financings/30?with_budget=false;b2c545fad513522f0b93f19e9aadf841dd6bc438f388b7183733c143faf1b7fa;46267.39558118708;Financement des partis 2025;31.12.2025;8;Sozialdemokratische Partei der Schweiz;Personne morale ou société de personnes;1526;Déclaration des recettes annuelles;1778;Bürki Moreni;Michela;Tribunal administratif fédéral;3000.0
party-30-F-003;fr;party;30;FALSE;2025;;;/api/frontend/latest/fr/downloads/financings/30?with_budget=false;b2c545fad513522f0b93f19e9aadf841dd6bc438f388b7183733c143faf1b7fa;46267.39558118774;Financement des partis 2025;31.12.2025;8;Sozialdemokratische Partei der Schweiz;Personne morale ou société de personnes;1526;Déclaration des recettes annuelles;1779;De Rossa;Federica;Tribunal fédéral;14000.0
party-30-F-003;fr;party;30;FALSE;2025;;;/api/frontend/latest/fr/downloads/financings/30?with_budget=false;b2c545fad513522f0b93f19e9aadf841dd6bc438f388b7183733c143faf1b7fa;46267.3955811884;Financement des partis 2025;31.12.2025;8;Sozialdemokratische Partei der Schweiz;Personne morale ou société de personnes;1526;Déclaration des recettes annuelles;1780;Frischknecht;Tom;Tribunal pénal fédéral;100.0
party-30-F-003;fr;party;30;FALSE;2025;;;/api/frontend/latest/fr/downloads/financings/30?with_budget=false;b2c545fad513522f0b93f19e9aadf841dd6bc438f388b7183733c143faf1b7fa;46267.39558118905;Financement des partis 2025;31.12.2025;8;Sozialdemokratische Partei der Schweiz;Personne morale ou société de personnes;1526;Déclaration des recettes annuelles;1781;Loppacher;Barbara;Tribunal pénal fédéral;100.0
party-30-F-003;fr;party;30;FALSE;2025;;;/api/frontend/latest/fr/downloads/financings/30?with_budget=false;b2c545fad513522f0b93f19e9aadf841dd6bc438f388b7183733c143faf1b7fa;46267.39558118971;Financement des partis 2025;31.12.2025;8;Sozialdemokratische Partei der Schweiz;Personne morale ou société de personnes;1526;Déclaration des recettes annuelles;1782;Ros;Jean-Paul;Tribunal pénal fédéral;1026.0
party-30-F-003;fr;party;30;FALSE;2025;;;/api/frontend/latest/fr/downloads/financings/30?with_budget=false;b2c545fad513522f0b93f19e9aadf841dd6bc438f388b7183733c143faf1b7fa;46267.395581190365;Financement des partis 2025;31.12.2025;8;Sozialdemokratische Partei der Schweiz;Personne morale ou société de personnes;1526;Déclaration des recettes annuelles;1783;Jans;Beat;Conseil fédéral;38000.0
party-30-F-003;fr;party;30;FALSE;2025;;;/api/frontend/latest/fr/downloads/financings/30?with_budget=false;b2c545fad513522f0b93f19e9aadf841dd6bc438f388b7183733c143faf1b7fa;46267.39558119103;Financement des partis 2025;31.12.2025;8;Sozialdemokratische Partei der Schweiz;Personne morale ou société de personnes;1526;Déclaration des recettes annuelles;1788;Roth;David;Conseil national;5425.0
party-30-F-003;fr;party;30;FALSE;2025;;;/api/frontend/latest/fr/downloads/financings/30?with_budget=false;b2c545fad513522f0b93f19e9aadf841dd6bc438f388b7183733c143faf1b7fa;46267.395581191704;Financement des partis 2025;31.12.2025;8;Sozialdemokratische Partei der Schweiz;Personne morale ou société de personnes;1526;Déclaration des recettes annuelles;1789;Rumy;Farah;Conseil national;3340.0
party-30-F-003;fr;party;30;FALSE;2025;;;/api/frontend/latest/fr/downloads/financings/30?with_budget=false;b2c545fad513522f0b93f19e9aadf841dd6bc438f388b7183733c143faf1b7fa;46267.39558119243;Financement des partis 2025;31.12.2025;8;Sozialdemokratische Partei der Schweiz;Personne morale ou société de personnes;1526;Déclaration des recettes annuelles;1790;Schläfli;Nina;Conseil national;3066.0
party-30-F-003;fr;party;30;FALSE;2025;;;/api/frontend/latest/fr/downloads/financings/30?with_budget=false;b2c545fad513522f0b93f19e9aadf841dd6bc438f388b7183733c143faf1b7fa;46267.3955811931;Financement des partis 2025;31.12.2025;8;Sozialdemokratische Partei der Schweiz;Personne morale ou société de personnes;1526;Déclaration des recettes annuelles;1792;Zryd;Andrea;Conseil national;3016.0
party-30-F-003;fr;party;30;FALSE;2025;;;/api/frontend/latest/fr/downloads/financings/30?with_budget=false;b2c545fad513522f0b93f19e9aadf841dd6bc438f388b7183733c143faf1b7fa;46267.39558119374;Financement des partis 2025;31.12.2025;8;Sozialdemokratische Partei der Schweiz;Personne morale ou société de personnes;1526;Déclaration des recettes annuelles;1793;Zybach;Ursula;Conseil national;5200.0
party-30-F-003;fr;party;30;FALSE;2025;;;/api/frontend/latest/fr/downloads/financings/30?with_budget=false;b2c545fad513522f0b93f19e9aadf841dd6bc438f388b7183733c143faf1b7fa;46267.39558119438;Financement des partis 2025;31.12.2025;8;Sozialdemokratische Partei der Schweiz;Personne morale ou société de personnes;1526;Déclaration des recettes annuelles;1794;Docourt;Martine;Conseil national;3523.0
party-30-F-003;fr;party;30;FALSE;2025;;;/api/frontend/latest/fr/downloads/financings/30?with_budget=false;b2c545fad513522f0b93f19e9aadf841dd6bc438f388b7183733c143faf1b7fa;46267.395581195036;Financement des partis 2025;31.12.2025;8;Sozialdemokratische Partei der Schweiz;Personne morale ou société de personnes;1526;Déclaration des recettes annuelles;1795;Jaccoud;Jessica;Conseil national;5600.0
party-30-F-003;fr;party;30;FALSE;2025;;;/api/frontend/latest/fr/downloads/financings/30?with_budget=false;b2c545fad513522f0b93f19e9aadf841dd6bc438f388b7183733c143faf1b7fa;46267.39558119568;Financement des partis 2025;31.12.2025;8;Sozialdemokratische Partei der Schweiz;Personne morale ou société de personnes;1526;Déclaration des recettes annuelles;1796;Revaz;Estelle;Conseil national;3383.0
party-30-F-003;fr;party;30;FALSE;2025;;;/api/frontend/latest/fr/downloads/financings/30?with_budget=false;b2c545fad513522f0b93f19e9aadf841dd6bc438f388b7183733c143faf1b7fa;46267.39558119651;Financement des partis 2025;31.12.2025;8;Sozialdemokratische Partei der Schweiz;Personne morale ou société de personnes;1526;Déclaration des recettes annuelles;1797;Tschopp;Jean;Conseil national;4251.0
party-30-F-003;fr;party;30;FALSE;2025;;;/api/frontend/latest/fr/downloads/financings/30?with_budget=false;b2c545fad513522f0b93f19e9aadf841dd6bc438f388b7183733c143faf1b7fa;46267.395581197175;Financement des partis 2025;31.12.2025;8;Sozialdemokratische Partei der Schweiz;Personne morale ou société de personnes;1526;Déclaration des recettes annuelles;1798;Tuosto;Brenda;Conseil national;6830.0
party-30-F-003;fr;party;30;FALSE;2025;;;/api/frontend/latest/fr/downloads/financings/30?with_budget=false;b2c545fad513522f0b93f19e9aadf841dd6bc438f388b7183733c143faf1b7fa;46267.395581197816;Financement des partis 2025;31.12.2025;8;Sozialdemokratische Partei der Schweiz;Personne morale ou société de personnes;1526;Déclaration des recettes annuelles;1799;Elmiger-Necipoglu;Selin;Tribunal administratif fédéral;5000.0
party-30-F-003;fr;party;30;FALSE;2025;;;/api/frontend/latest/fr/downloads/financings/30?with_budget=false;b2c545fad513522f0b93f19e9aadf841dd6bc438f388b7183733c143faf1b7fa;46267.39558119847;Financement des partis 2025;31.12.2025;8;Sozialdemokratische Partei der Schweiz;Personne morale ou société de personnes;1526;Déclaration des recettes annuelles;1800;Petrik-Haltiner;Tanja;Tribunal fédéral;360.0
party-30-F-003;fr;party;30;FALSE;2025;;;/api/frontend/latest/fr/downloads/financings/30?with_budget=false;b2c545fad513522f0b93f19e9aadf841dd6bc438f388b7183733c143faf1b7fa;46267.39558119924;Financement des partis 2025;31.12.2025;8;Sozialdemokratische Partei der Schweiz;Personne morale ou société de personnes;1526;Déclaration des recettes annuelles;1801;Schär;Caroline;Tribunal fédéral;1300.0
party-30-F-003;fr;party;30;FALSE;2025;;;/api/frontend/latest/fr/downloads/financings/30?with_budget=false;b2c545fad513522f0b93f19e9aadf841dd6bc438f388b7183733c143faf1b7fa;46267.39558119987;Financement des partis 2025;31.12.2025;8;Sozialdemokratische Partei der Schweiz;Personne morale ou société de personnes;1526;Déclaration des recettes annuelles;1802;Alijaj;Islam;Conseil national;2970.0
party-30-F-003;fr;party;30;FALSE;2025;;;/api/frontend/latest/fr/downloads/financings/30?with_budget=false;b2c545fad513522f0b93f19e9aadf841dd6bc438f388b7183733c143faf1b7fa;46267.395581200486;Financement des partis 2025;31.12.2025;8;Sozialdemokratische Partei der Schweiz;Personne morale ou société de personnes;1526;Déclaration des recettes annuelles;1803;Brizzi;Simona;Conseil national;3687.0
party-30-F-003;fr;party;30;FALSE;2025;;;/api/frontend/latest/fr/downloads/financings/30?with_budget=false;b2c545fad513522f0b93f19e9aadf841dd6bc438f388b7183733c143faf1b7fa;46267.395581201105;Financement des partis 2025;31.12.2025;8;Sozialdemokratische Partei der Schweiz;Personne morale ou société de personnes;1526;Déclaration des recettes annuelles;1804;Candan;Hasan;Conseil national;3186.0
party-30-F-003;fr;party;30;FALSE;2025;;;/api/frontend/latest/fr/downloads/financings/30?with_budget=false;b2c545fad513522f0b93f19e9aadf841dd6bc438f388b7183733c143faf1b7fa;46267.39558120174;Financement des partis 2025;31.12.2025;8;Sozialdemokratische Partei der Schweiz;Personne morale ou société de personnes;1526;Déclaration des recettes annuelles;1805;De Ventura;Linda;Conseil national;2970.0
party-30-F-003;fr;party;30;FALSE;2025;;;/api/frontend/latest/fr/downloads/financings/30?with_budget=false;b2c545fad513522f0b93f19e9aadf841dd6bc438f388b7183733c143faf1b7fa;46267.395581202356;Financement des partis 2025;31.12.2025;8;Sozialdemokratische Partei der Schweiz;Personne morale ou société de personnes;1526;Déclaration des recettes annuelles;1806;Rosenwasser;Anna;Conseil national;3845.0
party-30-F-003;fr;party;30;FALSE;2025;;;/api/frontend/latest/fr/downloads/financings/30?with_budget=false;b2c545fad513522f0b93f19e9aadf841dd6bc438f388b7183733c143faf1b7fa;46267.39558120297;Financement des partis 2025;31.12.2025;8;Sozialdemokratische Partei der Schweiz;Personne morale ou société de personnes;1526;Déclaration des recettes annuelles;1807;Schmezer;Ueli;Conseil national;4172.0
party-30-F-003;fr;party;30;FALSE;2025;;;/api/frontend/latest/fr/downloads/financings/30?with_budget=false;b2c545fad513522f0b93f19e9aadf841dd6bc438f388b7183733c143faf1b7fa;46267.395581203586;Financement des partis 2025;31.12.2025;8;Sozialdemokratische Partei der Schweiz;Personne morale ou société de personnes;1526;Déclaration des recettes annuelles;1808;Gaillard;Benoît;Conseil national;4317.0
party-30-F-003;fr;party;30;FALSE;2025;;;/api/frontend/latest/fr/downloads/financings/30?with_budget=false;b2c545fad513522f0b93f19e9aadf841dd6bc438f388b7183733c143faf1b7fa;46267.39558120432;Financement des partis 2025;31.12.2025;8;Sozialdemokratische Partei der Schweiz;Personne morale ou société de personnes;1526;Déclaration des recettes annuelles;1809;Preisig;Christa;Tribunal administratif fédéral;4800.0
party-30-F-003;fr;party;30;FALSE;2025;;;/api/frontend/latest/fr/downloads/financings/30?with_budget=false;b2c545fad513522f0b93f19e9aadf841dd6bc438f388b7183733c143faf1b7fa;46267.39558120497;Financement des partis 2025;31.12.2025;8;Sozialdemokratische Partei der Schweiz;Personne morale ou société de personnes;1526;Déclaration des recettes annuelles;1810;Wohlhauser;Sandra;Tribunal fédéral;15000.0
party-30-F-003;fr;party;30;FALSE;2025;;;/api/frontend/latest/fr/downloads/financings/30?with_budget=false;b2c545fad513522f0b93f19e9aadf841dd6bc438f388b7183733c143faf1b7fa;46267.39558120563;Financement des partis 2025;31.12.2025;8;Sozialdemokratische Partei der Schweiz;Personne morale ou société de personnes;1526;Déclaration des recettes annuelles;1811;Rittener;Vincent;Tribunal administratif fédéral;5000.0
party-30-F-005;fr;party;30;FALSE;2025;;;/api/frontend/latest/fr/downloads/financings/30?with_budget=false;b2c545fad513522f0b93f19e9aadf841dd6bc438f388b7183733c143faf1b7fa;46267.39558120626;Financement des partis 2025;31.12.2025;59;Le Centre;Personne morale ou société de personnes;1529;Déclaration des recettes annuelles;1812;Engler;Stefan;Conseil des États;3000.0
party-30-F-005;fr;party;30;FALSE;2025;;;/api/frontend/latest/fr/downloads/financings/30?with_budget=false;b2c545fad513522f0b93f19e9aadf841dd6bc438f388b7183733c143faf1b7fa;46267.39558120696;Financement des partis 2025;31.12.2025;59;Le Centre;Personne morale ou société de personnes;1529;Déclaration des recettes annuelles;1813;Maitre;Vincent;Conseil national;3000.0
party-30-F-005;fr;party;30;FALSE;2025;;;/api/frontend/latest/fr/downloads/financings/30?with_budget=false;b2c545fad513522f0b93f19e9aadf841dd6bc438f388b7183733c143faf1b7fa;46267.39558120775;Financement des partis 2025;31.12.2025;59;Le Centre;Personne morale ou société de personnes;1529;Déclaration des recettes annuelles;1814;Candinas;Martin;Conseil national;3000.0
party-30-F-005;fr;party;30;FALSE;2025;;;/api/frontend/latest/fr/downloads/financings/30?with_budget=false;b2c545fad513522f0b93f19e9aadf841dd6bc438f388b7183733c143faf1b7fa;46267.39558120841;Financement des partis 2025;31.12.2025;59;Le Centre;Personne morale ou société de personnes;1529;Déclaration des recettes annuelles;1815;Würth;Benedikt;Conseil des États;3000.0
party-30-F-005;fr;party;30;FALSE;2025;;;/api/frontend/latest/fr/downloads/financings/30?with_budget=false;b2c545fad513522f0b93f19e9aadf841dd6bc438f388b7183733c143faf1b7fa;46267.395581209064;Financement des partis 2025;31.12.2025;59;Le Centre;Personne morale ou société de personnes;1529;Déclaration des recettes annuelles;1816;Wismer-Felder;Priska;Conseil national;3000.0
party-30-F-005;fr;party;30;FALSE;2025;;;/api/frontend/latest/fr/downloads/financings/30?with_budget=false;b2c545fad513522f0b93f19e9aadf841dd6bc438f388b7183733c143faf1b7fa;46267.39558120969;Financement des partis 2025;31.12.2025;59;Le Centre;Personne morale ou société de personnes;1529;Déclaration des recettes annuelles;1817;Chassot;Isabelle;Conseil des États;3000.0
party-30-F-005;fr;party;30;FALSE;2025;;;/api/frontend/latest/fr/downloads/financings/30?with_budget=false;b2c545fad513522f0b93f19e9aadf841dd6bc438f388b7183733c143faf1b7fa;46267.39558121042;Financement des partis 2025;31.12.2025;59;Le Centre;Personne morale ou société de personnes;1529;Déclaration des recettes annuelles;1818;Müller-Bühler;Leo;Conseil national;3000.0
party-30-F-005;fr;party;30;FALSE;2025;;;/api/frontend/latest/fr/downloads/financings/30?with_budget=false;b2c545fad513522f0b93f19e9aadf841dd6bc438f388b7183733c143faf1b7fa;46267.39558121102;Financement des partis 2025;31.12.2025;59;Le Centre;Personne morale ou société de personnes;1529;Déclaration des recettes annuelles;1819;Fässler;Daniel;Conseil des États;3000.0
party-30-F-005;fr;party;30;FALSE;2025;;;/api/frontend/latest/fr/downloads/financings/30?with_budget=false;b2c545fad513522f0b93f19e9aadf841dd6bc438f388b7183733c143faf1b7fa;46267.39558121163;Financement des partis 2025;31.12.2025;59;Le Centre;Personne morale ou société de personnes;1529;Déclaration des recettes annuelles;1820;Müller-Altermatt;Stefan;Conseil national;3000.0
party-30-F-005;fr;party;30;FALSE;2025;;;/api/frontend/latest/fr/downloads/financings/30?with_budget=false;b2c545fad513522f0b93f19e9aadf841dd6bc438f388b7183733c143faf1b7fa;46267.39558121222;Financement des partis 2025;31.12.2025;59;Le Centre;Personne morale ou société de personnes;1529;Déclaration des recettes annuelles;1821;Häberli-Koller;Brigitte;Conseil des États;3000.0
party-30-F-005;fr;party;30;FALSE;2025;;;/api/frontend/latest/fr/downloads/financings/30?with_budget=false;b2c545fad513522f0b93f19e9aadf841dd6bc438f388b7183733c143faf1b7fa;46267.39558121279;Financement des partis 2025;31.12.2025;59;Le Centre;Personne morale ou société de personnes;1529;Déclaration des recettes annuelles;1822;Rechsteiner;Thomas;Conseil national;3000.0
party-30-F-005;fr;party;30;FALSE;2025;;;/api/frontend/latest/fr/downloads/financings/30?with_budget=false;b2c545fad513522f0b93f19e9aadf841dd6bc438f388b7183733c143faf1b7fa;46267.39558121339;Financement des partis 2025;31.12.2025;59;Le Centre;Personne morale ou société de personnes;1529;Déclaration des recettes annuelles;1823;Kutter;Philipp;Conseil national;3000.0
party-30-F-005;fr;party;30;FALSE;2025;;;/api/frontend/latest/fr/downloads/financings/30?with_budget=false;b2c545fad513522f0b93f19e9aadf841dd6bc438f388b7183733c143faf1b7fa;46267.395581214;Financement des partis 2025;31.12.2025;59;Le Centre;Personne morale ou société de personnes;1529;Déclaration des recettes annuelles;1824;Pfister;Gerhard;Conseil national;3000.0
party-30-F-005;fr;party;30;FALSE;2025;;;/api/frontend/latest/fr/downloads/financings/30?with_budget=false;b2c545fad513522f0b93f19e9aadf841dd6bc438f388b7183733c143faf1b7fa;46267.39558121461;Financement des partis 2025;31.12.2025;59;Le Centre;Personne morale ou société de personnes;1529;Déclaration des recettes annuelles;1825;Ritter;Markus;Conseil national;3000.0
party-30-F-005;fr;party;30;FALSE;2025;;;/api/frontend/latest/fr/downloads/financings/30?with_budget=false;b2c545fad513522f0b93f19e9aadf841dd6bc438f388b7183733c143faf1b7fa;46267.39558121522;Financement des partis 2025;31.12.2025;59;Le Centre;Personne morale ou société de personnes;1529;Déclaration des recettes annuelles;1826;Schneider-Schneiter;Elisabeth;Conseil national;3000.0
party-30-F-005;fr;party;30;FALSE;2025;;;/api/frontend/latest/fr/downloads/financings/30?with_budget=false;b2c545fad513522f0b93f19e9aadf841dd6bc438f388b7183733c143faf1b7fa;46267.395581215926;Financement des partis 2025;31.12.2025;59;Le Centre;Personne morale ou société de personnes;1529;Déclaration des recettes annuelles;1827;Bregy;Philipp Matthias;Conseil national;3000.0
party-30-F-005;fr;party;30;FALSE;2025;;;/api/frontend/latest/fr/downloads/financings/30?with_budget=false;b2c545fad513522f0b93f19e9aadf841dd6bc438f388b7183733c143faf1b7fa;46267.395581216755;Financement des partis 2025;31.12.2025;59;Le Centre;Personne morale ou société de personnes;1529;Déclaration des recettes annuelles;1828;Bischof;Pirmin;Conseil des États;3000.0
party-30-F-005;fr;party;30;FALSE;2025;;;/api/frontend/latest/fr/downloads/financings/30?with_budget=false;b2c545fad513522f0b93f19e9aadf841dd6bc438f388b7183733c143faf1b7fa;46267.395581217395;Financement des partis 2025;31.12.2025;59;Le Centre;Personne morale ou société de personnes;1529;Déclaration des recettes annuelles;1829;Stadler;Simon;Conseil national;3000.0
party-30-F-005;fr;party;30;FALSE;2025;;;/api/frontend/latest/fr/downloads/financings/30?with_budget=false;b2c545fad513522f0b93f19e9aadf841dd6bc438f388b7183733c143faf1b7fa;46267.39558121805;Financement des partis 2025;31.12.2025;59;Le Centre;Personne morale ou société de personnes;1529;Déclaration des recettes annuelles;1830;Rieder;Beat;Conseil des États;3000.0
party-30-F-005;fr;party;30;FALSE;2025;;;/api/frontend/latest/fr/downloads/financings/30?with_budget=false;b2c545fad513522f0b93f19e9aadf841dd6bc438f388b7183733c143faf1b7fa;46267.39558121869;Financement des partis 2025;31.12.2025;59;Le Centre;Personne morale ou société de personnes;1529;Déclaration des recettes annuelles;1831;Ettlin-Barth;Erich;Conseil des États;3000.0
party-30-F-005;fr;party;30;FALSE;2025;;;/api/frontend/latest/fr/downloads/financings/30?with_budget=false;b2c545fad513522f0b93f19e9aadf841dd6bc438f388b7183733c143faf1b7fa;46267.39558121945;Financement des partis 2025;31.12.2025;59;Le Centre;Personne morale ou société de personnes;1529;Déclaration des recettes annuelles;1832;Paganini;Nicolò;Conseil national;3000.0
party-30-F-005;fr;party;30;FALSE;2025;;;/api/frontend/latest/fr/downloads/financings/30?with_budget=false;b2c545fad513522f0b93f19e9aadf841dd6bc438f388b7183733c143faf1b7fa;46267.39558122036;Financement des partis 2025;31.12.2025;59;Le Centre;Personne morale ou société de personnes;1529;Déclaration des recettes annuelles;1833;Gmür-Schönenberger;Andrea;Conseil des États;3000.0
party-30-F-005;fr;party;30;FALSE;2025;;;/api/frontend/latest/fr/downloads/financings/30?with_budget=false;b2c545fad513522f0b93f19e9aadf841dd6bc438f388b7183733c143faf1b7fa;46267.395581221026;Financement des partis 2025;31.12.2025;59;Le Centre;Personne morale ou société de personnes;1529;Déclaration des recettes annuelles;1834;Hess;Lorenz;Conseil national;3000.0
party-30-F-005;fr;party;30;FALSE;2025;;;/api/frontend/latest/fr/downloads/financings/30?with_budget=false;b2c545fad513522f0b93f19e9aadf841dd6bc438f388b7183733c143faf1b7fa;46267.395581221695;Financement des partis 2025;31.12.2025;59;Le Centre;Personne morale ou société de personnes;1529;Déclaration des recettes annuelles;1835;Z'graggen;Heidi;Conseil des États;3000.0
party-30-F-005;fr;party;30;FALSE;2025;;;/api/frontend/latest/fr/downloads/financings/30?with_budget=false;b2c545fad513522f0b93f19e9aadf841dd6bc438f388b7183733c143faf1b7fa;46267.39558122235;Financement des partis 2025;31.12.2025;59;Le Centre;Personne morale ou société de personnes;1529;Déclaration des recettes annuelles;1836;Lohr;Christian;Conseil national;3000.0
party-30-F-005;fr;party;30;FALSE;2025;;;/api/frontend/latest/fr/downloads/financings/30?with_budget=false;b2c545fad513522f0b93f19e9aadf841dd6bc438f388b7183733c143faf1b7fa;46267.39558122301;Financement des partis 2025;31.12.2025;59;Le Centre;Personne morale ou société de personnes;1529;Déclaration des recettes annuelles;1837;Hegglin;Peter;Conseil des États;3000.0
party-30-F-005;fr;party;30;FALSE;2025;;;/api/frontend/latest/fr/downloads/financings/30?with_budget=false;b2c545fad513522f0b93f19e9aadf841dd6bc438f388b7183733c143faf1b7fa;46267.39558122365;Financement des partis 2025;31.12.2025;59;Le Centre;Personne morale ou société de personnes;1529;Déclaration des recettes annuelles;1838;Roduit;Benjamin;Conseil national;3000.0
party-30-F-005;fr;party;30;FALSE;2025;;;/api/frontend/latest/fr/downloads/financings/30?with_budget=false;b2c545fad513522f0b93f19e9aadf841dd6bc438f388b7183733c143faf1b7fa;46267.39558122429;Financement des partis 2025;31.12.2025;59;Le Centre;Personne morale ou société de personnes;1529;Déclaration des recettes annuelles;1839;Meier;Andreas;Conseil national;3000.0
party-30-F-005;fr;party;30;FALSE;2025;;;/api/frontend/latest/fr/downloads/financings/30?with_budget=false;b2c545fad513522f0b93f19e9aadf841dd6bc438f388b7183733c143faf1b7fa;46267.39558122495;Financement des partis 2025;31.12.2025;59;Le Centre;Personne morale ou société de personnes;1529;Déclaration des recettes annuelles;1840;Roth Pasquier;Marie-France;Conseil national;3000.0
party-30-F-005;fr;party;30;FALSE;2025;;;/api/frontend/latest/fr/downloads/financings/30?with_budget=false;b2c545fad513522f0b93f19e9aadf841dd6bc438f388b7183733c143faf1b7fa;46267.395581225595;Financement des partis 2025;31.12.2025;59;Le Centre;Personne morale ou société de personnes;1529;Déclaration des recettes annuelles;1841;Kamerzin;Sidney-Hervé;Conseil national;3000.0
party-30-F-005;fr;party;30;FALSE;2025;;;/api/frontend/latest/fr/downloads/financings/30?with_budget=false;b2c545fad513522f0b93f19e9aadf841dd6bc438f388b7183733c143faf1b7fa;46267.395581226236;Financement des partis 2025;31.12.2025;59;Le Centre;Personne morale ou société de personnes;1529;Déclaration des recettes annuelles;1842;Binder;Marianne;Conseil des États;3000.0
party-30-F-005;fr;party;30;FALSE;2025;;;/api/frontend/latest/fr/downloads/financings/30?with_budget=false;b2c545fad513522f0b93f19e9aadf841dd6bc438f388b7183733c143faf1b7fa;46267.395581226876;Financement des partis 2025;31.12.2025;59;Le Centre;Personne morale ou société de personnes;1529;Déclaration des recettes annuelles;1843;Maret;Marianne;Conseil des États;3000.0
party-30-F-005;fr;party;30;FALSE;2025;;;/api/frontend/latest/fr/downloads/financings/30?with_budget=false;b2c545fad513522f0b93f19e9aadf841dd6bc438f388b7183733c143faf1b7fa;46267.39558122763;Financement des partis 2025;31.12.2025;59;Le Centre;Personne morale ou société de personnes;1529;Déclaration des recettes annuelles;1844;Juillard;Charles;Conseil des États;3000.0
party-30-F-005;fr;party;30;FALSE;2025;;;/api/frontend/latest/fr/downloads/financings/30?with_budget=false;b2c545fad513522f0b93f19e9aadf841dd6bc438f388b7183733c143faf1b7fa;46267.39558122827;Financement des partis 2025;31.12.2025;59;Le Centre;Personne morale ou société de personnes;1529;Déclaration des recettes annuelles;1845;Bulliard-Marbach;Christine;Conseil national;3000.0
party-30-F-005;fr;party;30;FALSE;2025;;;/api/frontend/latest/fr/downloads/financings/30?with_budget=false;b2c545fad513522f0b93f19e9aadf841dd6bc438f388b7183733c143faf1b7fa;46267.39558122892;Financement des partis 2025;31.12.2025;59;Le Centre;Personne morale ou société de personnes;1529;Déclaration des recettes annuelles;1846;Regazzi;Fabio;Conseil des États;3000.0
party-30-F-005;fr;party;30;FALSE;2025;;;/api/frontend/latest/fr/downloads/financings/30?with_budget=false;b2c545fad513522f0b93f19e9aadf841dd6bc438f388b7183733c143faf1b7fa;46267.395581229575;Financement des partis 2025;31.12.2025;59;Le Centre;Personne morale ou société de personnes;1529;Déclaration des recettes annuelles;1848;Lötscher;Cordula;Tribunal fédéral;300.0
party-30-F-005;fr;party;30;FALSE;2025;;;/api/frontend/latest/fr/downloads/financings/30?with_budget=false;b2c545fad513522f0b93f19e9aadf841dd6bc438f388b7183733c143faf1b7fa;46267.39558123024;Financement des partis 2025;31.12.2025;59;Le Centre;Personne morale ou société de personnes;1529;Déclaration des recettes annuelles;1849;Fabbri;Alberto;Tribunal pénal fédéral;1600.0
party-30-F-005;fr;party;30;FALSE;2025;;;/api/frontend/latest/fr/downloads/financings/30?with_budget=false;b2c545fad513522f0b93f19e9aadf841dd6bc438f388b7183733c143faf1b7fa;46267.395581231016;Financement des partis 2025;31.12.2025;59;Le Centre;Personne morale ou société de personnes;1529;Déclaration des recettes annuelles;1850;Dietrich;Kathrin;Tribunal administratif fédéral;1500.0
party-30-F-005;fr;party;30;FALSE;2025;;;/api/frontend/latest/fr/downloads/financings/30?with_budget=false;b2c545fad513522f0b93f19e9aadf841dd6bc438f388b7183733c143faf1b7fa;46267.39558123169;Financement des partis 2025;31.12.2025;59;Le Centre;Personne morale ou société de personnes;1529;Déclaration des recettes annuelles;1851;Urwyler;Adrian;Tribunal pénal fédéral;500.0
party-30-F-005;fr;party;30;FALSE;2025;;;/api/frontend/latest/fr/downloads/financings/30?with_budget=false;b2c545fad513522f0b93f19e9aadf841dd6bc438f388b7183733c143faf1b7fa;46267.39558123238;Financement des partis 2025;31.12.2025;59;Le Centre;Personne morale ou société de personnes;1529;Déclaration des recettes annuelles;1852;Gehring;Caroline;Tribunal administratif fédéral;1600.0
party-30-F-005;fr;party;30;FALSE;2025;;;/api/frontend/latest/fr/downloads/financings/30?with_budget=false;b2c545fad513522f0b93f19e9aadf841dd6bc438f388b7183733c143faf1b7fa;46267.39558123306;Financement des partis 2025;31.12.2025;59;Le Centre;Personne morale ou société de personnes;1529;Déclaration des recettes annuelles;1853;Heimgartner;Stefan;Tribunal pénal fédéral;1280.0
party-30-F-005;fr;party;30;FALSE;2025;;;/api/frontend/latest/fr/downloads/financings/30?with_budget=false;b2c545fad513522f0b93f19e9aadf841dd6bc438f388b7183733c143faf1b7fa;46267.39558123376;Financement des partis 2025;31.12.2025;59;Le Centre;Personne morale ou société de personnes;1529;Déclaration des recettes annuelles;1854;Richard;Pascal;Tribunal administratif fédéral;1600.0
party-30-F-005;fr;party;30;FALSE;2025;;;/api/frontend/latest/fr/downloads/financings/30?with_budget=false;b2c545fad513522f0b93f19e9aadf841dd6bc438f388b7183733c143faf1b7fa;46267.39558123444;Financement des partis 2025;31.12.2025;59;Le Centre;Personne morale ou société de personnes;1529;Déclaration des recettes annuelles;1855;Rochat Pauchard;Annie;Tribunal administratif fédéral;1440.0
party-30-F-005;fr;party;30;FALSE;2025;;;/api/frontend/latest/fr/downloads/financings/30?with_budget=false;b2c545fad513522f0b93f19e9aadf841dd6bc438f388b7183733c143faf1b7fa;46267.39558123513;Financement des partis 2025;31.12.2025;59;Le Centre;Personne morale ou société de personnes;1529;Déclaration des recettes annuelles;1858;Angeli-Busi;Pietro;Tribunal administratif fédéral;1600.0
party-30-F-005;fr;party;30;FALSE;2025;;;/api/frontend/latest/fr/downloads/financings/30?with_budget=false;b2c545fad513522f0b93f19e9aadf841dd6bc438f388b7183733c143faf1b7fa;46267.39558123581;Financement des partis 2025;31.12.2025;59;Le Centre;Personne morale ou société de personnes;1529;Déclaration des recettes annuelles;1859;Chatton;Gregor T.;Tribunal administratif fédéral;1600.0
party-30-F-005;fr;party;30;FALSE;2025;;;/api/frontend/latest/fr/downloads/financings/30?with_budget=false;b2c545fad513522f0b93f19e9aadf841dd6bc438f388b7183733c143faf1b7fa;46267.395581236524;Financement des partis 2025;31.12.2025;59;Le Centre;Personne morale ou société de personnes;1529;Déclaration des recettes annuelles;1860;Venetz;Petra;Tribunal pénal fédéral;80.0
party-30-F-005;fr;party;30;FALSE;2025;;;/api/frontend/latest/fr/downloads/financings/30?with_budget=false;b2c545fad513522f0b93f19e9aadf841dd6bc438f388b7183733c143faf1b7fa;46267.3955812372;Financement des partis 2025;31.12.2025;59;Le Centre;Personne morale ou société de personnes;1529;Déclaration des recettes annuelles;1862;Pont Veuthey;Marie-Claire;Tribunal fédéral;1500.0
party-30-F-005;fr;party;30;FALSE;2025;;;/api/frontend/latest/fr/downloads/financings/30?with_budget=false;b2c545fad513522f0b93f19e9aadf841dd6bc438f388b7183733c143faf1b7fa;46267.39558123786;Financement des partis 2025;31.12.2025;59;Le Centre;Personne morale ou société de personnes;1529;Déclaration des recettes annuelles;1864;Antoniazza;Yannick;Tribunal administratif fédéral;1600.0
party-30-F-005;fr;party;30;FALSE;2025;;;/api/frontend/latest/fr/downloads/financings/30?with_budget=false;b2c545fad513522f0b93f19e9aadf841dd6bc438f388b7183733c143faf1b7fa;46267.39558123851;Financement des partis 2025;31.12.2025;59;Le Centre;Personne morale ou société de personnes;1529;Déclaration des recettes annuelles;1865;Albisetti Bernasconi;Maurizio;Tribunal pénal fédéral;960.0
party-30-F-005;fr;party;30;FALSE;2025;;;/api/frontend/latest/fr/downloads/financings/30?with_budget=false;b2c545fad513522f0b93f19e9aadf841dd6bc438f388b7183733c143faf1b7fa;46267.395581239274;Financement des partis 2025;31.12.2025;59;Le Centre;Personne morale ou société de personnes;1529;Déclaration des recettes annuelles;1866;Brüschweiler;Daniela;Tribunal administratif fédéral;1600.0
party-30-F-005;fr;party;30;FALSE;2025;;;/api/frontend/latest/fr/downloads/financings/30?with_budget=false;b2c545fad513522f0b93f19e9aadf841dd6bc438f388b7183733c143faf1b7fa;46267.39558123993;Financement des partis 2025;31.12.2025;59;Le Centre;Personne morale ou société de personnes;1529;Déclaration des recettes annuelles;1867;Petry;Roswitha;Tribunal administratif fédéral;1440.0
party-30-F-005;fr;party;30;FALSE;2025;;;/api/frontend/latest/fr/downloads/financings/30?with_budget=false;b2c545fad513522f0b93f19e9aadf841dd6bc438f388b7183733c143faf1b7fa;46267.39558124059;Financement des partis 2025;31.12.2025;59;Le Centre;Personne morale ou société de personnes;1529;Déclaration des recettes annuelles;1868;Hänni;Julia;Tribunal fédéral;6000.0
party-30-F-005;fr;party;30;FALSE;2025;;;/api/frontend/latest/fr/downloads/financings/30?with_budget=false;b2c545fad513522f0b93f19e9aadf841dd6bc438f388b7183733c143faf1b7fa;46267.395581241224;Financement des partis 2025;31.12.2025;59;Le Centre;Personne morale ou société de personnes;1529;Déclaration des recettes annuelles;1869;Stupf;Martin;Tribunal pénal fédéral;1440.0
party-30-F-005;fr;party;30;FALSE;2025;;;/api/frontend/latest/fr/downloads/financings/30?with_budget=false;b2c545fad513522f0b93f19e9aadf841dd6bc438f388b7183733c143faf1b7fa;46267.39558124187;Financement des partis 2025;31.12.2025;59;Le Centre;Personne morale ou société de personnes;1529;Déclaration des recettes annuelles;1870;Maillard-Theiler;Marcel;Tribunal fédéral;6000.0
party-30-F-005;fr;party;30;FALSE;2025;;;/api/frontend/latest/fr/downloads/financings/30?with_budget=false;b2c545fad513522f0b93f19e9aadf841dd6bc438f388b7183733c143faf1b7fa;46267.39558124265;Financement des partis 2025;31.12.2025;59;Le Centre;Personne morale ou société de personnes;1529;Déclaration des recettes annuelles;1872;May Canellas;Marie-Chantal;Tribunal fédéral;6000.0
party-30-F-005;fr;party;30;FALSE;2025;;;/api/frontend/latest/fr/downloads/financings/30?with_budget=false;b2c545fad513522f0b93f19e9aadf841dd6bc438f388b7183733c143faf1b7fa;46267.395581243436;Financement des partis 2025;31.12.2025;59;Le Centre;Personne morale ou société de personnes;1529;Déclaration des recettes annuelles;1873;Bally Frehner;Maya;Conseil national;3000.0
party-30-F-005;fr;party;30;FALSE;2025;;;/api/frontend/latest/fr/downloads/financings/30?with_budget=false;b2c545fad513522f0b93f19e9aadf841dd6bc438f388b7183733c143faf1b7fa;46267.39558124406;Financement des partis 2025;31.12.2025;59;Le Centre;Personne morale ou société de personnes;1529;Déclaration des recettes annuelles;1874;Durrer-Knobel;Regina;Conseil national;3000.0
party-30-F-005;fr;party;30;FALSE;2025;;;/api/frontend/latest/fr/downloads/financings/30?with_budget=false;b2c545fad513522f0b93f19e9aadf841dd6bc438f388b7183733c143faf1b7fa;46267.3955812447;Financement des partis 2025;31.12.2025;59;Le Centre;Personne morale ou société de personnes;1529;Déclaration des recettes annuelles;1875;Fonio;Giorgio;Conseil national;3000.0
party-30-F-005;fr;party;30;FALSE;2025;;;/api/frontend/latest/fr/downloads/financings/30?with_budget=false;b2c545fad513522f0b93f19e9aadf841dd6bc438f388b7183733c143faf1b7fa;46267.39558124544;Financement des partis 2025;31.12.2025;59;Le Centre;Personne morale ou société de personnes;1529;Déclaration des recettes annuelles;1876;Blunschy;Dominik;Conseil national;3000.0
party-30-F-005;fr;party;30;FALSE;2025;;;/api/frontend/latest/fr/downloads/financings/30?with_budget=false;b2c545fad513522f0b93f19e9aadf841dd6bc438f388b7183733c143faf1b7fa;46267.39558124606;Financement des partis 2025;31.12.2025;59;Le Centre;Personne morale ou société de personnes;1529;Déclaration des recettes annuelles;1877;Bürgin;Yvonne;Conseil national;3000.0
party-30-F-005;fr;party;30;FALSE;2025;;;/api/frontend/latest/fr/downloads/financings/30?with_budget=false;b2c545fad513522f0b93f19e9aadf841dd6bc438f388b7183733c143faf1b7fa;46267.395581246645;Financement des partis 2025;31.12.2025;59;Le Centre;Personne morale ou société de personnes;1529;Déclaration des recettes annuelles;1878;Barandun;Nicole;Conseil national;3000.0
party-30-F-005;fr;party;30;FALSE;2025;;;/api/frontend/latest/fr/downloads/financings/30?with_budget=false;b2c545fad513522f0b93f19e9aadf841dd6bc438f388b7183733c143faf1b7fa;46267.395581247256;Financement des partis 2025;31.12.2025;59;Le Centre;Personne morale ou société de personnes;1529;Déclaration des recettes annuelles;1879;Kaufmann-Roos;Pius;Conseil national;3000.0
party-30-F-005;fr;party;30;FALSE;2025;;;/api/frontend/latest/fr/downloads/financings/30?with_budget=false;b2c545fad513522f0b93f19e9aadf841dd6bc438f388b7183733c143faf1b7fa;46267.39558124785;Financement des partis 2025;31.12.2025;59;Le Centre;Personne morale ou société de personnes;1529;Déclaration des recettes annuelles;1880;Nause;Reto;Conseil national;3000.0
party-30-F-005;fr;party;30;FALSE;2025;;;/api/frontend/latest/fr/downloads/financings/30?with_budget=false;b2c545fad513522f0b93f19e9aadf841dd6bc438f388b7183733c143faf1b7fa;46267.39558124846;Financement des partis 2025;31.12.2025;59;Le Centre;Personne morale ou société de personnes;1529;Déclaration des recettes annuelles;1881;Chappuis;Isabelle;Conseil national;3000.0
party-30-F-005;fr;party;30;FALSE;2025;;;/api/frontend/latest/fr/downloads/financings/30?with_budget=false;b2c545fad513522f0b93f19e9aadf841dd6bc438f388b7183733c143faf1b7fa;46267.39558124907;Financement des partis 2025;31.12.2025;59;Le Centre;Personne morale ou société de personnes;1529;Déclaration des recettes annuelles;1882;Ermotti;Andrea;Tribunal pénal fédéral;1280.0
party-30-F-005;fr;party;30;FALSE;2025;;;/api/frontend/latest/fr/downloads/financings/30?with_budget=false;b2c545fad513522f0b93f19e9aadf841dd6bc438f388b7183733c143faf1b7fa;46267.39558124965;Financement des partis 2025;31.12.2025;59;Le Centre;Personne morale ou société de personnes;1529;Déclaration des recettes annuelles;1883;von Felten;Rolf;Tribunal fédéral;6000.0
party-30-F-005;fr;party;30;FALSE;2025;;;/api/frontend/latest/fr/downloads/financings/30?with_budget=false;b2c545fad513522f0b93f19e9aadf841dd6bc438f388b7183733c143faf1b7fa;46267.39558125033;Financement des partis 2025;31.12.2025;59;Le Centre;Personne morale ou société de personnes;1529;Déclaration des recettes annuelles;1884;Pfister;Martin;Conseil fédéral;20000.0
party-30-F-005;fr;party;30;FALSE;2025;;;/api/frontend/latest/fr/downloads/financings/30?with_budget=false;b2c545fad513522f0b93f19e9aadf841dd6bc438f388b7183733c143faf1b7fa;46267.395581250974;Financement des partis 2025;31.12.2025;59;Le Centre;Personne morale ou société de personnes;1529;Déclaration des recettes annuelles;1885;Hofmann;Yann-Eric;Tribunal fédéral;6000.0
party-30-F-006;fr;party;30;FALSE;2025;;;/api/frontend/latest/fr/downloads/financings/30?with_budget=false;b2c545fad513522f0b93f19e9aadf841dd6bc438f388b7183733c143faf1b7fa;46267.395581251585;Financement des partis 2025;31.12.2025;42;Union Démocratique du Centre (UDC);Personne morale ou société de personnes;1531;Déclaration des recettes annuelles;1887;Müller;Thomas;Tribunal fédéral;8000.0
party-30-F-006;fr;party;30;FALSE;2025;;;/api/frontend/latest/fr/downloads/financings/30?with_budget=false;b2c545fad513522f0b93f19e9aadf841dd6bc438f388b7183733c143faf1b7fa;46267.39558125232;Financement des partis 2025;31.12.2025;42;Union Démocratique du Centre (UDC);Personne morale ou société de personnes;1531;Déclaration des recettes annuelles;1888;Rüedi;Yves;Tribunal fédéral;8000.0
party-30-F-006;fr;party;30;FALSE;2025;;;/api/frontend/latest/fr/downloads/financings/30?with_budget=false;b2c545fad513522f0b93f19e9aadf841dd6bc438f388b7183733c143faf1b7fa;46267.39558125304;Financement des partis 2025;31.12.2025;42;Union Démocratique du Centre (UDC);Personne morale ou société de personnes;1531;Déclaration des recettes annuelles;1890;Koch;Sonja;Tribunal fédéral;8000.0
party-30-F-006;fr;party;30;FALSE;2025;;;/api/frontend/latest/fr/downloads/financings/30?with_budget=false;b2c545fad513522f0b93f19e9aadf841dd6bc438f388b7183733c143faf1b7fa;46267.39558125381;Financement des partis 2025;31.12.2025;42;Union Démocratique du Centre (UDC);Personne morale ou société de personnes;1531;Déclaration des recettes annuelles;1891;van de Graaf;Beatrice;Tribunal fédéral;8000.0
party-30-F-006;fr;party;30;FALSE;2025;;;/api/frontend/latest/fr/downloads/financings/30?with_budget=false;b2c545fad513522f0b93f19e9aadf841dd6bc438f388b7183733c143faf1b7fa;46267.395581254495;Financement des partis 2025;31.12.2025;42;Union Démocratique du Centre (UDC);Personne morale ou société de personnes;1531;Déclaration des recettes annuelles;1892;Heine;Alexia;Tribunal fédéral;8000.0
party-30-F-006;fr;party;30;FALSE;2025;;;/api/frontend/latest/fr/downloads/financings/30?with_budget=false;b2c545fad513522f0b93f19e9aadf841dd6bc438f388b7183733c143faf1b7fa;46267.39558125517;Financement des partis 2025;31.12.2025;42;Union Démocratique du Centre (UDC);Personne morale ou société de personnes;1531;Déclaration des recettes annuelles;1893;Herrmann;Christian;Tribunal fédéral;8000.0
party-30-F-006;fr;party;30;FALSE;2025;;;/api/frontend/latest/fr/downloads/financings/30?with_budget=false;b2c545fad513522f0b93f19e9aadf841dd6bc438f388b7183733c143faf1b7fa;46267.39558125584;Financement des partis 2025;31.12.2025;42;Union Démocratique du Centre (UDC);Personne morale ou société de personnes;1531;Déclaration des recettes annuelles;1894;Viscione;Daniela;Tribunal fédéral;8000.0
party-30-F-006;fr;party;30;FALSE;2025;;;/api/frontend/latest/fr/downloads/financings/30?with_budget=false;b2c545fad513522f0b93f19e9aadf841dd6bc438f388b7183733c143faf1b7fa;46267.39558125651;Financement des partis 2025;31.12.2025;42;Union Démocratique du Centre (UDC);Personne morale ou société de personnes;1531;Déclaration des recettes annuelles;1895;Moser-Szeless;Margrit;Tribunal fédéral;8000.0
party-30-F-006;fr;party;30;FALSE;2025;;;/api/frontend/latest/fr/downloads/financings/30?with_budget=false;b2c545fad513522f0b93f19e9aadf841dd6bc438f388b7183733c143faf1b7fa;46267.395581257166;Financement des partis 2025;31.12.2025;42;Union Démocratique du Centre (UDC);Personne morale ou société de personnes;1531;Déclaration des recettes annuelles;1896;Arndt;Christine;Tribunal fédéral;1000.0
party-30-F-006;fr;party;30;FALSE;2025;;;/api/frontend/latest/fr/downloads/financings/30?with_budget=false;b2c545fad513522f0b93f19e9aadf841dd6bc438f388b7183733c143faf1b7fa;46267.39558125782;Financement des partis 2025;31.12.2025;42;Union Démocratique du Centre (UDC);Personne morale ou société de personnes;1531;Déclaration des recettes annuelles;1897;Courbat;Céline;Tribunal fédéral;1000.0
party-30-F-006;fr;party;30;FALSE;2025;;;/api/frontend/latest/fr/downloads/financings/30?with_budget=false;b2c545fad513522f0b93f19e9aadf841dd6bc438f388b7183733c143faf1b7fa;46267.3955812587;Financement des partis 2025;31.12.2025;42;Union Démocratique du Centre (UDC);Personne morale ou société de personnes;1531;Déclaration des recettes annuelles;1898;Weber;Richard;Tribunal fédéral;1000.0
party-30-F-006;fr;party;30;FALSE;2025;;;/api/frontend/latest/fr/downloads/financings/30?with_budget=false;b2c545fad513522f0b93f19e9aadf841dd6bc438f388b7183733c143faf1b7fa;46267.3955812594;Financement des partis 2025;31.12.2025;42;Union Démocratique du Centre (UDC);Personne morale ou société de personnes;1531;Déclaration des recettes annuelles;1900;Wasser-Keller;Beata;Tribunal fédéral;1000.0
party-30-F-006;fr;party;30;FALSE;2025;;;/api/frontend/latest/fr/downloads/financings/30?with_budget=false;b2c545fad513522f0b93f19e9aadf841dd6bc438f388b7183733c143faf1b7fa;46267.39558126009;Financement des partis 2025;31.12.2025;42;Union Démocratique du Centre (UDC);Personne morale ou société de personnes;1531;Déclaration des recettes annuelles;1901;Bouverat;David;Tribunal pénal fédéral;5000.0
party-30-F-006;fr;party;30;FALSE;2025;;;/api/frontend/latest/fr/downloads/financings/30?with_budget=false;b2c545fad513522f0b93f19e9aadf841dd6bc438f388b7183733c143faf1b7fa;46267.395581260775;Financement des partis 2025;31.12.2025;42;Union Démocratique du Centre (UDC);Personne morale ou société de personnes;1531;Déclaration des recettes annuelles;1902;Felix;Ulrich;Tribunal pénal fédéral;5000.0
party-30-F-006;fr;party;30;FALSE;2025;;;/api/frontend/latest/fr/downloads/financings/30?with_budget=false;b2c545fad513522f0b93f19e9aadf841dd6bc438f388b7183733c143faf1b7fa;46267.39558126146;Financement des partis 2025;31.12.2025;42;Union Démocratique du Centre (UDC);Personne morale ou société de personnes;1531;Déclaration des recettes annuelles;1903;Blum;Andrea;Tribunal pénal fédéral;5000.0
party-30-F-006;fr;party;30;FALSE;2025;;;/api/frontend/latest/fr/downloads/financings/30?with_budget=false;b2c545fad513522f0b93f19e9aadf841dd6bc438f388b7183733c143faf1b7fa;46267.39558126225;Financement des partis 2025;31.12.2025;42;Union Démocratique du Centre (UDC);Personne morale ou société de personnes;1531;Déclaration des recettes annuelles;1904;Stucki;Marcia;Tribunal pénal fédéral;1000.0
party-30-F-006;fr;party;30;FALSE;2025;;;/api/frontend/latest/fr/downloads/financings/30?with_budget=false;b2c545fad513522f0b93f19e9aadf841dd6bc438f388b7183733c143faf1b7fa;46267.395581262965;Financement des partis 2025;31.12.2025;42;Union Démocratique du Centre (UDC);Personne morale ou société de personnes;1531;Déclaration des recettes annuelles;1905;Steiger;Jürg;Tribunal administratif fédéral;5000.0
party-30-F-006;fr;party;30;FALSE;2025;;;/api/frontend/latest/fr/downloads/financings/30?with_budget=false;b2c545fad513522f0b93f19e9aadf841dd6bc438f388b7183733c143faf1b7fa;46267.39558126365;Financement des partis 2025;31.12.2025;42;Union Démocratique du Centre (UDC);Personne morale ou société de personnes;1531;Déclaration des recettes annuelles;1906;Tiefenthal;Jürg;Tribunal administratif fédéral;5000.0
party-30-F-006;fr;party;30;FALSE;2025;;;/api/frontend/latest/fr/downloads/financings/30?with_budget=false;b2c545fad513522f0b93f19e9aadf841dd6bc438f388b7183733c143faf1b7fa;46267.39558126434;Financement des partis 2025;31.12.2025;42;Union Démocratique du Centre (UDC);Personne morale ou société de personnes;1531;Déclaration des recettes annuelles;1907;Baechler;Jean-Luc;Tribunal administratif fédéral;5000.0
party-30-F-006;fr;party;30;FALSE;2025;;;/api/frontend/latest/fr/downloads/financings/30?with_budget=false;b2c545fad513522f0b93f19e9aadf841dd6bc438f388b7183733c143faf1b7fa;46267.395581265024;Financement des partis 2025;31.12.2025;42;Union Démocratique du Centre (UDC);Personne morale ou société de personnes;1531;Déclaration des recettes annuelles;1908;Willisegger;Daniel;Tribunal administratif fédéral;5000.0
party-30-F-006;fr;party;30;FALSE;2025;;;/api/frontend/latest/fr/downloads/financings/30?with_budget=false;b2c545fad513522f0b93f19e9aadf841dd6bc438f388b7183733c143faf1b7fa;46267.39558126585;Financement des partis 2025;31.12.2025;42;Union Démocratique du Centre (UDC);Personne morale ou société de personnes;1531;Déclaration des recettes annuelles;1909;Bissegger;Caroline;Tribunal administratif fédéral;5000.0
party-30-F-006;fr;party;30;FALSE;2025;;;/api/frontend/latest/fr/downloads/financings/30?with_budget=false;b2c545fad513522f0b93f19e9aadf841dd6bc438f388b7183733c143faf1b7fa;46267.395581266544;Financement des partis 2025;31.12.2025;42;Union Démocratique du Centre (UDC);Personne morale ou société de personnes;1531;Déclaration des recettes annuelles;1910;Rohrer;Christoph;Tribunal administratif fédéral;5000.0
party-30-F-006;fr;party;30;FALSE;2025;;;/api/frontend/latest/fr/downloads/financings/30?with_budget=false;b2c545fad513522f0b93f19e9aadf841dd6bc438f388b7183733c143faf1b7fa;46267.395581267236;Financement des partis 2025;31.12.2025;42;Union Démocratique du Centre (UDC);Personne morale ou société de personnes;1531;Déclaration des recettes annuelles;1911;Weiss;David;Tribunal administratif fédéral;5000.0
party-30-F-006;fr;party;30;FALSE;2025;;;/api/frontend/latest/fr/downloads/financings/30?with_budget=false;b2c545fad513522f0b93f19e9aadf841dd6bc438f388b7183733c143faf1b7fa;46267.39558126792;Financement des partis 2025;31.12.2025;42;Union Démocratique du Centre (UDC);Personne morale ou société de personnes;1531;Déclaration des recettes annuelles;1912;Bovier;Gérald;Tribunal administratif fédéral;5000.0
party-30-F-006;fr;party;30;FALSE;2025;;;/api/frontend/latest/fr/downloads/financings/30?with_budget=false;b2c545fad513522f0b93f19e9aadf841dd6bc438f388b7183733c143faf1b7fa;46267.3955812686;Financement des partis 2025;31.12.2025;42;Union Démocratique du Centre (UDC);Personne morale ou société de personnes;1531;Déclaration des recettes annuelles;1913;Felley;Yanick;Tribunal administratif fédéral;5000.0
party-30-F-006;fr;party;30;FALSE;2025;;;/api/frontend/latest/fr/downloads/financings/30?with_budget=false;b2c545fad513522f0b93f19e9aadf841dd6bc438f388b7183733c143faf1b7fa;46267.39558126943;Financement des partis 2025;31.12.2025;42;Union Démocratique du Centre (UDC);Personne morale ou société de personnes;1531;Déclaration des recettes annuelles;1914;Scherrer-Bänzinger;Jeannine;Tribunal administratif fédéral;5000.0
party-30-F-006;fr;party;30;FALSE;2025;;;/api/frontend/latest/fr/downloads/financings/30?with_budget=false;b2c545fad513522f0b93f19e9aadf841dd6bc438f388b7183733c143faf1b7fa;46267.395581270146;Financement des partis 2025;31.12.2025;42;Union Démocratique du Centre (UDC);Personne morale ou société de personnes;1531;Déclaration des recettes annuelles;1915;Thurnheer;Simon M.;Tribunal administratif fédéral;5000.0
party-30-F-006;fr;party;30;FALSE;2025;;;/api/frontend/latest/fr/downloads/financings/30?with_budget=false;b2c545fad513522f0b93f19e9aadf841dd6bc438f388b7183733c143faf1b7fa;46267.395581270845;Financement des partis 2025;31.12.2025;42;Union Démocratique du Centre (UDC);Personne morale ou société de personnes;1531;Déclaration des recettes annuelles;1916;Freihofer;Gabriela;Tribunal administratif fédéral;5000.0
party-30-F-006;fr;party;30;FALSE;2025;;;/api/frontend/latest/fr/downloads/financings/30?with_budget=false;b2c545fad513522f0b93f19e9aadf841dd6bc438f388b7183733c143faf1b7fa;46267.395581271536;Financement des partis 2025;31.12.2025;42;Union Démocratique du Centre (UDC);Personne morale ou société de personnes;1531;Déclaration des recettes annuelles;1917;Noli;Lorenz;Tribunal administratif fédéral;5000.0
party-30-F-006;fr;party;30;FALSE;2025;;;/api/frontend/latest/fr/downloads/financings/30?with_budget=false;b2c545fad513522f0b93f19e9aadf841dd6bc438f388b7183733c143faf1b7fa;46267.39558127222;Financement des partis 2025;31.12.2025;42;Union Démocratique du Centre (UDC);Personne morale ou société de personnes;1531;Déclaration des recettes annuelles;1918;Sauder;Grégory;Tribunal administratif fédéral;5000.0
party-30-F-006;fr;party;30;FALSE;2025;;;/api/frontend/latest/fr/downloads/financings/30?with_budget=false;b2c545fad513522f0b93f19e9aadf841dd6bc438f388b7183733c143faf1b7fa;46267.39558127292;Financement des partis 2025;31.12.2025;42;Union Démocratique du Centre (UDC);Personne morale ou société de personnes;1531;Déclaration des recettes annuelles;1919;Wenger;David R.;Tribunal administratif fédéral;5000.0
party-30-F-006;fr;party;30;FALSE;2025;;;/api/frontend/latest/fr/downloads/financings/30?with_budget=false;b2c545fad513522f0b93f19e9aadf841dd6bc438f388b7183733c143faf1b7fa;46267.3955812737;Financement des partis 2025;31.12.2025;42;Union Démocratique du Centre (UDC);Personne morale ou société de personnes;1531;Déclaration des recettes annuelles;1920;Tornare Villanueva;Chrystel;Tribunal administratif fédéral;5000.0
party-30-F-006;fr;party;30;FALSE;2025;;;/api/frontend/latest/fr/downloads/financings/30?with_budget=false;b2c545fad513522f0b93f19e9aadf841dd6bc438f388b7183733c143faf1b7fa;46267.39558127441;Financement des partis 2025;31.12.2025;42;Union Démocratique du Centre (UDC);Personne morale ou société de personnes;1531;Déclaration des recettes annuelles;1921;Cupa;Basil;Tribunal administratif fédéral;5000.0
party-30-F-006;fr;party;30;FALSE;2025;;;/api/frontend/latest/fr/downloads/financings/30?with_budget=false;b2c545fad513522f0b93f19e9aadf841dd6bc438f388b7183733c143faf1b7fa;46267.395581275094;Financement des partis 2025;31.12.2025;42;Union Démocratique du Centre (UDC);Personne morale ou société de personnes;1531;Déclaration des recettes annuelles;1922;Addor;Jean-Luc;Conseil national;2750.0
party-30-F-006;fr;party;30;FALSE;2025;;;/api/frontend/latest/fr/downloads/financings/30?with_budget=false;b2c545fad513522f0b93f19e9aadf841dd6bc438f388b7183733c143faf1b7fa;46267.395581275785;Financement des partis 2025;31.12.2025;42;Union Démocratique du Centre (UDC);Personne morale ou société de personnes;1531;Déclaration des recettes annuelles;1923;Aeschi;Thomas;Conseil national;2750.0
party-30-F-006;fr;party;30;FALSE;2025;;;/api/frontend/latest/fr/downloads/financings/30?with_budget=false;b2c545fad513522f0b93f19e9aadf841dd6bc438f388b7183733c143faf1b7fa;46267.39558127649;Financement des partis 2025;31.12.2025;42;Union Démocratique du Centre (UDC);Personne morale ou société de personnes;1531;Déclaration des recettes annuelles;1924;Amaudruz;Céline;Conseil national;2750.0
party-30-F-006;fr;party;30;FALSE;2025;;;/api/frontend/latest/fr/downloads/financings/30?with_budget=false;b2c545fad513522f0b93f19e9aadf841dd6bc438f388b7183733c143faf1b7fa;46267.39558127736;Financement des partis 2025;31.12.2025;42;Union Démocratique du Centre (UDC);Personne morale ou société de personnes;1531;Déclaration des recettes annuelles;1926;Bläsi;Thomas;Conseil national;2750.0
party-30-F-006;fr;party;30;FALSE;2025;;;/api/frontend/latest/fr/downloads/financings/30?with_budget=false;b2c545fad513522f0b93f19e9aadf841dd6bc438f388b7183733c143faf1b7fa;46267.39558127806;Financement des partis 2025;31.12.2025;42;Union Démocratique du Centre (UDC);Personne morale ou société de personnes;1531;Déclaration des recettes annuelles;1927;Büchel;Roland Rino;Conseil national;2750.0
party-30-F-006;fr;party;30;FALSE;2025;;;/api/frontend/latest/fr/downloads/financings/30?with_budget=false;b2c545fad513522f0b93f19e9aadf841dd6bc438f388b7183733c143faf1b7fa;46267.395581278855;Financement des partis 2025;31.12.2025;42;Union Démocratique du Centre (UDC);Personne morale ou société de personnes;1531;Déclaration des recettes annuelles;1928;Buffat;Michaël;Conseil national;2750.0
party-30-F-006;fr;party;30;FALSE;2025;;;/api/frontend/latest/fr/downloads/financings/30?with_budget=false;b2c545fad513522f0b93f19e9aadf841dd6bc438f388b7183733c143faf1b7fa;46267.39558127953;Financement des partis 2025;31.12.2025;42;Union Démocratique du Centre (UDC);Personne morale ou société de personnes;1531;Déclaration des recettes annuelles;1929;Bühler;Manfred;Conseil national;2750.0
party-30-F-006;fr;party;30;FALSE;2025;;;/api/frontend/latest/fr/downloads/financings/30?with_budget=false;b2c545fad513522f0b93f19e9aadf841dd6bc438f388b7183733c143faf1b7fa;46267.39558128022;Financement des partis 2025;31.12.2025;42;Union Démocratique du Centre (UDC);Personne morale ou société de personnes;1531;Déclaration des recettes annuelles;1930;Burgherr;Thomas;Conseil national;2750.0
party-30-F-006;fr;party;30;FALSE;2025;;;/api/frontend/latest/fr/downloads/financings/30?with_budget=false;b2c545fad513522f0b93f19e9aadf841dd6bc438f388b7183733c143faf1b7fa;46267.3955812809;Financement des partis 2025;31.12.2025;42;Union Démocratique du Centre (UDC);Personne morale ou société de personnes;1531;Déclaration des recettes annuelles;1931;Chiesa;Marco;Conseil des États;2750.0
party-30-F-006;fr;party;30;FALSE;2025;;;/api/frontend/latest/fr/downloads/financings/30?with_budget=false;b2c545fad513522f0b93f19e9aadf841dd6bc438f388b7183733c143faf1b7fa;46267.39558128155;Financement des partis 2025;31.12.2025;42;Union Démocratique du Centre (UDC);Personne morale ou société de personnes;1531;Déclaration des recettes annuelles;1932;de Courten;Thomas;Conseil national;2750.0
party-30-F-006;fr;party;30;FALSE;2025;;;/api/frontend/latest/fr/downloads/financings/30?with_budget=false;b2c545fad513522f0b93f19e9aadf841dd6bc438f388b7183733c143faf1b7fa;46267.39558128219;Financement des partis 2025;31.12.2025;42;Union Démocratique du Centre (UDC);Personne morale ou société de personnes;1531;Déclaration des recettes annuelles;1933;Dettling;Marcel;Conseil national;2750.0
party-30-F-006;fr;party;30;FALSE;2025;;;/api/frontend/latest/fr/downloads/financings/30?with_budget=false;b2c545fad513522f0b93f19e9aadf841dd6bc438f388b7183733c143faf1b7fa;46267.39558128285;Financement des partis 2025;31.12.2025;42;Union Démocratique du Centre (UDC);Personne morale ou société de personnes;1531;Déclaration des recettes annuelles;1934;Egger;Mike;Conseil national;2750.0
party-30-F-006;fr;party;30;FALSE;2025;;;/api/frontend/latest/fr/downloads/financings/30?with_budget=false;b2c545fad513522f0b93f19e9aadf841dd6bc438f388b7183733c143faf1b7fa;46267.39558128353;Financement des partis 2025;31.12.2025;42;Union Démocratique du Centre (UDC);Personne morale ou société de personnes;1531;Déclaration des recettes annuelles;1935;Fischer;Benjamin;Conseil national;2750.0
party-30-F-006;fr;party;30;FALSE;2025;;;/api/frontend/latest/fr/downloads/financings/30?with_budget=false;b2c545fad513522f0b93f19e9aadf841dd6bc438f388b7183733c143faf1b7fa;46267.39558128419;Financement des partis 2025;31.12.2025;42;Union Démocratique du Centre (UDC);Personne morale ou société de personnes;1531;Déclaration des recettes annuelles;1936;Friedli;Esther;Conseil des États;2750.0
party-30-F-006;fr;party;30;FALSE;2025;;;/api/frontend/latest/fr/downloads/financings/30?with_budget=false;b2c545fad513522f0b93f19e9aadf841dd6bc438f388b7183733c143faf1b7fa;46267.39558128483;Financement des partis 2025;31.12.2025;42;Union Démocratique du Centre (UDC);Personne morale ou société de personnes;1531;Déclaration des recettes annuelles;1937;Gafner;Andreas;Conseil national;2750.0
party-30-F-006;fr;party;30;FALSE;2025;;;/api/frontend/latest/fr/downloads/financings/30?with_budget=false;b2c545fad513522f0b93f19e9aadf841dd6bc438f388b7183733c143faf1b7fa;46267.395581285564;Financement des partis 2025;31.12.2025;42;Union Démocratique du Centre (UDC);Personne morale ou société de personnes;1531;Déclaration des recettes annuelles;1938;Germann;Hannes;Conseil des États;2750.0
party-30-F-006;fr;party;30;FALSE;2025;;;/api/frontend/latest/fr/downloads/financings/30?with_budget=false;b2c545fad513522f0b93f19e9aadf841dd6bc438f388b7183733c143faf1b7fa;46267.39558128622;Financement des partis 2025;31.12.2025;42;Union Démocratique du Centre (UDC);Personne morale ou société de personnes;1531;Déclaration des recettes annuelles;1939;Giezendanner;Benjamin;Conseil national;2750.0
party-30-F-006;fr;party;30;FALSE;2025;;;/api/frontend/latest/fr/downloads/financings/30?with_budget=false;b2c545fad513522f0b93f19e9aadf841dd6bc438f388b7183733c143faf1b7fa;46267.395581286866;Financement des partis 2025;31.12.2025;42;Union Démocratique du Centre (UDC);Personne morale ou société de personnes;1531;Déclaration des recettes annuelles;1940;Glarner;Andreas;Conseil national;2750.0
party-30-F-006;fr;party;30;FALSE;2025;;;/api/frontend/latest/fr/downloads/financings/30?with_budget=false;b2c545fad513522f0b93f19e9aadf841dd6bc438f388b7183733c143faf1b7fa;46267.39558128753;Financement des partis 2025;31.12.2025;42;Union Démocratique du Centre (UDC);Personne morale ou société de personnes;1531;Déclaration des recettes annuelles;1941;Götte;Michael;Conseil national;2750.0
party-30-F-006;fr;party;30;FALSE;2025;;;/api/frontend/latest/fr/downloads/financings/30?with_budget=false;b2c545fad513522f0b93f19e9aadf841dd6bc438f388b7183733c143faf1b7fa;46267.39558128817;Financement des partis 2025;31.12.2025;42;Union Démocratique du Centre (UDC);Personne morale ou société de personnes;1531;Déclaration des recettes annuelles;1942;Graber;Michael;Conseil national;2750.0
party-30-F-006;fr;party;30;FALSE;2025;;;/api/frontend/latest/fr/downloads/financings/30?with_budget=false;b2c545fad513522f0b93f19e9aadf841dd6bc438f388b7183733c143faf1b7fa;46267.39558128897;Financement des partis 2025;31.12.2025;42;Union Démocratique du Centre (UDC);Personne morale ou société de personnes;1531;Déclaration des recettes annuelles;1943;Grüter;Franz;Conseil national;2750.0
party-30-F-006;fr;party;30;FALSE;2025;;;/api/frontend/latest/fr/downloads/financings/30?with_budget=false;b2c545fad513522f0b93f19e9aadf841dd6bc438f388b7183733c143faf1b7fa;46267.39558128983;Financement des partis 2025;31.12.2025;42;Union Démocratique du Centre (UDC);Personne morale ou société de personnes;1531;Déclaration des recettes annuelles;1944;Guggisberg;Lars;Conseil national;2750.0
party-30-F-006;fr;party;30;FALSE;2025;;;/api/frontend/latest/fr/downloads/financings/30?with_budget=false;b2c545fad513522f0b93f19e9aadf841dd6bc438f388b7183733c143faf1b7fa;46267.39558129053;Financement des partis 2025;31.12.2025;42;Union Démocratique du Centre (UDC);Personne morale ou société de personnes;1531;Déclaration des recettes annuelles;1945;Gutjahr;Diana;Conseil national;2750.0
party-30-F-006;fr;party;30;FALSE;2025;;;/api/frontend/latest/fr/downloads/financings/30?with_budget=false;b2c545fad513522f0b93f19e9aadf841dd6bc438f388b7183733c143faf1b7fa;46267.39558129122;Financement des partis 2025;31.12.2025;42;Union Démocratique du Centre (UDC);Personne morale ou société de personnes;1531;Déclaration des recettes annuelles;1946;Haab;Martin;Conseil national;2750.0
party-30-F-006;fr;party;30;FALSE;2025;;;/api/frontend/latest/fr/downloads/financings/30?with_budget=false;b2c545fad513522f0b93f19e9aadf841dd6bc438f388b7183733c143faf1b7fa;46267.39558129188;Financement des partis 2025;31.12.2025;42;Union Démocratique du Centre (UDC);Personne morale ou société de personnes;1531;Déclaration des recettes annuelles;1947;Heer;Alfred;Conseil national;2750.0
party-30-F-006;fr;party;30;FALSE;2025;;;/api/frontend/latest/fr/downloads/financings/30?with_budget=false;b2c545fad513522f0b93f19e9aadf841dd6bc438f388b7183733c143faf1b7fa;46267.39558129258;Financement des partis 2025;31.12.2025;42;Union Démocratique du Centre (UDC);Personne morale ou société de personnes;1531;Déclaration des recettes annuelles;1948;Heimgartner;Stefanie;Conseil national;2750.0
party-30-F-006;fr;party;30;FALSE;2025;;;/api/frontend/latest/fr/downloads/financings/30?with_budget=false;b2c545fad513522f0b93f19e9aadf841dd6bc438f388b7183733c143faf1b7fa;46267.39558129325;Financement des partis 2025;31.12.2025;42;Union Démocratique du Centre (UDC);Personne morale ou société de personnes;1531;Déclaration des recettes annuelles;1949;Hess;Erich;Conseil national;2750.0
party-30-F-006;fr;party;30;FALSE;2025;;;/api/frontend/latest/fr/downloads/financings/30?with_budget=false;b2c545fad513522f0b93f19e9aadf841dd6bc438f388b7183733c143faf1b7fa;46267.395581293946;Financement des partis 2025;31.12.2025;42;Union Démocratique du Centre (UDC);Personne morale ou société de personnes;1531;Déclaration des recettes annuelles;1950;Huber;Alois;Conseil national;2750.0
party-30-F-006;fr;party;30;FALSE;2025;;;/api/frontend/latest/fr/downloads/financings/30?with_budget=false;b2c545fad513522f0b93f19e9aadf841dd6bc438f388b7183733c143faf1b7fa;46267.39558129463;Financement des partis 2025;31.12.2025;42;Union Démocratique du Centre (UDC);Personne morale ou société de personnes;1531;Déclaration des recettes annuelles;1951;Hurter;Thomas;Conseil national;2750.0
party-30-F-006;fr;party;30;FALSE;2025;;;/api/frontend/latest/fr/downloads/financings/30?with_budget=false;b2c545fad513522f0b93f19e9aadf841dd6bc438f388b7183733c143faf1b7fa;46267.39558129529;Financement des partis 2025;31.12.2025;42;Union Démocratique du Centre (UDC);Personne morale ou société de personnes;1531;Déclaration des recettes annuelles;1952;Imark;Christian;Conseil national;2750.0
party-30-F-006;fr;party;30;FALSE;2025;;;/api/frontend/latest/fr/downloads/financings/30?with_budget=false;b2c545fad513522f0b93f19e9aadf841dd6bc438f388b7183733c143faf1b7fa;46267.39558129597;Financement des partis 2025;31.12.2025;42;Union Démocratique du Centre (UDC);Personne morale ou société de personnes;1531;Déclaration des recettes annuelles;1953;Marchesi;Piero;Conseil national;2750.0
party-30-F-006;fr;party;30;FALSE;2025;;;/api/frontend/latest/fr/downloads/financings/30?with_budget=false;b2c545fad513522f0b93f19e9aadf841dd6bc438f388b7183733c143faf1b7fa;46267.39558129677;Financement des partis 2025;31.12.2025;42;Union Démocratique du Centre (UDC);Personne morale ou société de personnes;1531;Déclaration des recettes annuelles;1954;Martullo-Blocher;Magdalena;Conseil national;2750.0
party-30-F-006;fr;party;30;FALSE;2025;;;/api/frontend/latest/fr/downloads/financings/30?with_budget=false;b2c545fad513522f0b93f19e9aadf841dd6bc438f388b7183733c143faf1b7fa;46267.39558129751;Financement des partis 2025;31.12.2025;42;Union Démocratique du Centre (UDC);Personne morale ou société de personnes;1531;Déclaration des recettes annuelles;1955;Matter;Thomas;Conseil national;2750.0
party-30-F-006;fr;party;30;FALSE;2025;;;/api/frontend/latest/fr/downloads/financings/30?with_budget=false;b2c545fad513522f0b93f19e9aadf841dd6bc438f388b7183733c143faf1b7fa;46267.3955812982;Financement des partis 2025;31.12.2025;42;Union Démocratique du Centre (UDC);Personne morale ou société de personnes;1531;Déclaration des recettes annuelles;1956;Nicolet;Jacques;Conseil national;2750.0
party-30-F-006;fr;party;30;FALSE;2025;;;/api/frontend/latest/fr/downloads/financings/30?with_budget=false;b2c545fad513522f0b93f19e9aadf841dd6bc438f388b7183733c143faf1b7fa;46267.3955812989;Financement des partis 2025;31.12.2025;42;Union Démocratique du Centre (UDC);Personne morale ou société de personnes;1531;Déclaration des recettes annuelles;1957;Page;Pierre André;Conseil national;2750.0
party-30-F-006;fr;party;30;FALSE;2025;;;/api/frontend/latest/fr/downloads/financings/30?with_budget=false;b2c545fad513522f0b93f19e9aadf841dd6bc438f388b7183733c143faf1b7fa;46267.395581299585;Financement des partis 2025;31.12.2025;42;Union Démocratique du Centre (UDC);Personne morale ou société de personnes;1531;Déclaration des recettes annuelles;1958;Parmelin;Guy;Conseil fédéral;10000.0
party-30-F-006;fr;party;30;FALSE;2025;;;/api/frontend/latest/fr/downloads/financings/30?with_budget=false;b2c545fad513522f0b93f19e9aadf841dd6bc438f388b7183733c143faf1b7fa;46267.39558130039;Financement des partis 2025;31.12.2025;42;Union Démocratique du Centre (UDC);Personne morale ou société de personnes;1531;Déclaration des recettes annuelles;1959;Quadri;Lorenzo;Conseil national;2750.0
party-30-F-006;fr;party;30;FALSE;2025;;;/api/frontend/latest/fr/downloads/financings/30?with_budget=false;b2c545fad513522f0b93f19e9aadf841dd6bc438f388b7183733c143faf1b7fa;46267.3955813011;Financement des partis 2025;31.12.2025;42;Union Démocratique du Centre (UDC);Personne morale ou société de personnes;1531;Déclaration des recettes annuelles;1960;Reimann;Lukas;Conseil national;2750.0
party-30-F-006;fr;party;30;FALSE;2025;;;/api/frontend/latest/fr/downloads/financings/30?with_budget=false;b2c545fad513522f0b93f19e9aadf841dd6bc438f388b7183733c143faf1b7fa;46267.39558130199;Financement des partis 2025;31.12.2025;42;Union Démocratique du Centre (UDC);Personne morale ou société de personnes;1531;Déclaration des recettes annuelles;1961;Rösti;Albert;Conseil fédéral;10000.0
party-30-F-006;fr;party;30;FALSE;2025;;;/api/frontend/latest/fr/downloads/financings/30?with_budget=false;b2c545fad513522f0b93f19e9aadf841dd6bc438f388b7183733c143faf1b7fa;46267.395581302706;Financement des partis 2025;31.12.2025;42;Union Démocratique du Centre (UDC);Personne morale ou société de personnes;1531;Déclaration des recettes annuelles;1962;Rüegger;Monika;Conseil national;2750.0
party-30-F-006;fr;party;30;FALSE;2025;;;/api/frontend/latest/fr/downloads/financings/30?with_budget=false;b2c545fad513522f0b93f19e9aadf841dd6bc438f388b7183733c143faf1b7fa;46267.39558130342;Financement des partis 2025;31.12.2025;42;Union Démocratique du Centre (UDC);Personne morale ou société de personnes;1531;Déclaration des recettes annuelles;1963;Rutz;Gregor;Conseil national;2750.0
party-30-F-006;fr;party;30;FALSE;2025;;;/api/frontend/latest/fr/downloads/financings/30?with_budget=false;b2c545fad513522f0b93f19e9aadf841dd6bc438f388b7183733c143faf1b7fa;46267.395581304125;Financement des partis 2025;31.12.2025;42;Union Démocratique du Centre (UDC);Personne morale ou société de personnes;1531;Déclaration des recettes annuelles;1964;Schwander;Pirmin;Conseil des États;2750.0
party-30-F-006;fr;party;30;FALSE;2025;;;/api/frontend/latest/fr/downloads/financings/30?with_budget=false;b2c545fad513522f0b93f19e9aadf841dd6bc438f388b7183733c143faf1b7fa;46267.39558130484;Financement des partis 2025;31.12.2025;42;Union Démocratique du Centre (UDC);Personne morale ou société de personnes;1531;Déclaration des recettes annuelles;1965;Sollberger;Sandra;Conseil national;2750.0
party-30-F-006;fr;party;30;FALSE;2025;;;/api/frontend/latest/fr/downloads/financings/30?with_budget=false;b2c545fad513522f0b93f19e9aadf841dd6bc438f388b7183733c143faf1b7fa;46267.39558130554;Financement des partis 2025;31.12.2025;42;Union Démocratique du Centre (UDC);Personne morale ou société de personnes;1531;Déclaration des recettes annuelles;1966;Stark;Jakob;Conseil des États;2750.0
party-30-F-006;fr;party;30;FALSE;2025;;;/api/frontend/latest/fr/downloads/financings/30?with_budget=false;b2c545fad513522f0b93f19e9aadf841dd6bc438f388b7183733c143faf1b7fa;46267.39558130624;Financement des partis 2025;31.12.2025;42;Union Démocratique du Centre (UDC);Personne morale ou société de personnes;1531;Déclaration des recettes annuelles;1967;Steinemann;Barbara;Conseil national;2750.0
party-30-F-006;fr;party;30;FALSE;2025;;;/api/frontend/latest/fr/downloads/financings/30?with_budget=false;b2c545fad513522f0b93f19e9aadf841dd6bc438f388b7183733c143faf1b7fa;46267.39558130695;Financement des partis 2025;31.12.2025;42;Union Démocratique du Centre (UDC);Personne morale ou société de personnes;1531;Déclaration des recettes annuelles;1968;Strupler;Manuel;Conseil national;2750.0
party-30-F-006;fr;party;30;FALSE;2025;;;/api/frontend/latest/fr/downloads/financings/30?with_budget=false;b2c545fad513522f0b93f19e9aadf841dd6bc438f388b7183733c143faf1b7fa;46267.39558130764;Financement des partis 2025;31.12.2025;42;Union Démocratique du Centre (UDC);Personne morale ou société de personnes;1531;Déclaration des recettes annuelles;1969;Tuena;Mauro;Conseil national;2750.0
party-30-F-006;fr;party;30;FALSE;2025;;;/api/frontend/latest/fr/downloads/financings/30?with_budget=false;b2c545fad513522f0b93f19e9aadf841dd6bc438f388b7183733c143faf1b7fa;46267.395581308454;Financement des partis 2025;31.12.2025;42;Union Démocratique du Centre (UDC);Personne morale ou société de personnes;1531;Déclaration des recettes annuelles;1970;Umricht Pieren;Nadja;Conseil national;2750.0
party-30-F-006;fr;party;30;FALSE;2025;;;/api/frontend/latest/fr/downloads/financings/30?with_budget=false;b2c545fad513522f0b93f19e9aadf841dd6bc438f388b7183733c143faf1b7fa;46267.39558130918;Financement des partis 2025;31.12.2025;42;Union Démocratique du Centre (UDC);Personne morale ou société de personnes;1531;Déclaration des recettes annuelles;1971;Walliser;Bruno;Conseil national;2750.0
party-30-F-006;fr;party;30;FALSE;2025;;;/api/frontend/latest/fr/downloads/financings/30?with_budget=false;b2c545fad513522f0b93f19e9aadf841dd6bc438f388b7183733c143faf1b7fa;46267.39558130989;Financement des partis 2025;31.12.2025;42;Union Démocratique du Centre (UDC);Personne morale ou société de personnes;1531;Déclaration des recettes annuelles;1972;Zuberbühler;David;Conseil national;2750.0
party-30-F-006;fr;party;30;FALSE;2025;;;/api/frontend/latest/fr/downloads/financings/30?with_budget=false;b2c545fad513522f0b93f19e9aadf841dd6bc438f388b7183733c143faf1b7fa;46267.39558131062;Financement des partis 2025;31.12.2025;42;Union Démocratique du Centre (UDC);Personne morale ou société de personnes;1531;Déclaration des recettes annuelles;1973;Riner;Christoph;Conseil national;2750.0
party-30-F-006;fr;party;30;FALSE;2025;;;/api/frontend/latest/fr/downloads/financings/30?with_budget=false;b2c545fad513522f0b93f19e9aadf841dd6bc438f388b7183733c143faf1b7fa;46267.39558131134;Financement des partis 2025;31.12.2025;42;Union Démocratique du Centre (UDC);Personne morale ou société de personnes;1531;Déclaration des recettes annuelles;1974;Calame;Didier;Conseil national;2750.0
party-30-F-006;fr;party;30;FALSE;2025;;;/api/frontend/latest/fr/downloads/financings/30?with_budget=false;b2c545fad513522f0b93f19e9aadf841dd6bc438f388b7183733c143faf1b7fa;46267.39558131224;Financement des partis 2025;31.12.2025;42;Union Démocratique du Centre (UDC);Personne morale ou société de personnes;1531;Déclaration des recettes annuelles;1975;Vontobel;Erich;Conseil national;2750.0
party-30-F-006;fr;party;30;FALSE;2025;;;/api/frontend/latest/fr/downloads/financings/30?with_budget=false;b2c545fad513522f0b93f19e9aadf841dd6bc438f388b7183733c143faf1b7fa;46267.39558131295;Financement des partis 2025;31.12.2025;42;Union Démocratique du Centre (UDC);Personne morale ou société de personnes;1531;Déclaration des recettes annuelles;1976;Wandfluh;Ernst;Conseil national;2750.0
party-30-F-006;fr;party;30;FALSE;2025;;;/api/frontend/latest/fr/downloads/financings/30?with_budget=false;b2c545fad513522f0b93f19e9aadf841dd6bc438f388b7183733c143faf1b7fa;46267.395581313656;Financement des partis 2025;31.12.2025;42;Union Démocratique du Centre (UDC);Personne morale ou société de personnes;1531;Déclaration des recettes annuelles;1977;Freymond;Sylvain;Conseil national;2750.0
party-30-F-006;fr;party;30;FALSE;2025;;;/api/frontend/latest/fr/downloads/financings/30?with_budget=false;b2c545fad513522f0b93f19e9aadf841dd6bc438f388b7183733c143faf1b7fa;46267.39558131436;Financement des partis 2025;31.12.2025;42;Union Démocratique du Centre (UDC);Personne morale ou société de personnes;1531;Déclaration des recettes annuelles;1978;Schnyder;Markus;Conseil national;2750.0
party-30-F-006;fr;party;30;FALSE;2025;;;/api/frontend/latest/fr/downloads/financings/30?with_budget=false;b2c545fad513522f0b93f19e9aadf841dd6bc438f388b7183733c143faf1b7fa;46267.395581315075;Financement des partis 2025;31.12.2025;42;Union Démocratique du Centre (UDC);Personne morale ou société de personnes;1531;Déclaration des recettes annuelles;1979;Hübscher;Martin;Conseil national;2750.0
party-30-F-006;fr;party;30;FALSE;2025;;;/api/frontend/latest/fr/downloads/financings/30?with_budget=false;b2c545fad513522f0b93f19e9aadf841dd6bc438f388b7183733c143faf1b7fa;46267.39558131578;Financement des partis 2025;31.12.2025;42;Union Démocratique du Centre (UDC);Personne morale ou société de personnes;1531;Déclaration des recettes annuelles;1980;Poggia;Mauro;Conseil des États;2450.0
party-30-F-006;fr;party;30;FALSE;2025;;;/api/frontend/latest/fr/downloads/financings/30?with_budget=false;b2c545fad513522f0b93f19e9aadf841dd6bc438f388b7183733c143faf1b7fa;46267.39558131649;Financement des partis 2025;31.12.2025;42;Union Démocratique du Centre (UDC);Personne morale ou société de personnes;1531;Déclaration des recettes annuelles;1981;Kolly;Nicolas;Conseil national;2750.0
party-30-F-006;fr;party;30;FALSE;2025;;;/api/frontend/latest/fr/downloads/financings/30?with_budget=false;b2c545fad513522f0b93f19e9aadf841dd6bc438f388b7183733c143faf1b7fa;46267.39558131719;Financement des partis 2025;31.12.2025;42;Union Démocratique du Centre (UDC);Personne morale ou société de personnes;1531;Déclaration des recettes annuelles;1982;Pamini;Paolo;Conseil national;2750.0
party-30-F-006;fr;party;30;FALSE;2025;;;/api/frontend/latest/fr/downloads/financings/30?with_budget=false;b2c545fad513522f0b93f19e9aadf841dd6bc438f388b7183733c143faf1b7fa;46267.39558131788;Financement des partis 2025;31.12.2025;42;Union Démocratique du Centre (UDC);Personne morale ou société de personnes;1531;Déclaration des recettes annuelles;1983;Schmid;Pascal;Conseil national;2750.0
party-30-F-006;fr;party;30;FALSE;2025;;;/api/frontend/latest/fr/downloads/financings/30?with_budget=false;b2c545fad513522f0b93f19e9aadf841dd6bc438f388b7183733c143faf1b7fa;46267.395581318604;Financement des partis 2025;31.12.2025;42;Union Démocratique du Centre (UDC);Personne morale ou société de personnes;1531;Déclaration des recettes annuelles;1984;Riem;Katja;Conseil national;2750.0
party-30-F-006;fr;party;30;FALSE;2025;;;/api/frontend/latest/fr/downloads/financings/30?with_budget=false;b2c545fad513522f0b93f19e9aadf841dd6bc438f388b7183733c143faf1b7fa;46267.395581319324;Financement des partis 2025;31.12.2025;42;Union Démocratique du Centre (UDC);Personne morale ou société de personnes;1531;Déclaration des recettes annuelles;1985;Golay;Roger;Conseil national;2750.0
party-30-F-006;fr;party;30;FALSE;2025;;;/api/frontend/latest/fr/downloads/financings/30?with_budget=false;b2c545fad513522f0b93f19e9aadf841dd6bc438f388b7183733c143faf1b7fa;46267.39558132021;Financement des partis 2025;31.12.2025;42;Union Démocratique du Centre (UDC);Personne morale ou société de personnes;1531;Déclaration des recettes annuelles;1986;Bürgi;Roman;Conseil national;2750.0
party-30-F-006;fr;party;30;FALSE;2025;;;/api/frontend/latest/fr/downloads/financings/30?with_budget=false;b2c545fad513522f0b93f19e9aadf841dd6bc438f388b7183733c143faf1b7fa;46267.395581320925;Financement des partis 2025;31.12.2025;42;Union Démocratique du Centre (UDC);Personne morale ou société de personnes;1531;Déclaration des recettes annuelles;1987;Hug;Roman;Conseil national;2750.0
party-30-F-006;fr;party;30;FALSE;2025;;;/api/frontend/latest/fr/downloads/financings/30?with_budget=false;b2c545fad513522f0b93f19e9aadf841dd6bc438f388b7183733c143faf1b7fa;46267.39558132163;Financement des partis 2025;31.12.2025;42;Union Démocratique du Centre (UDC);Personne morale ou société de personnes;1531;Déclaration des recettes annuelles;1988;Rüegsegger;Hans Jörg;Conseil national;2750.0
party-30-F-006;fr;party;30;FALSE;2025;;;/api/frontend/latest/fr/downloads/financings/30?with_budget=false;b2c545fad513522f0b93f19e9aadf841dd6bc438f388b7183733c143faf1b7fa;46267.39558132234;Financement des partis 2025;31.12.2025;42;Union Démocratique du Centre (UDC);Personne morale ou société de personnes;1531;Déclaration des recettes annuelles;1989;Salzmann;Werner;Conseil des États;2750.0
party-30-F-006;fr;party;30;FALSE;2025;;;/api/frontend/latest/fr/downloads/financings/30?with_budget=false;b2c545fad513522f0b93f19e9aadf841dd6bc438f388b7183733c143faf1b7fa;46267.39558132308;Financement des partis 2025;31.12.2025;42;Union Démocratique du Centre (UDC);Personne morale ou société de personnes;1531;Déclaration des recettes annuelles;1990;Sormann;Daniel;Conseil national;2750.0
party-30-F-006;fr;party;30;FALSE;2025;;;/api/frontend/latest/fr/downloads/financings/30?with_budget=false;b2c545fad513522f0b93f19e9aadf841dd6bc438f388b7183733c143faf1b7fa;46267.39558132396;Financement des partis 2025;31.12.2025;42;Union Démocratique du Centre (UDC);Personne morale ou société de personnes;1531;Déclaration des recettes annuelles;1991;Stettler;Thomas;Conseil national;2750.0
party-30-F-006;fr;party;30;FALSE;2025;;;/api/frontend/latest/fr/downloads/financings/30?with_budget=false;b2c545fad513522f0b93f19e9aadf841dd6bc438f388b7183733c143faf1b7fa;46267.39558132471;Financement des partis 2025;31.12.2025;42;Union Démocratique du Centre (UDC);Personne morale ou société de personnes;1531;Déclaration des recettes annuelles;1992;Knutti;Thomas;Conseil national;2750.0
party-30-F-006;fr;party;30;FALSE;2025;;;/api/frontend/latest/fr/downloads/financings/30?with_budget=false;b2c545fad513522f0b93f19e9aadf841dd6bc438f388b7183733c143faf1b7fa;46267.395581325414;Financement des partis 2025;31.12.2025;42;Union Démocratique du Centre (UDC);Personne morale ou société de personnes;1531;Déclaration des recettes annuelles;1993;Fehr-Düsel;Nina;Conseil national;2750.0
party-30-F-006;fr;party;30;FALSE;2025;;;/api/frontend/latest/fr/downloads/financings/30?with_budget=false;b2c545fad513522f0b93f19e9aadf841dd6bc438f388b7183733c143faf1b7fa;46267.395581326135;Financement des partis 2025;31.12.2025;42;Union Démocratique du Centre (UDC);Personne morale ou société de personnes;1531;Déclaration des recettes annuelles;1994;Thalmann-Bieri;Vroni;Conseil national;2750.0
party-30-F-006;fr;party;30;FALSE;2025;;;/api/frontend/latest/fr/downloads/financings/30?with_budget=false;b2c545fad513522f0b93f19e9aadf841dd6bc438f388b7183733c143faf1b7fa;46267.395581326884;Financement des partis 2025;31.12.2025;42;Union Démocratique du Centre (UDC);Personne morale ou société de personnes;1531;Déclaration des recettes annuelles;1995;Gartmann;Walter;Conseil national;2750.0
party-30-F-006;fr;party;30;FALSE;2025;;;/api/frontend/latest/fr/downloads/financings/30?with_budget=false;b2c545fad513522f0b93f19e9aadf841dd6bc438f388b7183733c143faf1b7fa;46267.3955813276;Financement des partis 2025;31.12.2025;42;Union Démocratique du Centre (UDC);Personne morale ou société de personnes;1531;Déclaration des recettes annuelles;1996;Wyssmann;Rémy;Conseil national;2750.0
party-30-F-006;fr;party;30;FALSE;2025;;;/api/frontend/latest/fr/downloads/financings/30?with_budget=false;b2c545fad513522f0b93f19e9aadf841dd6bc438f388b7183733c143faf1b7fa;46267.395581328325;Financement des partis 2025;31.12.2025;42;Union Démocratique du Centre (UDC);Personne morale ou société de personnes;1531;Déclaration des recettes annuelles;1997;Pahud;Yvan;Conseil national;2750.0
party-30-F-006;fr;party;30;FALSE;2025;;;/api/frontend/latest/fr/downloads/financings/30?with_budget=false;b2c545fad513522f0b93f19e9aadf841dd6bc438f388b7183733c143faf1b7fa;46267.39558132904;Financement des partis 2025;31.12.2025;42;Union Démocratique du Centre (UDC);Personne morale ou société de personnes;1531;Déclaration des recettes annuelles;1998;Brunner;Aarthur;Tribunal fédéral;1000.0
party-30-F-006;fr;party;30;FALSE;2025;;;/api/frontend/latest/fr/downloads/financings/30?with_budget=false;b2c545fad513522f0b93f19e9aadf841dd6bc438f388b7183733c143faf1b7fa;46267.39558133027;Financement des partis 2025;31.12.2025;42;Union Démocratique du Centre (UDC);Personne morale ou société de personnes;1531;Déclaration des recettes annuelles;1999;Metzger;Stephan;Tribunal administratif fédéral;5000.0
party-30-F-006;fr;party;30;FALSE;2025;;;/api/frontend/latest/fr/downloads/financings/30?with_budget=false;b2c545fad513522f0b93f19e9aadf841dd6bc438f388b7183733c143faf1b7fa;46267.395581331024;Financement des partis 2025;31.12.2025;42;Union Démocratique du Centre (UDC);Personne morale ou société de personnes;1531;Déclaration des recettes annuelles;2000;Bollinger;Susanne;Tribunal fédéral;8000.0
party-30-F-006;fr;party;30;FALSE;2025;;;/api/frontend/latest/fr/downloads/financings/30?with_budget=false;b2c545fad513522f0b93f19e9aadf841dd6bc438f388b7183733c143faf1b7fa;46267.395581331875;Financement des partis 2025;31.12.2025;42;Union Démocratique du Centre (UDC);Personne morale ou société de personnes;1531;Déclaration des recettes annuelles;2001;Bischof;Patrick;Tribunal fédéral;1000.0
party-30-F-006;fr;party;30;FALSE;2025;;;/api/frontend/latest/fr/downloads/financings/30?with_budget=false;b2c545fad513522f0b93f19e9aadf841dd6bc438f388b7183733c143faf1b7fa;46267.3955813326;Financement des partis 2025;31.12.2025;42;Union Démocratique du Centre (UDC);Personne morale ou société de personnes;1531;Déclaration des recettes annuelles;2002;Guidon;Patrick;Tribunal fédéral;8000.0
party-30-F-006;fr;party;30;FALSE;2025;;;/api/frontend/latest/fr/downloads/financings/30?with_budget=false;b2c545fad513522f0b93f19e9aadf841dd6bc438f388b7183733c143faf1b7fa;46267.39558133334;Financement des partis 2025;31.12.2025;42;Union Démocratique du Centre (UDC);Personne morale ou société de personnes;1531;Déclaration des recettes annuelles;2003;Josi;Christian;Tribunal fédéral;8000.0
party-30-F-006;fr;party;30;FALSE;2025;;;/api/frontend/latest/fr/downloads/financings/30?with_budget=false;b2c545fad513522f0b93f19e9aadf841dd6bc438f388b7183733c143faf1b7fa;46267.395581334225;Financement des partis 2025;31.12.2025;42;Union Démocratique du Centre (UDC);Personne morale ou société de personnes;1531;Déclaration des recettes annuelles;2004;Pasi;Pierluigi;Tribunal pénal fédéral;1100.0
party-30-F-006;fr;party;30;FALSE;2025;;;/api/frontend/latest/fr/downloads/financings/30?with_budget=false;b2c545fad513522f0b93f19e9aadf841dd6bc438f388b7183733c143faf1b7fa;46267.39558133516;Financement des partis 2025;31.12.2025;42;Union Démocratique du Centre (UDC);Personne morale ou société de personnes;1531;Déclaration des recettes annuelles;2005;Gerber;Kaspar;Tribunal administratif fédéral;5000.0
party-30-F-006;fr;party;30;FALSE;2025;;;/api/frontend/latest/fr/downloads/financings/30?with_budget=false;b2c545fad513522f0b93f19e9aadf841dd6bc438f388b7183733c143faf1b7fa;46267.39558133589;Financement des partis 2025;31.12.2025;42;Union Démocratique du Centre (UDC);Personne morale ou société de personnes;1531;Déclaration des recettes annuelles;2006;Lanz;Mathias;Tribunal administratif fédéral;5000.0
party-30-F-006;fr;party;30;FALSE;2025;;;/api/frontend/latest/fr/downloads/financings/30?with_budget=false;b2c545fad513522f0b93f19e9aadf841dd6bc438f388b7183733c143faf1b7fa;46267.395581336605;Financement des partis 2025;31.12.2025;42;Union Démocratique du Centre (UDC);Personne morale ou société de personnes;1531;Déclaration des recettes annuelles;2007;Müller;Lukas;Tribunal administratif fédéral;5000.0
party-30-F-006;fr;party;30;FALSE;2025;;;/api/frontend/latest/fr/downloads/financings/30?with_budget=false;b2c545fad513522f0b93f19e9aadf841dd6bc438f388b7183733c143faf1b7fa;46267.3955813373;Financement des partis 2025;31.12.2025;42;Union Démocratique du Centre (UDC);Personne morale ou société de personnes;1531;Déclaration des recettes annuelles;2008;Glur;Christian;Conseil national;2750.0
party-30-F-008;fr;party;30;FALSE;2025;;;/api/frontend/latest/fr/downloads/financings/30?with_budget=false;b2c545fad513522f0b93f19e9aadf841dd6bc438f388b7183733c143faf1b7fa;46267.39558137115;Financement des partis 2025;31.12.2025;268;Mouvement Citoyens Genevois;Personne morale ou société de personnes;1534;Déclaration des recettes annuelles;2056;Poggia;Mauro;Conseil des États;5000.0
party-30-F-008;fr;party;30;FALSE;2025;;;/api/frontend/latest/fr/downloads/financings/30?with_budget=false;b2c545fad513522f0b93f19e9aadf841dd6bc438f388b7183733c143faf1b7fa;46267.39558137187;Financement des partis 2025;31.12.2025;268;Mouvement Citoyens Genevois;Personne morale ou société de personnes;1534;Déclaration des recettes annuelles;2057;Golay;Roger;Conseil national;5000.0
party-30-F-008;fr;party;30;FALSE;2025;;;/api/frontend/latest/fr/downloads/financings/30?with_budget=false;b2c545fad513522f0b93f19e9aadf841dd6bc438f388b7183733c143faf1b7fa;46267.395581372526;Financement des partis 2025;31.12.2025;268;Mouvement Citoyens Genevois;Personne morale ou société de personnes;1534;Déclaration des recettes annuelles;2058;Sormanni;Daniel;Conseil national;5000.0
party-30-F-007;fr;party;30;FALSE;2025;;;/api/frontend/latest/fr/downloads/financings/30?with_budget=false;b2c545fad513522f0b93f19e9aadf841dd6bc438f388b7183733c143faf1b7fa;46267.39558133797;Financement des partis 2025;31.12.2025;9;Les VERT-E-S suisses;Personne morale ou société de personnes;1533;Déclaration des recettes annuelles;2063;Andrey;Gerhard;Conseil national;8000.0
party-30-F-007;fr;party;30;FALSE;2025;;;/api/frontend/latest/fr/downloads/financings/30?with_budget=false;b2c545fad513522f0b93f19e9aadf841dd6bc438f388b7183733c143faf1b7fa;46267.39558133868;Financement des partis 2025;31.12.2025;9;Les VERT-E-S suisses;Personne morale ou société de personnes;1533;Déclaration des recettes annuelles;2064;Arslan;Sibel;Conseil national;9000.0
party-30-F-007;fr;party;30;FALSE;2025;;;/api/frontend/latest/fr/downloads/financings/30?with_budget=false;b2c545fad513522f0b93f19e9aadf841dd6bc438f388b7183733c143faf1b7fa;46267.39558133933;Financement des partis 2025;31.12.2025;9;Les VERT-E-S suisses;Personne morale ou société de personnes;1533;Déclaration des recettes annuelles;2065;Badertscher;Christine;Conseil national;6000.0
party-30-F-007;fr;party;30;FALSE;2025;;;/api/frontend/latest/fr/downloads/financings/30?with_budget=false;b2c545fad513522f0b93f19e9aadf841dd6bc438f388b7183733c143faf1b7fa;46267.39558134019;Financement des partis 2025;31.12.2025;9;Les VERT-E-S suisses;Personne morale ou société de personnes;1533;Déclaration des recettes annuelles;2066;Baumann;Kilian;Conseil national;6000.0
party-30-F-007;fr;party;30;FALSE;2025;;;/api/frontend/latest/fr/downloads/financings/30?with_budget=false;b2c545fad513522f0b93f19e9aadf841dd6bc438f388b7183733c143faf1b7fa;46267.39558134086;Financement des partis 2025;31.12.2025;9;Les VERT-E-S suisses;Personne morale ou société de personnes;1533;Déclaration des recettes annuelles;2067;Brenzikofer;Florence;Conseil national;7000.0
party-30-F-007;fr;party;30;FALSE;2025;;;/api/frontend/latest/fr/downloads/financings/30?with_budget=false;b2c545fad513522f0b93f19e9aadf841dd6bc438f388b7183733c143faf1b7fa;46267.3955813415;Financement des partis 2025;31.12.2025;9;Les VERT-E-S suisses;Personne morale ou société de personnes;1533;Déclaration des recettes annuelles;2068;Clivaz;Christophe;Conseil national;6000.0
party-30-F-007;fr;party;30;FALSE;2025;;;/api/frontend/latest/fr/downloads/financings/30?with_budget=false;b2c545fad513522f0b93f19e9aadf841dd6bc438f388b7183733c143faf1b7fa;46267.39558134217;Financement des partis 2025;31.12.2025;9;Les VERT-E-S suisses;Personne morale ou société de personnes;1533;Déclaration des recettes annuelles;2069;Fivaz;Fabien;Conseil national;8500.0
party-30-F-007;fr;party;30;FALSE;2025;;;/api/frontend/latest/fr/downloads/financings/30?with_budget=false;b2c545fad513522f0b93f19e9aadf841dd6bc438f388b7183733c143faf1b7fa;46267.39558134296;Financement des partis 2025;31.12.2025;9;Les VERT-E-S suisses;Personne morale ou société de personnes;1533;Déclaration des recettes annuelles;2070;Glättli;Balthasar;Conseil national;8000.0
party-30-F-007;fr;party;30;FALSE;2025;;;/api/frontend/latest/fr/downloads/financings/30?with_budget=false;b2c545fad513522f0b93f19e9aadf841dd6bc438f388b7183733c143faf1b7fa;46267.395581343626;Financement des partis 2025;31.12.2025;9;Les VERT-E-S suisses;Personne morale ou société de personnes;1533;Déclaration des recettes annuelles;2071;Graf;Maya;Conseil des États;9000.0
party-30-F-007;fr;party;30;FALSE;2025;;;/api/frontend/latest/fr/downloads/financings/30?with_budget=false;b2c545fad513522f0b93f19e9aadf841dd6bc438f388b7183733c143faf1b7fa;46267.39558134429;Financement des partis 2025;31.12.2025;9;Les VERT-E-S suisses;Personne morale ou société de personnes;1533;Déclaration des recettes annuelles;2072;Gysin;Greta;Conseil national;6000.0
party-30-F-007;fr;party;30;FALSE;2025;;;/api/frontend/latest/fr/downloads/financings/30?with_budget=false;b2c545fad513522f0b93f19e9aadf841dd6bc438f388b7183733c143faf1b7fa;46267.395581344936;Financement des partis 2025;31.12.2025;9;Les VERT-E-S suisses;Personne morale ou société de personnes;1533;Déclaration des recettes annuelles;2073;Kälin;Irene;Conseil national;6000.0
party-30-F-007;fr;party;30;FALSE;2025;;;/api/frontend/latest/fr/downloads/financings/30?with_budget=false;b2c545fad513522f0b93f19e9aadf841dd6bc438f388b7183733c143faf1b7fa;46267.39558134556;Financement des partis 2025;31.12.2025;9;Les VERT-E-S suisses;Personne morale ou société de personnes;1533;Déclaration des recettes annuelles;2074;Klopfenstein;Delphine;Conseil national;8000.0
party-30-F-007;fr;party;30;FALSE;2025;;;/api/frontend/latest/fr/downloads/financings/30?with_budget=false;b2c545fad513522f0b93f19e9aadf841dd6bc438f388b7183733c143faf1b7fa;46267.39558134622;Financement des partis 2025;31.12.2025;9;Les VERT-E-S suisses;Personne morale ou société de personnes;1533;Déclaration des recettes annuelles;2075;Mahaim;Raphaël;Conseil national;6000.0
party-30-F-007;fr;party;30;FALSE;2025;;;/api/frontend/latest/fr/downloads/financings/30?with_budget=false;b2c545fad513522f0b93f19e9aadf841dd6bc438f388b7183733c143faf1b7fa;46267.39558134702;Financement des partis 2025;31.12.2025;9;Les VERT-E-S suisses;Personne morale ou société de personnes;1533;Déclaration des recettes annuelles;2076;Michaud Gigon;Sophie;Conseil national;6000.0
party-30-F-007;fr;party;30;FALSE;2025;;;/api/frontend/latest/fr/downloads/financings/30?with_budget=false;b2c545fad513522f0b93f19e9aadf841dd6bc438f388b7183733c143faf1b7fa;46267.3955813478;Financement des partis 2025;31.12.2025;9;Les VERT-E-S suisses;Personne morale ou société de personnes;1533;Déclaration des recettes annuelles;2077;Porchet;Léonore;Conseil national;6000.0
party-30-F-007;fr;party;30;FALSE;2025;;;/api/frontend/latest/fr/downloads/financings/30?with_budget=false;b2c545fad513522f0b93f19e9aadf841dd6bc438f388b7183733c143faf1b7fa;46267.39558134841;Financement des partis 2025;31.12.2025;9;Les VERT-E-S suisses;Personne morale ou société de personnes;1533;Déclaration des recettes annuelles;2078;Prelicz-Huber;Katharina;Conseil national;8000.0
party-30-F-007;fr;party;30;FALSE;2025;;;/api/frontend/latest/fr/downloads/financings/30?with_budget=false;b2c545fad513522f0b93f19e9aadf841dd6bc438f388b7183733c143faf1b7fa;46267.39558134926;Financement des partis 2025;31.12.2025;9;Les VERT-E-S suisses;Personne morale ou société de personnes;1533;Déclaration des recettes annuelles;2079;Ryser;Franziska;Conseil national;6000.0
party-30-F-007;fr;party;30;FALSE;2025;;;/api/frontend/latest/fr/downloads/financings/30?with_budget=false;b2c545fad513522f0b93f19e9aadf841dd6bc438f388b7183733c143faf1b7fa;46267.39558134993;Financement des partis 2025;31.12.2025;9;Les VERT-E-S suisses;Personne morale ou société de personnes;1533;Déclaration des recettes annuelles;2080;Schlatter;Marionna;Conseil national;6000.0
party-30-F-007;fr;party;30;FALSE;2025;;;/api/frontend/latest/fr/downloads/financings/30?with_budget=false;b2c545fad513522f0b93f19e9aadf841dd6bc438f388b7183733c143faf1b7fa;46267.39558135059;Financement des partis 2025;31.12.2025;9;Les VERT-E-S suisses;Personne morale ou société de personnes;1533;Déclaration des recettes annuelles;2081;Schneider;Meret;Conseil national;6000.0
party-30-F-007;fr;party;30;FALSE;2025;;;/api/frontend/latest/fr/downloads/financings/30?with_budget=false;b2c545fad513522f0b93f19e9aadf841dd6bc438f388b7183733c143faf1b7fa;46267.395581351244;Financement des partis 2025;31.12.2025;9;Les VERT-E-S suisses;Personne morale ou société de personnes;1533;Déclaration des recettes annuelles;2082;Töngi;Michael;Conseil national;8000.0
party-30-F-007;fr;party;30;FALSE;2025;;;/api/frontend/latest/fr/downloads/financings/30?with_budget=false;b2c545fad513522f0b93f19e9aadf841dd6bc438f388b7183733c143faf1b7fa;46267.39558135203;Financement des partis 2025;31.12.2025;9;Les VERT-E-S suisses;Personne morale ou société de personnes;1533;Déclaration des recettes annuelles;2083;Trede;Aline;Conseil national;8000.0
party-30-F-007;fr;party;30;FALSE;2025;;;/api/frontend/latest/fr/downloads/financings/30?with_budget=false;b2c545fad513522f0b93f19e9aadf841dd6bc438f388b7183733c143faf1b7fa;46267.39558135267;Financement des partis 2025;31.12.2025;9;Les VERT-E-S suisses;Personne morale ou société de personnes;1533;Déclaration des recettes annuelles;2084;Vara;Céline;Conseil des États;2250.0
party-30-F-007;fr;party;30;FALSE;2025;;;/api/frontend/latest/fr/downloads/financings/30?with_budget=false;b2c545fad513522f0b93f19e9aadf841dd6bc438f388b7183733c143faf1b7fa;46267.395581353296;Financement des partis 2025;31.12.2025;9;Les VERT-E-S suisses;Personne morale ou société de personnes;1533;Déclaration des recettes annuelles;2085;Walder;Nicolas;Conseil national;6000.0
party-30-F-007;fr;party;30;FALSE;2025;;;/api/frontend/latest/fr/downloads/financings/30?with_budget=false;b2c545fad513522f0b93f19e9aadf841dd6bc438f388b7183733c143faf1b7fa;46267.395581353936;Financement des partis 2025;31.12.2025;9;Les VERT-E-S suisses;Personne morale ou société de personnes;1533;Déclaration des recettes annuelles;2086;Weichelt;Manuela;Conseil national;8000.0
party-30-F-007;fr;party;30;FALSE;2025;;;/api/frontend/latest/fr/downloads/financings/30?with_budget=false;b2c545fad513522f0b93f19e9aadf841dd6bc438f388b7183733c143faf1b7fa;46267.39558135468;Financement des partis 2025;31.12.2025;9;Les VERT-E-S suisses;Personne morale ou société de personnes;1533;Déclaration des recettes annuelles;2087;Wettstein;Felix;Conseil national;6000.0
party-30-F-007;fr;party;30;FALSE;2025;;;/api/frontend/latest/fr/downloads/financings/30?with_budget=false;b2c545fad513522f0b93f19e9aadf841dd6bc438f388b7183733c143faf1b7fa;46267.395581355326;Financement des partis 2025;31.12.2025;9;Les VERT-E-S suisses;Personne morale ou société de personnes;1533;Déclaration des recettes annuelles;2088;Zopfi;Mathias;Conseil des États;9000.0
party-30-F-007;fr;party;30;FALSE;2025;;;/api/frontend/latest/fr/downloads/financings/30?with_budget=false;b2c545fad513522f0b93f19e9aadf841dd6bc438f388b7183733c143faf1b7fa;46267.395581356286;Financement des partis 2025;31.12.2025;9;Les VERT-E-S suisses;Personne morale ou société de personnes;1533;Déclaration des recettes annuelles;2089;Antonioni Luftensteiner;Emilia;Tribunal administratif fédéral;8204.0
party-30-F-007;fr;party;30;FALSE;2025;;;/api/frontend/latest/fr/downloads/financings/30?with_budget=false;b2c545fad513522f0b93f19e9aadf841dd6bc438f388b7183733c143faf1b7fa;46267.395581356985;Financement des partis 2025;31.12.2025;9;Les VERT-E-S suisses;Personne morale ou société de personnes;1533;Déclaration des recettes annuelles;2090;Aubry Girardin;Florence;Tribunal fédéral;10000.0
party-30-F-007;fr;party;30;FALSE;2025;;;/api/frontend/latest/fr/downloads/financings/30?with_budget=false;b2c545fad513522f0b93f19e9aadf841dd6bc438f388b7183733c143faf1b7fa;46267.39558135765;Financement des partis 2025;31.12.2025;9;Les VERT-E-S suisses;Personne morale ou société de personnes;1533;Déclaration des recettes annuelles;2091;Bolz Reimann;Susanne;Tribunal administratif fédéral;6600.0
party-30-F-007;fr;party;30;FALSE;2025;;;/api/frontend/latest/fr/downloads/financings/30?with_budget=false;b2c545fad513522f0b93f19e9aadf841dd6bc438f388b7183733c143faf1b7fa;46267.3955813587;Financement des partis 2025;31.12.2025;9;Les VERT-E-S suisses;Personne morale ou société de personnes;1533;Déclaration des recettes annuelles;2092;Demont;Maric;Tribunal pénal fédéral;9228.0
party-30-F-007;fr;party;30;FALSE;2025;;;/api/frontend/latest/fr/downloads/financings/30?with_budget=false;b2c545fad513522f0b93f19e9aadf841dd6bc438f388b7183733c143faf1b7fa;46267.3955813595;Financement des partis 2025;31.12.2025;9;Les VERT-E-S suisses;Personne morale ou société de personnes;1533;Déclaration des recettes annuelles;2093;Christian;Denys;Tribunal fédéral;10104.0
party-30-F-007;fr;party;30;FALSE;2025;;;/api/frontend/latest/fr/downloads/financings/30?with_budget=false;b2c545fad513522f0b93f19e9aadf841dd6bc438f388b7183733c143faf1b7fa;46267.395581360186;Financement des partis 2025;31.12.2025;9;Les VERT-E-S suisses;Personne morale ou société de personnes;1533;Déclaration des recettes annuelles;2094;Derrer;Regina;Tribunal administratif fédéral;6691.2
party-30-F-007;fr;party;30;FALSE;2025;;;/api/frontend/latest/fr/downloads/financings/30?with_budget=false;b2c545fad513522f0b93f19e9aadf841dd6bc438f388b7183733c143faf1b7fa;46267.39558136083;Financement des partis 2025;31.12.2025;9;Les VERT-E-S suisses;Personne morale ou société de personnes;1533;Déclaration des recettes annuelles;2095;Hartmann;Stephan;Tribunal fédéral;18000.0
party-30-F-007;fr;party;30;FALSE;2025;;;/api/frontend/latest/fr/downloads/financings/30?with_budget=false;b2c545fad513522f0b93f19e9aadf841dd6bc438f388b7183733c143faf1b7fa;46267.395581361474;Financement des partis 2025;31.12.2025;9;Les VERT-E-S suisses;Personne morale ou société de personnes;1533;Déclaration des recettes annuelles;2096;Kempe;Sebastian;Tribunal administratif fédéral;7356.0
party-30-F-007;fr;party;30;FALSE;2025;;;/api/frontend/latest/fr/downloads/financings/30?with_budget=false;b2c545fad513522f0b93f19e9aadf841dd6bc438f388b7183733c143faf1b7fa;46267.395581362194;Financement des partis 2025;31.12.2025;9;Les VERT-E-S suisses;Personne morale ou société de personnes;1533;Déclaration des recettes annuelles;2097;Kölz;Christian;Tribunal fédéral;21840.0
party-30-F-007;fr;party;30;FALSE;2025;;;/api/frontend/latest/fr/downloads/financings/30?with_budget=false;b2c545fad513522f0b93f19e9aadf841dd6bc438f388b7183733c143faf1b7fa;46267.395581362936;Financement des partis 2025;31.12.2025;9;Les VERT-E-S suisses;Personne morale ou société de personnes;1533;Déclaration des recettes annuelles;2098;Mariéthoz Wyssen;Camilla;Tribunal administratif fédéral;3780.0
party-30-F-007;fr;party;30;FALSE;2025;;;/api/frontend/latest/fr/downloads/financings/30?with_budget=false;b2c545fad513522f0b93f19e9aadf841dd6bc438f388b7183733c143faf1b7fa;46267.39558136359;Financement des partis 2025;31.12.2025;9;Les VERT-E-S suisses;Personne morale ou société de personnes;1533;Déclaration des recettes annuelles;2099;Merz;Laurent;Tribunal fédéral;21840.0
party-30-F-007;fr;party;30;FALSE;2025;;;/api/frontend/latest/fr/downloads/financings/30?with_budget=false;b2c545fad513522f0b93f19e9aadf841dd6bc438f388b7183733c143faf1b7fa;46267.39558136427;Financement des partis 2025;31.12.2025;9;Les VERT-E-S suisses;Personne morale ou société de personnes;1533;Déclaration des recettes annuelles;2100;Métral;Jean;Tribunal fédéral;18000.0
party-30-F-007;fr;party;30;FALSE;2025;;;/api/frontend/latest/fr/downloads/financings/30?with_budget=false;b2c545fad513522f0b93f19e9aadf841dd6bc438f388b7183733c143faf1b7fa;46267.39558136492;Financement des partis 2025;31.12.2025;9;Les VERT-E-S suisses;Personne morale ou société de personnes;1533;Déclaration des recettes annuelles;2101;Piras;Chiara;Tribunal administratif fédéral;4800.0
party-30-F-007;fr;party;30;FALSE;2025;;;/api/frontend/latest/fr/downloads/financings/30?with_budget=false;b2c545fad513522f0b93f19e9aadf841dd6bc438f388b7183733c143faf1b7fa;46267.39558136559;Financement des partis 2025;31.12.2025;9;Les VERT-E-S suisses;Personne morale ou société de personnes;1533;Déclaration des recettes annuelles;2102;Ruedin;Pierre-Emmanuel;Tribunal administratif fédéral;4387.4
party-30-F-007;fr;party;30;FALSE;2025;;;/api/frontend/latest/fr/downloads/financings/30?with_budget=false;b2c545fad513522f0b93f19e9aadf841dd6bc438f388b7183733c143faf1b7fa;46267.395581366334;Financement des partis 2025;31.12.2025;9;Les VERT-E-S suisses;Personne morale ou société de personnes;1533;Déclaration des recettes annuelles;2103;Theis;Contessina;Tribunal administratif fédéral;5040.0
party-30-F-007;fr;party;30;FALSE;2025;;;/api/frontend/latest/fr/downloads/financings/30?with_budget=false;b2c545fad513522f0b93f19e9aadf841dd6bc438f388b7183733c143faf1b7fa;46267.395581366996;Financement des partis 2025;31.12.2025;9;Les VERT-E-S suisses;Personne morale ou société de personnes;1533;Déclaration des recettes annuelles;2104;Widmer;Iris;Tribunal administratif fédéral;5004.0
party-30-F-007;fr;party;30;FALSE;2025;;;/api/frontend/latest/fr/downloads/financings/30?with_budget=false;b2c545fad513522f0b93f19e9aadf841dd6bc438f388b7183733c143faf1b7fa;46267.395581367644;Financement des partis 2025;31.12.2025;9;Les VERT-E-S suisses;Personne morale ou société de personnes;1533;Déclaration des recettes annuelles;2105;Zufferey;Nathalie;Tribunal pénal fédéral;6600.0
party-30-F-007;fr;party;30;FALSE;2025;;;/api/frontend/latest/fr/downloads/financings/30?with_budget=false;b2c545fad513522f0b93f19e9aadf841dd6bc438f388b7183733c143faf1b7fa;46267.395581368415;Financement des partis 2025;31.12.2025;9;Les VERT-E-S suisses;Personne morale ou société de personnes;1533;Déclaration des recettes annuelles;2106;Katharina;Giovannone;Tribunal pénal fédéral;350.0
party-30-F-007;fr;party;30;FALSE;2025;;;/api/frontend/latest/fr/downloads/financings/30?with_budget=false;b2c545fad513522f0b93f19e9aadf841dd6bc438f388b7183733c143faf1b7fa;46267.395581369055;Financement des partis 2025;31.12.2025;9;Les VERT-E-S suisses;Personne morale ou société de personnes;1533;Déclaration des recettes annuelles;2107;Philipp;Egli;Tribunal administratif fédéral;10612.0
party-30-F-007;fr;party;30;FALSE;2025;;;/api/frontend/latest/fr/downloads/financings/30?with_budget=false;b2c545fad513522f0b93f19e9aadf841dd6bc438f388b7183733c143faf1b7fa;46267.395581369805;Financement des partis 2025;31.12.2025;9;Les VERT-E-S suisses;Personne morale ou société de personnes;1533;Déclaration des recettes annuelles;2108;Berli;Rudi;Conseil national;1500.0
party-30-F-007;fr;party;30;FALSE;2025;;;/api/frontend/latest/fr/downloads/financings/30?with_budget=false;b2c545fad513522f0b93f19e9aadf841dd6bc438f388b7183733c143faf1b7fa;46267.395581370474;Financement des partis 2025;31.12.2025;9;Les VERT-E-S suisses;Personne morale ou société de personnes;1533;Déclaration des recettes annuelles;2109;Chollet;Clarence;Conseil national;4500.0
party-30-F-010;fr;party;30;FALSE;2025;;;/api/frontend/latest/fr/downloads/financings/30?with_budget=false;b2c545fad513522f0b93f19e9aadf841dd6bc438f388b7183733c143faf1b7fa;46267.39558137315;Financement des partis 2025;31.12.2025;394;Lega dei Ticinesi;Personne morale ou société de personnes;1540;Déclaration des recettes annuelles;2110;-/-;-/-;Conseil national (-/-);0.0
party-9-F-002;fr;party;9;FALSE;2023;;;/api/frontend/latest/fr/downloads/financings/9?with_budget=false;dbafdf58f97e84e0b21430c4eb5b59bcd01cd93c23c1f08126b0cb254a054398;29.08.25 08:59:22;Financement des partis 2023;31.12.2023;33;Grünliberale Partei Schweiz;Personne morale ou société de personnes;1061;Déclaration des recettes annuelles;1;Misic;Alexander;Tribunal administratif fédéral;9000.0
party-9-F-003;fr;party;9;FALSE;2023;;;/api/frontend/latest/fr/downloads/financings/9?with_budget=false;dbafdf58f97e84e0b21430c4eb5b59bcd01cd93c23c1f08126b0cb254a054398;29.08.25 08:59:22;Financement des partis 2023;31.12.2023;8;Sozialdemokratische Partei der Schweiz;Personne morale ou société de personnes;1062;Déclaration des recettes annuelles;111;Aebischer;Matthias;Conseil national;4439.0
party-9-F-003;fr;party;9;FALSE;2023;;;/api/frontend/latest/fr/downloads/financings/9?with_budget=false;dbafdf58f97e84e0b21430c4eb5b59bcd01cd93c23c1f08126b0cb254a054398;29.08.25 08:59:22;Financement des partis 2023;31.12.2023;8;Sozialdemokratische Partei der Schweiz;Personne morale ou société de personnes;1062;Déclaration des recettes annuelles;112;Amoos;Emmanuel;Conseil national;3482.0
party-9-F-003;fr;party;9;FALSE;2023;;;/api/frontend/latest/fr/downloads/financings/9?with_budget=false;dbafdf58f97e84e0b21430c4eb5b59bcd01cd93c23c1f08126b0cb254a054398;29.08.25 08:59:22;Financement des partis 2023;31.12.2023;8;Sozialdemokratische Partei der Schweiz;Personne morale ou société de personnes;1062;Déclaration des recettes annuelles;113;Atici;Mustafa;Conseil national;6590.0
party-9-F-003;fr;party;9;FALSE;2023;;;/api/frontend/latest/fr/downloads/financings/9?with_budget=false;dbafdf58f97e84e0b21430c4eb5b59bcd01cd93c23c1f08126b0cb254a054398;29.08.25 08:59:22;Financement des partis 2023;31.12.2023;8;Sozialdemokratische Partei der Schweiz;Personne morale ou société de personnes;1062;Déclaration des recettes annuelles;114;Badran;Jacqueline;Conseil national;6821.0
party-9-F-003;fr;party;9;FALSE;2023;;;/api/frontend/latest/fr/downloads/financings/9?with_budget=false;dbafdf58f97e84e0b21430c4eb5b59bcd01cd93c23c1f08126b0cb254a054398;29.08.25 08:59:22;Financement des partis 2023;31.12.2023;8;Sozialdemokratische Partei der Schweiz;Personne morale ou société de personnes;1062;Déclaration des recettes annuelles;115;Barrile;Angelo;Conseil national;4422.0
party-9-F-003;fr;party;9;FALSE;2023;;;/api/frontend/latest/fr/downloads/financings/9?with_budget=false;dbafdf58f97e84e0b21430c4eb5b59bcd01cd93c23c1f08126b0cb254a054398;29.08.25 08:59:22;Financement des partis 2023;31.12.2023;8;Sozialdemokratische Partei der Schweiz;Personne morale ou société de personnes;1062;Déclaration des recettes annuelles;116;Bendahan;Samuel;Conseil national;6300.0
party-9-F-003;fr;party;9;FALSE;2023;;;/api/frontend/latest/fr/downloads/financings/9?with_budget=false;dbafdf58f97e84e0b21430c4eb5b59bcd01cd93c23c1f08126b0cb254a054398;29.08.25 08:59:22;Financement des partis 2023;31.12.2023;8;Sozialdemokratische Partei der Schweiz;Personne morale ou société de personnes;1062;Déclaration des recettes annuelles;117;Birrer-Heimo;Prisca;Conseil national;3816.0
party-9-F-003;fr;party;9;FALSE;2023;;;/api/frontend/latest/fr/downloads/financings/9?with_budget=false;dbafdf58f97e84e0b21430c4eb5b59bcd01cd93c23c1f08126b0cb254a054398;29.08.25 08:59:22;Financement des partis 2023;31.12.2023;8;Sozialdemokratische Partei der Schweiz;Personne morale ou société de personnes;1062;Déclaration des recettes annuelles;118;Carobbio Guscetti;Marina;Conseil des États;950.0
party-9-F-003;fr;party;9;FALSE;2023;;;/api/frontend/latest/fr/downloads/financings/9?with_budget=false;dbafdf58f97e84e0b21430c4eb5b59bcd01cd93c23c1f08126b0cb254a054398;29.08.25 08:59:22;Financement des partis 2023;31.12.2023;8;Sozialdemokratische Partei der Schweiz;Personne morale ou société de personnes;1062;Déclaration des recettes annuelles;119;Crevoisier;Mathilde;Conseil des États;2970.0
party-9-F-003;fr;party;9;FALSE;2023;;;/api/frontend/latest/fr/downloads/financings/9?with_budget=false;dbafdf58f97e84e0b21430c4eb5b59bcd01cd93c23c1f08126b0cb254a054398;29.08.25 08:59:22;Financement des partis 2023;31.12.2023;8;Sozialdemokratische Partei der Schweiz;Personne morale ou société de personnes;1062;Déclaration des recettes annuelles;120;Crottaz;Brigitte;Conseil national;6111.0
party-9-F-003;fr;party;9;FALSE;2023;;;/api/frontend/latest/fr/downloads/financings/9?with_budget=false;dbafdf58f97e84e0b21430c4eb5b59bcd01cd93c23c1f08126b0cb254a054398;29.08.25 08:59:22;Financement des partis 2023;31.12.2023;8;Sozialdemokratische Partei der Schweiz;Personne morale ou société de personnes;1062;Déclaration des recettes annuelles;121;Dandrès;Christian;Conseil national;4304.0
party-9-F-003;fr;party;9;FALSE;2023;;;/api/frontend/latest/fr/downloads/financings/9?with_budget=false;dbafdf58f97e84e0b21430c4eb5b59bcd01cd93c23c1f08126b0cb254a054398;29.08.25 08:59:22;Financement des partis 2023;31.12.2023;8;Sozialdemokratische Partei der Schweiz;Personne morale ou société de personnes;1062;Déclaration des recettes annuelles;122;Fehlmann Rielle;Laurence;Conseil national;4240.0
party-9-F-003;fr;party;9;FALSE;2023;;;/api/frontend/latest/fr/downloads/financings/9?with_budget=false;dbafdf58f97e84e0b21430c4eb5b59bcd01cd93c23c1f08126b0cb254a054398;29.08.25 08:59:22;Financement des partis 2023;31.12.2023;8;Sozialdemokratische Partei der Schweiz;Personne morale ou société de personnes;1062;Déclaration des recettes annuelles;123;Feri;Yvonne;Conseil national;5156.0
party-9-F-003;fr;party;9;FALSE;2023;;;/api/frontend/latest/fr/downloads/financings/9?with_budget=false;dbafdf58f97e84e0b21430c4eb5b59bcd01cd93c23c1f08126b0cb254a054398;29.08.25 08:59:22;Financement des partis 2023;31.12.2023;8;Sozialdemokratische Partei der Schweiz;Personne morale ou société de personnes;1062;Déclaration des recettes annuelles;124;Fridez;Pierre-Alain;Conseil national;8320.0
party-9-F-003;fr;party;9;FALSE;2023;;;/api/frontend/latest/fr/downloads/financings/9?with_budget=false;dbafdf58f97e84e0b21430c4eb5b59bcd01cd93c23c1f08126b0cb254a054398;29.08.25 08:59:22;Financement des partis 2023;31.12.2023;8;Sozialdemokratische Partei der Schweiz;Personne morale ou société de personnes;1062;Déclaration des recettes annuelles;125;Friedl;Claudia;Conseil national;3489.0
party-9-F-003;fr;party;9;FALSE;2023;;;/api/frontend/latest/fr/downloads/financings/9?with_budget=false;dbafdf58f97e84e0b21430c4eb5b59bcd01cd93c23c1f08126b0cb254a054398;29.08.25 08:59:22;Financement des partis 2023;31.12.2023;8;Sozialdemokratische Partei der Schweiz;Personne morale ou société de personnes;1062;Déclaration des recettes annuelles;126;Funiciello;Tamara;Conseil national;2970.0
party-9-F-003;fr;party;9;FALSE;2023;;;/api/frontend/latest/fr/downloads/financings/9?with_budget=false;dbafdf58f97e84e0b21430c4eb5b59bcd01cd93c23c1f08126b0cb254a054398;29.08.25 08:59:22;Financement des partis 2023;31.12.2023;8;Sozialdemokratische Partei der Schweiz;Personne morale ou société de personnes;1062;Déclaration des recettes annuelles;127;Graf-Litscher;Edith;Conseil national;6323.0
party-9-F-003;fr;party;9;FALSE;2023;;;/api/frontend/latest/fr/downloads/financings/9?with_budget=false;dbafdf58f97e84e0b21430c4eb5b59bcd01cd93c23c1f08126b0cb254a054398;29.08.25 08:59:22;Financement des partis 2023;31.12.2023;8;Sozialdemokratische Partei der Schweiz;Personne morale ou société de personnes;1062;Déclaration des recettes annuelles;128;Gysi;Barbara;Conseil national;4605.0
party-9-F-003;fr;party;9;FALSE;2023;;;/api/frontend/latest/fr/downloads/financings/9?with_budget=false;dbafdf58f97e84e0b21430c4eb5b59bcd01cd93c23c1f08126b0cb254a054398;29.08.25 08:59:22;Financement des partis 2023;31.12.2023;8;Sozialdemokratische Partei der Schweiz;Personne morale ou société de personnes;1062;Déclaration des recettes annuelles;129;Herzog;Eva;Conseil des États;8320.0
party-9-F-003;fr;party;9;FALSE;2023;;;/api/frontend/latest/fr/downloads/financings/9?with_budget=false;dbafdf58f97e84e0b21430c4eb5b59bcd01cd93c23c1f08126b0cb254a054398;29.08.25 08:59:22;Financement des partis 2023;31.12.2023;8;Sozialdemokratische Partei der Schweiz;Personne morale ou société de personnes;1062;Déclaration des recettes annuelles;130;Hurni;Baptiste;Conseil national;4658.0
party-9-F-003;fr;party;9;FALSE;2023;;;/api/frontend/latest/fr/downloads/financings/9?with_budget=false;dbafdf58f97e84e0b21430c4eb5b59bcd01cd93c23c1f08126b0cb254a054398;29.08.25 08:59:22;Financement des partis 2023;31.12.2023;8;Sozialdemokratische Partei der Schweiz;Personne morale ou société de personnes;1062;Déclaration des recettes annuelles;131;Jositsch;Daniel;Conseil des États;8320.0
party-9-F-003;fr;party;9;FALSE;2023;;;/api/frontend/latest/fr/downloads/financings/9?with_budget=false;dbafdf58f97e84e0b21430c4eb5b59bcd01cd93c23c1f08126b0cb254a054398;29.08.25 08:59:22;Financement des partis 2023;31.12.2023;8;Sozialdemokratische Partei der Schweiz;Personne morale ou société de personnes;1062;Déclaration des recettes annuelles;132;Locher Benguerel;Sandra;Conseil national;4119.0
party-9-F-003;fr;party;9;FALSE;2023;;;/api/frontend/latest/fr/downloads/financings/9?with_budget=false;dbafdf58f97e84e0b21430c4eb5b59bcd01cd93c23c1f08126b0cb254a054398;29.08.25 08:59:22;Financement des partis 2023;31.12.2023;8;Sozialdemokratische Partei der Schweiz;Personne morale ou société de personnes;1062;Déclaration des recettes annuelles;133;Maillard;Pierre-Yves;Conseil national;5470.0
party-9-F-003;fr;party;9;FALSE;2023;;;/api/frontend/latest/fr/downloads/financings/9?with_budget=false;dbafdf58f97e84e0b21430c4eb5b59bcd01cd93c23c1f08126b0cb254a054398;29.08.25 08:59:22;Financement des partis 2023;31.12.2023;8;Sozialdemokratische Partei der Schweiz;Personne morale ou société de personnes;1062;Déclaration des recettes annuelles;134;Marra;Ada;Conseil national;2991.0
party-9-F-003;fr;party;9;FALSE;2023;;;/api/frontend/latest/fr/downloads/financings/9?with_budget=false;dbafdf58f97e84e0b21430c4eb5b59bcd01cd93c23c1f08126b0cb254a054398;29.08.25 08:59:22;Financement des partis 2023;31.12.2023;8;Sozialdemokratische Partei der Schweiz;Personne morale ou société de personnes;1062;Déclaration des recettes annuelles;135;Marti;Min Li;Conseil national;4025.0
party-9-F-004;fr;party;9;FALSE;2023;;;/api/frontend/latest/fr/downloads/financings/9?with_budget=false;dbafdf58f97e84e0b21430c4eb5b59bcd01cd93c23c1f08126b0cb254a054398;29.08.25 08:59:22;Financement des partis 2023;31.12.2023;42;Union Démocratique du Centre (UDC);Personne morale ou société de personnes;1064;Déclaration des recettes annuelles;1355;Jametti;Monique;Tribunal fédéral;8000.0
party-9-F-004;fr;party;9;FALSE;2023;;;/api/frontend/latest/fr/downloads/financings/9?with_budget=false;dbafdf58f97e84e0b21430c4eb5b59bcd01cd93c23c1f08126b0cb254a054398;29.08.25 08:59:22;Financement des partis 2023;31.12.2023;42;Union Démocratique du Centre (UDC);Personne morale ou société de personnes;1064;Déclaration des recettes annuelles;1356;Müller;Thomas;Tribunal fédéral;8000.0
party-9-F-004;fr;party;9;FALSE;2023;;;/api/frontend/latest/fr/downloads/financings/9?with_budget=false;dbafdf58f97e84e0b21430c4eb5b59bcd01cd93c23c1f08126b0cb254a054398;29.08.25 08:59:22;Financement des partis 2023;31.12.2023;42;Union Démocratique du Centre (UDC);Personne morale ou société de personnes;1064;Déclaration des recettes annuelles;1357;Rüedi;Yves;Tribunal fédéral;8000.0
party-9-F-004;fr;party;9;FALSE;2023;;;/api/frontend/latest/fr/downloads/financings/9?with_budget=false;dbafdf58f97e84e0b21430c4eb5b59bcd01cd93c23c1f08126b0cb254a054398;29.08.25 08:59:22;Financement des partis 2023;31.12.2023;42;Union Démocratique du Centre (UDC);Personne morale ou société de personnes;1064;Déclaration des recettes annuelles;1358;von Werdt;Nicolas;Tribunal fédéral;8000.0
party-9-F-004;fr;party;9;FALSE;2023;;;/api/frontend/latest/fr/downloads/financings/9?with_budget=false;dbafdf58f97e84e0b21430c4eb5b59bcd01cd93c23c1f08126b0cb254a054398;29.08.25 08:59:22;Financement des partis 2023;31.12.2023;42;Union Démocratique du Centre (UDC);Personne morale ou société de personnes;1064;Déclaration des recettes annuelles;1359;Koch;Sonja;Tribunal fédéral;8000.0
party-9-F-003;fr;party;9;FALSE;2023;;;/api/frontend/latest/fr/downloads/financings/9?with_budget=false;dbafdf58f97e84e0b21430c4eb5b59bcd01cd93c23c1f08126b0cb254a054398;29.08.25 08:59:22;Financement des partis 2023;31.12.2023;8;Sozialdemokratische Partei der Schweiz;Personne morale ou société de personnes;1062;Déclaration des recettes annuelles;136;Marti;Samira;Conseil national;3000.0
party-9-F-004;fr;party;9;FALSE;2023;;;/api/frontend/latest/fr/downloads/financings/9?with_budget=false;dbafdf58f97e84e0b21430c4eb5b59bcd01cd93c23c1f08126b0cb254a054398;29.08.25 08:59:22;Financement des partis 2023;31.12.2023;42;Union Démocratique du Centre (UDC);Personne morale ou société de personnes;1064;Déclaration des recettes annuelles;1360;van de Graaf;Beatrice;Tribunal fédéral;8000.0
party-9-F-004;fr;party;9;FALSE;2023;;;/api/frontend/latest/fr/downloads/financings/9?with_budget=false;dbafdf58f97e84e0b21430c4eb5b59bcd01cd93c23c1f08126b0cb254a054398;29.08.25 08:59:22;Financement des partis 2023;31.12.2023;42;Union Démocratique du Centre (UDC);Personne morale ou société de personnes;1064;Déclaration des recettes annuelles;1361;Heine;Alexia;Tribunal fédéral;8000.0
party-9-F-004;fr;party;9;FALSE;2023;;;/api/frontend/latest/fr/downloads/financings/9?with_budget=false;dbafdf58f97e84e0b21430c4eb5b59bcd01cd93c23c1f08126b0cb254a054398;29.08.25 08:59:22;Financement des partis 2023;31.12.2023;42;Union Démocratique du Centre (UDC);Personne morale ou société de personnes;1064;Déclaration des recettes annuelles;1362;Herrmann;Christian;Tribunal fédéral;8000.0
party-9-F-004;fr;party;9;FALSE;2023;;;/api/frontend/latest/fr/downloads/financings/9?with_budget=false;dbafdf58f97e84e0b21430c4eb5b59bcd01cd93c23c1f08126b0cb254a054398;29.08.25 08:59:22;Financement des partis 2023;31.12.2023;42;Union Démocratique du Centre (UDC);Personne morale ou société de personnes;1064;Déclaration des recettes annuelles;1363;Viscione;Daniela;Tribunal fédéral;8000.0
party-9-F-004;fr;party;9;FALSE;2023;;;/api/frontend/latest/fr/downloads/financings/9?with_budget=false;dbafdf58f97e84e0b21430c4eb5b59bcd01cd93c23c1f08126b0cb254a054398;29.08.25 08:59:22;Financement des partis 2023;31.12.2023;42;Union Démocratique du Centre (UDC);Personne morale ou société de personnes;1064;Déclaration des recettes annuelles;1364;Moser-Szeless;Margrit;Tribunal fédéral;8000.0
party-9-F-004;fr;party;9;FALSE;2023;;;/api/frontend/latest/fr/downloads/financings/9?with_budget=false;dbafdf58f97e84e0b21430c4eb5b59bcd01cd93c23c1f08126b0cb254a054398;29.08.25 08:59:22;Financement des partis 2023;31.12.2023;42;Union Démocratique du Centre (UDC);Personne morale ou société de personnes;1064;Déclaration des recettes annuelles;1365;Arndt;Christine;Tribunal fédéral;1000.0
party-9-F-004;fr;party;9;FALSE;2023;;;/api/frontend/latest/fr/downloads/financings/9?with_budget=false;dbafdf58f97e84e0b21430c4eb5b59bcd01cd93c23c1f08126b0cb254a054398;29.08.25 08:59:22;Financement des partis 2023;31.12.2023;42;Union Démocratique du Centre (UDC);Personne morale ou société de personnes;1064;Déclaration des recettes annuelles;1366;Courbat;Céline;Tribunal fédéral;1000.0
party-9-F-004;fr;party;9;FALSE;2023;;;/api/frontend/latest/fr/downloads/financings/9?with_budget=false;dbafdf58f97e84e0b21430c4eb5b59bcd01cd93c23c1f08126b0cb254a054398;29.08.25 08:59:22;Financement des partis 2023;31.12.2023;42;Union Démocratique du Centre (UDC);Personne morale ou société de personnes;1064;Déclaration des recettes annuelles;1367;Weber;Richard;Tribunal fédéral;1000.0
party-9-F-004;fr;party;9;FALSE;2023;;;/api/frontend/latest/fr/downloads/financings/9?with_budget=false;dbafdf58f97e84e0b21430c4eb5b59bcd01cd93c23c1f08126b0cb254a054398;29.08.25 08:59:22;Financement des partis 2023;31.12.2023;42;Union Démocratique du Centre (UDC);Personne morale ou société de personnes;1064;Déclaration des recettes annuelles;1368;Giesser;Yvona;Tribunal fédéral;1000.0
party-9-F-004;fr;party;9;FALSE;2023;;;/api/frontend/latest/fr/downloads/financings/9?with_budget=false;dbafdf58f97e84e0b21430c4eb5b59bcd01cd93c23c1f08126b0cb254a054398;29.08.25 08:59:22;Financement des partis 2023;31.12.2023;42;Union Démocratique du Centre (UDC);Personne morale ou société de personnes;1064;Déclaration des recettes annuelles;1369;Wasser-Keller;Beata;Tribunal fédéral;1000.0
party-9-F-003;fr;party;9;FALSE;2023;;;/api/frontend/latest/fr/downloads/financings/9?with_budget=false;dbafdf58f97e84e0b21430c4eb5b59bcd01cd93c23c1f08126b0cb254a054398;29.08.25 08:59:22;Financement des partis 2023;31.12.2023;8;Sozialdemokratische Partei der Schweiz;Personne morale ou société de personnes;1062;Déclaration des recettes annuelles;137;Masshardt;Nadine;Conseil national;2970.0
party-9-F-004;fr;party;9;FALSE;2023;;;/api/frontend/latest/fr/downloads/financings/9?with_budget=false;dbafdf58f97e84e0b21430c4eb5b59bcd01cd93c23c1f08126b0cb254a054398;29.08.25 08:59:22;Financement des partis 2023;31.12.2023;42;Union Démocratique du Centre (UDC);Personne morale ou société de personnes;1064;Déclaration des recettes annuelles;1370;Bouverat;David;Tribunal pénal fédéral;5000.0
party-9-F-004;fr;party;9;FALSE;2023;;;/api/frontend/latest/fr/downloads/financings/9?with_budget=false;dbafdf58f97e84e0b21430c4eb5b59bcd01cd93c23c1f08126b0cb254a054398;29.08.25 08:59:22;Financement des partis 2023;31.12.2023;42;Union Démocratique du Centre (UDC);Personne morale ou société de personnes;1064;Déclaration des recettes annuelles;1371;Felix;Ulrich;Tribunal pénal fédéral;5000.0
party-9-F-004;fr;party;9;FALSE;2023;;;/api/frontend/latest/fr/downloads/financings/9?with_budget=false;dbafdf58f97e84e0b21430c4eb5b59bcd01cd93c23c1f08126b0cb254a054398;29.08.25 08:59:22;Financement des partis 2023;31.12.2023;42;Union Démocratique du Centre (UDC);Personne morale ou société de personnes;1064;Déclaration des recettes annuelles;1372;Blum;Andrea;Tribunal pénal fédéral;5000.0
party-9-F-004;fr;party;9;FALSE;2023;;;/api/frontend/latest/fr/downloads/financings/9?with_budget=false;dbafdf58f97e84e0b21430c4eb5b59bcd01cd93c23c1f08126b0cb254a054398;29.08.25 08:59:22;Financement des partis 2023;31.12.2023;42;Union Démocratique du Centre (UDC);Personne morale ou société de personnes;1064;Déclaration des recettes annuelles;1373;Stucki;Marcia;Tribunal pénal fédéral;1000.0
party-9-F-004;fr;party;9;FALSE;2023;;;/api/frontend/latest/fr/downloads/financings/9?with_budget=false;dbafdf58f97e84e0b21430c4eb5b59bcd01cd93c23c1f08126b0cb254a054398;29.08.25 08:59:22;Financement des partis 2023;31.12.2023;42;Union Démocratique du Centre (UDC);Personne morale ou société de personnes;1064;Déclaration des recettes annuelles;1374;Steiger;Jürg;Tribunal administratif fédéral;5000.0
party-9-F-004;fr;party;9;FALSE;2023;;;/api/frontend/latest/fr/downloads/financings/9?with_budget=false;dbafdf58f97e84e0b21430c4eb5b59bcd01cd93c23c1f08126b0cb254a054398;29.08.25 08:59:22;Financement des partis 2023;31.12.2023;42;Union Démocratique du Centre (UDC);Personne morale ou société de personnes;1064;Déclaration des recettes annuelles;1375;Tiefenthal;Jürg;Tribunal administratif fédéral;5000.0
party-9-F-004;fr;party;9;FALSE;2023;;;/api/frontend/latest/fr/downloads/financings/9?with_budget=false;dbafdf58f97e84e0b21430c4eb5b59bcd01cd93c23c1f08126b0cb254a054398;29.08.25 08:59:22;Financement des partis 2023;31.12.2023;42;Union Démocratique du Centre (UDC);Personne morale ou société de personnes;1064;Déclaration des recettes annuelles;1376;Baechler;Jean-Luc;Tribunal administratif fédéral;5000.0
party-9-F-004;fr;party;9;FALSE;2023;;;/api/frontend/latest/fr/downloads/financings/9?with_budget=false;dbafdf58f97e84e0b21430c4eb5b59bcd01cd93c23c1f08126b0cb254a054398;29.08.25 08:59:22;Financement des partis 2023;31.12.2023;42;Union Démocratique du Centre (UDC);Personne morale ou société de personnes;1064;Déclaration des recettes annuelles;1377;Willisegger;Daniel;Tribunal administratif fédéral;5000.0
party-9-F-004;fr;party;9;FALSE;2023;;;/api/frontend/latest/fr/downloads/financings/9?with_budget=false;dbafdf58f97e84e0b21430c4eb5b59bcd01cd93c23c1f08126b0cb254a054398;29.08.25 08:59:22;Financement des partis 2023;31.12.2023;42;Union Démocratique du Centre (UDC);Personne morale ou société de personnes;1064;Déclaration des recettes annuelles;1378;Bissegger;Caroline;Tribunal administratif fédéral;5000.0
party-9-F-004;fr;party;9;FALSE;2023;;;/api/frontend/latest/fr/downloads/financings/9?with_budget=false;dbafdf58f97e84e0b21430c4eb5b59bcd01cd93c23c1f08126b0cb254a054398;29.08.25 08:59:22;Financement des partis 2023;31.12.2023;42;Union Démocratique du Centre (UDC);Personne morale ou société de personnes;1064;Déclaration des recettes annuelles;1379;Rohrer;Christoph;Tribunal administratif fédéral;5000.0
party-9-F-003;fr;party;9;FALSE;2023;;;/api/frontend/latest/fr/downloads/financings/9?with_budget=false;dbafdf58f97e84e0b21430c4eb5b59bcd01cd93c23c1f08126b0cb254a054398;29.08.25 08:59:22;Financement des partis 2023;31.12.2023;8;Sozialdemokratische Partei der Schweiz;Personne morale ou société de personnes;1062;Déclaration des recettes annuelles;138;Meyer;Mattea;Conseil national;3129.0
party-9-F-004;fr;party;9;FALSE;2023;;;/api/frontend/latest/fr/downloads/financings/9?with_budget=false;dbafdf58f97e84e0b21430c4eb5b59bcd01cd93c23c1f08126b0cb254a054398;29.08.25 08:59:22;Financement des partis 2023;31.12.2023;42;Union Démocratique du Centre (UDC);Personne morale ou société de personnes;1064;Déclaration des recettes annuelles;1380;Weiss;David;Tribunal administratif fédéral;5000.0
party-9-F-004;fr;party;9;FALSE;2023;;;/api/frontend/latest/fr/downloads/financings/9?with_budget=false;dbafdf58f97e84e0b21430c4eb5b59bcd01cd93c23c1f08126b0cb254a054398;29.08.25 08:59:22;Financement des partis 2023;31.12.2023;42;Union Démocratique du Centre (UDC);Personne morale ou société de personnes;1064;Déclaration des recettes annuelles;1381;Bovier;Gérald;Tribunal administratif fédéral;5000.0
party-9-F-004;fr;party;9;FALSE;2023;;;/api/frontend/latest/fr/downloads/financings/9?with_budget=false;dbafdf58f97e84e0b21430c4eb5b59bcd01cd93c23c1f08126b0cb254a054398;29.08.25 08:59:22;Financement des partis 2023;31.12.2023;42;Union Démocratique du Centre (UDC);Personne morale ou société de personnes;1064;Déclaration des recettes annuelles;1382;Felley;Yanick;Tribunal administratif fédéral;5000.0
party-9-F-004;fr;party;9;FALSE;2023;;;/api/frontend/latest/fr/downloads/financings/9?with_budget=false;dbafdf58f97e84e0b21430c4eb5b59bcd01cd93c23c1f08126b0cb254a054398;29.08.25 08:59:22;Financement des partis 2023;31.12.2023;42;Union Démocratique du Centre (UDC);Personne morale ou société de personnes;1064;Déclaration des recettes annuelles;1383;Scherrer-Bänzinger;Jeannine;Tribunal administratif fédéral;5000.0
party-9-F-004;fr;party;9;FALSE;2023;;;/api/frontend/latest/fr/downloads/financings/9?with_budget=false;dbafdf58f97e84e0b21430c4eb5b59bcd01cd93c23c1f08126b0cb254a054398;29.08.25 08:59:22;Financement des partis 2023;31.12.2023;42;Union Démocratique du Centre (UDC);Personne morale ou société de personnes;1064;Déclaration des recettes annuelles;1384;Thurnheer;Simon M.;Tribunal administratif fédéral;5000.0
party-9-F-004;fr;party;9;FALSE;2023;;;/api/frontend/latest/fr/downloads/financings/9?with_budget=false;dbafdf58f97e84e0b21430c4eb5b59bcd01cd93c23c1f08126b0cb254a054398;29.08.25 08:59:22;Financement des partis 2023;31.12.2023;42;Union Démocratique du Centre (UDC);Personne morale ou société de personnes;1064;Déclaration des recettes annuelles;1385;Freihofer;Gabriela;Tribunal administratif fédéral;5000.0
party-9-F-004;fr;party;9;FALSE;2023;;;/api/frontend/latest/fr/downloads/financings/9?with_budget=false;dbafdf58f97e84e0b21430c4eb5b59bcd01cd93c23c1f08126b0cb254a054398;29.08.25 08:59:22;Financement des partis 2023;31.12.2023;42;Union Démocratique du Centre (UDC);Personne morale ou société de personnes;1064;Déclaration des recettes annuelles;1386;Noli;Lorenz;Tribunal administratif fédéral;5000.0
party-9-F-004;fr;party;9;FALSE;2023;;;/api/frontend/latest/fr/downloads/financings/9?with_budget=false;dbafdf58f97e84e0b21430c4eb5b59bcd01cd93c23c1f08126b0cb254a054398;29.08.25 08:59:22;Financement des partis 2023;31.12.2023;42;Union Démocratique du Centre (UDC);Personne morale ou société de personnes;1064;Déclaration des recettes annuelles;1387;Sauder;Grégory;Tribunal administratif fédéral;5000.0
party-9-F-004;fr;party;9;FALSE;2023;;;/api/frontend/latest/fr/downloads/financings/9?with_budget=false;dbafdf58f97e84e0b21430c4eb5b59bcd01cd93c23c1f08126b0cb254a054398;29.08.25 08:59:22;Financement des partis 2023;31.12.2023;42;Union Démocratique du Centre (UDC);Personne morale ou société de personnes;1064;Déclaration des recettes annuelles;1388;Wenger;David R.;Tribunal administratif fédéral;5000.0
party-9-F-004;fr;party;9;FALSE;2023;;;/api/frontend/latest/fr/downloads/financings/9?with_budget=false;dbafdf58f97e84e0b21430c4eb5b59bcd01cd93c23c1f08126b0cb254a054398;29.08.25 08:59:22;Financement des partis 2023;31.12.2023;42;Union Démocratique du Centre (UDC);Personne morale ou société de personnes;1064;Déclaration des recettes annuelles;1389;Tornare Villanueva;Chrystel;Tribunal administratif fédéral;5000.0
party-9-F-003;fr;party;9;FALSE;2023;;;/api/frontend/latest/fr/downloads/financings/9?with_budget=false;dbafdf58f97e84e0b21430c4eb5b59bcd01cd93c23c1f08126b0cb254a054398;29.08.25 08:59:22;Financement des partis 2023;31.12.2023;8;Sozialdemokratische Partei der Schweiz;Personne morale ou société de personnes;1062;Déclaration des recettes annuelles;139;Molina;Fabian;Conseil national;3342.0
party-9-F-004;fr;party;9;FALSE;2023;;;/api/frontend/latest/fr/downloads/financings/9?with_budget=false;dbafdf58f97e84e0b21430c4eb5b59bcd01cd93c23c1f08126b0cb254a054398;29.08.25 08:59:22;Financement des partis 2023;31.12.2023;42;Union Démocratique du Centre (UDC);Personne morale ou société de personnes;1064;Déclaration des recettes annuelles;1390;Cupa;Basil;Tribunal administratif fédéral;5000.0
party-9-F-004;fr;party;9;FALSE;2023;;;/api/frontend/latest/fr/downloads/financings/9?with_budget=false;dbafdf58f97e84e0b21430c4eb5b59bcd01cd93c23c1f08126b0cb254a054398;29.08.25 08:59:22;Financement des partis 2023;31.12.2023;42;Union Démocratique du Centre (UDC);Personne morale ou société de personnes;1064;Déclaration des recettes annuelles;1391;Addor;Jean-Luc;Conseil national;2553.4
party-9-F-004;fr;party;9;FALSE;2023;;;/api/frontend/latest/fr/downloads/financings/9?with_budget=false;dbafdf58f97e84e0b21430c4eb5b59bcd01cd93c23c1f08126b0cb254a054398;29.08.25 08:59:22;Financement des partis 2023;31.12.2023;42;Union Démocratique du Centre (UDC);Personne morale ou société de personnes;1064;Déclaration des recettes annuelles;1392;Aebi;Andreas;Conseil national;2553.4
party-9-F-004;fr;party;9;FALSE;2023;;;/api/frontend/latest/fr/downloads/financings/9?with_budget=false;dbafdf58f97e84e0b21430c4eb5b59bcd01cd93c23c1f08126b0cb254a054398;29.08.25 08:59:22;Financement des partis 2023;31.12.2023;42;Union Démocratique du Centre (UDC);Personne morale ou société de personnes;1064;Déclaration des recettes annuelles;1393;Aeschi;Thomas;Conseil national;2553.4
party-9-F-004;fr;party;9;FALSE;2023;;;/api/frontend/latest/fr/downloads/financings/9?with_budget=false;dbafdf58f97e84e0b21430c4eb5b59bcd01cd93c23c1f08126b0cb254a054398;29.08.25 08:59:22;Financement des partis 2023;31.12.2023;42;Union Démocratique du Centre (UDC);Personne morale ou société de personnes;1064;Déclaration des recettes annuelles;1394;Amaudruz;Céline;Conseil national;2553.4
party-9-F-004;fr;party;9;FALSE;2023;;;/api/frontend/latest/fr/downloads/financings/9?with_budget=false;dbafdf58f97e84e0b21430c4eb5b59bcd01cd93c23c1f08126b0cb254a054398;29.08.25 08:59:22;Financement des partis 2023;31.12.2023;42;Union Démocratique du Centre (UDC);Personne morale ou société de personnes;1064;Déclaration des recettes annuelles;1395;Bircher;Martina;Conseil national;2553.4
party-9-F-004;fr;party;9;FALSE;2023;;;/api/frontend/latest/fr/downloads/financings/9?with_budget=false;dbafdf58f97e84e0b21430c4eb5b59bcd01cd93c23c1f08126b0cb254a054398;29.08.25 08:59:22;Financement des partis 2023;31.12.2023;42;Union Démocratique du Centre (UDC);Personne morale ou société de personnes;1064;Déclaration des recettes annuelles;1396;Bläsi;Thomas;Conseil national;2553.4
party-9-F-004;fr;party;9;FALSE;2023;;;/api/frontend/latest/fr/downloads/financings/9?with_budget=false;dbafdf58f97e84e0b21430c4eb5b59bcd01cd93c23c1f08126b0cb254a054398;29.08.25 08:59:22;Financement des partis 2023;31.12.2023;42;Union Démocratique du Centre (UDC);Personne morale ou société de personnes;1064;Déclaration des recettes annuelles;1397;Büchel;Roland Rino;Conseil national;2553.4
party-9-F-004;fr;party;9;FALSE;2023;;;/api/frontend/latest/fr/downloads/financings/9?with_budget=false;dbafdf58f97e84e0b21430c4eb5b59bcd01cd93c23c1f08126b0cb254a054398;29.08.25 08:59:22;Financement des partis 2023;31.12.2023;42;Union Démocratique du Centre (UDC);Personne morale ou société de personnes;1064;Déclaration des recettes annuelles;1398;Buffat;Michaël;Conseil national;2553.4
party-9-F-004;fr;party;9;FALSE;2023;;;/api/frontend/latest/fr/downloads/financings/9?with_budget=false;dbafdf58f97e84e0b21430c4eb5b59bcd01cd93c23c1f08126b0cb254a054398;29.08.25 08:59:22;Financement des partis 2023;31.12.2023;42;Union Démocratique du Centre (UDC);Personne morale ou société de personnes;1064;Déclaration des recettes annuelles;1399;Bühler;Manfred;Conseil national;2553.4
party-9-F-003;fr;party;9;FALSE;2023;;;/api/frontend/latest/fr/downloads/financings/9?with_budget=false;dbafdf58f97e84e0b21430c4eb5b59bcd01cd93c23c1f08126b0cb254a054398;29.08.25 08:59:22;Financement des partis 2023;31.12.2023;8;Sozialdemokratische Partei der Schweiz;Personne morale ou société de personnes;1062;Déclaration des recettes annuelles;140;Munz;Martina;Conseil national;4497.0
party-9-F-004;fr;party;9;FALSE;2023;;;/api/frontend/latest/fr/downloads/financings/9?with_budget=false;dbafdf58f97e84e0b21430c4eb5b59bcd01cd93c23c1f08126b0cb254a054398;29.08.25 08:59:22;Financement des partis 2023;31.12.2023;42;Union Démocratique du Centre (UDC);Personne morale ou société de personnes;1064;Déclaration des recettes annuelles;1400;Burgherr;Thomas;Conseil national;2553.4
party-9-F-004;fr;party;9;FALSE;2023;;;/api/frontend/latest/fr/downloads/financings/9?with_budget=false;dbafdf58f97e84e0b21430c4eb5b59bcd01cd93c23c1f08126b0cb254a054398;29.08.25 08:59:22;Financement des partis 2023;31.12.2023;42;Union Démocratique du Centre (UDC);Personne morale ou société de personnes;1064;Déclaration des recettes annuelles;1401;Chiesa;Marco;Conseil des États;2553.4
party-9-F-004;fr;party;9;FALSE;2023;;;/api/frontend/latest/fr/downloads/financings/9?with_budget=false;dbafdf58f97e84e0b21430c4eb5b59bcd01cd93c23c1f08126b0cb254a054398;29.08.25 08:59:22;Financement des partis 2023;31.12.2023;42;Union Démocratique du Centre (UDC);Personne morale ou société de personnes;1064;Déclaration des recettes annuelles;1402;de Courten;Thomas;Conseil national;2553.4
party-9-F-004;fr;party;9;FALSE;2023;;;/api/frontend/latest/fr/downloads/financings/9?with_budget=false;dbafdf58f97e84e0b21430c4eb5b59bcd01cd93c23c1f08126b0cb254a054398;29.08.25 08:59:22;Financement des partis 2023;31.12.2023;42;Union Démocratique du Centre (UDC);Personne morale ou société de personnes;1064;Déclaration des recettes annuelles;1403;Dettling;Marcel;Conseil national;2553.4
party-9-F-004;fr;party;9;FALSE;2023;;;/api/frontend/latest/fr/downloads/financings/9?with_budget=false;dbafdf58f97e84e0b21430c4eb5b59bcd01cd93c23c1f08126b0cb254a054398;29.08.25 08:59:22;Financement des partis 2023;31.12.2023;42;Union Démocratique du Centre (UDC);Personne morale ou société de personnes;1064;Déclaration des recettes annuelles;1404;Egger;Mike;Conseil national;2553.4
party-9-F-004;fr;party;9;FALSE;2023;;;/api/frontend/latest/fr/downloads/financings/9?with_budget=false;dbafdf58f97e84e0b21430c4eb5b59bcd01cd93c23c1f08126b0cb254a054398;29.08.25 08:59:22;Financement des partis 2023;31.12.2023;42;Union Démocratique du Centre (UDC);Personne morale ou société de personnes;1064;Déclaration des recettes annuelles;1405;Estermann;Yvette;Conseil national;2553.4
party-9-F-004;fr;party;9;FALSE;2023;;;/api/frontend/latest/fr/downloads/financings/9?with_budget=false;dbafdf58f97e84e0b21430c4eb5b59bcd01cd93c23c1f08126b0cb254a054398;29.08.25 08:59:22;Financement des partis 2023;31.12.2023;42;Union Démocratique du Centre (UDC);Personne morale ou société de personnes;1064;Déclaration des recettes annuelles;1406;Fischer;Benjamin;Conseil national;2553.4
party-9-F-004;fr;party;9;FALSE;2023;;;/api/frontend/latest/fr/downloads/financings/9?with_budget=false;dbafdf58f97e84e0b21430c4eb5b59bcd01cd93c23c1f08126b0cb254a054398;29.08.25 08:59:22;Financement des partis 2023;31.12.2023;42;Union Démocratique du Centre (UDC);Personne morale ou société de personnes;1064;Déclaration des recettes annuelles;1407;Friedli;Esther;Conseil des États;2553.4
party-9-F-004;fr;party;9;FALSE;2023;;;/api/frontend/latest/fr/downloads/financings/9?with_budget=false;dbafdf58f97e84e0b21430c4eb5b59bcd01cd93c23c1f08126b0cb254a054398;29.08.25 08:59:22;Financement des partis 2023;31.12.2023;42;Union Démocratique du Centre (UDC);Personne morale ou société de personnes;1064;Déclaration des recettes annuelles;1408;Gafner;Andreas;Conseil national;2553.4
party-9-F-004;fr;party;9;FALSE;2023;;;/api/frontend/latest/fr/downloads/financings/9?with_budget=false;dbafdf58f97e84e0b21430c4eb5b59bcd01cd93c23c1f08126b0cb254a054398;29.08.25 08:59:22;Financement des partis 2023;31.12.2023;42;Union Démocratique du Centre (UDC);Personne morale ou société de personnes;1064;Déclaration des recettes annuelles;1409;Geissbühler;Andrea;Conseil national;2553.4
party-9-F-003;fr;party;9;FALSE;2023;;;/api/frontend/latest/fr/downloads/financings/9?with_budget=false;dbafdf58f97e84e0b21430c4eb5b59bcd01cd93c23c1f08126b0cb254a054398;29.08.25 08:59:22;Financement des partis 2023;31.12.2023;8;Sozialdemokratische Partei der Schweiz;Personne morale ou société de personnes;1062;Déclaration des recettes annuelles;141;Nordmann;Roger;Conseil national;5955.0
party-9-F-004;fr;party;9;FALSE;2023;;;/api/frontend/latest/fr/downloads/financings/9?with_budget=false;dbafdf58f97e84e0b21430c4eb5b59bcd01cd93c23c1f08126b0cb254a054398;29.08.25 08:59:22;Financement des partis 2023;31.12.2023;42;Union Démocratique du Centre (UDC);Personne morale ou société de personnes;1064;Déclaration des recettes annuelles;1410;Germann;Hannes;Conseil des États;2553.4
party-9-F-004;fr;party;9;FALSE;2023;;;/api/frontend/latest/fr/downloads/financings/9?with_budget=false;dbafdf58f97e84e0b21430c4eb5b59bcd01cd93c23c1f08126b0cb254a054398;29.08.25 08:59:22;Financement des partis 2023;31.12.2023;42;Union Démocratique du Centre (UDC);Personne morale ou société de personnes;1064;Déclaration des recettes annuelles;1411;Giezendanner;Benjamin;Conseil national;2553.4
party-9-F-004;fr;party;9;FALSE;2023;;;/api/frontend/latest/fr/downloads/financings/9?with_budget=false;dbafdf58f97e84e0b21430c4eb5b59bcd01cd93c23c1f08126b0cb254a054398;29.08.25 08:59:22;Financement des partis 2023;31.12.2023;42;Union Démocratique du Centre (UDC);Personne morale ou société de personnes;1064;Déclaration des recettes annuelles;1412;Glarner;Andreas;Conseil national;2553.4
party-9-F-004;fr;party;9;FALSE;2023;;;/api/frontend/latest/fr/downloads/financings/9?with_budget=false;dbafdf58f97e84e0b21430c4eb5b59bcd01cd93c23c1f08126b0cb254a054398;29.08.25 08:59:22;Financement des partis 2023;31.12.2023;42;Union Démocratique du Centre (UDC);Personne morale ou société de personnes;1064;Déclaration des recettes annuelles;1413;Götte;Michael;Conseil national;2553.4
party-9-F-004;fr;party;9;FALSE;2023;;;/api/frontend/latest/fr/downloads/financings/9?with_budget=false;dbafdf58f97e84e0b21430c4eb5b59bcd01cd93c23c1f08126b0cb254a054398;29.08.25 08:59:22;Financement des partis 2023;31.12.2023;42;Union Démocratique du Centre (UDC);Personne morale ou société de personnes;1064;Déclaration des recettes annuelles;1414;Graber;Michael;Conseil national;2553.4
party-9-F-004;fr;party;9;FALSE;2023;;;/api/frontend/latest/fr/downloads/financings/9?with_budget=false;dbafdf58f97e84e0b21430c4eb5b59bcd01cd93c23c1f08126b0cb254a054398;29.08.25 08:59:22;Financement des partis 2023;31.12.2023;42;Union Démocratique du Centre (UDC);Personne morale ou société de personnes;1064;Déclaration des recettes annuelles;1415;Grin;Jean-Pierre;Conseil national;2553.4
party-9-F-004;fr;party;9;FALSE;2023;;;/api/frontend/latest/fr/downloads/financings/9?with_budget=false;dbafdf58f97e84e0b21430c4eb5b59bcd01cd93c23c1f08126b0cb254a054398;29.08.25 08:59:22;Financement des partis 2023;31.12.2023;42;Union Démocratique du Centre (UDC);Personne morale ou société de personnes;1064;Déclaration des recettes annuelles;1416;Grüter;Franz;Conseil national;2553.4
party-9-F-004;fr;party;9;FALSE;2023;;;/api/frontend/latest/fr/downloads/financings/9?with_budget=false;dbafdf58f97e84e0b21430c4eb5b59bcd01cd93c23c1f08126b0cb254a054398;29.08.25 08:59:22;Financement des partis 2023;31.12.2023;42;Union Démocratique du Centre (UDC);Personne morale ou société de personnes;1064;Déclaration des recettes annuelles;1417;Guggisberg;Lars;Conseil national;2553.4
party-9-F-004;fr;party;9;FALSE;2023;;;/api/frontend/latest/fr/downloads/financings/9?with_budget=false;dbafdf58f97e84e0b21430c4eb5b59bcd01cd93c23c1f08126b0cb254a054398;29.08.25 08:59:22;Financement des partis 2023;31.12.2023;42;Union Démocratique du Centre (UDC);Personne morale ou société de personnes;1064;Déclaration des recettes annuelles;1418;Gutjahr;Diana;Conseil national;2553.4
party-9-F-004;fr;party;9;FALSE;2023;;;/api/frontend/latest/fr/downloads/financings/9?with_budget=false;dbafdf58f97e84e0b21430c4eb5b59bcd01cd93c23c1f08126b0cb254a054398;29.08.25 08:59:22;Financement des partis 2023;31.12.2023;42;Union Démocratique du Centre (UDC);Personne morale ou société de personnes;1064;Déclaration des recettes annuelles;1419;Haab;Martin;Conseil national;2553.4
party-9-F-003;fr;party;9;FALSE;2023;;;/api/frontend/latest/fr/downloads/financings/9?with_budget=false;dbafdf58f97e84e0b21430c4eb5b59bcd01cd93c23c1f08126b0cb254a054398;29.08.25 08:59:22;Financement des partis 2023;31.12.2023;8;Sozialdemokratische Partei der Schweiz;Personne morale ou société de personnes;1062;Déclaration des recettes annuelles;142;Nussbaumer-Wälti;Eric;Conseil national;5368.0
party-9-F-004;fr;party;9;FALSE;2023;;;/api/frontend/latest/fr/downloads/financings/9?with_budget=false;dbafdf58f97e84e0b21430c4eb5b59bcd01cd93c23c1f08126b0cb254a054398;29.08.25 08:59:22;Financement des partis 2023;31.12.2023;42;Union Démocratique du Centre (UDC);Personne morale ou société de personnes;1064;Déclaration des recettes annuelles;1420;Heer;Alfred;Conseil national;2553.4
party-9-F-004;fr;party;9;FALSE;2023;;;/api/frontend/latest/fr/downloads/financings/9?with_budget=false;dbafdf58f97e84e0b21430c4eb5b59bcd01cd93c23c1f08126b0cb254a054398;29.08.25 08:59:22;Financement des partis 2023;31.12.2023;42;Union Démocratique du Centre (UDC);Personne morale ou société de personnes;1064;Déclaration des recettes annuelles;1421;Heimgartner;Stefanie;Conseil national;2553.4
party-9-F-004;fr;party;9;FALSE;2023;;;/api/frontend/latest/fr/downloads/financings/9?with_budget=false;dbafdf58f97e84e0b21430c4eb5b59bcd01cd93c23c1f08126b0cb254a054398;29.08.25 08:59:22;Financement des partis 2023;31.12.2023;42;Union Démocratique du Centre (UDC);Personne morale ou société de personnes;1064;Déclaration des recettes annuelles;1422;Herzog-Schläpfer;Verena;Conseil national;2553.4
party-9-F-004;fr;party;9;FALSE;2023;;;/api/frontend/latest/fr/downloads/financings/9?with_budget=false;dbafdf58f97e84e0b21430c4eb5b59bcd01cd93c23c1f08126b0cb254a054398;29.08.25 08:59:22;Financement des partis 2023;31.12.2023;42;Union Démocratique du Centre (UDC);Personne morale ou société de personnes;1064;Déclaration des recettes annuelles;1423;Hess;Erich;Conseil national;2553.4
party-9-F-004;fr;party;9;FALSE;2023;;;/api/frontend/latest/fr/downloads/financings/9?with_budget=false;dbafdf58f97e84e0b21430c4eb5b59bcd01cd93c23c1f08126b0cb254a054398;29.08.25 08:59:22;Financement des partis 2023;31.12.2023;42;Union Démocratique du Centre (UDC);Personne morale ou société de personnes;1064;Déclaration des recettes annuelles;1424;Huber;Alois;Conseil national;2553.4
party-9-F-004;fr;party;9;FALSE;2023;;;/api/frontend/latest/fr/downloads/financings/9?with_budget=false;dbafdf58f97e84e0b21430c4eb5b59bcd01cd93c23c1f08126b0cb254a054398;29.08.25 08:59:22;Financement des partis 2023;31.12.2023;42;Union Démocratique du Centre (UDC);Personne morale ou société de personnes;1064;Déclaration des recettes annuelles;1425;Hurter;Thomas;Conseil national;2553.4
party-9-F-004;fr;party;9;FALSE;2023;;;/api/frontend/latest/fr/downloads/financings/9?with_budget=false;dbafdf58f97e84e0b21430c4eb5b59bcd01cd93c23c1f08126b0cb254a054398;29.08.25 08:59:22;Financement des partis 2023;31.12.2023;42;Union Démocratique du Centre (UDC);Personne morale ou société de personnes;1064;Déclaration des recettes annuelles;1426;Imark;Christian;Conseil national;2553.4
party-9-F-004;fr;party;9;FALSE;2023;;;/api/frontend/latest/fr/downloads/financings/9?with_budget=false;dbafdf58f97e84e0b21430c4eb5b59bcd01cd93c23c1f08126b0cb254a054398;29.08.25 08:59:22;Financement des partis 2023;31.12.2023;42;Union Démocratique du Centre (UDC);Personne morale ou société de personnes;1064;Déclaration des recettes annuelles;1427;Keller;Peter;Conseil national;2553.4
party-9-F-004;fr;party;9;FALSE;2023;;;/api/frontend/latest/fr/downloads/financings/9?with_budget=false;dbafdf58f97e84e0b21430c4eb5b59bcd01cd93c23c1f08126b0cb254a054398;29.08.25 08:59:22;Financement des partis 2023;31.12.2023;42;Union Démocratique du Centre (UDC);Personne morale ou société de personnes;1064;Déclaration des recettes annuelles;1428;Knecht;Hansjörg;Conseil national;2553.4
party-9-F-004;fr;party;9;FALSE;2023;;;/api/frontend/latest/fr/downloads/financings/9?with_budget=false;dbafdf58f97e84e0b21430c4eb5b59bcd01cd93c23c1f08126b0cb254a054398;29.08.25 08:59:22;Financement des partis 2023;31.12.2023;42;Union Démocratique du Centre (UDC);Personne morale ou société de personnes;1064;Déclaration des recettes annuelles;1429;Köppel;Roger Jürg;Conseil national;2553.4
party-9-F-003;fr;party;9;FALSE;2023;;;/api/frontend/latest/fr/downloads/financings/9?with_budget=false;dbafdf58f97e84e0b21430c4eb5b59bcd01cd93c23c1f08126b0cb254a054398;29.08.25 08:59:22;Financement des partis 2023;31.12.2023;8;Sozialdemokratische Partei der Schweiz;Personne morale ou société de personnes;1062;Déclaration des recettes annuelles;143;Piller Carrard;Valérie;Conseil national;2970.0
party-9-F-004;fr;party;9;FALSE;2023;;;/api/frontend/latest/fr/downloads/financings/9?with_budget=false;dbafdf58f97e84e0b21430c4eb5b59bcd01cd93c23c1f08126b0cb254a054398;29.08.25 08:59:22;Financement des partis 2023;31.12.2023;42;Union Démocratique du Centre (UDC);Personne morale ou société de personnes;1064;Déclaration des recettes annuelles;1430;Kuprecht;Alex;Conseil national;2553.4
party-9-F-004;fr;party;9;FALSE;2023;;;/api/frontend/latest/fr/downloads/financings/9?with_budget=false;dbafdf58f97e84e0b21430c4eb5b59bcd01cd93c23c1f08126b0cb254a054398;29.08.25 08:59:22;Financement des partis 2023;31.12.2023;42;Union Démocratique du Centre (UDC);Personne morale ou société de personnes;1064;Déclaration des recettes annuelles;1431;Marchesi;Piero;Conseil national;2553.4
party-9-F-004;fr;party;9;FALSE;2023;;;/api/frontend/latest/fr/downloads/financings/9?with_budget=false;dbafdf58f97e84e0b21430c4eb5b59bcd01cd93c23c1f08126b0cb254a054398;29.08.25 08:59:22;Financement des partis 2023;31.12.2023;42;Union Démocratique du Centre (UDC);Personne morale ou société de personnes;1064;Déclaration des recettes annuelles;1432;Martullo-Blocher;Magdalena;Conseil national;2553.4
party-9-F-004;fr;party;9;FALSE;2023;;;/api/frontend/latest/fr/downloads/financings/9?with_budget=false;dbafdf58f97e84e0b21430c4eb5b59bcd01cd93c23c1f08126b0cb254a054398;29.08.25 08:59:22;Financement des partis 2023;31.12.2023;42;Union Démocratique du Centre (UDC);Personne morale ou société de personnes;1064;Déclaration des recettes annuelles;1433;Matter;Thomas;Conseil national;2553.4
party-9-F-004;fr;party;9;FALSE;2023;;;/api/frontend/latest/fr/downloads/financings/9?with_budget=false;dbafdf58f97e84e0b21430c4eb5b59bcd01cd93c23c1f08126b0cb254a054398;29.08.25 08:59:22;Financement des partis 2023;31.12.2023;42;Union Démocratique du Centre (UDC);Personne morale ou société de personnes;1064;Déclaration des recettes annuelles;1434;Minder;Thomas;Conseil des États;2553.4
party-9-F-004;fr;party;9;FALSE;2023;;;/api/frontend/latest/fr/downloads/financings/9?with_budget=false;dbafdf58f97e84e0b21430c4eb5b59bcd01cd93c23c1f08126b0cb254a054398;29.08.25 08:59:22;Financement des partis 2023;31.12.2023;42;Union Démocratique du Centre (UDC);Personne morale ou société de personnes;1064;Déclaration des recettes annuelles;1435;Nicolet;Jacques;Conseil national;2553.4
party-9-F-004;fr;party;9;FALSE;2023;;;/api/frontend/latest/fr/downloads/financings/9?with_budget=false;dbafdf58f97e84e0b21430c4eb5b59bcd01cd93c23c1f08126b0cb254a054398;29.08.25 08:59:22;Financement des partis 2023;31.12.2023;42;Union Démocratique du Centre (UDC);Personne morale ou société de personnes;1064;Déclaration des recettes annuelles;1436;Page;Pierre André;Conseil national;2553.4
party-9-F-004;fr;party;9;FALSE;2023;;;/api/frontend/latest/fr/downloads/financings/9?with_budget=false;dbafdf58f97e84e0b21430c4eb5b59bcd01cd93c23c1f08126b0cb254a054398;29.08.25 08:59:22;Financement des partis 2023;31.12.2023;42;Union Démocratique du Centre (UDC);Personne morale ou société de personnes;1064;Déclaration des recettes annuelles;1437;Parmelin;Guy;Conseil fédéral;9285.0
party-9-F-004;fr;party;9;FALSE;2023;;;/api/frontend/latest/fr/downloads/financings/9?with_budget=false;dbafdf58f97e84e0b21430c4eb5b59bcd01cd93c23c1f08126b0cb254a054398;29.08.25 08:59:22;Financement des partis 2023;31.12.2023;42;Union Démocratique du Centre (UDC);Personne morale ou société de personnes;1064;Déclaration des recettes annuelles;1438;Quadri;Lorenzo;Conseil national;2553.4
party-9-F-004;fr;party;9;FALSE;2023;;;/api/frontend/latest/fr/downloads/financings/9?with_budget=false;dbafdf58f97e84e0b21430c4eb5b59bcd01cd93c23c1f08126b0cb254a054398;29.08.25 08:59:22;Financement des partis 2023;31.12.2023;42;Union Démocratique du Centre (UDC);Personne morale ou société de personnes;1064;Déclaration des recettes annuelles;1439;Reimann;Lukas;Conseil national;2553.4
party-9-F-003;fr;party;9;FALSE;2023;;;/api/frontend/latest/fr/downloads/financings/9?with_budget=false;dbafdf58f97e84e0b21430c4eb5b59bcd01cd93c23c1f08126b0cb254a054398;29.08.25 08:59:22;Financement des partis 2023;31.12.2023;8;Sozialdemokratische Partei der Schweiz;Personne morale ou société de personnes;1062;Déclaration des recettes annuelles;144;Pult;Jon;Conseil national;3797.0
party-9-F-004;fr;party;9;FALSE;2023;;;/api/frontend/latest/fr/downloads/financings/9?with_budget=false;dbafdf58f97e84e0b21430c4eb5b59bcd01cd93c23c1f08126b0cb254a054398;29.08.25 08:59:22;Financement des partis 2023;31.12.2023;42;Union Démocratique du Centre (UDC);Personne morale ou société de personnes;1064;Déclaration des recettes annuelles;1440;Rösti;Albert;Conseil fédéral;9285.05
party-9-F-004;fr;party;9;FALSE;2023;;;/api/frontend/latest/fr/downloads/financings/9?with_budget=false;dbafdf58f97e84e0b21430c4eb5b59bcd01cd93c23c1f08126b0cb254a054398;29.08.25 08:59:22;Financement des partis 2023;31.12.2023;42;Union Démocratique du Centre (UDC);Personne morale ou société de personnes;1064;Déclaration des recettes annuelles;1441;Rüegger;Monika;Conseil national;2553.4
party-9-F-004;fr;party;9;FALSE;2023;;;/api/frontend/latest/fr/downloads/financings/9?with_budget=false;dbafdf58f97e84e0b21430c4eb5b59bcd01cd93c23c1f08126b0cb254a054398;29.08.25 08:59:22;Financement des partis 2023;31.12.2023;42;Union Démocratique du Centre (UDC);Personne morale ou société de personnes;1064;Déclaration des recettes annuelles;1442;Rutz;Gregor;Conseil national;2553.4
party-9-F-004;fr;party;9;FALSE;2023;;;/api/frontend/latest/fr/downloads/financings/9?with_budget=false;dbafdf58f97e84e0b21430c4eb5b59bcd01cd93c23c1f08126b0cb254a054398;29.08.25 08:59:22;Financement des partis 2023;31.12.2023;42;Union Démocratique du Centre (UDC);Personne morale ou société de personnes;1064;Déclaration des recettes annuelles;1443;Salzmann;Werner;Conseil des États;2553.4
party-9-F-004;fr;party;9;FALSE;2023;;;/api/frontend/latest/fr/downloads/financings/9?with_budget=false;dbafdf58f97e84e0b21430c4eb5b59bcd01cd93c23c1f08126b0cb254a054398;29.08.25 08:59:22;Financement des partis 2023;31.12.2023;42;Union Démocratique du Centre (UDC);Personne morale ou société de personnes;1064;Déclaration des recettes annuelles;1444;Schläpfer;Theres;Conseil national;2553.4
party-9-F-004;fr;party;9;FALSE;2023;;;/api/frontend/latest/fr/downloads/financings/9?with_budget=false;dbafdf58f97e84e0b21430c4eb5b59bcd01cd93c23c1f08126b0cb254a054398;29.08.25 08:59:22;Financement des partis 2023;31.12.2023;42;Union Démocratique du Centre (UDC);Personne morale ou société de personnes;1064;Déclaration des recettes annuelles;1445;Schwander;Pirmin;Conseil des États;2553.4
party-9-F-004;fr;party;9;FALSE;2023;;;/api/frontend/latest/fr/downloads/financings/9?with_budget=false;dbafdf58f97e84e0b21430c4eb5b59bcd01cd93c23c1f08126b0cb254a054398;29.08.25 08:59:22;Financement des partis 2023;31.12.2023;42;Union Démocratique du Centre (UDC);Personne morale ou société de personnes;1064;Déclaration des recettes annuelles;1446;Sollberger;Sandra;Conseil national;2553.4
party-9-F-004;fr;party;9;FALSE;2023;;;/api/frontend/latest/fr/downloads/financings/9?with_budget=false;dbafdf58f97e84e0b21430c4eb5b59bcd01cd93c23c1f08126b0cb254a054398;29.08.25 08:59:22;Financement des partis 2023;31.12.2023;42;Union Démocratique du Centre (UDC);Personne morale ou société de personnes;1064;Déclaration des recettes annuelles;1447;Stark;Jakob;Conseil des États;2553.4
party-9-F-004;fr;party;9;FALSE;2023;;;/api/frontend/latest/fr/downloads/financings/9?with_budget=false;dbafdf58f97e84e0b21430c4eb5b59bcd01cd93c23c1f08126b0cb254a054398;29.08.25 08:59:22;Financement des partis 2023;31.12.2023;42;Union Démocratique du Centre (UDC);Personne morale ou société de personnes;1064;Déclaration des recettes annuelles;1448;Steinemann;Barbara;Conseil national;2553.4
party-9-F-004;fr;party;9;FALSE;2023;;;/api/frontend/latest/fr/downloads/financings/9?with_budget=false;dbafdf58f97e84e0b21430c4eb5b59bcd01cd93c23c1f08126b0cb254a054398;29.08.25 08:59:22;Financement des partis 2023;31.12.2023;42;Union Démocratique du Centre (UDC);Personne morale ou société de personnes;1064;Déclaration des recettes annuelles;1449;Strupler;Manuel;Conseil national;2553.4
party-9-F-003;fr;party;9;FALSE;2023;;;/api/frontend/latest/fr/downloads/financings/9?with_budget=false;dbafdf58f97e84e0b21430c4eb5b59bcd01cd93c23c1f08126b0cb254a054398;29.08.25 08:59:22;Financement des partis 2023;31.12.2023;8;Sozialdemokratische Partei der Schweiz;Personne morale ou société de personnes;1062;Déclaration des recettes annuelles;145;Roth;Franziska;Conseil national;3954.0
party-9-F-004;fr;party;9;FALSE;2023;;;/api/frontend/latest/fr/downloads/financings/9?with_budget=false;dbafdf58f97e84e0b21430c4eb5b59bcd01cd93c23c1f08126b0cb254a054398;29.08.25 08:59:22;Financement des partis 2023;31.12.2023;42;Union Démocratique du Centre (UDC);Personne morale ou société de personnes;1064;Déclaration des recettes annuelles;1450;Tuena;Mauro;Conseil national;2553.4
party-9-F-004;fr;party;9;FALSE;2023;;;/api/frontend/latest/fr/downloads/financings/9?with_budget=false;dbafdf58f97e84e0b21430c4eb5b59bcd01cd93c23c1f08126b0cb254a054398;29.08.25 08:59:22;Financement des partis 2023;31.12.2023;42;Union Démocratique du Centre (UDC);Personne morale ou société de personnes;1064;Déclaration des recettes annuelles;1451;Umricht Pieren;Nadja;Conseil national;2553.4
party-9-F-004;fr;party;9;FALSE;2023;;;/api/frontend/latest/fr/downloads/financings/9?with_budget=false;dbafdf58f97e84e0b21430c4eb5b59bcd01cd93c23c1f08126b0cb254a054398;29.08.25 08:59:22;Financement des partis 2023;31.12.2023;42;Union Démocratique du Centre (UDC);Personne morale ou société de personnes;1064;Déclaration des recettes annuelles;1452;von Siebenthal-Glauser;Erich;Conseil national;2553.4
party-9-F-004;fr;party;9;FALSE;2023;;;/api/frontend/latest/fr/downloads/financings/9?with_budget=false;dbafdf58f97e84e0b21430c4eb5b59bcd01cd93c23c1f08126b0cb254a054398;29.08.25 08:59:22;Financement des partis 2023;31.12.2023;42;Union Démocratique du Centre (UDC);Personne morale ou société de personnes;1064;Déclaration des recettes annuelles;1453;Walliser;Bruno;Conseil national;2553.4
party-9-F-004;fr;party;9;FALSE;2023;;;/api/frontend/latest/fr/downloads/financings/9?with_budget=false;dbafdf58f97e84e0b21430c4eb5b59bcd01cd93c23c1f08126b0cb254a054398;29.08.25 08:59:22;Financement des partis 2023;31.12.2023;42;Union Démocratique du Centre (UDC);Personne morale ou société de personnes;1064;Déclaration des recettes annuelles;1454;Wobmann;Walter;Conseil national;2553.4
party-9-F-004;fr;party;9;FALSE;2023;;;/api/frontend/latest/fr/downloads/financings/9?with_budget=false;dbafdf58f97e84e0b21430c4eb5b59bcd01cd93c23c1f08126b0cb254a054398;29.08.25 08:59:22;Financement des partis 2023;31.12.2023;42;Union Démocratique du Centre (UDC);Personne morale ou société de personnes;1064;Déclaration des recettes annuelles;1455;Zuberbühler;David;Conseil national;2553.4
party-9-F-003;fr;party;9;FALSE;2023;;;/api/frontend/latest/fr/downloads/financings/9?with_budget=false;dbafdf58f97e84e0b21430c4eb5b59bcd01cd93c23c1f08126b0cb254a054398;29.08.25 08:59:22;Financement des partis 2023;31.12.2023;8;Sozialdemokratische Partei der Schweiz;Personne morale ou société de personnes;1062;Déclaration des recettes annuelles;146;Schneider Schüttel;Ursula;Conseil national;5157.0
party-9-F-003;fr;party;9;FALSE;2023;;;/api/frontend/latest/fr/downloads/financings/9?with_budget=false;dbafdf58f97e84e0b21430c4eb5b59bcd01cd93c23c1f08126b0cb254a054398;29.08.25 08:59:22;Financement des partis 2023;31.12.2023;8;Sozialdemokratische Partei der Schweiz;Personne morale ou société de personnes;1062;Déclaration des recettes annuelles;147;Seiler Graf;Priska;Conseil national;3000.0
party-9-F-003;fr;party;9;FALSE;2023;;;/api/frontend/latest/fr/downloads/financings/9?with_budget=false;dbafdf58f97e84e0b21430c4eb5b59bcd01cd93c23c1f08126b0cb254a054398;29.08.25 08:59:22;Financement des partis 2023;31.12.2023;8;Sozialdemokratische Partei der Schweiz;Personne morale ou société de personnes;1062;Déclaration des recettes annuelles;148;Sommaruga;Carlo;Conseil des États;2967.0
party-9-F-003;fr;party;9;FALSE;2023;;;/api/frontend/latest/fr/downloads/financings/9?with_budget=false;dbafdf58f97e84e0b21430c4eb5b59bcd01cd93c23c1f08126b0cb254a054398;29.08.25 08:59:22;Financement des partis 2023;31.12.2023;8;Sozialdemokratische Partei der Schweiz;Personne morale ou société de personnes;1062;Déclaration des recettes annuelles;149;Stöckli;Hans;Conseil des États;8320.0
party-9-F-003;fr;party;9;FALSE;2023;;;/api/frontend/latest/fr/downloads/financings/9?with_budget=false;dbafdf58f97e84e0b21430c4eb5b59bcd01cd93c23c1f08126b0cb254a054398;29.08.25 08:59:22;Financement des partis 2023;31.12.2023;8;Sozialdemokratische Partei der Schweiz;Personne morale ou société de personnes;1062;Déclaration des recettes annuelles;150;Storni;Bruno;Conseil national;3700.0
party-9-F-003;fr;party;9;FALSE;2023;;;/api/frontend/latest/fr/downloads/financings/9?with_budget=false;dbafdf58f97e84e0b21430c4eb5b59bcd01cd93c23c1f08126b0cb254a054398;29.08.25 08:59:22;Financement des partis 2023;31.12.2023;8;Sozialdemokratische Partei der Schweiz;Personne morale ou société de personnes;1062;Déclaration des recettes annuelles;151;Suter;Gabriela;Conseil national;3228.0
party-9-F-003;fr;party;9;FALSE;2023;;;/api/frontend/latest/fr/downloads/financings/9?with_budget=false;dbafdf58f97e84e0b21430c4eb5b59bcd01cd93c23c1f08126b0cb254a054398;29.08.25 08:59:22;Financement des partis 2023;31.12.2023;8;Sozialdemokratische Partei der Schweiz;Personne morale ou société de personnes;1062;Déclaration des recettes annuelles;152;Wasserfallen;Flavia;Conseil national;2970.0
party-9-F-003;fr;party;9;FALSE;2023;;;/api/frontend/latest/fr/downloads/financings/9?with_budget=false;dbafdf58f97e84e0b21430c4eb5b59bcd01cd93c23c1f08126b0cb254a054398;29.08.25 08:59:22;Financement des partis 2023;31.12.2023;8;Sozialdemokratische Partei der Schweiz;Personne morale ou société de personnes;1062;Déclaration des recettes annuelles;153;Wermuth;Cédric;Conseil national;3400.0
party-9-F-003;fr;party;9;FALSE;2023;;;/api/frontend/latest/fr/downloads/financings/9?with_budget=false;dbafdf58f97e84e0b21430c4eb5b59bcd01cd93c23c1f08126b0cb254a054398;29.08.25 08:59:22;Financement des partis 2023;31.12.2023;8;Sozialdemokratische Partei der Schweiz;Personne morale ou société de personnes;1062;Déclaration des recettes annuelles;154;Widmer;Céline;Conseil national;2970.0
party-9-F-003;fr;party;9;FALSE;2023;;;/api/frontend/latest/fr/downloads/financings/9?with_budget=false;dbafdf58f97e84e0b21430c4eb5b59bcd01cd93c23c1f08126b0cb254a054398;29.08.25 08:59:22;Financement des partis 2023;31.12.2023;8;Sozialdemokratische Partei der Schweiz;Personne morale ou société de personnes;1062;Déclaration des recettes annuelles;155;Wyss;Sarah;Conseil national;3941.0
party-9-F-003;fr;party;9;FALSE;2023;;;/api/frontend/latest/fr/downloads/financings/9?with_budget=false;dbafdf58f97e84e0b21430c4eb5b59bcd01cd93c23c1f08126b0cb254a054398;29.08.25 08:59:22;Financement des partis 2023;31.12.2023;8;Sozialdemokratische Partei der Schweiz;Personne morale ou société de personnes;1062;Déclaration des recettes annuelles;156;Zanetti;Roberto;Conseil des États;7400.0
party-9-F-003;fr;party;9;FALSE;2023;;;/api/frontend/latest/fr/downloads/financings/9?with_budget=false;dbafdf58f97e84e0b21430c4eb5b59bcd01cd93c23c1f08126b0cb254a054398;29.08.25 08:59:22;Financement des partis 2023;31.12.2023;8;Sozialdemokratische Partei der Schweiz;Personne morale ou société de personnes;1062;Déclaration des recettes annuelles;157;Baume-Schneider;Elisabeth;Conseil fédéral;39000.0
party-9-F-003;fr;party;9;FALSE;2023;;;/api/frontend/latest/fr/downloads/financings/9?with_budget=false;dbafdf58f97e84e0b21430c4eb5b59bcd01cd93c23c1f08126b0cb254a054398;29.08.25 08:59:22;Financement des partis 2023;31.12.2023;8;Sozialdemokratische Partei der Schweiz;Personne morale ou société de personnes;1062;Déclaration des recettes annuelles;158;Berset;Alain;Conseil fédéral;27800.0
party-9-F-003;fr;party;9;FALSE;2023;;;/api/frontend/latest/fr/downloads/financings/9?with_budget=false;dbafdf58f97e84e0b21430c4eb5b59bcd01cd93c23c1f08126b0cb254a054398;29.08.25 08:59:22;Financement des partis 2023;31.12.2023;8;Sozialdemokratische Partei der Schweiz;Personne morale ou société de personnes;1062;Déclaration des recettes annuelles;159;Beusch;Michael;Tribunal fédéral;15000.0
party-9-F-003;fr;party;9;FALSE;2023;;;/api/frontend/latest/fr/downloads/financings/9?with_budget=false;dbafdf58f97e84e0b21430c4eb5b59bcd01cd93c23c1f08126b0cb254a054398;29.08.25 08:59:22;Financement des partis 2023;31.12.2023;8;Sozialdemokratische Partei der Schweiz;Personne morale ou société de personnes;1062;Déclaration des recettes annuelles;160;Fellmann;Jeremias;Tribunal fédéral;1700.0
party-9-F-003;fr;party;9;FALSE;2023;;;/api/frontend/latest/fr/downloads/financings/9?with_budget=false;dbafdf58f97e84e0b21430c4eb5b59bcd01cd93c23c1f08126b0cb254a054398;29.08.25 08:59:22;Financement des partis 2023;31.12.2023;8;Sozialdemokratische Partei der Schweiz;Personne morale ou société de personnes;1062;Déclaration des recettes annuelles;161;Forni;Miriam;Tribunal pénal fédéral;1000.0
party-9-F-003;fr;party;9;FALSE;2023;;;/api/frontend/latest/fr/downloads/financings/9?with_budget=false;dbafdf58f97e84e0b21430c4eb5b59bcd01cd93c23c1f08126b0cb254a054398;29.08.25 08:59:22;Financement des partis 2023;31.12.2023;8;Sozialdemokratische Partei der Schweiz;Personne morale ou société de personnes;1062;Déclaration des recettes annuelles;162;Fuchs;Mia;Tribunal administratif fédéral;5850.0
party-9-F-003;fr;party;9;FALSE;2023;;;/api/frontend/latest/fr/downloads/financings/9?with_budget=false;dbafdf58f97e84e0b21430c4eb5b59bcd01cd93c23c1f08126b0cb254a054398;29.08.25 08:59:22;Financement des partis 2023;31.12.2023;8;Sozialdemokratische Partei der Schweiz;Personne morale ou société de personnes;1062;Déclaration des recettes annuelles;163;Genner;Susanne;Tribunal administratif fédéral;5678.0
party-9-F-003;fr;party;9;FALSE;2023;;;/api/frontend/latest/fr/downloads/financings/9?with_budget=false;dbafdf58f97e84e0b21430c4eb5b59bcd01cd93c23c1f08126b0cb254a054398;29.08.25 08:59:22;Financement des partis 2023;31.12.2023;8;Sozialdemokratische Partei der Schweiz;Personne morale ou société de personnes;1062;Déclaration des recettes annuelles;164;Greppi-Erb;Maurizio;Tribunal administratif fédéral;6600.0
party-9-F-003;fr;party;9;FALSE;2023;;;/api/frontend/latest/fr/downloads/financings/9?with_budget=false;dbafdf58f97e84e0b21430c4eb5b59bcd01cd93c23c1f08126b0cb254a054398;29.08.25 08:59:22;Financement des partis 2023;31.12.2023;8;Sozialdemokratische Partei der Schweiz;Personne morale ou société de personnes;1062;Déclaration des recettes annuelles;165;Kneubühler;Lorenz;Tribunal fédéral;13000.0
party-9-F-003;fr;party;9;FALSE;2023;;;/api/frontend/latest/fr/downloads/financings/9?with_budget=false;dbafdf58f97e84e0b21430c4eb5b59bcd01cd93c23c1f08126b0cb254a054398;29.08.25 08:59:22;Financement des partis 2023;31.12.2023;8;Sozialdemokratische Partei der Schweiz;Personne morale ou société de personnes;1062;Déclaration des recettes annuelles;166;König;Markus;Tribunal administratif fédéral;5000.0
party-9-F-003;fr;party;9;FALSE;2023;;;/api/frontend/latest/fr/downloads/financings/9?with_budget=false;dbafdf58f97e84e0b21430c4eb5b59bcd01cd93c23c1f08126b0cb254a054398;29.08.25 08:59:22;Financement des partis 2023;31.12.2023;8;Sozialdemokratische Partei der Schweiz;Personne morale ou société de personnes;1062;Déclaration des recettes annuelles;167;Leisinger;Constance Ulrike;Tribunal administratif fédéral;3600.0
party-9-F-003;fr;party;9;FALSE;2023;;;/api/frontend/latest/fr/downloads/financings/9?with_budget=false;dbafdf58f97e84e0b21430c4eb5b59bcd01cd93c23c1f08126b0cb254a054398;29.08.25 08:59:22;Financement des partis 2023;31.12.2023;8;Sozialdemokratische Partei der Schweiz;Personne morale ou société de personnes;1062;Déclaration des recettes annuelles;168;Mutombo;Keita;Tribunal administratif fédéral;5100.0
party-9-F-003;fr;party;9;FALSE;2023;;;/api/frontend/latest/fr/downloads/financings/9?with_budget=false;dbafdf58f97e84e0b21430c4eb5b59bcd01cd93c23c1f08126b0cb254a054398;29.08.25 08:59:22;Financement des partis 2023;31.12.2023;8;Sozialdemokratische Partei der Schweiz;Personne morale ou société de personnes;1062;Déclaration des recettes annuelles;169;Ryter;Marianne;Tribunal fédéral;14000.0
party-9-F-003;fr;party;9;FALSE;2023;;;/api/frontend/latest/fr/downloads/financings/9?with_budget=false;dbafdf58f97e84e0b21430c4eb5b59bcd01cd93c23c1f08126b0cb254a054398;29.08.25 08:59:22;Financement des partis 2023;31.12.2023;8;Sozialdemokratische Partei der Schweiz;Personne morale ou société de personnes;1062;Déclaration des recettes annuelles;170;Schenker Senn;Regula;Tribunal administratif fédéral;4380.0
party-9-F-003;fr;party;9;FALSE;2023;;;/api/frontend/latest/fr/downloads/financings/9?with_budget=false;dbafdf58f97e84e0b21430c4eb5b59bcd01cd93c23c1f08126b0cb254a054398;29.08.25 08:59:22;Financement des partis 2023;31.12.2023;8;Sozialdemokratische Partei der Schweiz;Personne morale ou société de personnes;1062;Déclaration des recettes annuelles;171;Spälti Giannakitsas;Nina;Tribunal administratif fédéral;3200.0
party-9-F-003;fr;party;9;FALSE;2023;;;/api/frontend/latest/fr/downloads/financings/9?with_budget=false;dbafdf58f97e84e0b21430c4eb5b59bcd01cd93c23c1f08126b0cb254a054398;29.08.25 08:59:22;Financement des partis 2023;31.12.2023;8;Sozialdemokratische Partei der Schweiz;Personne morale ou société de personnes;1062;Déclaration des recettes annuelles;172;Steiner;Marc;Tribunal administratif fédéral;3000.0
party-9-F-003;fr;party;9;FALSE;2023;;;/api/frontend/latest/fr/downloads/financings/9?with_budget=false;dbafdf58f97e84e0b21430c4eb5b59bcd01cd93c23c1f08126b0cb254a054398;29.08.25 08:59:22;Financement des partis 2023;31.12.2023;8;Sozialdemokratische Partei der Schweiz;Personne morale ou société de personnes;1062;Déclaration des recettes annuelles;173;Stump Wendt;Brigitte;Tribunal pénal fédéral;3000.0
party-9-F-003;fr;party;9;FALSE;2023;;;/api/frontend/latest/fr/downloads/financings/9?with_budget=false;dbafdf58f97e84e0b21430c4eb5b59bcd01cd93c23c1f08126b0cb254a054398;29.08.25 08:59:22;Financement des partis 2023;31.12.2023;8;Sozialdemokratische Partei der Schweiz;Personne morale ou société de personnes;1062;Déclaration des recettes annuelles;174;Winiger;Christian;Tribunal administratif fédéral;5000.0
party-9-F-003;fr;party;9;FALSE;2023;;;/api/frontend/latest/fr/downloads/financings/9?with_budget=false;dbafdf58f97e84e0b21430c4eb5b59bcd01cd93c23c1f08126b0cb254a054398;29.08.25 08:59:22;Financement des partis 2023;31.12.2023;8;Sozialdemokratische Partei der Schweiz;Personne morale ou société de personnes;1062;Déclaration des recettes annuelles;175;Wirthlin;Martin;Tribunal fédéral;15000.0
party-9-F-003;fr;party;9;FALSE;2023;;;/api/frontend/latest/fr/downloads/financings/9?with_budget=false;dbafdf58f97e84e0b21430c4eb5b59bcd01cd93c23c1f08126b0cb254a054398;29.08.25 08:59:22;Financement des partis 2023;31.12.2023;8;Sozialdemokratische Partei der Schweiz;Personne morale ou société de personnes;1062;Déclaration des recettes annuelles;176;Abrecht;Bernard;Tribunal fédéral;14100.0
party-9-F-003;fr;party;9;FALSE;2023;;;/api/frontend/latest/fr/downloads/financings/9?with_budget=false;dbafdf58f97e84e0b21430c4eb5b59bcd01cd93c23c1f08126b0cb254a054398;29.08.25 08:59:22;Financement des partis 2023;31.12.2023;8;Sozialdemokratische Partei der Schweiz;Personne morale ou société de personnes;1062;Déclaration des recettes annuelles;177;Bomio-Giovanascini;Giorgio;Tribunal pénal fédéral;1000.0
party-9-F-003;fr;party;9;FALSE;2023;;;/api/frontend/latest/fr/downloads/financings/9?with_budget=false;dbafdf58f97e84e0b21430c4eb5b59bcd01cd93c23c1f08126b0cb254a054398;29.08.25 08:59:22;Financement des partis 2023;31.12.2023;8;Sozialdemokratische Partei der Schweiz;Personne morale ou société de personnes;1062;Déclaration des recettes annuelles;178;D'Aveni;Deborah;Tribunal administratif fédéral;4750.95
party-9-F-003;fr;party;9;FALSE;2023;;;/api/frontend/latest/fr/downloads/financings/9?with_budget=false;dbafdf58f97e84e0b21430c4eb5b59bcd01cd93c23c1f08126b0cb254a054398;29.08.25 08:59:22;Financement des partis 2023;31.12.2023;8;Sozialdemokratische Partei der Schweiz;Personne morale ou société de personnes;1062;Déclaration des recettes annuelles;179;Parrino;Francesco;Tribunal fédéral;13800.0
party-9-F-003;fr;party;9;FALSE;2023;;;/api/frontend/latest/fr/downloads/financings/9?with_budget=false;dbafdf58f97e84e0b21430c4eb5b59bcd01cd93c23c1f08126b0cb254a054398;29.08.25 08:59:22;Financement des partis 2023;31.12.2023;8;Sozialdemokratische Partei der Schweiz;Personne morale ou société de personnes;1062;Déclaration des recettes annuelles;180;Waeber;William;Tribunal administratif fédéral;7000.0
party-9-F-003;fr;party;9;FALSE;2023;;;/api/frontend/latest/fr/downloads/financings/9?with_budget=false;dbafdf58f97e84e0b21430c4eb5b59bcd01cd93c23c1f08126b0cb254a054398;29.08.25 08:59:22;Financement des partis 2023;31.12.2023;8;Sozialdemokratische Partei der Schweiz;Personne morale ou société de personnes;1062;Déclaration des recettes annuelles;181;Garré;Roy;Tribunal pénal fédéral;3000.0
party-9-F-003;fr;party;9;FALSE;2023;;;/api/frontend/latest/fr/downloads/financings/9?with_budget=false;dbafdf58f97e84e0b21430c4eb5b59bcd01cd93c23c1f08126b0cb254a054398;29.08.25 08:59:22;Financement des partis 2023;31.12.2023;8;Sozialdemokratische Partei der Schweiz;Personne morale ou société de personnes;1062;Déclaration des recettes annuelles;182;Zenger;Stephane;Tribunal pénal fédéral;3000.0
party-9-F-003;fr;party;9;FALSE;2023;;;/api/frontend/latest/fr/downloads/financings/9?with_budget=false;dbafdf58f97e84e0b21430c4eb5b59bcd01cd93c23c1f08126b0cb254a054398;29.08.25 08:59:22;Financement des partis 2023;31.12.2023;8;Sozialdemokratische Partei der Schweiz;Personne morale ou société de personnes;1062;Déclaration des recettes annuelles;183;Bürki Moreni;Michela;Tribunal administratif fédéral;3500.0
party-9-F-003;fr;party;9;FALSE;2023;;;/api/frontend/latest/fr/downloads/financings/9?with_budget=false;dbafdf58f97e84e0b21430c4eb5b59bcd01cd93c23c1f08126b0cb254a054398;29.08.25 08:59:22;Financement des partis 2023;31.12.2023;8;Sozialdemokratische Partei der Schweiz;Personne morale ou société de personnes;1062;Déclaration des recettes annuelles;184;De Rossa;Federica;Tribunal fédéral;15000.0
party-9-F-003;fr;party;9;FALSE;2023;;;/api/frontend/latest/fr/downloads/financings/9?with_budget=false;dbafdf58f97e84e0b21430c4eb5b59bcd01cd93c23c1f08126b0cb254a054398;29.08.25 08:59:22;Financement des partis 2023;31.12.2023;8;Sozialdemokratische Partei der Schweiz;Personne morale ou société de personnes;1062;Déclaration des recettes annuelles;185;Frischknecht;Tom;Tribunal pénal fédéral;400.0
party-9-F-003;fr;party;9;FALSE;2023;;;/api/frontend/latest/fr/downloads/financings/9?with_budget=false;dbafdf58f97e84e0b21430c4eb5b59bcd01cd93c23c1f08126b0cb254a054398;29.08.25 08:59:22;Financement des partis 2023;31.12.2023;8;Sozialdemokratische Partei der Schweiz;Personne morale ou société de personnes;1062;Déclaration des recettes annuelles;186;Loppacher;Barbara;Tribunal pénal fédéral;400.0
party-9-F-003;fr;party;9;FALSE;2023;;;/api/frontend/latest/fr/downloads/financings/9?with_budget=false;dbafdf58f97e84e0b21430c4eb5b59bcd01cd93c23c1f08126b0cb254a054398;29.08.25 08:59:22;Financement des partis 2023;31.12.2023;8;Sozialdemokratische Partei der Schweiz;Personne morale ou société de personnes;1062;Déclaration des recettes annuelles;187;Ros;Jean-Paul;Tribunal pénal fédéral;960.0
party-9-F-007;fr;party;9;FALSE;2023;;;/api/frontend/latest/fr/downloads/financings/9?with_budget=false;dbafdf58f97e84e0b21430c4eb5b59bcd01cd93c23c1f08126b0cb254a054398;29.08.25 08:59:22;Financement des partis 2023;31.12.2023;9;Les VERT-E-S suisses;Personne morale ou société de personnes;1072;Déclaration des recettes annuelles;188;Andrey;Gerhard;Conseil national;8000.0
party-9-F-007;fr;party;9;FALSE;2023;;;/api/frontend/latest/fr/downloads/financings/9?with_budget=false;dbafdf58f97e84e0b21430c4eb5b59bcd01cd93c23c1f08126b0cb254a054398;29.08.25 08:59:22;Financement des partis 2023;31.12.2023;9;Les VERT-E-S suisses;Personne morale ou société de personnes;1072;Déclaration des recettes annuelles;189;Arslan;Sibel;Conseil national;4000.0
party-9-F-007;fr;party;9;FALSE;2023;;;/api/frontend/latest/fr/downloads/financings/9?with_budget=false;dbafdf58f97e84e0b21430c4eb5b59bcd01cd93c23c1f08126b0cb254a054398;29.08.25 08:59:22;Financement des partis 2023;31.12.2023;9;Les VERT-E-S suisses;Personne morale ou société de personnes;1072;Déclaration des recettes annuelles;190;Badertscher;Christine;Conseil national;9000.0
party-9-F-007;fr;party;9;FALSE;2023;;;/api/frontend/latest/fr/downloads/financings/9?with_budget=false;dbafdf58f97e84e0b21430c4eb5b59bcd01cd93c23c1f08126b0cb254a054398;29.08.25 08:59:22;Financement des partis 2023;31.12.2023;9;Les VERT-E-S suisses;Personne morale ou société de personnes;1072;Déclaration des recettes annuelles;191;Baumann;Kilian;Conseil national;6000.0
party-9-F-007;fr;party;9;FALSE;2023;;;/api/frontend/latest/fr/downloads/financings/9?with_budget=false;dbafdf58f97e84e0b21430c4eb5b59bcd01cd93c23c1f08126b0cb254a054398;29.08.25 08:59:22;Financement des partis 2023;31.12.2023;9;Les VERT-E-S suisses;Personne morale ou société de personnes;1072;Déclaration des recettes annuelles;192;Brenzikofer;Florence;Conseil national;8000.0
party-9-F-007;fr;party;9;FALSE;2023;;;/api/frontend/latest/fr/downloads/financings/9?with_budget=false;dbafdf58f97e84e0b21430c4eb5b59bcd01cd93c23c1f08126b0cb254a054398;29.08.25 08:59:22;Financement des partis 2023;31.12.2023;9;Les VERT-E-S suisses;Personne morale ou société de personnes;1072;Déclaration des recettes annuelles;193;Clivaz;Christophe;Conseil national;6000.0
party-9-F-007;fr;party;9;FALSE;2023;;;/api/frontend/latest/fr/downloads/financings/9?with_budget=false;dbafdf58f97e84e0b21430c4eb5b59bcd01cd93c23c1f08126b0cb254a054398;29.08.25 08:59:22;Financement des partis 2023;31.12.2023;9;Les VERT-E-S suisses;Personne morale ou société de personnes;1072;Déclaration des recettes annuelles;194;Egger;Kurt;Conseil national;4500.0
party-9-F-007;fr;party;9;FALSE;2023;;;/api/frontend/latest/fr/downloads/financings/9?with_budget=false;dbafdf58f97e84e0b21430c4eb5b59bcd01cd93c23c1f08126b0cb254a054398;29.08.25 08:59:22;Financement des partis 2023;31.12.2023;9;Les VERT-E-S suisses;Personne morale ou société de personnes;1072;Déclaration des recettes annuelles;195;Fivaz;Fabien;Conseil national;8000.0
party-9-F-007;fr;party;9;FALSE;2023;;;/api/frontend/latest/fr/downloads/financings/9?with_budget=false;dbafdf58f97e84e0b21430c4eb5b59bcd01cd93c23c1f08126b0cb254a054398;29.08.25 08:59:22;Financement des partis 2023;31.12.2023;9;Les VERT-E-S suisses;Personne morale ou société de personnes;1072;Déclaration des recettes annuelles;196;Girod;Bastien;Conseil national;6000.0
party-9-F-007;fr;party;9;FALSE;2023;;;/api/frontend/latest/fr/downloads/financings/9?with_budget=false;dbafdf58f97e84e0b21430c4eb5b59bcd01cd93c23c1f08126b0cb254a054398;29.08.25 08:59:22;Financement des partis 2023;31.12.2023;9;Les VERT-E-S suisses;Personne morale ou société de personnes;1072;Déclaration des recettes annuelles;197;Glättli;Balthasar;Conseil national;6000.0
party-9-F-007;fr;party;9;FALSE;2023;;;/api/frontend/latest/fr/downloads/financings/9?with_budget=false;dbafdf58f97e84e0b21430c4eb5b59bcd01cd93c23c1f08126b0cb254a054398;29.08.25 08:59:22;Financement des partis 2023;31.12.2023;9;Les VERT-E-S suisses;Personne morale ou société de personnes;1072;Déclaration des recettes annuelles;198;Graf;Maya;Conseil des États;9000.0
party-9-F-007;fr;party;9;FALSE;2023;;;/api/frontend/latest/fr/downloads/financings/9?with_budget=false;dbafdf58f97e84e0b21430c4eb5b59bcd01cd93c23c1f08126b0cb254a054398;29.08.25 08:59:22;Financement des partis 2023;31.12.2023;9;Les VERT-E-S suisses;Personne morale ou société de personnes;1072;Déclaration des recettes annuelles;199;Gysin;Greta;Conseil national;2000.0
party-9-F-002;fr;party;9;FALSE;2023;;;/api/frontend/latest/fr/downloads/financings/9?with_budget=false;dbafdf58f97e84e0b21430c4eb5b59bcd01cd93c23c1f08126b0cb254a054398;29.08.25 08:59:22;Financement des partis 2023;31.12.2023;33;Grünliberale Partei Schweiz;Personne morale ou société de personnes;1061;Déclaration des recettes annuelles;2;Haag;Stephan;Tribunal fédéral;13910.0
party-9-F-007;fr;party;9;FALSE;2023;;;/api/frontend/latest/fr/downloads/financings/9?with_budget=false;dbafdf58f97e84e0b21430c4eb5b59bcd01cd93c23c1f08126b0cb254a054398;29.08.25 08:59:22;Financement des partis 2023;31.12.2023;9;Les VERT-E-S suisses;Personne morale ou société de personnes;1072;Déclaration des recettes annuelles;200;Imboden;Nathalie;Conseil national;4500.0
party-9-F-007;fr;party;9;FALSE;2023;;;/api/frontend/latest/fr/downloads/financings/9?with_budget=false;dbafdf58f97e84e0b21430c4eb5b59bcd01cd93c23c1f08126b0cb254a054398;29.08.25 08:59:22;Financement des partis 2023;31.12.2023;9;Les VERT-E-S suisses;Personne morale ou société de personnes;1072;Déclaration des recettes annuelles;201;Kälin;Irene;Conseil national;6000.0
party-9-F-007;fr;party;9;FALSE;2023;;;/api/frontend/latest/fr/downloads/financings/9?with_budget=false;dbafdf58f97e84e0b21430c4eb5b59bcd01cd93c23c1f08126b0cb254a054398;29.08.25 08:59:22;Financement des partis 2023;31.12.2023;9;Les VERT-E-S suisses;Personne morale ou société de personnes;1072;Déclaration des recettes annuelles;202;Klopfenstein;Delphine;Conseil national;6000.0
party-9-F-007;fr;party;9;FALSE;2023;;;/api/frontend/latest/fr/downloads/financings/9?with_budget=false;dbafdf58f97e84e0b21430c4eb5b59bcd01cd93c23c1f08126b0cb254a054398;29.08.25 08:59:22;Financement des partis 2023;31.12.2023;9;Les VERT-E-S suisses;Personne morale ou société de personnes;1072;Déclaration des recettes annuelles;203;Mazzone;Lisa;Conseil des États;6750.0
party-9-F-007;fr;party;9;FALSE;2023;;;/api/frontend/latest/fr/downloads/financings/9?with_budget=false;dbafdf58f97e84e0b21430c4eb5b59bcd01cd93c23c1f08126b0cb254a054398;29.08.25 08:59:22;Financement des partis 2023;31.12.2023;9;Les VERT-E-S suisses;Personne morale ou société de personnes;1072;Déclaration des recettes annuelles;204;Mahaim;Raphaël;Conseil national;6000.0
party-9-F-007;fr;party;9;FALSE;2023;;;/api/frontend/latest/fr/downloads/financings/9?with_budget=false;dbafdf58f97e84e0b21430c4eb5b59bcd01cd93c23c1f08126b0cb254a054398;29.08.25 08:59:22;Financement des partis 2023;31.12.2023;9;Les VERT-E-S suisses;Personne morale ou société de personnes;1072;Déclaration des recettes annuelles;205;Michaud Gigon;Sophie;Conseil national;6000.0
party-9-F-007;fr;party;9;FALSE;2023;;;/api/frontend/latest/fr/downloads/financings/9?with_budget=false;dbafdf58f97e84e0b21430c4eb5b59bcd01cd93c23c1f08126b0cb254a054398;29.08.25 08:59:22;Financement des partis 2023;31.12.2023;9;Les VERT-E-S suisses;Personne morale ou société de personnes;1072;Déclaration des recettes annuelles;206;Pasquier;Isabelle;Conseil national;6000.0
party-9-F-007;fr;party;9;FALSE;2023;;;/api/frontend/latest/fr/downloads/financings/9?with_budget=false;dbafdf58f97e84e0b21430c4eb5b59bcd01cd93c23c1f08126b0cb254a054398;29.08.25 08:59:22;Financement des partis 2023;31.12.2023;9;Les VERT-E-S suisses;Personne morale ou société de personnes;1072;Déclaration des recettes annuelles;207;Porchet;Léonore;Conseil national;6000.0
party-9-F-007;fr;party;9;FALSE;2023;;;/api/frontend/latest/fr/downloads/financings/9?with_budget=false;dbafdf58f97e84e0b21430c4eb5b59bcd01cd93c23c1f08126b0cb254a054398;29.08.25 08:59:22;Financement des partis 2023;31.12.2023;9;Les VERT-E-S suisses;Personne morale ou société de personnes;1072;Déclaration des recettes annuelles;208;Prelicz-Huber;Katharina;Conseil national;8000.0
party-9-F-007;fr;party;9;FALSE;2023;;;/api/frontend/latest/fr/downloads/financings/9?with_budget=false;dbafdf58f97e84e0b21430c4eb5b59bcd01cd93c23c1f08126b0cb254a054398;29.08.25 08:59:22;Financement des partis 2023;31.12.2023;9;Les VERT-E-S suisses;Personne morale ou société de personnes;1072;Déclaration des recettes annuelles;209;Python;Valentine;Conseil national;4500.0
party-9-F-007;fr;party;9;FALSE;2023;;;/api/frontend/latest/fr/downloads/financings/9?with_budget=false;dbafdf58f97e84e0b21430c4eb5b59bcd01cd93c23c1f08126b0cb254a054398;29.08.25 08:59:22;Financement des partis 2023;31.12.2023;9;Les VERT-E-S suisses;Personne morale ou société de personnes;1072;Déclaration des recettes annuelles;210;Ryser;Franziska;Conseil national;6000.0
party-9-F-007;fr;party;9;FALSE;2023;;;/api/frontend/latest/fr/downloads/financings/9?with_budget=false;dbafdf58f97e84e0b21430c4eb5b59bcd01cd93c23c1f08126b0cb254a054398;29.08.25 08:59:22;Financement des partis 2023;31.12.2023;9;Les VERT-E-S suisses;Personne morale ou société de personnes;1072;Déclaration des recettes annuelles;211;Schlatter;Marionna;Conseil national;8000.0
party-9-F-007;fr;party;9;FALSE;2023;;;/api/frontend/latest/fr/downloads/financings/9?with_budget=false;dbafdf58f97e84e0b21430c4eb5b59bcd01cd93c23c1f08126b0cb254a054398;29.08.25 08:59:22;Financement des partis 2023;31.12.2023;9;Les VERT-E-S suisses;Personne morale ou société de personnes;1072;Déclaration des recettes annuelles;212;Schneider;Meret;Conseil national;4500.0
party-9-F-007;fr;party;9;FALSE;2023;;;/api/frontend/latest/fr/downloads/financings/9?with_budget=false;dbafdf58f97e84e0b21430c4eb5b59bcd01cd93c23c1f08126b0cb254a054398;29.08.25 08:59:22;Financement des partis 2023;31.12.2023;9;Les VERT-E-S suisses;Personne morale ou société de personnes;1072;Déclaration des recettes annuelles;213;Thorens;Adèle;Conseil national;6750.0
party-9-F-007;fr;party;9;FALSE;2023;;;/api/frontend/latest/fr/downloads/financings/9?with_budget=false;dbafdf58f97e84e0b21430c4eb5b59bcd01cd93c23c1f08126b0cb254a054398;29.08.25 08:59:22;Financement des partis 2023;31.12.2023;9;Les VERT-E-S suisses;Personne morale ou société de personnes;1072;Déclaration des recettes annuelles;214;Töngi;Michael;Conseil national;8000.0
party-9-F-007;fr;party;9;FALSE;2023;;;/api/frontend/latest/fr/downloads/financings/9?with_budget=false;dbafdf58f97e84e0b21430c4eb5b59bcd01cd93c23c1f08126b0cb254a054398;29.08.25 08:59:22;Financement des partis 2023;31.12.2023;9;Les VERT-E-S suisses;Personne morale ou société de personnes;1072;Déclaration des recettes annuelles;215;Trede;Aline;Conseil national;8000.0
party-9-F-007;fr;party;9;FALSE;2023;;;/api/frontend/latest/fr/downloads/financings/9?with_budget=false;dbafdf58f97e84e0b21430c4eb5b59bcd01cd93c23c1f08126b0cb254a054398;29.08.25 08:59:22;Financement des partis 2023;31.12.2023;9;Les VERT-E-S suisses;Personne morale ou société de personnes;1072;Déclaration des recettes annuelles;216;Vara;Céline;Conseil des États;9000.0
party-9-F-007;fr;party;9;FALSE;2023;;;/api/frontend/latest/fr/downloads/financings/9?with_budget=false;dbafdf58f97e84e0b21430c4eb5b59bcd01cd93c23c1f08126b0cb254a054398;29.08.25 08:59:22;Financement des partis 2023;31.12.2023;9;Les VERT-E-S suisses;Personne morale ou société de personnes;1072;Déclaration des recettes annuelles;217;Walder;Nicolas;Conseil national;9000.0
party-9-F-007;fr;party;9;FALSE;2023;;;/api/frontend/latest/fr/downloads/financings/9?with_budget=false;dbafdf58f97e84e0b21430c4eb5b59bcd01cd93c23c1f08126b0cb254a054398;29.08.25 08:59:22;Financement des partis 2023;31.12.2023;9;Les VERT-E-S suisses;Personne morale ou société de personnes;1072;Déclaration des recettes annuelles;218;Weichelt;Manuela;Conseil national;8000.0
party-9-F-007;fr;party;9;FALSE;2023;;;/api/frontend/latest/fr/downloads/financings/9?with_budget=false;dbafdf58f97e84e0b21430c4eb5b59bcd01cd93c23c1f08126b0cb254a054398;29.08.25 08:59:22;Financement des partis 2023;31.12.2023;9;Les VERT-E-S suisses;Personne morale ou société de personnes;1072;Déclaration des recettes annuelles;219;Wettstein;Felix;Conseil national;6000.0
party-9-F-007;fr;party;9;FALSE;2023;;;/api/frontend/latest/fr/downloads/financings/9?with_budget=false;dbafdf58f97e84e0b21430c4eb5b59bcd01cd93c23c1f08126b0cb254a054398;29.08.25 08:59:22;Financement des partis 2023;31.12.2023;9;Les VERT-E-S suisses;Personne morale ou société de personnes;1072;Déclaration des recettes annuelles;220;Zopfi;Mathias;Conseil des États;9000.0
party-9-F-007;fr;party;9;FALSE;2023;;;/api/frontend/latest/fr/downloads/financings/9?with_budget=false;dbafdf58f97e84e0b21430c4eb5b59bcd01cd93c23c1f08126b0cb254a054398;29.08.25 08:59:22;Financement des partis 2023;31.12.2023;9;Les VERT-E-S suisses;Personne morale ou société de personnes;1072;Déclaration des recettes annuelles;221;Antonioni Luftensteiner;Emilia;Tribunal administratif fédéral;8203.0
party-9-F-007;fr;party;9;FALSE;2023;;;/api/frontend/latest/fr/downloads/financings/9?with_budget=false;dbafdf58f97e84e0b21430c4eb5b59bcd01cd93c23c1f08126b0cb254a054398;29.08.25 08:59:22;Financement des partis 2023;31.12.2023;9;Les VERT-E-S suisses;Personne morale ou société de personnes;1072;Déclaration des recettes annuelles;222;Aubry Girardin;Florence;Tribunal fédéral;10000.0
party-9-F-007;fr;party;9;FALSE;2023;;;/api/frontend/latest/fr/downloads/financings/9?with_budget=false;dbafdf58f97e84e0b21430c4eb5b59bcd01cd93c23c1f08126b0cb254a054398;29.08.25 08:59:22;Financement des partis 2023;31.12.2023;9;Les VERT-E-S suisses;Personne morale ou société de personnes;1072;Déclaration des recettes annuelles;223;Beck Kadima;Muriel;Tribunal administratif fédéral;4380.0
party-9-F-007;fr;party;9;FALSE;2023;;;/api/frontend/latest/fr/downloads/financings/9?with_budget=false;dbafdf58f97e84e0b21430c4eb5b59bcd01cd93c23c1f08126b0cb254a054398;29.08.25 08:59:22;Financement des partis 2023;31.12.2023;9;Les VERT-E-S suisses;Personne morale ou société de personnes;1072;Déclaration des recettes annuelles;224;Bolz Reimann;Susanne;Tribunal administratif fédéral;7359.6
party-9-F-007;fr;party;9;FALSE;2023;;;/api/frontend/latest/fr/downloads/financings/9?with_budget=false;dbafdf58f97e84e0b21430c4eb5b59bcd01cd93c23c1f08126b0cb254a054398;29.08.25 08:59:22;Financement des partis 2023;31.12.2023;9;Les VERT-E-S suisses;Personne morale ou société de personnes;1072;Déclaration des recettes annuelles;225;Demont;Maric;Tribunal pénal fédéral;9228.0
party-9-F-007;fr;party;9;FALSE;2023;;;/api/frontend/latest/fr/downloads/financings/9?with_budget=false;dbafdf58f97e84e0b21430c4eb5b59bcd01cd93c23c1f08126b0cb254a054398;29.08.25 08:59:22;Financement des partis 2023;31.12.2023;9;Les VERT-E-S suisses;Personne morale ou société de personnes;1072;Déclaration des recettes annuelles;226;Christian;Denys;Tribunal fédéral;10104.0
party-9-F-007;fr;party;9;FALSE;2023;;;/api/frontend/latest/fr/downloads/financings/9?with_budget=false;dbafdf58f97e84e0b21430c4eb5b59bcd01cd93c23c1f08126b0cb254a054398;29.08.25 08:59:22;Financement des partis 2023;31.12.2023;9;Les VERT-E-S suisses;Personne morale ou société de personnes;1072;Déclaration des recettes annuelles;227;Derrer;Regina;Tribunal administratif fédéral;6691.2
party-9-F-007;fr;party;9;FALSE;2023;;;/api/frontend/latest/fr/downloads/financings/9?with_budget=false;dbafdf58f97e84e0b21430c4eb5b59bcd01cd93c23c1f08126b0cb254a054398;29.08.25 08:59:22;Financement des partis 2023;31.12.2023;9;Les VERT-E-S suisses;Personne morale ou société de personnes;1072;Déclaration des recettes annuelles;228;Hartmann;Stephan;Tribunal fédéral;18000.0
party-9-F-007;fr;party;9;FALSE;2023;;;/api/frontend/latest/fr/downloads/financings/9?with_budget=false;dbafdf58f97e84e0b21430c4eb5b59bcd01cd93c23c1f08126b0cb254a054398;29.08.25 08:59:22;Financement des partis 2023;31.12.2023;9;Les VERT-E-S suisses;Personne morale ou société de personnes;1072;Déclaration des recettes annuelles;229;Kempe;Sebastian;Tribunal administratif fédéral;5517.0
party-9-F-007;fr;party;9;FALSE;2023;;;/api/frontend/latest/fr/downloads/financings/9?with_budget=false;dbafdf58f97e84e0b21430c4eb5b59bcd01cd93c23c1f08126b0cb254a054398;29.08.25 08:59:22;Financement des partis 2023;31.12.2023;9;Les VERT-E-S suisses;Personne morale ou société de personnes;1072;Déclaration des recettes annuelles;230;Kölz;Christian;Tribunal fédéral;21840.0
party-9-F-007;fr;party;9;FALSE;2023;;;/api/frontend/latest/fr/downloads/financings/9?with_budget=false;dbafdf58f97e84e0b21430c4eb5b59bcd01cd93c23c1f08126b0cb254a054398;29.08.25 08:59:22;Financement des partis 2023;31.12.2023;9;Les VERT-E-S suisses;Personne morale ou société de personnes;1072;Déclaration des recettes annuelles;231;Mariéthoz Wyssen;Camilla;Tribunal administratif fédéral;5540.0
party-9-F-007;fr;party;9;FALSE;2023;;;/api/frontend/latest/fr/downloads/financings/9?with_budget=false;dbafdf58f97e84e0b21430c4eb5b59bcd01cd93c23c1f08126b0cb254a054398;29.08.25 08:59:22;Financement des partis 2023;31.12.2023;9;Les VERT-E-S suisses;Personne morale ou société de personnes;1072;Déclaration des recettes annuelles;232;Merz;Laurent;Tribunal fédéral;21840.0
party-9-F-007;fr;party;9;FALSE;2023;;;/api/frontend/latest/fr/downloads/financings/9?with_budget=false;dbafdf58f97e84e0b21430c4eb5b59bcd01cd93c23c1f08126b0cb254a054398;29.08.25 08:59:22;Financement des partis 2023;31.12.2023;9;Les VERT-E-S suisses;Personne morale ou société de personnes;1072;Déclaration des recettes annuelles;233;Métral;Jean;Tribunal fédéral;6700.0
party-9-F-007;fr;party;9;FALSE;2023;;;/api/frontend/latest/fr/downloads/financings/9?with_budget=false;dbafdf58f97e84e0b21430c4eb5b59bcd01cd93c23c1f08126b0cb254a054398;29.08.25 08:59:22;Financement des partis 2023;31.12.2023;9;Les VERT-E-S suisses;Personne morale ou société de personnes;1072;Déclaration des recettes annuelles;234;Peterli;Michael;Tribunal administratif fédéral;2102.1
party-9-F-007;fr;party;9;FALSE;2023;;;/api/frontend/latest/fr/downloads/financings/9?with_budget=false;dbafdf58f97e84e0b21430c4eb5b59bcd01cd93c23c1f08126b0cb254a054398;29.08.25 08:59:22;Financement des partis 2023;31.12.2023;9;Les VERT-E-S suisses;Personne morale ou société de personnes;1072;Déclaration des recettes annuelles;235;Piras;Chiara;Tribunal administratif fédéral;4800.0
party-9-F-007;fr;party;9;FALSE;2023;;;/api/frontend/latest/fr/downloads/financings/9?with_budget=false;dbafdf58f97e84e0b21430c4eb5b59bcd01cd93c23c1f08126b0cb254a054398;29.08.25 08:59:22;Financement des partis 2023;31.12.2023;9;Les VERT-E-S suisses;Personne morale ou société de personnes;1072;Déclaration des recettes annuelles;236;Ruedin;Pierre-Emmanuel;Tribunal administratif fédéral;2502.85
party-9-F-007;fr;party;9;FALSE;2023;;;/api/frontend/latest/fr/downloads/financings/9?with_budget=false;dbafdf58f97e84e0b21430c4eb5b59bcd01cd93c23c1f08126b0cb254a054398;29.08.25 08:59:22;Financement des partis 2023;31.12.2023;9;Les VERT-E-S suisses;Personne morale ou société de personnes;1072;Déclaration des recettes annuelles;237;Theis;Contessina;Tribunal administratif fédéral;5040.0
party-9-F-007;fr;party;9;FALSE;2023;;;/api/frontend/latest/fr/downloads/financings/9?with_budget=false;dbafdf58f97e84e0b21430c4eb5b59bcd01cd93c23c1f08126b0cb254a054398;29.08.25 08:59:22;Financement des partis 2023;31.12.2023;9;Les VERT-E-S suisses;Personne morale ou société de personnes;1072;Déclaration des recettes annuelles;238;Widmer;Iris;Tribunal administratif fédéral;6156.0
party-9-F-007;fr;party;9;FALSE;2023;;;/api/frontend/latest/fr/downloads/financings/9?with_budget=false;dbafdf58f97e84e0b21430c4eb5b59bcd01cd93c23c1f08126b0cb254a054398;29.08.25 08:59:22;Financement des partis 2023;31.12.2023;9;Les VERT-E-S suisses;Personne morale ou société de personnes;1072;Déclaration des recettes annuelles;239;Zufferey;Nathalie;Tribunal pénal fédéral;6600.0
party-9-F-007;fr;party;9;FALSE;2023;;;/api/frontend/latest/fr/downloads/financings/9?with_budget=false;dbafdf58f97e84e0b21430c4eb5b59bcd01cd93c23c1f08126b0cb254a054398;29.08.25 08:59:22;Financement des partis 2023;31.12.2023;9;Les VERT-E-S suisses;Personne morale ou société de personnes;1072;Déclaration des recettes annuelles;240;Katharina;Giovannone;Tribunal pénal fédéral;300.15
party-9-F-007;fr;party;9;FALSE;2023;;;/api/frontend/latest/fr/downloads/financings/9?with_budget=false;dbafdf58f97e84e0b21430c4eb5b59bcd01cd93c23c1f08126b0cb254a054398;29.08.25 08:59:22;Financement des partis 2023;31.12.2023;9;Les VERT-E-S suisses;Personne morale ou société de personnes;1072;Déclaration des recettes annuelles;241;Reiter;Catherine;Tribunal fédéral;768.74
party-9-F-002;fr;party;9;FALSE;2023;;;/api/frontend/latest/fr/downloads/financings/9?with_budget=false;dbafdf58f97e84e0b21430c4eb5b59bcd01cd93c23c1f08126b0cb254a054398;29.08.25 08:59:22;Financement des partis 2023;31.12.2023;33;Grünliberale Partei Schweiz;Personne morale ou société de personnes;1061;Déclaration des recettes annuelles;3;Marti;Esther;Tribunal administratif fédéral;2000.0
party-9-F-002;fr;party;9;FALSE;2023;;;/api/frontend/latest/fr/downloads/financings/9?with_budget=false;dbafdf58f97e84e0b21430c4eb5b59bcd01cd93c23c1f08126b0cb254a054398;29.08.25 08:59:22;Financement des partis 2023;31.12.2023;33;Grünliberale Partei Schweiz;Personne morale ou société de personnes;1061;Déclaration des recettes annuelles;4;Balmelli;Barbara;Tribunal administratif fédéral;8337.0
party-9-F-002;fr;party;9;FALSE;2023;;;/api/frontend/latest/fr/downloads/financings/9?with_budget=false;dbafdf58f97e84e0b21430c4eb5b59bcd01cd93c23c1f08126b0cb254a054398;29.08.25 08:59:22;Financement des partis 2023;31.12.2023;33;Grünliberale Partei Schweiz;Personne morale ou société de personnes;1061;Déclaration des recettes annuelles;5;Errass;Christoph;Tribunal administratif fédéral;8000.0
party-9-F-006;fr;party;9;FALSE;2023;;;/api/frontend/latest/fr/downloads/financings/9?with_budget=false;dbafdf58f97e84e0b21430c4eb5b59bcd01cd93c23c1f08126b0cb254a054398;29.08.25 08:59:22;Financement des partis 2023;31.12.2023;59;Le Centre;Personne morale ou société de personnes;1070;Déclaration des recettes annuelles;569;Engler;Stefan;Conseil des États;3000.0
party-9-F-006;fr;party;9;FALSE;2023;;;/api/frontend/latest/fr/downloads/financings/9?with_budget=false;dbafdf58f97e84e0b21430c4eb5b59bcd01cd93c23c1f08126b0cb254a054398;29.08.25 08:59:22;Financement des partis 2023;31.12.2023;59;Le Centre;Personne morale ou société de personnes;1070;Déclaration des recettes annuelles;570;Maitre;Vincent;Conseil national;3000.0
party-9-F-006;fr;party;9;FALSE;2023;;;/api/frontend/latest/fr/downloads/financings/9?with_budget=false;dbafdf58f97e84e0b21430c4eb5b59bcd01cd93c23c1f08126b0cb254a054398;29.08.25 08:59:22;Financement des partis 2023;31.12.2023;59;Le Centre;Personne morale ou société de personnes;1070;Déclaration des recettes annuelles;571;Candinas;Martin;Conseil national;3000.0
party-9-F-006;fr;party;9;FALSE;2023;;;/api/frontend/latest/fr/downloads/financings/9?with_budget=false;dbafdf58f97e84e0b21430c4eb5b59bcd01cd93c23c1f08126b0cb254a054398;29.08.25 08:59:22;Financement des partis 2023;31.12.2023;59;Le Centre;Personne morale ou société de personnes;1070;Déclaration des recettes annuelles;572;Würth;Benedikt;Conseil des États;3000.0
party-9-F-006;fr;party;9;FALSE;2023;;;/api/frontend/latest/fr/downloads/financings/9?with_budget=false;dbafdf58f97e84e0b21430c4eb5b59bcd01cd93c23c1f08126b0cb254a054398;29.08.25 08:59:22;Financement des partis 2023;31.12.2023;59;Le Centre;Personne morale ou société de personnes;1070;Déclaration des recettes annuelles;573;Landolt;Martin;Conseil national;3000.0
party-9-F-006;fr;party;9;FALSE;2023;;;/api/frontend/latest/fr/downloads/financings/9?with_budget=false;dbafdf58f97e84e0b21430c4eb5b59bcd01cd93c23c1f08126b0cb254a054398;29.08.25 08:59:22;Financement des partis 2023;31.12.2023;59;Le Centre;Personne morale ou société de personnes;1070;Déclaration des recettes annuelles;574;Wismer-Felder;Priska;Conseil national;3000.0
party-9-F-006;fr;party;9;FALSE;2023;;;/api/frontend/latest/fr/downloads/financings/9?with_budget=false;dbafdf58f97e84e0b21430c4eb5b59bcd01cd93c23c1f08126b0cb254a054398;29.08.25 08:59:22;Financement des partis 2023;31.12.2023;59;Le Centre;Personne morale ou société de personnes;1070;Déclaration des recettes annuelles;575;Chassot;Isabelle;Conseil des États;3000.0
party-9-F-006;fr;party;9;FALSE;2023;;;/api/frontend/latest/fr/downloads/financings/9?with_budget=false;dbafdf58f97e84e0b21430c4eb5b59bcd01cd93c23c1f08126b0cb254a054398;29.08.25 08:59:22;Financement des partis 2023;31.12.2023;59;Le Centre;Personne morale ou société de personnes;1070;Déclaration des recettes annuelles;576;Müller-Bühler;Leo;Conseil national;3000.0
party-9-F-006;fr;party;9;FALSE;2023;;;/api/frontend/latest/fr/downloads/financings/9?with_budget=false;dbafdf58f97e84e0b21430c4eb5b59bcd01cd93c23c1f08126b0cb254a054398;29.08.25 08:59:22;Financement des partis 2023;31.12.2023;59;Le Centre;Personne morale ou société de personnes;1070;Déclaration des recettes annuelles;577;Fässler;Daniel;Conseil des États;3000.0
party-9-F-006;fr;party;9;FALSE;2023;;;/api/frontend/latest/fr/downloads/financings/9?with_budget=false;dbafdf58f97e84e0b21430c4eb5b59bcd01cd93c23c1f08126b0cb254a054398;29.08.25 08:59:22;Financement des partis 2023;31.12.2023;59;Le Centre;Personne morale ou société de personnes;1070;Déclaration des recettes annuelles;578;Müller-Altermatt;Stefan;Conseil national;3000.0
party-9-F-006;fr;party;9;FALSE;2023;;;/api/frontend/latest/fr/downloads/financings/9?with_budget=false;dbafdf58f97e84e0b21430c4eb5b59bcd01cd93c23c1f08126b0cb254a054398;29.08.25 08:59:22;Financement des partis 2023;31.12.2023;59;Le Centre;Personne morale ou société de personnes;1070;Déclaration des recettes annuelles;579;Häberli-Koller;Brigitte;Conseil des États;3000.0
party-9-F-006;fr;party;9;FALSE;2023;;;/api/frontend/latest/fr/downloads/financings/9?with_budget=false;dbafdf58f97e84e0b21430c4eb5b59bcd01cd93c23c1f08126b0cb254a054398;29.08.25 08:59:22;Financement des partis 2023;31.12.2023;59;Le Centre;Personne morale ou société de personnes;1070;Déclaration des recettes annuelles;580;Rechsteiner;Thomas;Conseil national;3000.0
party-9-F-006;fr;party;9;FALSE;2023;;;/api/frontend/latest/fr/downloads/financings/9?with_budget=false;dbafdf58f97e84e0b21430c4eb5b59bcd01cd93c23c1f08126b0cb254a054398;29.08.25 08:59:22;Financement des partis 2023;31.12.2023;59;Le Centre;Personne morale ou société de personnes;1070;Déclaration des recettes annuelles;581;Romano;Marco;Conseil national;3000.0
party-9-F-006;fr;party;9;FALSE;2023;;;/api/frontend/latest/fr/downloads/financings/9?with_budget=false;dbafdf58f97e84e0b21430c4eb5b59bcd01cd93c23c1f08126b0cb254a054398;29.08.25 08:59:22;Financement des partis 2023;31.12.2023;59;Le Centre;Personne morale ou société de personnes;1070;Déclaration des recettes annuelles;582;Reichmuth;Othmar;Conseil des États;3000.0
party-9-F-006;fr;party;9;FALSE;2023;;;/api/frontend/latest/fr/downloads/financings/9?with_budget=false;dbafdf58f97e84e0b21430c4eb5b59bcd01cd93c23c1f08126b0cb254a054398;29.08.25 08:59:22;Financement des partis 2023;31.12.2023;59;Le Centre;Personne morale ou société de personnes;1070;Déclaration des recettes annuelles;583;Kutter;Philipp;Conseil national;3000.0
party-9-F-006;fr;party;9;FALSE;2023;;;/api/frontend/latest/fr/downloads/financings/9?with_budget=false;dbafdf58f97e84e0b21430c4eb5b59bcd01cd93c23c1f08126b0cb254a054398;29.08.25 08:59:22;Financement des partis 2023;31.12.2023;59;Le Centre;Personne morale ou société de personnes;1070;Déclaration des recettes annuelles;584;Gmür-Blöchliger;Alois;Conseil national;3000.0
party-9-F-006;fr;party;9;FALSE;2023;;;/api/frontend/latest/fr/downloads/financings/9?with_budget=false;dbafdf58f97e84e0b21430c4eb5b59bcd01cd93c23c1f08126b0cb254a054398;29.08.25 08:59:22;Financement des partis 2023;31.12.2023;59;Le Centre;Personne morale ou société de personnes;1070;Déclaration des recettes annuelles;585;Pfister;Gerhard;Conseil national;3000.0
party-9-F-006;fr;party;9;FALSE;2023;;;/api/frontend/latest/fr/downloads/financings/9?with_budget=false;dbafdf58f97e84e0b21430c4eb5b59bcd01cd93c23c1f08126b0cb254a054398;29.08.25 08:59:22;Financement des partis 2023;31.12.2023;59;Le Centre;Personne morale ou société de personnes;1070;Déclaration des recettes annuelles;586;Ritter;Markus;Conseil national;3000.0
party-9-F-006;fr;party;9;FALSE;2023;;;/api/frontend/latest/fr/downloads/financings/9?with_budget=false;dbafdf58f97e84e0b21430c4eb5b59bcd01cd93c23c1f08126b0cb254a054398;29.08.25 08:59:22;Financement des partis 2023;31.12.2023;59;Le Centre;Personne morale ou société de personnes;1070;Déclaration des recettes annuelles;587;Schneider-Schneiter;Elisabeth;Conseil national;3000.0
party-9-F-006;fr;party;9;FALSE;2023;;;/api/frontend/latest/fr/downloads/financings/9?with_budget=false;dbafdf58f97e84e0b21430c4eb5b59bcd01cd93c23c1f08126b0cb254a054398;29.08.25 08:59:22;Financement des partis 2023;31.12.2023;59;Le Centre;Personne morale ou société de personnes;1070;Déclaration des recettes annuelles;588;Siegenthaler;Heinz;Conseil national;3000.0
party-9-F-006;fr;party;9;FALSE;2023;;;/api/frontend/latest/fr/downloads/financings/9?with_budget=false;dbafdf58f97e84e0b21430c4eb5b59bcd01cd93c23c1f08126b0cb254a054398;29.08.25 08:59:22;Financement des partis 2023;31.12.2023;59;Le Centre;Personne morale ou société de personnes;1070;Déclaration des recettes annuelles;589;Bregy;Philipp Matthias;Conseil national;3000.0
party-9-F-006;fr;party;9;FALSE;2023;;;/api/frontend/latest/fr/downloads/financings/9?with_budget=false;dbafdf58f97e84e0b21430c4eb5b59bcd01cd93c23c1f08126b0cb254a054398;29.08.25 08:59:22;Financement des partis 2023;31.12.2023;59;Le Centre;Personne morale ou société de personnes;1070;Déclaration des recettes annuelles;590;Bischof;Pirmin;Conseil des États;3000.0
party-9-F-006;fr;party;9;FALSE;2023;;;/api/frontend/latest/fr/downloads/financings/9?with_budget=false;dbafdf58f97e84e0b21430c4eb5b59bcd01cd93c23c1f08126b0cb254a054398;29.08.25 08:59:22;Financement des partis 2023;31.12.2023;59;Le Centre;Personne morale ou société de personnes;1070;Déclaration des recettes annuelles;591;Stadler;Simon;Conseil national;3000.0
party-9-F-006;fr;party;9;FALSE;2023;;;/api/frontend/latest/fr/downloads/financings/9?with_budget=false;dbafdf58f97e84e0b21430c4eb5b59bcd01cd93c23c1f08126b0cb254a054398;29.08.25 08:59:22;Financement des partis 2023;31.12.2023;59;Le Centre;Personne morale ou société de personnes;1070;Déclaration des recettes annuelles;592;Rieder;Beat;Conseil des États;3000.0
party-9-F-006;fr;party;9;FALSE;2023;;;/api/frontend/latest/fr/downloads/financings/9?with_budget=false;dbafdf58f97e84e0b21430c4eb5b59bcd01cd93c23c1f08126b0cb254a054398;29.08.25 08:59:22;Financement des partis 2023;31.12.2023;59;Le Centre;Personne morale ou société de personnes;1070;Déclaration des recettes annuelles;593;Ettlin-Barth;Erich;Conseil des États;3000.0
party-9-F-006;fr;party;9;FALSE;2023;;;/api/frontend/latest/fr/downloads/financings/9?with_budget=false;dbafdf58f97e84e0b21430c4eb5b59bcd01cd93c23c1f08126b0cb254a054398;29.08.25 08:59:22;Financement des partis 2023;31.12.2023;59;Le Centre;Personne morale ou société de personnes;1070;Déclaration des recettes annuelles;594;Paganini;Nicolò;Conseil national;3000.0
party-9-F-006;fr;party;9;FALSE;2023;;;/api/frontend/latest/fr/downloads/financings/9?with_budget=false;dbafdf58f97e84e0b21430c4eb5b59bcd01cd93c23c1f08126b0cb254a054398;29.08.25 08:59:22;Financement des partis 2023;31.12.2023;59;Le Centre;Personne morale ou société de personnes;1070;Déclaration des recettes annuelles;595;Gmür-Schönenberger;Andrea;Conseil des États;3000.0
party-9-F-006;fr;party;9;FALSE;2023;;;/api/frontend/latest/fr/downloads/financings/9?with_budget=false;dbafdf58f97e84e0b21430c4eb5b59bcd01cd93c23c1f08126b0cb254a054398;29.08.25 08:59:22;Financement des partis 2023;31.12.2023;59;Le Centre;Personne morale ou société de personnes;1070;Déclaration des recettes annuelles;596;Hess;Lorenz;Conseil national;3000.0
party-9-F-006;fr;party;9;FALSE;2023;;;/api/frontend/latest/fr/downloads/financings/9?with_budget=false;dbafdf58f97e84e0b21430c4eb5b59bcd01cd93c23c1f08126b0cb254a054398;29.08.25 08:59:22;Financement des partis 2023;31.12.2023;59;Le Centre;Personne morale ou société de personnes;1070;Déclaration des recettes annuelles;597;Glanzmann-Hunkeler;Ida;Conseil national;3000.0
party-9-F-006;fr;party;9;FALSE;2023;;;/api/frontend/latest/fr/downloads/financings/9?with_budget=false;dbafdf58f97e84e0b21430c4eb5b59bcd01cd93c23c1f08126b0cb254a054398;29.08.25 08:59:22;Financement des partis 2023;31.12.2023;59;Le Centre;Personne morale ou société de personnes;1070;Déclaration des recettes annuelles;598;Z'graggen;Heidi;Conseil des États;3000.0
party-9-F-006;fr;party;9;FALSE;2023;;;/api/frontend/latest/fr/downloads/financings/9?with_budget=false;dbafdf58f97e84e0b21430c4eb5b59bcd01cd93c23c1f08126b0cb254a054398;29.08.25 08:59:22;Financement des partis 2023;31.12.2023;59;Le Centre;Personne morale ou société de personnes;1070;Déclaration des recettes annuelles;599;Lohr;Christian;Conseil national;3000.0
party-9-F-002;fr;party;9;FALSE;2023;;;/api/frontend/latest/fr/downloads/financings/9?with_budget=false;dbafdf58f97e84e0b21430c4eb5b59bcd01cd93c23c1f08126b0cb254a054398;29.08.25 08:59:22;Financement des partis 2023;31.12.2023;33;Grünliberale Partei Schweiz;Personne morale ou société de personnes;1061;Déclaration des recettes annuelles;6;Schweizer;Mark Daniel;Tribunal administratif fédéral;2000.0
party-9-F-006;fr;party;9;FALSE;2023;;;/api/frontend/latest/fr/downloads/financings/9?with_budget=false;dbafdf58f97e84e0b21430c4eb5b59bcd01cd93c23c1f08126b0cb254a054398;29.08.25 08:59:22;Financement des partis 2023;31.12.2023;59;Le Centre;Personne morale ou société de personnes;1070;Déclaration des recettes annuelles;600;Hegglin;Peter;Conseil des États;3000.0
party-9-F-006;fr;party;9;FALSE;2023;;;/api/frontend/latest/fr/downloads/financings/9?with_budget=false;dbafdf58f97e84e0b21430c4eb5b59bcd01cd93c23c1f08126b0cb254a054398;29.08.25 08:59:22;Financement des partis 2023;31.12.2023;59;Le Centre;Personne morale ou société de personnes;1070;Déclaration des recettes annuelles;601;Roduit;Benjamin;Conseil national;3000.0
party-9-F-006;fr;party;9;FALSE;2023;;;/api/frontend/latest/fr/downloads/financings/9?with_budget=false;dbafdf58f97e84e0b21430c4eb5b59bcd01cd93c23c1f08126b0cb254a054398;29.08.25 08:59:22;Financement des partis 2023;31.12.2023;59;Le Centre;Personne morale ou société de personnes;1070;Déclaration des recettes annuelles;602;Meier;Andreas;Conseil national;3000.0
party-9-F-006;fr;party;9;FALSE;2023;;;/api/frontend/latest/fr/downloads/financings/9?with_budget=false;dbafdf58f97e84e0b21430c4eb5b59bcd01cd93c23c1f08126b0cb254a054398;29.08.25 08:59:22;Financement des partis 2023;31.12.2023;59;Le Centre;Personne morale ou société de personnes;1070;Déclaration des recettes annuelles;603;Roth Pasquier;Marie-France;Conseil national;3000.0
party-9-F-006;fr;party;9;FALSE;2023;;;/api/frontend/latest/fr/downloads/financings/9?with_budget=false;dbafdf58f97e84e0b21430c4eb5b59bcd01cd93c23c1f08126b0cb254a054398;29.08.25 08:59:22;Financement des partis 2023;31.12.2023;59;Le Centre;Personne morale ou société de personnes;1070;Déclaration des recettes annuelles;604;Kamerzin;Sidney-Hervé;Conseil national;3000.0
party-9-F-006;fr;party;9;FALSE;2023;;;/api/frontend/latest/fr/downloads/financings/9?with_budget=false;dbafdf58f97e84e0b21430c4eb5b59bcd01cd93c23c1f08126b0cb254a054398;29.08.25 08:59:22;Financement des partis 2023;31.12.2023;59;Le Centre;Personne morale ou société de personnes;1070;Déclaration des recettes annuelles;605;Binder;Marianne;Conseil des États;3000.0
party-9-F-006;fr;party;9;FALSE;2023;;;/api/frontend/latest/fr/downloads/financings/9?with_budget=false;dbafdf58f97e84e0b21430c4eb5b59bcd01cd93c23c1f08126b0cb254a054398;29.08.25 08:59:22;Financement des partis 2023;31.12.2023;59;Le Centre;Personne morale ou société de personnes;1070;Déclaration des recettes annuelles;606;Maret;Marianne;Conseil des États;3000.0
party-9-F-006;fr;party;9;FALSE;2023;;;/api/frontend/latest/fr/downloads/financings/9?with_budget=false;dbafdf58f97e84e0b21430c4eb5b59bcd01cd93c23c1f08126b0cb254a054398;29.08.25 08:59:22;Financement des partis 2023;31.12.2023;59;Le Centre;Personne morale ou société de personnes;1070;Déclaration des recettes annuelles;607;Juillard;Charles;Conseil des États;3000.0
party-9-F-006;fr;party;9;FALSE;2023;;;/api/frontend/latest/fr/downloads/financings/9?with_budget=false;dbafdf58f97e84e0b21430c4eb5b59bcd01cd93c23c1f08126b0cb254a054398;29.08.25 08:59:22;Financement des partis 2023;31.12.2023;59;Le Centre;Personne morale ou société de personnes;1070;Déclaration des recettes annuelles;608;Bulliard-Marbach;Christine;Conseil national;3000.0
party-9-F-006;fr;party;9;FALSE;2023;;;/api/frontend/latest/fr/downloads/financings/9?with_budget=false;dbafdf58f97e84e0b21430c4eb5b59bcd01cd93c23c1f08126b0cb254a054398;29.08.25 08:59:22;Financement des partis 2023;31.12.2023;59;Le Centre;Personne morale ou société de personnes;1070;Déclaration des recettes annuelles;609;Regazzi;Fabio;Conseil des États;3000.0
party-9-F-006;fr;party;9;FALSE;2023;;;/api/frontend/latest/fr/downloads/financings/9?with_budget=false;dbafdf58f97e84e0b21430c4eb5b59bcd01cd93c23c1f08126b0cb254a054398;29.08.25 08:59:22;Financement des partis 2023;31.12.2023;59;Le Centre;Personne morale ou société de personnes;1070;Déclaration des recettes annuelles;610;Gschwind;Jean-Paul;Conseil national;3000.0
party-9-F-006;fr;party;9;FALSE;2023;;;/api/frontend/latest/fr/downloads/financings/9?with_budget=false;dbafdf58f97e84e0b21430c4eb5b59bcd01cd93c23c1f08126b0cb254a054398;29.08.25 08:59:22;Financement des partis 2023;31.12.2023;59;Le Centre;Personne morale ou société de personnes;1070;Déclaration des recettes annuelles;611;Butikofer Repond;Frédérique;Tribunal pénal fédéral;500.0
party-9-F-006;fr;party;9;FALSE;2023;;;/api/frontend/latest/fr/downloads/financings/9?with_budget=false;dbafdf58f97e84e0b21430c4eb5b59bcd01cd93c23c1f08126b0cb254a054398;29.08.25 08:59:22;Financement des partis 2023;31.12.2023;59;Le Centre;Personne morale ou société de personnes;1070;Déclaration des recettes annuelles;612;Lörtscher;Cordula;Tribunal fédéral;300.0
party-9-F-006;fr;party;9;FALSE;2023;;;/api/frontend/latest/fr/downloads/financings/9?with_budget=false;dbafdf58f97e84e0b21430c4eb5b59bcd01cd93c23c1f08126b0cb254a054398;29.08.25 08:59:22;Financement des partis 2023;31.12.2023;59;Le Centre;Personne morale ou société de personnes;1070;Déclaration des recettes annuelles;613;Fabbri;Alberto;Tribunal pénal fédéral;1900.0
party-9-F-006;fr;party;9;FALSE;2023;;;/api/frontend/latest/fr/downloads/financings/9?with_budget=false;dbafdf58f97e84e0b21430c4eb5b59bcd01cd93c23c1f08126b0cb254a054398;29.08.25 08:59:22;Financement des partis 2023;31.12.2023;59;Le Centre;Personne morale ou société de personnes;1070;Déclaration des recettes annuelles;614;Dietrich;Kathrin;Tribunal administratif fédéral;1600.0
party-9-F-006;fr;party;9;FALSE;2023;;;/api/frontend/latest/fr/downloads/financings/9?with_budget=false;dbafdf58f97e84e0b21430c4eb5b59bcd01cd93c23c1f08126b0cb254a054398;29.08.25 08:59:22;Financement des partis 2023;31.12.2023;59;Le Centre;Personne morale ou société de personnes;1070;Déclaration des recettes annuelles;615;Brentani;Francesco;Tribunal administratif fédéral;1400.0
party-9-F-006;fr;party;9;FALSE;2023;;;/api/frontend/latest/fr/downloads/financings/9?with_budget=false;dbafdf58f97e84e0b21430c4eb5b59bcd01cd93c23c1f08126b0cb254a054398;29.08.25 08:59:22;Financement des partis 2023;31.12.2023;59;Le Centre;Personne morale ou société de personnes;1070;Déclaration des recettes annuelles;616;Urwyler;Adrian;Tribunal pénal fédéral;300.0
party-9-F-006;fr;party;9;FALSE;2023;;;/api/frontend/latest/fr/downloads/financings/9?with_budget=false;dbafdf58f97e84e0b21430c4eb5b59bcd01cd93c23c1f08126b0cb254a054398;29.08.25 08:59:22;Financement des partis 2023;31.12.2023;59;Le Centre;Personne morale ou société de personnes;1070;Déclaration des recettes annuelles;618;Escher;Elisabeth;Tribunal fédéral;6000.0
party-9-F-006;fr;party;9;FALSE;2023;;;/api/frontend/latest/fr/downloads/financings/9?with_budget=false;dbafdf58f97e84e0b21430c4eb5b59bcd01cd93c23c1f08126b0cb254a054398;29.08.25 08:59:22;Financement des partis 2023;31.12.2023;59;Le Centre;Personne morale ou société de personnes;1070;Déclaration des recettes annuelles;619;Gehring;Caroline;Tribunal administratif fédéral;1600.0
party-9-F-006;fr;party;9;FALSE;2023;;;/api/frontend/latest/fr/downloads/financings/9?with_budget=false;dbafdf58f97e84e0b21430c4eb5b59bcd01cd93c23c1f08126b0cb254a054398;29.08.25 08:59:22;Financement des partis 2023;31.12.2023;59;Le Centre;Personne morale ou société de personnes;1070;Déclaration des recettes annuelles;620;Heimgartner;Stefan;Tribunal pénal fédéral;1280.0
party-9-F-006;fr;party;9;FALSE;2023;;;/api/frontend/latest/fr/downloads/financings/9?with_budget=false;dbafdf58f97e84e0b21430c4eb5b59bcd01cd93c23c1f08126b0cb254a054398;29.08.25 08:59:22;Financement des partis 2023;31.12.2023;59;Le Centre;Personne morale ou société de personnes;1070;Déclaration des recettes annuelles;621;Richard;Pascal;Tribunal administratif fédéral;1600.0
party-9-F-006;fr;party;9;FALSE;2023;;;/api/frontend/latest/fr/downloads/financings/9?with_budget=false;dbafdf58f97e84e0b21430c4eb5b59bcd01cd93c23c1f08126b0cb254a054398;29.08.25 08:59:22;Financement des partis 2023;31.12.2023;59;Le Centre;Personne morale ou société de personnes;1070;Déclaration des recettes annuelles;622;Rochat Pauchard;Annie;Tribunal fédéral;1600.0
party-9-F-006;fr;party;9;FALSE;2023;;;/api/frontend/latest/fr/downloads/financings/9?with_budget=false;dbafdf58f97e84e0b21430c4eb5b59bcd01cd93c23c1f08126b0cb254a054398;29.08.25 08:59:22;Financement des partis 2023;31.12.2023;59;Le Centre;Personne morale ou société de personnes;1070;Déclaration des recettes annuelles;624;Ackermann;Christine;Tribunal administratif fédéral;1280.0
party-9-F-006;fr;party;9;FALSE;2023;;;/api/frontend/latest/fr/downloads/financings/9?with_budget=false;dbafdf58f97e84e0b21430c4eb5b59bcd01cd93c23c1f08126b0cb254a054398;29.08.25 08:59:22;Financement des partis 2023;31.12.2023;59;Le Centre;Personne morale ou société de personnes;1070;Déclaration des recettes annuelles;625;Jacquemoud-Rossari;Laura;Tribunal fédéral;6000.0
party-9-F-006;fr;party;9;FALSE;2023;;;/api/frontend/latest/fr/downloads/financings/9?with_budget=false;dbafdf58f97e84e0b21430c4eb5b59bcd01cd93c23c1f08126b0cb254a054398;29.08.25 08:59:22;Financement des partis 2023;31.12.2023;59;Le Centre;Personne morale ou société de personnes;1070;Déclaration des recettes annuelles;626;Schöbi;Felix;Tribunal fédéral;6000.0
party-9-F-006;fr;party;9;FALSE;2023;;;/api/frontend/latest/fr/downloads/financings/9?with_budget=false;dbafdf58f97e84e0b21430c4eb5b59bcd01cd93c23c1f08126b0cb254a054398;29.08.25 08:59:22;Financement des partis 2023;31.12.2023;59;Le Centre;Personne morale ou société de personnes;1070;Déclaration des recettes annuelles;627;Angeli-Busi;Pietro;Tribunal administratif fédéral;1600.0
party-9-F-006;fr;party;9;FALSE;2023;;;/api/frontend/latest/fr/downloads/financings/9?with_budget=false;dbafdf58f97e84e0b21430c4eb5b59bcd01cd93c23c1f08126b0cb254a054398;29.08.25 08:59:22;Financement des partis 2023;31.12.2023;59;Le Centre;Personne morale ou société de personnes;1070;Déclaration des recettes annuelles;628;Breitenmoser;Stephan;Tribunal administratif fédéral;800.0
party-9-F-006;fr;party;9;FALSE;2023;;;/api/frontend/latest/fr/downloads/financings/9?with_budget=false;dbafdf58f97e84e0b21430c4eb5b59bcd01cd93c23c1f08126b0cb254a054398;29.08.25 08:59:22;Financement des partis 2023;31.12.2023;59;Le Centre;Personne morale ou société de personnes;1070;Déclaration des recettes annuelles;629;Chatton;Gregor T.;Tribunal administratif fédéral;1600.0
party-9-F-006;fr;party;9;FALSE;2023;;;/api/frontend/latest/fr/downloads/financings/9?with_budget=false;dbafdf58f97e84e0b21430c4eb5b59bcd01cd93c23c1f08126b0cb254a054398;29.08.25 08:59:22;Financement des partis 2023;31.12.2023;59;Le Centre;Personne morale ou société de personnes;1070;Déclaration des recettes annuelles;630;Venetz;Petra;Tribunal pénal fédéral;80.0
party-9-F-006;fr;party;9;FALSE;2023;;;/api/frontend/latest/fr/downloads/financings/9?with_budget=false;dbafdf58f97e84e0b21430c4eb5b59bcd01cd93c23c1f08126b0cb254a054398;29.08.25 08:59:22;Financement des partis 2023;31.12.2023;59;Le Centre;Personne morale ou société de personnes;1070;Déclaration des recettes annuelles;631;Hirsig-Vouilloz;Madeleine;Tribunal administratif fédéral;1600.0
party-9-F-006;fr;party;9;FALSE;2023;;;/api/frontend/latest/fr/downloads/financings/9?with_budget=false;dbafdf58f97e84e0b21430c4eb5b59bcd01cd93c23c1f08126b0cb254a054398;29.08.25 08:59:22;Financement des partis 2023;31.12.2023;59;Le Centre;Personne morale ou société de personnes;1070;Déclaration des recettes annuelles;632;Galliker;Monica;Tribunal pénal fédéral;300.0
party-9-F-006;fr;party;9;FALSE;2023;;;/api/frontend/latest/fr/downloads/financings/9?with_budget=false;dbafdf58f97e84e0b21430c4eb5b59bcd01cd93c23c1f08126b0cb254a054398;29.08.25 08:59:22;Financement des partis 2023;31.12.2023;59;Le Centre;Personne morale ou société de personnes;1070;Déclaration des recettes annuelles;633;Pont Veuthey;Marie-Claire;Tribunal fédéral;900.0
party-9-F-006;fr;party;9;FALSE;2023;;;/api/frontend/latest/fr/downloads/financings/9?with_budget=false;dbafdf58f97e84e0b21430c4eb5b59bcd01cd93c23c1f08126b0cb254a054398;29.08.25 08:59:22;Financement des partis 2023;31.12.2023;59;Le Centre;Personne morale ou société de personnes;1070;Déclaration des recettes annuelles;634;Pontarolo;Mattia;Tribunal fédéral;800.0
party-9-F-006;fr;party;9;FALSE;2023;;;/api/frontend/latest/fr/downloads/financings/9?with_budget=false;dbafdf58f97e84e0b21430c4eb5b59bcd01cd93c23c1f08126b0cb254a054398;29.08.25 08:59:22;Financement des partis 2023;31.12.2023;59;Le Centre;Personne morale ou société de personnes;1070;Déclaration des recettes annuelles;635;Antoniazza;Yannick;Tribunal administratif fédéral;1600.0
party-9-F-006;fr;party;9;FALSE;2023;;;/api/frontend/latest/fr/downloads/financings/9?with_budget=false;dbafdf58f97e84e0b21430c4eb5b59bcd01cd93c23c1f08126b0cb254a054398;29.08.25 08:59:22;Financement des partis 2023;31.12.2023;59;Le Centre;Personne morale ou société de personnes;1070;Déclaration des recettes annuelles;636;Albisetti Bernasconi;Maurizio;Tribunal pénal fédéral;800.0
party-9-F-006;fr;party;9;FALSE;2023;;;/api/frontend/latest/fr/downloads/financings/9?with_budget=false;dbafdf58f97e84e0b21430c4eb5b59bcd01cd93c23c1f08126b0cb254a054398;29.08.25 08:59:22;Financement des partis 2023;31.12.2023;59;Le Centre;Personne morale ou société de personnes;1070;Déclaration des recettes annuelles;637;Brüschweiler;Daniela;Tribunal administratif fédéral;1600.0
party-9-F-006;fr;party;9;FALSE;2023;;;/api/frontend/latest/fr/downloads/financings/9?with_budget=false;dbafdf58f97e84e0b21430c4eb5b59bcd01cd93c23c1f08126b0cb254a054398;29.08.25 08:59:22;Financement des partis 2023;31.12.2023;59;Le Centre;Personne morale ou société de personnes;1070;Déclaration des recettes annuelles;638;Petry;Roswitha;Tribunal administratif fédéral;1440.0
party-9-F-006;fr;party;9;FALSE;2023;;;/api/frontend/latest/fr/downloads/financings/9?with_budget=false;dbafdf58f97e84e0b21430c4eb5b59bcd01cd93c23c1f08126b0cb254a054398;29.08.25 08:59:22;Financement des partis 2023;31.12.2023;59;Le Centre;Personne morale ou société de personnes;1070;Déclaration des recettes annuelles;639;Hänni;Julia;Tribunal fédéral;6000.0
party-9-F-006;fr;party;9;FALSE;2023;;;/api/frontend/latest/fr/downloads/financings/9?with_budget=false;dbafdf58f97e84e0b21430c4eb5b59bcd01cd93c23c1f08126b0cb254a054398;29.08.25 08:59:22;Financement des partis 2023;31.12.2023;59;Le Centre;Personne morale ou société de personnes;1070;Déclaration des recettes annuelles;640;Stupf;Martin;Tribunal pénal fédéral;1350.0
party-9-F-006;fr;party;9;FALSE;2023;;;/api/frontend/latest/fr/downloads/financings/9?with_budget=false;dbafdf58f97e84e0b21430c4eb5b59bcd01cd93c23c1f08126b0cb254a054398;29.08.25 08:59:22;Financement des partis 2023;31.12.2023;59;Le Centre;Personne morale ou société de personnes;1070;Déclaration des recettes annuelles;641;Maillard-Theiler;Marcel;Tribunal fédéral;6000.0
party-9-F-006;fr;party;9;FALSE;2023;;;/api/frontend/latest/fr/downloads/financings/9?with_budget=false;dbafdf58f97e84e0b21430c4eb5b59bcd01cd93c23c1f08126b0cb254a054398;29.08.25 08:59:22;Financement des partis 2023;31.12.2023;59;Le Centre;Personne morale ou société de personnes;1070;Déclaration des recettes annuelles;644;Thurnherr;Walter;Bundeskanzler;10000.0
party-9-F-006;fr;party;9;FALSE;2023;;;/api/frontend/latest/fr/downloads/financings/9?with_budget=false;dbafdf58f97e84e0b21430c4eb5b59bcd01cd93c23c1f08126b0cb254a054398;29.08.25 08:59:22;Financement des partis 2023;31.12.2023;59;Le Centre;Personne morale ou société de personnes;1070;Déclaration des recettes annuelles;645;Amherd;Viola;Conseil fédéral;12000.0
party-9-F-006;fr;party;9;FALSE;2023;;;/api/frontend/latest/fr/downloads/financings/9?with_budget=false;dbafdf58f97e84e0b21430c4eb5b59bcd01cd93c23c1f08126b0cb254a054398;29.08.25 08:59:22;Financement des partis 2023;31.12.2023;59;Le Centre;Personne morale ou société de personnes;1070;Déclaration des recettes annuelles;646;May Canellas;Marie-Chantal;Tribunal fédéral;6000.0
party-9-F-012;fr;party;9;FALSE;2023;;;/api/frontend/latest/fr/downloads/financings/9?with_budget=false;dbafdf58f97e84e0b21430c4eb5b59bcd01cd93c23c1f08126b0cb254a054398;29.08.25 08:59:22;Financement des partis 2023;31.12.2023;396;Union Populaire;Personne morale ou société de personnes;1105;Déclaration des recettes annuelles;658;Prezioso Batou;Stefania;Conseil national;32000.0
party-9-F-011;fr;party;9;FALSE;2023;;;/api/frontend/latest/fr/downloads/financings/9?with_budget=false;dbafdf58f97e84e0b21430c4eb5b59bcd01cd93c23c1f08126b0cb254a054398;29.08.25 08:59:22;Financement des partis 2023;31.12.2023;395;Parti suisse du Travail (PST-POP);Personne morale ou société de personnes;1102;Déclaration des recettes annuelles;667;De la Reussille;Denis;Conseil national;10000.0
party-9-F-008;fr;party;9;FALSE;2023;;;/api/frontend/latest/fr/downloads/financings/9?with_budget=false;dbafdf58f97e84e0b21430c4eb5b59bcd01cd93c23c1f08126b0cb254a054398;29.08.25 08:59:22;Financement des partis 2023;31.12.2023;43;PLR.Les Libéraux-Radicaux;Personne morale ou société de personnes;1086;Déclaration des recettes annuelles;721;Riniker;Maja;Conseil national;2000.0
party-9-F-008;fr;party;9;FALSE;2023;;;/api/frontend/latest/fr/downloads/financings/9?with_budget=false;dbafdf58f97e84e0b21430c4eb5b59bcd01cd93c23c1f08126b0cb254a054398;29.08.25 08:59:22;Financement des partis 2023;31.12.2023;43;PLR.Les Libéraux-Radicaux;Personne morale ou société de personnes;1086;Déclaration des recettes annuelles;722;Wasserfallen;Christian;Conseil national;2000.0
party-9-F-008;fr;party;9;FALSE;2023;;;/api/frontend/latest/fr/downloads/financings/9?with_budget=false;dbafdf58f97e84e0b21430c4eb5b59bcd01cd93c23c1f08126b0cb254a054398;29.08.25 08:59:22;Financement des partis 2023;31.12.2023;43;PLR.Les Libéraux-Radicaux;Personne morale ou société de personnes;1086;Déclaration des recettes annuelles;723;Caroni;Andrea;Conseil des États;2000.0
party-9-F-008;fr;party;9;FALSE;2023;;;/api/frontend/latest/fr/downloads/financings/9?with_budget=false;dbafdf58f97e84e0b21430c4eb5b59bcd01cd93c23c1f08126b0cb254a054398;29.08.25 08:59:22;Financement des partis 2023;31.12.2023;43;PLR.Les Libéraux-Radicaux;Personne morale ou société de personnes;1086;Déclaration des recettes annuelles;724;Müller;Damian;Conseil des États;2000.0
party-9-F-008;fr;party;9;FALSE;2023;;;/api/frontend/latest/fr/downloads/financings/9?with_budget=false;dbafdf58f97e84e0b21430c4eb5b59bcd01cd93c23c1f08126b0cb254a054398;29.08.25 08:59:22;Financement des partis 2023;31.12.2023;43;PLR.Les Libéraux-Radicaux;Personne morale ou société de personnes;1086;Déclaration des recettes annuelles;725;Cottier;Damien;Conseil national;2000.0
party-9-F-008;fr;party;9;FALSE;2023;;;/api/frontend/latest/fr/downloads/financings/9?with_budget=false;dbafdf58f97e84e0b21430c4eb5b59bcd01cd93c23c1f08126b0cb254a054398;29.08.25 08:59:22;Financement des partis 2023;31.12.2023;43;PLR.Les Libéraux-Radicaux;Personne morale ou société de personnes;1086;Déclaration des recettes annuelles;726;De Montmollin;Simone;Conseil national;2000.0
party-9-F-008;fr;party;9;FALSE;2023;;;/api/frontend/latest/fr/downloads/financings/9?with_budget=false;dbafdf58f97e84e0b21430c4eb5b59bcd01cd93c23c1f08126b0cb254a054398;29.08.25 08:59:22;Financement des partis 2023;31.12.2023;43;PLR.Les Libéraux-Radicaux;Personne morale ou société de personnes;1086;Déclaration des recettes annuelles;727;Giacometti;Anna;Conseil national;3000.0
party-9-F-008;fr;party;9;FALSE;2023;;;/api/frontend/latest/fr/downloads/financings/9?with_budget=false;dbafdf58f97e84e0b21430c4eb5b59bcd01cd93c23c1f08126b0cb254a054398;29.08.25 08:59:22;Financement des partis 2023;31.12.2023;43;PLR.Les Libéraux-Radicaux;Personne morale ou société de personnes;1086;Déclaration des recettes annuelles;728;Gössi;Petra;Conseil des États;2000.0
party-9-F-008;fr;party;9;FALSE;2023;;;/api/frontend/latest/fr/downloads/financings/9?with_budget=false;dbafdf58f97e84e0b21430c4eb5b59bcd01cd93c23c1f08126b0cb254a054398;29.08.25 08:59:22;Financement des partis 2023;31.12.2023;43;PLR.Les Libéraux-Radicaux;Personne morale ou société de personnes;1086;Déclaration des recettes annuelles;729;Sauter;Regine;Conseil national;2000.0
party-9-F-008;fr;party;9;FALSE;2023;;;/api/frontend/latest/fr/downloads/financings/9?with_budget=false;dbafdf58f97e84e0b21430c4eb5b59bcd01cd93c23c1f08126b0cb254a054398;29.08.25 08:59:22;Financement des partis 2023;31.12.2023;43;PLR.Les Libéraux-Radicaux;Personne morale ou société de personnes;1086;Déclaration des recettes annuelles;730;Dittli;Josef;Conseil des États;3000.0
party-9-F-008;fr;party;9;FALSE;2023;;;/api/frontend/latest/fr/downloads/financings/9?with_budget=false;dbafdf58f97e84e0b21430c4eb5b59bcd01cd93c23c1f08126b0cb254a054398;29.08.25 08:59:22;Financement des partis 2023;31.12.2023;43;PLR.Les Libéraux-Radicaux;Personne morale ou société de personnes;1086;Déclaration des recettes annuelles;731;Noser;Ruedi;Conseil des États;2000.0
party-9-F-008;fr;party;9;FALSE;2023;;;/api/frontend/latest/fr/downloads/financings/9?with_budget=false;dbafdf58f97e84e0b21430c4eb5b59bcd01cd93c23c1f08126b0cb254a054398;29.08.25 08:59:22;Financement des partis 2023;31.12.2023;43;PLR.Les Libéraux-Radicaux;Personne morale ou société de personnes;1086;Déclaration des recettes annuelles;732;Silberschmidt;Andri;Conseil national;2000.0
party-9-F-008;fr;party;9;FALSE;2023;;;/api/frontend/latest/fr/downloads/financings/9?with_budget=false;dbafdf58f97e84e0b21430c4eb5b59bcd01cd93c23c1f08126b0cb254a054398;29.08.25 08:59:22;Financement des partis 2023;31.12.2023;43;PLR.Les Libéraux-Radicaux;Personne morale ou société de personnes;1086;Déclaration des recettes annuelles;733;Hefti;Thomas;Conseil des États;2000.0
party-9-F-008;fr;party;9;FALSE;2023;;;/api/frontend/latest/fr/downloads/financings/9?with_budget=false;dbafdf58f97e84e0b21430c4eb5b59bcd01cd93c23c1f08126b0cb254a054398;29.08.25 08:59:22;Financement des partis 2023;31.12.2023;43;PLR.Les Libéraux-Radicaux;Personne morale ou société de personnes;1086;Déclaration des recettes annuelles;734;Berthoud;Alexandre;Conseil national;2000.0
party-9-F-008;fr;party;9;FALSE;2023;;;/api/frontend/latest/fr/downloads/financings/9?with_budget=false;dbafdf58f97e84e0b21430c4eb5b59bcd01cd93c23c1f08126b0cb254a054398;29.08.25 08:59:22;Financement des partis 2023;31.12.2023;43;PLR.Les Libéraux-Radicaux;Personne morale ou société de personnes;1086;Déclaration des recettes annuelles;735;Markwalder;Christa;Conseil national;2000.0
party-9-F-008;fr;party;9;FALSE;2023;;;/api/frontend/latest/fr/downloads/financings/9?with_budget=false;dbafdf58f97e84e0b21430c4eb5b59bcd01cd93c23c1f08126b0cb254a054398;29.08.25 08:59:22;Financement des partis 2023;31.12.2023;43;PLR.Les Libéraux-Radicaux;Personne morale ou société de personnes;1086;Déclaration des recettes annuelles;736;Michel;Matthias;Conseil des États;2000.0
party-9-F-008;fr;party;9;FALSE;2023;;;/api/frontend/latest/fr/downloads/financings/9?with_budget=false;dbafdf58f97e84e0b21430c4eb5b59bcd01cd93c23c1f08126b0cb254a054398;29.08.25 08:59:22;Financement des partis 2023;31.12.2023;43;PLR.Les Libéraux-Radicaux;Personne morale ou société de personnes;1086;Déclaration des recettes annuelles;737;Portmann;Hans-Peter;Conseil national;2000.0
party-9-F-008;fr;party;9;FALSE;2023;;;/api/frontend/latest/fr/downloads/financings/9?with_budget=false;dbafdf58f97e84e0b21430c4eb5b59bcd01cd93c23c1f08126b0cb254a054398;29.08.25 08:59:22;Financement des partis 2023;31.12.2023;43;PLR.Les Libéraux-Radicaux;Personne morale ou société de personnes;1086;Déclaration des recettes annuelles;738;Von Falkenstein;Patricia;Conseil national;1000.0
party-9-F-008;fr;party;9;FALSE;2023;;;/api/frontend/latest/fr/downloads/financings/9?with_budget=false;dbafdf58f97e84e0b21430c4eb5b59bcd01cd93c23c1f08126b0cb254a054398;29.08.25 08:59:22;Financement des partis 2023;31.12.2023;43;PLR.Les Libéraux-Radicaux;Personne morale ou société de personnes;1086;Déclaration des recettes annuelles;739;Bourgeois;Jaques;Conseil national;2000.0
party-9-F-008;fr;party;9;FALSE;2023;;;/api/frontend/latest/fr/downloads/financings/9?with_budget=false;dbafdf58f97e84e0b21430c4eb5b59bcd01cd93c23c1f08126b0cb254a054398;29.08.25 08:59:22;Financement des partis 2023;31.12.2023;43;PLR.Les Libéraux-Radicaux;Personne morale ou société de personnes;1086;Déclaration des recettes annuelles;740;Fiala;Doris;Conseil national;1000.0
party-9-F-008;fr;party;9;FALSE;2023;;;/api/frontend/latest/fr/downloads/financings/9?with_budget=false;dbafdf58f97e84e0b21430c4eb5b59bcd01cd93c23c1f08126b0cb254a054398;29.08.25 08:59:22;Financement des partis 2023;31.12.2023;43;PLR.Les Libéraux-Radicaux;Personne morale ou société de personnes;1086;Déclaration des recettes annuelles;741;Lüscher;Christian;Conseil national;1000.0
party-9-F-008;fr;party;9;FALSE;2023;;;/api/frontend/latest/fr/downloads/financings/9?with_budget=false;dbafdf58f97e84e0b21430c4eb5b59bcd01cd93c23c1f08126b0cb254a054398;29.08.25 08:59:22;Financement des partis 2023;31.12.2023;43;PLR.Les Libéraux-Radicaux;Personne morale ou société de personnes;1086;Déclaration des recettes annuelles;742;Schilliger;Peter;Conseil national;2000.0
party-9-F-008;fr;party;9;FALSE;2023;;;/api/frontend/latest/fr/downloads/financings/9?with_budget=false;dbafdf58f97e84e0b21430c4eb5b59bcd01cd93c23c1f08126b0cb254a054398;29.08.25 08:59:22;Financement des partis 2023;31.12.2023;43;PLR.Les Libéraux-Radicaux;Personne morale ou société de personnes;1086;Déclaration des recettes annuelles;743;Wehrli;Laurent;Conseil national;3000.0
party-9-F-008;fr;party;9;FALSE;2023;;;/api/frontend/latest/fr/downloads/financings/9?with_budget=false;dbafdf58f97e84e0b21430c4eb5b59bcd01cd93c23c1f08126b0cb254a054398;29.08.25 08:59:22;Financement des partis 2023;31.12.2023;43;PLR.Les Libéraux-Radicaux;Personne morale ou société de personnes;1086;Déclaration des recettes annuelles;744;Français;Olivier;Conseil des États;2000.0
party-9-F-008;fr;party;9;FALSE;2023;;;/api/frontend/latest/fr/downloads/financings/9?with_budget=false;dbafdf58f97e84e0b21430c4eb5b59bcd01cd93c23c1f08126b0cb254a054398;29.08.25 08:59:22;Financement des partis 2023;31.12.2023;43;PLR.Les Libéraux-Radicaux;Personne morale ou société de personnes;1086;Déclaration des recettes annuelles;745;Farinelli;Alex;Conseil national;2000.0
party-9-F-008;fr;party;9;FALSE;2023;;;/api/frontend/latest/fr/downloads/financings/9?with_budget=false;dbafdf58f97e84e0b21430c4eb5b59bcd01cd93c23c1f08126b0cb254a054398;29.08.25 08:59:22;Financement des partis 2023;31.12.2023;43;PLR.Les Libéraux-Radicaux;Personne morale ou société de personnes;1086;Déclaration des recettes annuelles;746;Fluri;Kurt;Conseil national;2000.0
party-9-F-008;fr;party;9;FALSE;2023;;;/api/frontend/latest/fr/downloads/financings/9?with_budget=false;dbafdf58f97e84e0b21430c4eb5b59bcd01cd93c23c1f08126b0cb254a054398;29.08.25 08:59:22;Financement des partis 2023;31.12.2023;43;PLR.Les Libéraux-Radicaux;Personne morale ou société de personnes;1086;Déclaration des recettes annuelles;747;Ruch;Daniel;Conseil national;2000.0
party-9-F-008;fr;party;9;FALSE;2023;;;/api/frontend/latest/fr/downloads/financings/9?with_budget=false;dbafdf58f97e84e0b21430c4eb5b59bcd01cd93c23c1f08126b0cb254a054398;29.08.25 08:59:22;Financement des partis 2023;31.12.2023;43;PLR.Les Libéraux-Radicaux;Personne morale ou société de personnes;1086;Déclaration des recettes annuelles;748;Wicki;Hans;Conseil des États;2000.0
party-9-F-008;fr;party;9;FALSE;2023;;;/api/frontend/latest/fr/downloads/financings/9?with_budget=false;dbafdf58f97e84e0b21430c4eb5b59bcd01cd93c23c1f08126b0cb254a054398;29.08.25 08:59:22;Financement des partis 2023;31.12.2023;43;PLR.Les Libéraux-Radicaux;Personne morale ou société de personnes;1086;Déclaration des recettes annuelles;749;Feller;Olivier;Conseil national;2000.0
party-9-F-008;fr;party;9;FALSE;2023;;;/api/frontend/latest/fr/downloads/financings/9?with_budget=false;dbafdf58f97e84e0b21430c4eb5b59bcd01cd93c23c1f08126b0cb254a054398;29.08.25 08:59:22;Financement des partis 2023;31.12.2023;43;PLR.Les Libéraux-Radicaux;Personne morale ou société de personnes;1086;Déclaration des recettes annuelles;750;Keller Sutter;Karin;Conseil fédéral;15000.0
party-9-F-008;fr;party;9;FALSE;2023;;;/api/frontend/latest/fr/downloads/financings/9?with_budget=false;dbafdf58f97e84e0b21430c4eb5b59bcd01cd93c23c1f08126b0cb254a054398;29.08.25 08:59:22;Financement des partis 2023;31.12.2023;43;PLR.Les Libéraux-Radicaux;Personne morale ou société de personnes;1086;Déclaration des recettes annuelles;751;Jauslin;Matthias Samuel;Conseil national;2000.0
party-9-F-008;fr;party;9;FALSE;2023;;;/api/frontend/latest/fr/downloads/financings/9?with_budget=false;dbafdf58f97e84e0b21430c4eb5b59bcd01cd93c23c1f08126b0cb254a054398;29.08.25 08:59:22;Financement des partis 2023;31.12.2023;43;PLR.Les Libéraux-Radicaux;Personne morale ou société de personnes;1086;Déclaration des recettes annuelles;752;Gapany;Johanna;Conseil des États;2000.0
party-9-F-008;fr;party;9;FALSE;2023;;;/api/frontend/latest/fr/downloads/financings/9?with_budget=false;dbafdf58f97e84e0b21430c4eb5b59bcd01cd93c23c1f08126b0cb254a054398;29.08.25 08:59:22;Financement des partis 2023;31.12.2023;43;PLR.Les Libéraux-Radicaux;Personne morale ou société de personnes;1086;Déclaration des recettes annuelles;753;Natermod;Philippe;Conseil national;2000.0
party-9-F-008;fr;party;9;FALSE;2023;;;/api/frontend/latest/fr/downloads/financings/9?with_budget=false;dbafdf58f97e84e0b21430c4eb5b59bcd01cd93c23c1f08126b0cb254a054398;29.08.25 08:59:22;Financement des partis 2023;31.12.2023;43;PLR.Les Libéraux-Radicaux;Personne morale ou société de personnes;1086;Déclaration des recettes annuelles;754;Cattaneo;Rocco;Conseil national;2000.0
party-9-F-008;fr;party;9;FALSE;2023;;;/api/frontend/latest/fr/downloads/financings/9?with_budget=false;dbafdf58f97e84e0b21430c4eb5b59bcd01cd93c23c1f08126b0cb254a054398;29.08.25 08:59:22;Financement des partis 2023;31.12.2023;43;PLR.Les Libéraux-Radicaux;Personne morale ou société de personnes;1086;Déclaration des recettes annuelles;755;Walti;Beat;Conseil national;2000.0
party-9-F-008;fr;party;9;FALSE;2023;;;/api/frontend/latest/fr/downloads/financings/9?with_budget=false;dbafdf58f97e84e0b21430c4eb5b59bcd01cd93c23c1f08126b0cb254a054398;29.08.25 08:59:22;Financement des partis 2023;31.12.2023;43;PLR.Les Libéraux-Radicaux;Personne morale ou société de personnes;1086;Déclaration des recettes annuelles;756;Vincenz-Stauffacher;Susanne;Conseil national;2000.0
party-9-F-008;fr;party;9;FALSE;2023;;;/api/frontend/latest/fr/downloads/financings/9?with_budget=false;dbafdf58f97e84e0b21430c4eb5b59bcd01cd93c23c1f08126b0cb254a054398;29.08.25 08:59:22;Financement des partis 2023;31.12.2023;43;PLR.Les Libéraux-Radicaux;Personne morale ou société de personnes;1086;Déclaration des recettes annuelles;757;Schneeberger;Daniela;Conseil national;2000.0
party-9-F-008;fr;party;9;FALSE;2023;;;/api/frontend/latest/fr/downloads/financings/9?with_budget=false;dbafdf58f97e84e0b21430c4eb5b59bcd01cd93c23c1f08126b0cb254a054398;29.08.25 08:59:22;Financement des partis 2023;31.12.2023;43;PLR.Les Libéraux-Radicaux;Personne morale ou société de personnes;1086;Déclaration des recettes annuelles;758;Muschietti;Giuseppe;Tribunal fédéral;500.0
party-9-F-008;fr;party;9;FALSE;2023;;;/api/frontend/latest/fr/downloads/financings/9?with_budget=false;dbafdf58f97e84e0b21430c4eb5b59bcd01cd93c23c1f08126b0cb254a054398;29.08.25 08:59:22;Financement des partis 2023;31.12.2023;43;PLR.Les Libéraux-Radicaux;Personne morale ou société de personnes;1086;Déclaration des recettes annuelles;759;Cassis;Ignazio;Conseil fédéral;15000.0
party-9-F-008;fr;party;9;FALSE;2023;;;/api/frontend/latest/fr/downloads/financings/9?with_budget=false;dbafdf58f97e84e0b21430c4eb5b59bcd01cd93c23c1f08126b0cb254a054398;29.08.25 08:59:22;Financement des partis 2023;31.12.2023;43;PLR.Les Libéraux-Radicaux;Personne morale ou société de personnes;1086;Déclaration des recettes annuelles;760;Bovey;Gregory;Tribunal fédéral;3000.0
party-9-F-008;fr;party;9;FALSE;2023;;;/api/frontend/latest/fr/downloads/financings/9?with_budget=false;dbafdf58f97e84e0b21430c4eb5b59bcd01cd93c23c1f08126b0cb254a054398;29.08.25 08:59:22;Financement des partis 2023;31.12.2023;43;PLR.Les Libéraux-Radicaux;Personne morale ou société de personnes;1086;Déclaration des recettes annuelles;761;De Quattro;Jacqueline;Conseil national;2000.0
party-9-F-008;fr;party;9;FALSE;2023;;;/api/frontend/latest/fr/downloads/financings/9?with_budget=false;dbafdf58f97e84e0b21430c4eb5b59bcd01cd93c23c1f08126b0cb254a054398;29.08.25 08:59:22;Financement des partis 2023;31.12.2023;43;PLR.Les Libéraux-Radicaux;Personne morale ou société de personnes;1086;Déclaration des recettes annuelles;762;Thormann;Olivier;Tribunal fédéral;1500.0
party-9-F-008;fr;party;9;FALSE;2023;;;/api/frontend/latest/fr/downloads/financings/9?with_budget=false;dbafdf58f97e84e0b21430c4eb5b59bcd01cd93c23c1f08126b0cb254a054398;29.08.25 08:59:22;Financement des partis 2023;31.12.2023;43;PLR.Les Libéraux-Radicaux;Personne morale ou société de personnes;1086;Déclaration des recettes annuelles;763;Weber;Beat;Tribunal fédéral;10000.0
party-9-F-008;fr;party;9;FALSE;2023;;;/api/frontend/latest/fr/downloads/financings/9?with_budget=false;dbafdf58f97e84e0b21430c4eb5b59bcd01cd93c23c1f08126b0cb254a054398;29.08.25 08:59:22;Financement des partis 2023;31.12.2023;43;PLR.Les Libéraux-Radicaux;Personne morale ou société de personnes;1086;Déclaration des recettes annuelles;764;Lobsiger;Adrian;Eidgenössischer Datenschutz- und Öffentlichkeitsbeauftragter;1000.0
party-9-F-008;fr;party;9;FALSE;2023;;;/api/frontend/latest/fr/downloads/financings/9?with_budget=false;dbafdf58f97e84e0b21430c4eb5b59bcd01cd93c23c1f08126b0cb254a054398;29.08.25 08:59:22;Financement des partis 2023;31.12.2023;43;PLR.Les Libéraux-Radicaux;Personne morale ou société de personnes;1086;Déclaration des recettes annuelles;765;Dobler;Marcel;Conseil national;2000.0
party-9-F-008;fr;party;9;FALSE;2023;;;/api/frontend/latest/fr/downloads/financings/9?with_budget=false;dbafdf58f97e84e0b21430c4eb5b59bcd01cd93c23c1f08126b0cb254a054398;29.08.25 08:59:22;Financement des partis 2023;31.12.2023;43;PLR.Les Libéraux-Radicaux;Personne morale ou société de personnes;1086;Déclaration des recettes annuelles;766;Hohl;Fabienne;Tribunal fédéral;3000.0
party-9-F-008;fr;party;9;FALSE;2023;;;/api/frontend/latest/fr/downloads/financings/9?with_budget=false;dbafdf58f97e84e0b21430c4eb5b59bcd01cd93c23c1f08126b0cb254a054398;29.08.25 08:59:22;Financement des partis 2023;31.12.2023;43;PLR.Les Libéraux-Radicaux;Personne morale ou société de personnes;1086;Déclaration des recettes annuelles;767;Valenti;Vito Luigi;Tribunal fédéral;1500.0
party-9-F-008;fr;party;9;FALSE;2023;;;/api/frontend/latest/fr/downloads/financings/9?with_budget=false;dbafdf58f97e84e0b21430c4eb5b59bcd01cd93c23c1f08126b0cb254a054398;29.08.25 08:59:22;Financement des partis 2023;31.12.2023;43;PLR.Les Libéraux-Radicaux;Personne morale ou société de personnes;1086;Déclaration des recettes annuelles;768;Cattaneo;Daniele;Tribunal fédéral;1800.0
party-9-F-008;fr;party;9;FALSE;2023;;;/api/frontend/latest/fr/downloads/financings/9?with_budget=false;dbafdf58f97e84e0b21430c4eb5b59bcd01cd93c23c1f08126b0cb254a054398;29.08.25 08:59:22;Financement des partis 2023;31.12.2023;43;PLR.Les Libéraux-Radicaux;Personne morale ou société de personnes;1086;Déclaration des recettes annuelles;769;Chaix;Francois;Tribunal fédéral;3000.0
party-9-F-008;fr;party;9;FALSE;2023;;;/api/frontend/latest/fr/downloads/financings/9?with_budget=false;dbafdf58f97e84e0b21430c4eb5b59bcd01cd93c23c1f08126b0cb254a054398;29.08.25 08:59:22;Financement des partis 2023;31.12.2023;43;PLR.Les Libéraux-Radicaux;Personne morale ou société de personnes;1086;Déclaration des recettes annuelles;770;Cotting;Claudia;Tribunal fédéral;1000.0
party-9-F-008;fr;party;9;FALSE;2023;;;/api/frontend/latest/fr/downloads/financings/9?with_budget=false;dbafdf58f97e84e0b21430c4eb5b59bcd01cd93c23c1f08126b0cb254a054398;29.08.25 08:59:22;Financement des partis 2023;31.12.2023;43;PLR.Les Libéraux-Radicaux;Personne morale ou société de personnes;1086;Déclaration des recettes annuelles;771;Marantelli;Vera;Tribunal fédéral;850.0
party-9-F-008;fr;party;9;FALSE;2023;;;/api/frontend/latest/fr/downloads/financings/9?with_budget=false;dbafdf58f97e84e0b21430c4eb5b59bcd01cd93c23c1f08126b0cb254a054398;29.08.25 08:59:22;Financement des partis 2023;31.12.2023;43;PLR.Les Libéraux-Radicaux;Personne morale ou société de personnes;1086;Déclaration des recettes annuelles;772;Schneeberger;Eva Margarita;Tribunal fédéral;1350.0
party-9-F-008;fr;party;9;FALSE;2023;;;/api/frontend/latest/fr/downloads/financings/9?with_budget=false;dbafdf58f97e84e0b21430c4eb5b59bcd01cd93c23c1f08126b0cb254a054398;29.08.25 08:59:22;Financement des partis 2023;31.12.2023;43;PLR.Les Libéraux-Radicaux;Personne morale ou société de personnes;1086;Déclaration des recettes annuelles;773;Burkart;Thierry;Conseil des États;1000.0
party-9-F-002;fr;party;9;FALSE;2023;;;/api/frontend/latest/fr/downloads/financings/9?with_budget=false;dbafdf58f97e84e0b21430c4eb5b59bcd01cd93c23c1f08126b0cb254a054398;29.08.25 08:59:22;Financement des partis 2023;31.12.2023;33;Grünliberale Partei Schweiz;Personne morale ou société de personnes;1061;Déclaration des recettes annuelles;8;Hurni;Christoph;Tribunal fédéral;13020.0
party-9-F-002;fr;party;9;FALSE;2023;;;/api/frontend/latest/fr/downloads/financings/9?with_budget=false;dbafdf58f97e84e0b21430c4eb5b59bcd01cd93c23c1f08126b0cb254a054398;29.08.25 08:59:22;Financement des partis 2023;31.12.2023;33;Grünliberale Partei Schweiz;Personne morale ou société de personnes;1061;Déclaration des recettes annuelles;9;Segessenmann;Thomas;Tribunal administratif fédéral;6907.0
