kind;language;category;financing_id;with_budget;url;sha256;size;campaign_id;form_id
export;fr;elections;1;TRUE;https://politikfinanzierung.efk.admin.ch/api/frontend/latest/fr/downloads/financings/1?with_budget=true;2b86703012632c65f6756f8c2a53142c9f891a0489689bda1f7dbf42de1aa9cd;623433;;
export;fr;elections;1;FALSE;https://politikfinanzierung.efk.admin.ch/api/frontend/latest/fr/downloads/financings/1?with_budget=false;3cb856f14befb5a070b4608cd34e2aeb5d53e431b077331e7c2d6e7778ab6663;696542;;
export;fr;elections;2;FALSE;https://politikfinanzierung.efk.admin.ch/api/frontend/latest/fr/downloads/financings/2?with_budget=false;ed05d15922d12d3bfea73eebb8dfe5703e99772fe997fa102f46c6df8d3fe35e;25920;;
export;fr;elections;22;FALSE;https://politikfinanzierung.efk.admin.ch/api/frontend/latest/fr/downloads/financings/22?with_budget=false;c8542160f812e356dab90b2baef2a4ace25fb571c72324faf803412daeea0db3;6349;;
export;fr;elections;27;TRUE;https://politikfinanzierung.efk.admin.ch/api/frontend/latest/fr/downloads/financings/27?with_budget=true;a6b02e9792482c39bf0b3220f3ab9a801a9c2ae447ce9abac8821e93755c0fa8;7214;;
export;fr;elections;27;FALSE;https://politikfinanzierung.efk.admin.ch/api/frontend/latest/fr/downloads/financings/27?with_budget=false;3491042259f9fb28a96fbdfadda6b23628dbd81f0e2b08ac7870f0cc5a78a1e9;8454;;
export;fr;party;17;FALSE;https://politikfinanzierung.efk.admin.ch/api/frontend/latest/fr/downloads/financings/17?with_budget=false;6dd1cc52a6ad36fdf0ca7dc088b6ebfbdd578a32ccc871b290926ff4c511ee6b;49079;;
export;fr;party;9;FALSE;https://politikfinanzierung.efk.admin.ch/api/frontend/latest/fr/downloads/financings/9?with_budget=false;dbafdf58f97e84e0b21430c4eb5b59bcd01cd93c23c1f08126b0cb254a054398;50185;;
export;fr;votes;10;TRUE;https://politikfinanzierung.efk.admin.ch/api/frontend/latest/fr/downloads/financings/10?with_budget=true;a9cfb575d53575133952b0d48d87be1536dbe401b5b927aef8d247765bdda422;8131;;
export;fr;votes;10;FALSE;https://politikfinanzierung.efk.admin.ch/api/frontend/latest/fr/downloads/financings/10?with_budget=false;13e6dd89214529d5b6910f59729fe7b9647a79c48ba6d06bb373015371fd67ad;8849;;
export;fr;votes;11;TRUE;https://politikfinanzierung.efk.admin.ch/api/frontend/latest/fr/downloads/financings/11?with_budget=true;ba476a81c618ea94dd04a3896598c5cfb3a13c09fe5e7fa81191f5978a672f8c;8474;;
export;fr;votes;11;FALSE;https://politikfinanzierung.efk.admin.ch/api/frontend/latest/fr/downloads/financings/11?with_budget=false;7d0a8b7ba19330316980d9932f0958ddf1db386fdc16fdc914fc40af12d0c94b;8542;;
export;fr;votes;12;TRUE;https://politikfinanzierung.efk.admin.ch/api/frontend/latest/fr/downloads/financings/12?with_budget=true;13546cff3a342761075747cbe4c4279ec3dee73acacf499396793a2c13083a94;12640;;
export;fr;votes;12;FALSE;https://politikfinanzierung.efk.admin.ch/api/frontend/latest/fr/downloads/financings/12?with_budget=false;0114e7d7810159bb3de098ebc1c20fd3de8c9fb5184595a1e5c4634c990c71d2;14224;;
export;fr;votes;13;TRUE;https://politikfinanzierung.efk.admin.ch/api/frontend/latest/fr/downloads/financings/13?with_budget=true;84187ef91a0fccfa3fa5b3c58dd6185cb25bf9ecc18f78d69f27c26c48b3b97c;8144;;
export;fr;votes;13;FALSE;https://politikfinanzierung.efk.admin.ch/api/frontend/latest/fr/downloads/financings/13?with_budget=false;7fd368986eea4b0de1418d14e70f905bf7f8273fc5b70390163e9bd02a67310e;8847;;
export;fr;votes;14;TRUE;https://politikfinanzierung.efk.admin.ch/api/frontend/latest/fr/downloads/financings/14?with_budget=true;1f408901950ac8ede7d36e3fb5e801e4e88558fd6c60a311dd7cb0c9ce163930;8167;;
export;fr;votes;14;FALSE;https://politikfinanzierung.efk.admin.ch/api/frontend/latest/fr/downloads/financings/14?with_budget=false;9fde3e9c555ce20e19c54bb038a21cc063a5cbdf960337ead5104623f2e7ec91;8876;;
export;fr;votes;15;TRUE;https://politikfinanzierung.efk.admin.ch/api/frontend/latest/fr/downloads/financings/15?with_budget=true;e3a1c09ae9d12a3efd5b98b136494292387dbd6d668d01ca8faa3d15d37bc591;9822;;
export;fr;votes;15;FALSE;https://politikfinanzierung.efk.admin.ch/api/frontend/latest/fr/downloads/financings/15?with_budget=false;012e207fb5d36936973ac6c94d9d5b3e32d923fb4176259f56a77b8cb9c2728f;9551;;
export;fr;votes;16;TRUE;https://politikfinanzierung.efk.admin.ch/api/frontend/latest/fr/downloads/financings/16?with_budget=true;a23c8baa8cfeca62df91915e1818e97d6ffa8ff8a792436bff3e24f17d911fbd;6839;;
export;fr;votes;16;FALSE;https://politikfinanzierung.efk.admin.ch/api/frontend/latest/fr/downloads/financings/16?with_budget=false;75b5912cb99f1878eecad9451b6ecb824c79d64c6c31dc95880d595d3461dc24;6898;;
export;fr;votes;18;TRUE;https://politikfinanzierung.efk.admin.ch/api/frontend/latest/fr/downloads/financings/18?with_budget=true;26ed2f290dacd72e5c3d799ad2536a67da36a456231449c0fcdbdff14452b737;10224;;
export;fr;votes;18;FALSE;https://politikfinanzierung.efk.admin.ch/api/frontend/latest/fr/downloads/financings/18?with_budget=false;6f4e4c908e3b970cd503687870043978cb949b6e8941782f0a820c1105fd1d65;10528;;
export;fr;votes;19;TRUE;https://politikfinanzierung.efk.admin.ch/api/frontend/latest/fr/downloads/financings/19?with_budget=true;4b3313d4f68f46e88e016b315af604458c94d724322008bfb40e34c9740edffc;8057;;
export;fr;votes;19;FALSE;https://politikfinanzierung.efk.admin.ch/api/frontend/latest/fr/downloads/financings/19?with_budget=false;5df58a781fa8f32e8520ed117a7a7d1640833ea9ed181136fd441643e1ca12fa;8461;;
export;fr;votes;20;TRUE;https://politikfinanzierung.efk.admin.ch/api/frontend/latest/fr/downloads/financings/20?with_budget=true;77d608f16309c69fa8ca3e2977fda95ee2ca97827e9f5243ea3e3e89e229b8c7;7669;;
export;fr;votes;20;FALSE;https://politikfinanzierung.efk.admin.ch/api/frontend/latest/fr/downloads/financings/20?with_budget=false;71d37c0c7e39e6f66103818a2728dc63497783e1e8ddf491d01f0fa405284801;7865;;
export;fr;votes;21;TRUE;https://politikfinanzierung.efk.admin.ch/api/frontend/latest/fr/downloads/financings/21?with_budget=true;ab69480dbfaf786e3b22359eeb02eb059a65c50b8a64dd6f397230c4fc34d134;9731;;
export;fr;votes;21;FALSE;https://politikfinanzierung.efk.admin.ch/api/frontend/latest/fr/downloads/financings/21?with_budget=false;682d7723ab2b482a44f0de61f3ad19be7249849df57cc085318200a116047264;10116;;
export;fr;votes;24;TRUE;https://politikfinanzierung.efk.admin.ch/api/frontend/latest/fr/downloads/financings/24?with_budget=true;53de98b6d681e8954382f172e03cbed569d1aebd9c2d6757f5e227250e1e64ce;13770;;
export;fr;votes;24;FALSE;https://politikfinanzierung.efk.admin.ch/api/frontend/latest/fr/downloads/financings/24?with_budget=false;924c1b70ac5cf2a922a7dd6d060b99183a5ecf2d3dc2b14099ff78d30f8617ab;17354;;
export;fr;votes;25;TRUE;https://politikfinanzierung.efk.admin.ch/api/frontend/latest/fr/downloads/financings/25?with_budget=true;859f36af2783e37e34a7cb1e2b1f62f83567918b2abdce7b5274128211741b44;7499;;
export;fr;votes;25;FALSE;https://politikfinanzierung.efk.admin.ch/api/frontend/latest/fr/downloads/financings/25?with_budget=false;e9a0f2516f5a89f16bfbd528476c0b3193817c89632657f45e59aef177b01acf;8800;;
export;fr;votes;26;TRUE;https://politikfinanzierung.efk.admin.ch/api/frontend/latest/fr/downloads/financings/26?with_budget=true;35d51ccdb7992777a5bd3595451404c8b111cf1fea7188227f62230ec4cbd07f;8092;;
export;fr;votes;26;FALSE;https://politikfinanzierung.efk.admin.ch/api/frontend/latest/fr/downloads/financings/26?with_budget=false;2f064fef51b93bad2396797fa291049bc5d3f94fa4a42000ace072cd074a9684;9688;;
export;fr;votes;28;TRUE;https://politikfinanzierung.efk.admin.ch/api/frontend/latest/fr/downloads/financings/28?with_budget=true;faa572bc4dc43938ea07540c5e513a9ffb0c026f78d680cfd746620d71d245bd;14029;;
export;fr;votes;28;FALSE;https://politikfinanzierung.efk.admin.ch/api/frontend/latest/fr/downloads/financings/28?with_budget=false;5cbcdf886545672f9d3fc8242732914d079eb8fafc520dec1da0fd98fcf23cc5;8803;;
export;fr;votes;29;TRUE;https://politikfinanzierung.efk.admin.ch/api/frontend/latest/fr/downloads/financings/29?with_budget=true;45c61230a5241ae29848c4f59d59a2f3d5d81ca82dc60237b9b73ba8f6415183;8494;;
export;fr;votes;3;TRUE;https://politikfinanzierung.efk.admin.ch/api/frontend/latest/fr/downloads/financings/3?with_budget=true;6e8f4f00e66cecd4261ba2f3becea20e55c9635b88310f8bf63cab800527fb91;9379;;
export;fr;votes;3;FALSE;https://politikfinanzierung.efk.admin.ch/api/frontend/latest/fr/downloads/financings/3?with_budget=false;5d22865276baa979084ef10b98e7808faf34d769fc480f9b036bda544bdb4357;9672;;
export;fr;votes;31;TRUE;https://politikfinanzierung.efk.admin.ch/api/frontend/latest/fr/downloads/financings/31?with_budget=true;f20845085955ba20c1624aba0136c659557014c4f46c0efb10f1c35be449f9e6;7196;;
export;fr;votes;32;TRUE;https://politikfinanzierung.efk.admin.ch/api/frontend/latest/fr/downloads/financings/32?with_budget=true;911c98cb2298edd00ef2dd4b40cee565c5a53986031cb40a1b9f740047b6ce90;7784;;
export;fr;votes;4;TRUE;https://politikfinanzierung.efk.admin.ch/api/frontend/latest/fr/downloads/financings/4?with_budget=true;49d3926a36ab63b0375faad3863dc86d2eb76474d35e8ba21973c0897acdeb3f;7331;;
export;fr;votes;4;FALSE;https://politikfinanzierung.efk.admin.ch/api/frontend/latest/fr/downloads/financings/4?with_budget=false;9d8357fae79eb98572a4a8d28015a4924ae9d7d98073e14040057567fa290046;7284;;
export;fr;votes;5;TRUE;https://politikfinanzierung.efk.admin.ch/api/frontend/latest/fr/downloads/financings/5?with_budget=true;74cd26334ce87fc2fdb67565621dab6fa941c642671940399bf046b835e78fe4;6820;;
export;fr;votes;5;FALSE;https://politikfinanzierung.efk.admin.ch/api/frontend/latest/fr/downloads/financings/5?with_budget=false;c737bb8fefef5abd0e0d9c75f85016af4f5219ec1b1da3ccfaeeb58df423876d;7166;;
export;fr;votes;6;TRUE;https://politikfinanzierung.efk.admin.ch/api/frontend/latest/fr/downloads/financings/6?with_budget=true;e9998a40fa1d3acad8f2137ca787e7b5e1e9eeba1614e16ed4eea9a56ab08b5d;8034;;
export;fr;votes;6;FALSE;https://politikfinanzierung.efk.admin.ch/api/frontend/latest/fr/downloads/financings/6?with_budget=false;51652494e68fdb9d1e856b7d72762dcf333a5079f81a2cd0862ed5c894c07b97;8746;;
export;fr;votes;7;TRUE;https://politikfinanzierung.efk.admin.ch/api/frontend/latest/fr/downloads/financings/7?with_budget=true;b3bbb25984a4149e0fa5863d6bf6542bf90da622c1a4d2fcf48c31a7b01bf93a;5843;;
export;fr;votes;7;FALSE;https://politikfinanzierung.efk.admin.ch/api/frontend/latest/fr/downloads/financings/7?with_budget=false;5b3780ad88ad8aeb90772b5d64f62bc37d460c2956bc2a3347eb399910c4cda2;5865;;
export;fr;votes;8;TRUE;https://politikfinanzierung.efk.admin.ch/api/frontend/latest/fr/downloads/financings/8?with_budget=true;c469e8570c3b352a47c6cd9f6ee76f2cad8e6857612b3d18716cdf2490e1a71a;11728;;
export;fr;votes;8;FALSE;https://politikfinanzierung.efk.admin.ch/api/frontend/latest/fr/downloads/financings/8?with_budget=false;a836476901f21e596360e1143290a5abd08157dd1f4141f3aa21227cd758502a;11760;;
form;fr;;;;https://politikfinanzierung.efk.admin.ch/api/frontend/latest/fr/downloads/campaigns/1/forms/1;8e3ea3c9930a7a9917b313600744d557d03d28dbb42b6b513095e1a5024320e6;5589;1;1
form;fr;;;;https://politikfinanzierung.efk.admin.ch/api/frontend/latest/fr/downloads/campaigns/1/forms/2;b839014be4384d39f1e5d361835ecfa0e27f8647935f15ee4eef1587ca309e7d;8929;1;2
form;fr;;;;https://politikfinanzierung.efk.admin.ch/api/frontend/latest/fr/downloads/campaigns/1/forms/5;d8a802bce7df6a7ea9bc73cd2c97b3d7bf1b5507a9aebe5857e98fdfe6a6ffaf;5611;1;5
form;fr;;;;https://politikfinanzierung.efk.admin.ch/api/frontend/latest/fr/downloads/campaigns/1/forms/6;b839014be4384d39f1e5d361835ecfa0e27f8647935f15ee4eef1587ca309e7d;8929;1;6
form;fr;;;;https://politikfinanzierung.efk.admin.ch/api/frontend/latest/fr/downloads/campaigns/10/forms/1;d96fbe3e2ce7a9755749e5472eed791336def576562ccb12993418db42e3a9fc;5514;10;1
form;fr;;;;https://politikfinanzierung.efk.admin.ch/api/frontend/latest/fr/downloads/campaigns/10/forms/2;e44c4e9f472a6be32609d1f2201e8685f31d10c3dc430779545a7fc6d7abb4d7;9106;10;2
form;fr;;;;https://politikfinanzierung.efk.admin.ch/api/frontend/latest/fr/downloads/campaigns/10/forms/5;f78805dd5afdd3f1126b97bc1d41de61326a2933f8e8ee8fdc1d3711f2bbcf53;5517;10;5
form;fr;;;;https://politikfinanzierung.efk.admin.ch/api/frontend/latest/fr/downloads/campaigns/10/forms/6;d14e3e65d3e8ca573166a8bba7b4555d79de408d9d1f189bd897f2e6f7c67dfc;9122;10;6
form;fr;;;;https://politikfinanzierung.efk.admin.ch/api/frontend/latest/fr/downloads/campaigns/100/forms/1;d16dfb7821f62e4de596c40659f109e0fd5f295d4a9d3462638a371bcbf1cf16;5567;100;1
form;fr;;;;https://politikfinanzierung.efk.admin.ch/api/frontend/latest/fr/downloads/campaigns/100/forms/5;56232f386e3fb3d2dd4e901c5888b7d802fbeefc8c6e73771989b054a8d9b0ce;5576;100;5
form;fr;;;;https://politikfinanzierung.efk.admin.ch/api/frontend/latest/fr/downloads/campaigns/101/forms/1;f41d43fab3ae5383eff2aa0e8c4a65378a6752567a0a142943349fb5817d7169;5472;101;1
form;fr;;;;https://politikfinanzierung.efk.admin.ch/api/frontend/latest/fr/downloads/campaigns/101/forms/2;08d4b12c4b63c75068c2c91d9645fb1580b132e925a21eecb0cfe9ed400d47d0;9025;101;2
form;fr;;;;https://politikfinanzierung.efk.admin.ch/api/frontend/latest/fr/downloads/campaigns/101/forms/5;30b8fef667197a5a8bfcfa3353b4ad2bb013932d3fb38007e4acfdfa07b9f9ac;5483;101;5
form;fr;;;;https://politikfinanzierung.efk.admin.ch/api/frontend/latest/fr/downloads/campaigns/101/forms/6;dbf2e278eb227f73fc1ad9147487eb5afe524fd4ddb49238772f67a391a4c7cd;9024;101;6
form;fr;;;;https://politikfinanzierung.efk.admin.ch/api/frontend/latest/fr/downloads/campaigns/102/forms/1;2964363897cb673a966c0243ab4a4e48326786daf316a02f2c1b6a5d468f5dfc;5624;102;1
form;fr;;;;https://politikfinanzierung.efk.admin.ch/api/frontend/latest/fr/downloads/campaigns/102/forms/2;d700d531fc5ffa79b779ce006a7b0bbc07e96aed3392686a0eefabc4c32f7457;8928;102;2
form;fr;;;;https://politikfinanzierung.efk.admin.ch/api/frontend/latest/fr/downloads/campaigns/102/forms/5;9d01c61f7530034b187b754fc81ea90da580583b529de071503981043a68bd17;5636;102;5
form;fr;;;;https://politikfinanzierung.efk.admin.ch/api/frontend/latest/fr/downloads/campaigns/102/forms/6;1513fd9b497522d6d5bbf54010880d9643484b9b99128457bcf7b07e6cf56582;8972;102;6
form;fr;;;;https://politikfinanzierung.efk.admin.ch/api/frontend/latest/fr/downloads/campaigns/103/forms/1;c71e712edadbd7ccd9615711c2d323d80bfe945029278621d2f4dd7a33cbf689;5492;103;1
form;fr;;;;https://politikfinanzierung.efk.admin.ch/api/frontend/latest/fr/downloads/campaigns/103/forms/5;0666dcf2aabd8f8929a28b08129ea8ac2eb27bad35c8ea9f4d3581747f969da7;5513;103;5
form;fr;;;;https://politikfinanzierung.efk.admin.ch/api/frontend/latest/fr/downloads/campaigns/103/forms/6;80c919f9b1b906d6b737040c9ecf95ab42c36eb2a27f0ab96c7c910c01ceff17;8931;103;6
form;fr;;;;https://politikfinanzierung.efk.admin.ch/api/frontend/latest/fr/downloads/campaigns/104/forms/1;4cf802d4aeab639d10e048960a2b91a77825741353befdd24ff35abce4cb3fb6;5466;104;1
form;fr;;;;https://politikfinanzierung.efk.admin.ch/api/frontend/latest/fr/downloads/campaigns/104/forms/2;2ea9a4b25e5f244a2d9376bbefe69f2212d13e08e25de7caa95bbe29d8ee1995;8969;104;2
form;fr;;;;https://politikfinanzierung.efk.admin.ch/api/frontend/latest/fr/downloads/campaigns/104/forms/5;7dee9650c84acc7c9b7b1a90e679a03d30fb5dce7e0cad0705feff0650921aa2;5488;104;5
form;fr;;;;https://politikfinanzierung.efk.admin.ch/api/frontend/latest/fr/downloads/campaigns/105/forms/1;7f60f34849db37bae6b2d7d06cb6c0a6292710d1fbaf1ec704336095e8c5ffd2;5623;105;1
form;fr;;;;https://politikfinanzierung.efk.admin.ch/api/frontend/latest/fr/downloads/campaigns/105/forms/5;a66e50685cd8fe067f2be73ec6549c18af7e61c4d651118170f368307a1fc785;5652;105;5
form;fr;;;;https://politikfinanzierung.efk.admin.ch/api/frontend/latest/fr/downloads/campaigns/106/forms/1;46fbb99539625c995d7937be3c4d56efb865871f5200feff596e2ef0925bb69b;5457;106;1
form;fr;;;;https://politikfinanzierung.efk.admin.ch/api/frontend/latest/fr/downloads/campaigns/106/forms/5;3ea60609d895f531d6222eb0ead548cc6be591e8765415842484265a0d6fd724;5459;106;5
form;fr;;;;https://politikfinanzierung.efk.admin.ch/api/frontend/latest/fr/downloads/campaigns/107/forms/1;69dd3d7fdd874ce693203cd53dab03adb4f718d3e7bd23b1639e215081005c68;5460;107;1
form;fr;;;;https://politikfinanzierung.efk.admin.ch/api/frontend/latest/fr/downloads/campaigns/107/forms/5;4321d55ee780f66e06c7d534db05a15f8f22b30bc61f75e692cf05207cd7d6ad;5467;107;5
form;fr;;;;https://politikfinanzierung.efk.admin.ch/api/frontend/latest/fr/downloads/campaigns/108/forms/1;1140d2672b7977897dffd7ab914ebf9549ef5e38638cf22229ca3bae9f3450bf;5854;108;1
form;fr;;;;https://politikfinanzierung.efk.admin.ch/api/frontend/latest/fr/downloads/campaigns/108/forms/2;dc78e813e13f22debf2e259a0639c027e06e87d4d22dd5f49f46d704d72388f5;8973;108;2
form;fr;;;;https://politikfinanzierung.efk.admin.ch/api/frontend/latest/fr/downloads/campaigns/108/forms/5;2e242a17ed9b3eddb9a07b123155fe4476daa860a0e7d8ae8366430ea217c1cc;5872;108;5
form;fr;;;;https://politikfinanzierung.efk.admin.ch/api/frontend/latest/fr/downloads/campaigns/108/forms/6;591f5c15668a6b10d32fe1cff8953f271ca12a69335a69c7be69b2c21a86fe42;8962;108;6
form;fr;;;;https://politikfinanzierung.efk.admin.ch/api/frontend/latest/fr/downloads/campaigns/109/forms/1;757c67a322dbab02eac324b3b1e1d88f20d58a90284ce496344d8363bd2867a2;5486;109;1
form;fr;;;;https://politikfinanzierung.efk.admin.ch/api/frontend/latest/fr/downloads/campaigns/109/forms/2;cebdf9c1ae76b7ff83440551ca38f5b201ea426ddffd024acc1a4de90c679988;9501;109;2
form;fr;;;;https://politikfinanzierung.efk.admin.ch/api/frontend/latest/fr/downloads/campaigns/109/forms/5;7ad9335db6fce587281801da84f186b54905a42df50ac84aab580335cbd3af17;5506;109;5
form;fr;;;;https://politikfinanzierung.efk.admin.ch/api/frontend/latest/fr/downloads/campaigns/109/forms/6;cda517eb5d2177cd81e933b00be175a459f9a2eed0a29b6b45a00fca8f4d8fd8;9444;109;6
form;fr;;;;https://politikfinanzierung.efk.admin.ch/api/frontend/latest/fr/downloads/campaigns/11/forms/1;47b9d7f4876d4f71a700913dcb2ae955ac7b2c511520afc9486651286505811f;5861;11;1
form;fr;;;;https://politikfinanzierung.efk.admin.ch/api/frontend/latest/fr/downloads/campaigns/11/forms/2;6d1a4a67684627f4d1f7c9c5923cd86457692656cc74b7bdded5e99c7bca3f29;8920;11;2
form;fr;;;;https://politikfinanzierung.efk.admin.ch/api/frontend/latest/fr/downloads/campaigns/11/forms/5;5952ada3b36fafb1573267c9b58dee69466539c2a02c3757caf27df001ca4305;5896;11;5
form;fr;;;;https://politikfinanzierung.efk.admin.ch/api/frontend/latest/fr/downloads/campaigns/11/forms/6;2d7bde6884ca7a3ce412300cdbd649563d12b6cfb6b2618cb0990944c800c887;8918;11;6
form;fr;;;;https://politikfinanzierung.efk.admin.ch/api/frontend/latest/fr/downloads/campaigns/110/forms/1;ea1b62bf601c7a2a3e46d311500303efcc727db300f815938030ae51731a0632;5464;110;1
form;fr;;;;https://politikfinanzierung.efk.admin.ch/api/frontend/latest/fr/downloads/campaigns/110/forms/5;a3e37fb88aa49681a5ee4310f955ed04a4f0abcebb97d538c39e07435eec8b56;5467;110;5
form;fr;;;;https://politikfinanzierung.efk.admin.ch/api/frontend/latest/fr/downloads/campaigns/111/forms/1;8f21d62d317643f88ec2a101f58196e61372b208ff477f4f0208d35a520ec519;5520;111;1
form;fr;;;;https://politikfinanzierung.efk.admin.ch/api/frontend/latest/fr/downloads/campaigns/111/forms/2;693bf81468c63cc319dbeaac3b5aab6bcdb58ceee8f20d8e19eeeb94a9ad0f6c;9028;111;2
form;fr;;;;https://politikfinanzierung.efk.admin.ch/api/frontend/latest/fr/downloads/campaigns/111/forms/5;847830c3ac971673c3043ff63ffca04d22105d9f4955a97b80707a1e21bfed16;5533;111;5
form;fr;;;;https://politikfinanzierung.efk.admin.ch/api/frontend/latest/fr/downloads/campaigns/111/forms/6;87a0077c54804b1adc2bf99670aeccddf89638b7953e8c745f8a71345b393ec2;8937;111;6
form;fr;;;;https://politikfinanzierung.efk.admin.ch/api/frontend/latest/fr/downloads/campaigns/112/forms/1;d605b4a1e393c9c219ef096fb6c0fe16eb4eae78dafe2d980a36ec5cc32f0c04;5464;112;1
form;fr;;;;https://politikfinanzierung.efk.admin.ch/api/frontend/latest/fr/downloads/campaigns/112/forms/2;de3276e96cb61e41279407801bdfbaf71b2c38d3793a5f5fa876d45daf0c2343;8931;112;2
form;fr;;;;https://politikfinanzierung.efk.admin.ch/api/frontend/latest/fr/downloads/campaigns/112/forms/5;8fcbef80fd907b0574c330c841941a5c443380850929d48a0f672f0098c53e31;5488;112;5
form;fr;;;;https://politikfinanzierung.efk.admin.ch/api/frontend/latest/fr/downloads/campaigns/112/forms/6;1e3dd6748ee7a6a653ebafb5bbd23f27c412e7fa434c9c64110585823e9409ba;8931;112;6
form;fr;;;;https://politikfinanzierung.efk.admin.ch/api/frontend/latest/fr/downloads/campaigns/113/forms/1;8f54212da401f262899d7edb63bac0c29f3f6af941b05e7fa8b9f80e49a2df17;5587;113;1
form;fr;;;;https://politikfinanzierung.efk.admin.ch/api/frontend/latest/fr/downloads/campaigns/113/forms/5;8662604068552c41ee22c99fd55f711440b909628f4f4f8298cc6c58fb934630;5595;113;5
form;fr;;;;https://politikfinanzierung.efk.admin.ch/api/frontend/latest/fr/downloads/campaigns/113/forms/6;37c704f3c76ee63f743639de4a641bae7e9282146863ae7a630af671f9954f75;9044;113;6
form;fr;;;;https://politikfinanzierung.efk.admin.ch/api/frontend/latest/fr/downloads/campaigns/114/forms/1;b77dff3eea589d0354d851ff723d01aa017ae1ffcb6bcef7b2ad8707890eac05;5449;114;1
form;fr;;;;https://politikfinanzierung.efk.admin.ch/api/frontend/latest/fr/downloads/campaigns/114/forms/2;2b4232aa2acd684707bf4c6e5979fb8c6a30945e19a6d245075fb9b7c7a80d47;9025;114;2
form;fr;;;;https://politikfinanzierung.efk.admin.ch/api/frontend/latest/fr/downloads/campaigns/116/forms/1;638069693e6792bb186121d9791301153b32e720df1ed60bed0a5722ed9c8e61;5492;116;1
form;fr;;;;https://politikfinanzierung.efk.admin.ch/api/frontend/latest/fr/downloads/campaigns/116/forms/2;e64915ee0135349096dc3380bcfca3f4a40cb4987ff3a7b52031b11bf146d81c;9313;116;2
form;fr;;;;https://politikfinanzierung.efk.admin.ch/api/frontend/latest/fr/downloads/campaigns/116/forms/5;dae0041a567fce0b427c7eabd8dba1e67e3ce5ef0ca4e3b6bc74b5bd979e9dd3;5499;116;5
form;fr;;;;https://politikfinanzierung.efk.admin.ch/api/frontend/latest/fr/downloads/campaigns/116/forms/6;e9334c11cb0a224abfaf2e9d4328518661aa262a0cf6b95c73f582857bc16d2d;9284;116;6
form;fr;;;;https://politikfinanzierung.efk.admin.ch/api/frontend/latest/fr/downloads/campaigns/117/forms/1;f2bb721071e5b30cde44b37f13a6d5b4f05e0a75d36055f2bab4e68330e19dba;5457;117;1
form;fr;;;;https://politikfinanzierung.efk.admin.ch/api/frontend/latest/fr/downloads/campaigns/117/forms/5;1830a977f99778262b3dd39471fb9853d27e6830590111c75d4c134a2b45b364;5468;117;5
form;fr;;;;https://politikfinanzierung.efk.admin.ch/api/frontend/latest/fr/downloads/campaigns/118/forms/1;20eb0ba480d1ac16f3b6baf4d9599d2d2d2b05cbf3894cc3c428e15de5cd7cc6;5926;118;1
form;fr;;;;https://politikfinanzierung.efk.admin.ch/api/frontend/latest/fr/downloads/campaigns/118/forms/5;134fd795b23dfb7464463dbb96c61d742086ba08b855161c2a50b09ecc3b47c0;5941;118;5
form;fr;;;;https://politikfinanzierung.efk.admin.ch/api/frontend/latest/fr/downloads/campaigns/118/forms/6;3ebd3fedbe74c89e8dde48ea5dc6794dfd9cfac7f9d0ff97c6dd657d611eff84;9526;118;6
form;fr;;;;https://politikfinanzierung.efk.admin.ch/api/frontend/latest/fr/downloads/campaigns/119/forms/1;a8c8c8a720a42d5751a1ed2ac0ce542de0aa8ecec473ace54666cebe64a17604;5754;119;1
form;fr;;;;https://politikfinanzierung.efk.admin.ch/api/frontend/latest/fr/downloads/campaigns/119/forms/2;7545cc585c52ca903440e48cf4357cd16df48eb40cd63ca66e5d56d4c17fb466;9346;119;2
form;fr;;;;https://politikfinanzierung.efk.admin.ch/api/frontend/latest/fr/downloads/campaigns/119/forms/5;9cf2570ea04c7ee8e5fd73788c53671d41712f5063932cce4c014302d8cd4d95;5764;119;5
form;fr;;;;https://politikfinanzierung.efk.admin.ch/api/frontend/latest/fr/downloads/campaigns/119/forms/6;ceed8892216f6436c477951b75371d22977b5f562c8e16135298002edb4e5884;9360;119;6
form;fr;;;;https://politikfinanzierung.efk.admin.ch/api/frontend/latest/fr/downloads/campaigns/12/forms/1;8db270a777d2047153207ef3726fe18fca7e54357871d26af9c64210d754c95f;5468;12;1
form;fr;;;;https://politikfinanzierung.efk.admin.ch/api/frontend/latest/fr/downloads/campaigns/12/forms/5;5f046d56624fda8295b276bd6517079fcef86a7bdd8ca31d0ad63df6a442e9e6;5473;12;5
form;fr;;;;https://politikfinanzierung.efk.admin.ch/api/frontend/latest/fr/downloads/campaigns/120/forms/1;a4a95f783c5eb0895cd3a251118fcb0effb0f855247c0888f8f92dce5b621dd8;5561;120;1
form;fr;;;;https://politikfinanzierung.efk.admin.ch/api/frontend/latest/fr/downloads/campaigns/120/forms/5;ef10e517781a318836aa6a67c1836b6649a55e3af363aa47bf8f70092864f8ff;5583;120;5
form;fr;;;;https://politikfinanzierung.efk.admin.ch/api/frontend/latest/fr/downloads/campaigns/122/forms/1;347610ef5e74abfe84dc14e17f8ee060b634b88a92143c3e858ea55136f594f2;5450;122;1
form;fr;;;;https://politikfinanzierung.efk.admin.ch/api/frontend/latest/fr/downloads/campaigns/122/forms/5;51c8c1b5d948029019476d91eccc8c5672367d0c3289207fee360dd14e9895a0;5457;122;5
form;fr;;;;https://politikfinanzierung.efk.admin.ch/api/frontend/latest/fr/downloads/campaigns/123/forms/1;98acce6989cd3c0255c5a426912e8b0929206a261251cdb4fca5643d1d8c3026;5611;123;1
form;fr;;;;https://politikfinanzierung.efk.admin.ch/api/frontend/latest/fr/downloads/campaigns/123/forms/5;d797813d7f8c7ef06f8eee862fbfe9f07d72b1d9e4d8239e45db723194280e3a;5626;123;5
form;fr;;;;https://politikfinanzierung.efk.admin.ch/api/frontend/latest/fr/downloads/campaigns/125/forms/1;59c9909b859d89603cee24084fdd3044dcd96862594e3f700b4170b5d8d1968b;5461;125;1
form;fr;;;;https://politikfinanzierung.efk.admin.ch/api/frontend/latest/fr/downloads/campaigns/125/forms/5;167e688f0985ab5eb31f38c658e06f87605274b312e03cd9421d75d9934f0a93;5470;125;5
form;fr;;;;https://politikfinanzierung.efk.admin.ch/api/frontend/latest/fr/downloads/campaigns/126/forms/1;97db43a636eb147144601e27f97b6b119a7924fa98f1448c05e2d8d3a7fe28f7;5460;126;1
form;fr;;;;https://politikfinanzierung.efk.admin.ch/api/frontend/latest/fr/downloads/campaigns/126/forms/5;7879ac05be83059cc89d89f06c3126745509f143fbc5754496605841f7a2d25c;5484;126;5
form;fr;;;;https://politikfinanzierung.efk.admin.ch/api/frontend/latest/fr/downloads/campaigns/127/forms/1;9db699cb85211ed40efe333fb24cc727c015588aa0da8eaab635c4bc343dd485;5645;127;1
form;fr;;;;https://politikfinanzierung.efk.admin.ch/api/frontend/latest/fr/downloads/campaigns/127/forms/2;0b4624588b6cf04311d6175e2709d6da0d50ea447e61ec9e078c9edb5eb5378c;8936;127;2
form;fr;;;;https://politikfinanzierung.efk.admin.ch/api/frontend/latest/fr/downloads/campaigns/127/forms/5;199e2137fafc136b2aa440f17759ee24699a3cd7cc4192b4681c2251f2a0b689;5661;127;5
form;fr;;;;https://politikfinanzierung.efk.admin.ch/api/frontend/latest/fr/downloads/campaigns/127/forms/6;98b644d496ebf8fb766b4e3d8bde11c6951207e22380d1e8ee8eb83f6c96dd97;8935;127;6
form;fr;;;;https://politikfinanzierung.efk.admin.ch/api/frontend/latest/fr/downloads/campaigns/129/forms/1;38fbc5f13e7bd041ccdd4477181e8b74aa0cb40bbdb180b3543c61af92d9264c;5532;129;1
form;fr;;;;https://politikfinanzierung.efk.admin.ch/api/frontend/latest/fr/downloads/campaigns/129/forms/5;1965f6803605e753d9e4f20c064b59529101545eed7cf2ba5dba82cab79dc8f5;5545;129;5
form;fr;;;;https://politikfinanzierung.efk.admin.ch/api/frontend/latest/fr/downloads/campaigns/13/forms/1;d1d03dab9edeb111d12138f1694ed69d5bb7c693ff26db2b08b078ced191da39;5670;13;1
form;fr;;;;https://politikfinanzierung.efk.admin.ch/api/frontend/latest/fr/downloads/campaigns/13/forms/2;4e04162235971fd2468d9821c3deeb49150f1d3e85b8625fbfc68d31a7bd2b2e;8932;13;2
form;fr;;;;https://politikfinanzierung.efk.admin.ch/api/frontend/latest/fr/downloads/campaigns/13/forms/5;672e1a50c4ab989b2ef827c31ea5e925e78300b49850b3459bd65c9e13b9b76d;5681;13;5
form;fr;;;;https://politikfinanzierung.efk.admin.ch/api/frontend/latest/fr/downloads/campaigns/13/forms/6;fa4f60220195ecdf5bb8aaae7ffe2eb336867917d38b82a651956452f1862cc0;8928;13;6
form;fr;;;;https://politikfinanzierung.efk.admin.ch/api/frontend/latest/fr/downloads/campaigns/130/forms/1;b2c5b44bf06d35768197920faf5dfbfed0e9079c86800b8b49a9df9687ecdf53;5653;130;1
form;fr;;;;https://politikfinanzierung.efk.admin.ch/api/frontend/latest/fr/downloads/campaigns/130/forms/2;c9b2e8563c3a2a34ce8ab8bf653a31cfec4f75a5911bbc734ce888d0acd52da5;8920;130;2
form;fr;;;;https://politikfinanzierung.efk.admin.ch/api/frontend/latest/fr/downloads/campaigns/130/forms/5;e76e5cac30c4d69ce84dfa7ce32c93a7ceb76bb4c54c3d1dc76eb465f03ad6c5;5665;130;5
form;fr;;;;https://politikfinanzierung.efk.admin.ch/api/frontend/latest/fr/downloads/campaigns/130/forms/6;a49f02b20160e0c4c58e5fa88573548475767c2afcc824c670f9bf7db6cf30a3;8920;130;6
form;fr;;;;https://politikfinanzierung.efk.admin.ch/api/frontend/latest/fr/downloads/campaigns/131/forms/1;6393beda0ab90c8ee81ae014cba55121ad6550508811f2c15381ffb8199887e6;5464;131;1
form;fr;;;;https://politikfinanzierung.efk.admin.ch/api/frontend/latest/fr/downloads/campaigns/131/forms/5;c110e0af70edbf08ed48f86a67ca011a26e96877f287f2219c345ac2957073f2;5478;131;5
form;fr;;;;https://politikfinanzierung.efk.admin.ch/api/frontend/latest/fr/downloads/campaigns/132/forms/1;93b22de16a6524da7843ac737a7f596ef95c096bdff4b6efd79b7744fa36e1db;5535;132;1
form;fr;;;;https://politikfinanzierung.efk.admin.ch/api/frontend/latest/fr/downloads/campaigns/132/forms/5;7a57a494e04215bf42b0438cccf2db6d8cc7fa98523e9e8a4c4bc87d252d39a9;5542;132;5
form;fr;;;;https://politikfinanzierung.efk.admin.ch/api/frontend/latest/fr/downloads/campaigns/133/forms/1;3faf95f01406cd8eb7d71131b5c16b0ebddab72080c73d47c118a50032cdb4e1;5461;133;1
form;fr;;;;https://politikfinanzierung.efk.admin.ch/api/frontend/latest/fr/downloads/campaigns/133/forms/5;eb525011f8a9e689405f33f78be52a12d0677be4975b8acc8c915b460edc970c;5464;133;5
form;fr;;;;https://politikfinanzierung.efk.admin.ch/api/frontend/latest/fr/downloads/campaigns/134/forms/1;cedecee0cf9d1aac7451ebd064d3ca16589b416efff366553fe9edcd3d07526c;5463;134;1
form;fr;;;;https://politikfinanzierung.efk.admin.ch/api/frontend/latest/fr/downloads/campaigns/134/forms/5;8c447c5ed427c3b7566c70b8a649e7ce9c73030c0bbe58e90b1bb9268ec400af;5477;134;5
form;fr;;;;https://politikfinanzierung.efk.admin.ch/api/frontend/latest/fr/downloads/campaigns/135/forms/1;fda942941660785bb2df6c47e528f08e26a36eb20963dba15bbdf509c084c166;5704;135;1
form;fr;;;;https://politikfinanzierung.efk.admin.ch/api/frontend/latest/fr/downloads/campaigns/135/forms/2;20bce4be41599a486a7fe0337a3422a636bf6c3acadba2f4f63c6d8747afe982;8951;135;2
form;fr;;;;https://politikfinanzierung.efk.admin.ch/api/frontend/latest/fr/downloads/campaigns/135/forms/5;d31dd65d0fa26e32ea6570fcccf603fa14dbc0c09408dd9be5aa936fb1dfc3bc;5709;135;5
form;fr;;;;https://politikfinanzierung.efk.admin.ch/api/frontend/latest/fr/downloads/campaigns/135/forms/6;3dbb98826f33031e15c4d955f2d00ab11ce74eeb9d2a4087a8007f72ffd8d03e;8950;135;6
form;fr;;;;https://politikfinanzierung.efk.admin.ch/api/frontend/latest/fr/downloads/campaigns/136/forms/1;a0e7cb276cf64a7197c9b9c9a58b627a13fe3dac5ac0e1b86fc9fd5181f21ec2;5636;136;1
form;fr;;;;https://politikfinanzierung.efk.admin.ch/api/frontend/latest/fr/downloads/campaigns/136/forms/2;e88c1b7941c5b48f96f96ac6bc891122181e8f5da7325ba09afb0814f95e5d7b;8928;136;2
form;fr;;;;https://politikfinanzierung.efk.admin.ch/api/frontend/latest/fr/downloads/campaigns/136/forms/5;b5fb974a270bb6838f3df136f01f3368233d2ef548b8abcf1029527221c153d1;5649;136;5
form;fr;;;;https://politikfinanzierung.efk.admin.ch/api/frontend/latest/fr/downloads/campaigns/136/forms/6;02f0fe07064a6f87dca0727119014d7e7097c8534763f0b14440b73a909194ca;8957;136;6
form;fr;;;;https://politikfinanzierung.efk.admin.ch/api/frontend/latest/fr/downloads/campaigns/137/forms/1;387d7907f3ee353b6665d4dc5d30ffdf76d30a68894332f4c98eca6c540c134e;5469;137;1
form;fr;;;;https://politikfinanzierung.efk.admin.ch/api/frontend/latest/fr/downloads/campaigns/138/forms/1;a97877665c304ef2b3482c19441e053e17b48963eacfc68e62ca7ed8118602e0;5608;138;1
form;fr;;;;https://politikfinanzierung.efk.admin.ch/api/frontend/latest/fr/downloads/campaigns/138/forms/5;3a45a702613ab01a1b204347499e9a0008bd7edb3c5132e732e0af516cd52b8f;5627;138;5
form;fr;;;;https://politikfinanzierung.efk.admin.ch/api/frontend/latest/fr/downloads/campaigns/139/forms/1;e8842bd751870962d8e60e6161366c8b4bb3a3ec22434ec9d7f6c07a7b7e19e1;5585;139;1
form;fr;;;;https://politikfinanzierung.efk.admin.ch/api/frontend/latest/fr/downloads/campaigns/139/forms/2;cc07cae8441824b43c75a1318e7c9b0915269536f4a928db5a5d5c585d6073fe;9331;139;2
form;fr;;;;https://politikfinanzierung.efk.admin.ch/api/frontend/latest/fr/downloads/campaigns/139/forms/5;40157c1bf993b2caaea62c3d6a6579d9dcfea37f902a42ce124e2c2c99c1fdd9;5612;139;5
form;fr;;;;https://politikfinanzierung.efk.admin.ch/api/frontend/latest/fr/downloads/campaigns/139/forms/6;69d33c3df62f98597d27afc0d7c771fc9dc2334b36ec3f3de7efd618d6a82b66;9531;139;6
form;fr;;;;https://politikfinanzierung.efk.admin.ch/api/frontend/latest/fr/downloads/campaigns/14/forms/1;1747edc7d30279345f0577ca82e6ba78c7aa07ef1fec489446bfcaf1e1443456;5666;14;1
form;fr;;;;https://politikfinanzierung.efk.admin.ch/api/frontend/latest/fr/downloads/campaigns/14/forms/5;42fd7eb2dff45be0d50040a8852802c594479188d613a181de3422a9b746ef31;5675;14;5
form;fr;;;;https://politikfinanzierung.efk.admin.ch/api/frontend/latest/fr/downloads/campaigns/140/forms/1;6b01afe40890c60c41cb3e61ad5ae8daa0a819002ede9a0f57a739add29e96ab;5493;140;1
form;fr;;;;https://politikfinanzierung.efk.admin.ch/api/frontend/latest/fr/downloads/campaigns/140/forms/2;b5c2ec21b87d0b1e6a0de2304b88714e3c2c4f301af01a397c165b8f8090deef;9078;140;2
form;fr;;;;https://politikfinanzierung.efk.admin.ch/api/frontend/latest/fr/downloads/campaigns/140/forms/5;cfbe9cdd9ed78bf53f3ecad46ba38f8c38fe8b214e080d1c90109d63d147861c;5504;140;5
form;fr;;;;https://politikfinanzierung.efk.admin.ch/api/frontend/latest/fr/downloads/campaigns/140/forms/6;20a81c52f64d27e0807465c645a2b7da436ddf404776695785b13ea778f77b9d;9094;140;6
form;fr;;;;https://politikfinanzierung.efk.admin.ch/api/frontend/latest/fr/downloads/campaigns/141/forms/1;b587957063f512894d8242793d1a58fb01a7aecf34567dbefffa9536c136d814;5541;141;1
form;fr;;;;https://politikfinanzierung.efk.admin.ch/api/frontend/latest/fr/downloads/campaigns/141/forms/5;f8bb7f04b84027d3ace7c534cfd799fb14afa5c0ea575b2bb1166cd41dda7190;5565;141;5
form;fr;;;;https://politikfinanzierung.efk.admin.ch/api/frontend/latest/fr/downloads/campaigns/141/forms/6;f5da225d97194615c72bdd3fd95494e750d3fab3142f9fb8efb2124240ec383e;9222;141;6
form;fr;;;;https://politikfinanzierung.efk.admin.ch/api/frontend/latest/fr/downloads/campaigns/142/forms/1;e4360f3d0e3c7886631c6b469f3dfc70aa58e83f59cb884bbafc8533502a5bbc;5455;142;1
form;fr;;;;https://politikfinanzierung.efk.admin.ch/api/frontend/latest/fr/downloads/campaigns/142/forms/5;9f8edb9e4947bf7300cf2149d43a06637dd271f6ec04623d566ff595eff4237c;5467;142;5
form;fr;;;;https://politikfinanzierung.efk.admin.ch/api/frontend/latest/fr/downloads/campaigns/143/forms/1;93fd9c4c0f02a15fa46b22de15717db66f47eb97b0d396a493dbb46417b49d85;5816;143;1
form;fr;;;;https://politikfinanzierung.efk.admin.ch/api/frontend/latest/fr/downloads/campaigns/143/forms/5;1dfed1b57bc78ac99b23be17791207fe7af8a7db17ef0b06f564ca06e3e9e478;5821;143;5
form;fr;;;;https://politikfinanzierung.efk.admin.ch/api/frontend/latest/fr/downloads/campaigns/144/forms/1;1317139ec941e442b5e87a06ffde30013adc4a2aa34b2b80b1bff4b8dfaf7c52;5701;144;1
form;fr;;;;https://politikfinanzierung.efk.admin.ch/api/frontend/latest/fr/downloads/campaigns/144/forms/2;7586f657a9a9ab9d419b24ffd9d182b449eb7048e4614b2f28daf125b73fa942;9504;144;2
form;fr;;;;https://politikfinanzierung.efk.admin.ch/api/frontend/latest/fr/downloads/campaigns/144/forms/5;6b138bb6fc06a90f7df03d298ce7c2e86458d31b5b64059a282e6667833cb203;5709;144;5
form;fr;;;;https://politikfinanzierung.efk.admin.ch/api/frontend/latest/fr/downloads/campaigns/144/forms/6;14bc888e57c767ebe263793b86c8a8e445894b69fe3886bb80a2524dd7508b10;9516;144;6
form;fr;;;;https://politikfinanzierung.efk.admin.ch/api/frontend/latest/fr/downloads/campaigns/145/forms/1;195a87766ab28181df93b9597aad5bffb334dee31cebd8604c6eb4b0cbcf9c8b;5924;145;1
form;fr;;;;https://politikfinanzierung.efk.admin.ch/api/frontend/latest/fr/downloads/campaigns/145/forms/2;8ad412fc9778d8fe4603eb60c2879eecf6e1d85988930acb58b11c967dc4b10e;9076;145;2
form;fr;;;;https://politikfinanzierung.efk.admin.ch/api/frontend/latest/fr/downloads/campaigns/145/forms/5;664f2229ae128ada9a5938ced4c8ff6d0f233fd7f48c15d557e5b70ac7a5f9fe;5943;145;5
form;fr;;;;https://politikfinanzierung.efk.admin.ch/api/frontend/latest/fr/downloads/campaigns/145/forms/6;4ccbc5b28314b07180e5b23ada763048c5a0036c33f9967fc6592f0067dc622b;9129;145;6
form;fr;;;;https://politikfinanzierung.efk.admin.ch/api/frontend/latest/fr/downloads/campaigns/146/forms/1;4fc71a22d7c0a8e011e0c77b2ed0f44d4151788dfee6ad71b3c4a7fb460a33c0;5957;146;1
form;fr;;;;https://politikfinanzierung.efk.admin.ch/api/frontend/latest/fr/downloads/campaigns/146/forms/5;c8732b739fa84230b36a47197f3a8d5f8a7e16e52b73ec36a5b590546df54eb9;5966;146;5
form;fr;;;;https://politikfinanzierung.efk.admin.ch/api/frontend/latest/fr/downloads/campaigns/147/forms/1;a272f4efcc9667815e674b6297b79d5384d46738bc66080b147ca59a67951788;5527;147;1
form;fr;;;;https://politikfinanzierung.efk.admin.ch/api/frontend/latest/fr/downloads/campaigns/147/forms/5;15b984f02a9042bbfd16bcd040a5e4b4722a17cdd529519756efa3fc12f81276;5536;147;5
form;fr;;;;https://politikfinanzierung.efk.admin.ch/api/frontend/latest/fr/downloads/campaigns/149/forms/1;38444411480dbe06b21415a56e2fb0fce960445f90158cbaf8ed7cfe72854db3;5454;149;1
form;fr;;;;https://politikfinanzierung.efk.admin.ch/api/frontend/latest/fr/downloads/campaigns/149/forms/2;4e94e5763e363bc089239c3441df585b5ace81129b2a5317c0f36f0765c16f93;9057;149;2
form;fr;;;;https://politikfinanzierung.efk.admin.ch/api/frontend/latest/fr/downloads/campaigns/149/forms/5;a6edf72446ee346ec67fdb66525bbe07a512d8647162fa85ce5cb03146a7a14c;5457;149;5
form;fr;;;;https://politikfinanzierung.efk.admin.ch/api/frontend/latest/fr/downloads/campaigns/149/forms/6;d726b51d63209e8bc9443f3e5084aeca38f66ecd54d7ee7b74449fd4ce4d27c3;9071;149;6
form;fr;;;;https://politikfinanzierung.efk.admin.ch/api/frontend/latest/fr/downloads/campaigns/150/forms/1;f10f2de8f3a168831666f1675d6ca674086b6cd1aec78675c3c89162930a776c;5610;150;1
form;fr;;;;https://politikfinanzierung.efk.admin.ch/api/frontend/latest/fr/downloads/campaigns/150/forms/5;ba51243ef766ea33ec69b87d2eeeb83ea7feaf99cc34ad17fa5650e8a358d539;5621;150;5
form;fr;;;;https://politikfinanzierung.efk.admin.ch/api/frontend/latest/fr/downloads/campaigns/151/forms/1;67a45d7c57c2540fd3a92c1ac39a6dd029e092d44acf852c8805bdb806e05629;5466;151;1
form;fr;;;;https://politikfinanzierung.efk.admin.ch/api/frontend/latest/fr/downloads/campaigns/151/forms/2;8187ad4eb8144e2aba9048ff0e71c4d09703f0129277496f637c73ff1dce30ac;8960;151;2
form;fr;;;;https://politikfinanzierung.efk.admin.ch/api/frontend/latest/fr/downloads/campaigns/151/forms/5;823c495d1784277ffbb20d48aeb26cae835d68b9340dacf8f1810f13f5a70882;5496;151;5
form;fr;;;;https://politikfinanzierung.efk.admin.ch/api/frontend/latest/fr/downloads/campaigns/152/forms/1;ef785a3921cb15bfac0d1696dcb9fc8daf617c6eb9e83dc02777581813b7461f;5918;152;1
form;fr;;;;https://politikfinanzierung.efk.admin.ch/api/frontend/latest/fr/downloads/campaigns/152/forms/5;14e30715364530cdde96a0dc07b606860419919cb661e82d83df8f6ce7897b3b;5948;152;5
form;fr;;;;https://politikfinanzierung.efk.admin.ch/api/frontend/latest/fr/downloads/campaigns/153/forms/1;e8072240e26f98ac1438798af2d973fbc3a8cce1d9e303fc2114d47be19c1482;5533;153;1
form;fr;;;;https://politikfinanzierung.efk.admin.ch/api/frontend/latest/fr/downloads/campaigns/153/forms/2;5aa2c935b1abba090e14553fe91f9caddc22c7d92031820456436983d5020151;8957;153;2
form;fr;;;;https://politikfinanzierung.efk.admin.ch/api/frontend/latest/fr/downloads/campaigns/153/forms/5;90bc67ef55a437e3d1be3a4c5d0b4be0861fd72791baac49a933405e3f665a75;5553;153;5
form;fr;;;;https://politikfinanzierung.efk.admin.ch/api/frontend/latest/fr/downloads/campaigns/153/forms/6;873a4cb49ee123fc451d087247d668f3b764b39dbb1f00994bd5c15f04d3f429;8960;153;6
form;fr;;;;https://politikfinanzierung.efk.admin.ch/api/frontend/latest/fr/downloads/campaigns/155/forms/1;d8007b14f9be69491f94df9964031e7112d4446dfe4333fd1457d26c64435870;5468;155;1
form;fr;;;;https://politikfinanzierung.efk.admin.ch/api/frontend/latest/fr/downloads/campaigns/155/forms/5;22b7b6d4dbdba6bba4de8b44411546b3ce4cc58fe50447f00c7e0c2d8fdb8062;5475;155;5
form;fr;;;;https://politikfinanzierung.efk.admin.ch/api/frontend/latest/fr/downloads/campaigns/156/forms/1;ca03272f00d3dd1547a7f79ba72f3412da399790ecabcf37257389173e8a47fc;5501;156;1
form;fr;;;;https://politikfinanzierung.efk.admin.ch/api/frontend/latest/fr/downloads/campaigns/156/forms/2;1784f913fb50bec38c82aa30e782c4161033224e8b289ea2e91bf0325463d51b;9169;156;2
form;fr;;;;https://politikfinanzierung.efk.admin.ch/api/frontend/latest/fr/downloads/campaigns/156/forms/5;0b5d0269f26e3d5866b0fb892fa3a3776f9f204af140c3931721665f6908cb21;5517;156;5
form;fr;;;;https://politikfinanzierung.efk.admin.ch/api/frontend/latest/fr/downloads/campaigns/156/forms/6;b7cab51b11b8ff573951436c85fe67486d60199abe34c29e6277d1d2f3611693;9182;156;6
form;fr;;;;https://politikfinanzierung.efk.admin.ch/api/frontend/latest/fr/downloads/campaigns/157/forms/1;da1bcf80ef2a6ed10eca9a06199b62dee2347f84fb201afe227ee2051ab3277c;5883;157;1
form;fr;;;;https://politikfinanzierung.efk.admin.ch/api/frontend/latest/fr/downloads/campaigns/157/forms/5;826c99fef38278bca78410af35d66b9ee79e61fc1ac08343b72f13c3a422f8dd;5887;157;5
form;fr;;;;https://politikfinanzierung.efk.admin.ch/api/frontend/latest/fr/downloads/campaigns/158/forms/1;603dace5f4c002c5d0750fe321e6c2fed1d2c8968fd98691a2c9b080c3ae5194;5494;158;1
form;fr;;;;https://politikfinanzierung.efk.admin.ch/api/frontend/latest/fr/downloads/campaigns/158/forms/5;ee35d34b476dbd30f674ff7ee7b2a3812a9efcb33c9feca69e7e9be1c95c396e;5511;158;5
form;fr;;;;https://politikfinanzierung.efk.admin.ch/api/frontend/latest/fr/downloads/campaigns/161/forms/1;412a89c6f2bc513781c036a00d0f94808eb5df61212c33294c055965fce64566;5541;161;1
form;fr;;;;https://politikfinanzierung.efk.admin.ch/api/frontend/latest/fr/downloads/campaigns/161/forms/5;374b8fe96ae012b010973e205e4ebe4c09bfed961aba335d22abf5b606065ba0;5551;161;5
form;fr;;;;https://politikfinanzierung.efk.admin.ch/api/frontend/latest/fr/downloads/campaigns/162/forms/1;38689f2e03520a62b5e69dcc706dc4e68fb565d68448b0b0215dfde25a2d49a1;5442;162;1
form;fr;;;;https://politikfinanzierung.efk.admin.ch/api/frontend/latest/fr/downloads/campaigns/162/forms/5;2bdb4c50e22c89141d8c0bdde107dd5b16b5cd7ee1be2ea950570c8ec1ab6713;5465;162;5
form;fr;;;;https://politikfinanzierung.efk.admin.ch/api/frontend/latest/fr/downloads/campaigns/163/forms/1;55b056ee9a9421c3dcca316c1123f1d6a67f7eaec268bd90639aa2c291c4a157;5541;163;1
form;fr;;;;https://politikfinanzierung.efk.admin.ch/api/frontend/latest/fr/downloads/campaigns/163/forms/2;307aac177d9aa75c9d3845a9a0deb37803047544a0682b814c3d0e7cd444da0d;8929;163;2
form;fr;;;;https://politikfinanzierung.efk.admin.ch/api/frontend/latest/fr/downloads/campaigns/163/forms/5;199f3c6c8586e72581ff05398602285c0ca6b1702f555e1e8f3fbdff54c2f4c3;5559;163;5
form;fr;;;;https://politikfinanzierung.efk.admin.ch/api/frontend/latest/fr/downloads/campaigns/163/forms/6;72f84ed31d4cae39deea5bfd7783a1caa0b1e7e921d2d5417e5fe8801c75816b;8933;163;6
form;fr;;;;https://politikfinanzierung.efk.admin.ch/api/frontend/latest/fr/downloads/campaigns/164/forms/1;3c7c63ba53930e731a213ddf96f8044384ac983852de885fb93e1477ee4d024c;5466;164;1
form;fr;;;;https://politikfinanzierung.efk.admin.ch/api/frontend/latest/fr/downloads/campaigns/164/forms/5;a838f60aac532e19438e8e09f96c9e86bc20056ac9d7900817ec89c998762fe3;5475;164;5
form;fr;;;;https://politikfinanzierung.efk.admin.ch/api/frontend/latest/fr/downloads/campaigns/165/forms/1;beb0947da4143db95174f63b87c8ac464f2896cf0da5b78dc86900530ca17799;5454;165;1
form;fr;;;;https://politikfinanzierung.efk.admin.ch/api/frontend/latest/fr/downloads/campaigns/165/forms/5;a1877d2442b14aeafe43c9adf69bfeffbd2153fdb8a761da1921c3ca82d8423c;5462;165;5
form;fr;;;;https://politikfinanzierung.efk.admin.ch/api/frontend/latest/fr/downloads/campaigns/166/forms/1;a8d5fd4ce21f7aff2dba00b2133670e171b4ad33bc6aba341095c4e710d2d98b;5548;166;1
form;fr;;;;https://politikfinanzierung.efk.admin.ch/api/frontend/latest/fr/downloads/campaigns/166/forms/5;53ea862fe47552e49c12dc67bcea90e60eedbca594b0e4d5a0efe3af9ff5878d;5555;166;5
form;fr;;;;https://politikfinanzierung.efk.admin.ch/api/frontend/latest/fr/downloads/campaigns/167/forms/1;da0da78a8b55ea1e7d7df661b0244f0ef1928420d2ed6e9bbc68a314ab22c3d9;5753;167;1
form;fr;;;;https://politikfinanzierung.efk.admin.ch/api/frontend/latest/fr/downloads/campaigns/167/forms/2;ab5d4bf56b562827f05720d301d8244e8a2ca18b09ab82eea4bf89f64da34797;8976;167;2
form;fr;;;;https://politikfinanzierung.efk.admin.ch/api/frontend/latest/fr/downloads/campaigns/167/forms/5;0cf285823fda7b24282520c57c9768481ba41dc83eeeb9b3ecbdb80f20650b40;5767;167;5
form;fr;;;;https://politikfinanzierung.efk.admin.ch/api/frontend/latest/fr/downloads/campaigns/167/forms/6;5d68ab076783d62ef8ce84f5f26c8d8b0476cd7e3ac05b4e8ce5b5c81b42f7f9;8978;167;6
form;fr;;;;https://politikfinanzierung.efk.admin.ch/api/frontend/latest/fr/downloads/campaigns/169/forms/1;8e9f961a21b52d8e1d9bb6744f9f95c0d65b9a064bdbb3b45606fe4e0255c8b5;5849;169;1
form;fr;;;;https://politikfinanzierung.efk.admin.ch/api/frontend/latest/fr/downloads/campaigns/169/forms/5;99d94c1547b4f30b5a7ab3d9e0fe73de07a772eaf8e37d2177bd550c1ef6f0c8;5867;169;5
form;fr;;;;https://politikfinanzierung.efk.admin.ch/api/frontend/latest/fr/downloads/campaigns/17/forms/1;18135d1940e943c8e8a90b45133c7b44c7d7665612738e9efc6322f18b2eed83;5463;17;1
form;fr;;;;https://politikfinanzierung.efk.admin.ch/api/frontend/latest/fr/downloads/campaigns/17/forms/5;7f88128f0c7785ce43629cb1c0fd4ee3dd2122815261fb83c9084285d1e27fa2;5476;17;5
form;fr;;;;https://politikfinanzierung.efk.admin.ch/api/frontend/latest/fr/downloads/campaigns/170/forms/1;4a6730104955fec41179a3345497dff85cd8ff5a2e110f32ecff00ec63c60bcf;5573;170;1
form;fr;;;;https://politikfinanzierung.efk.admin.ch/api/frontend/latest/fr/downloads/campaigns/170/forms/5;fd6b475094b815bd3f05576bc783dc87c47d388363370dd14d001e3679ea8d09;5585;170;5
form;fr;;;;https://politikfinanzierung.efk.admin.ch/api/frontend/latest/fr/downloads/campaigns/171/forms/1;11eaf0207298bdc73ff465c5b4f7a026ef3e265e004e0d9c4f0ce716f4f2ed3a;5569;171;1
form;fr;;;;https://politikfinanzierung.efk.admin.ch/api/frontend/latest/fr/downloads/campaigns/171/forms/5;2eef83d9aee33a5a5110215afd1812a164a58cbaa5bba59f2281a05c1eaa48a8;5576;171;5
form;fr;;;;https://politikfinanzierung.efk.admin.ch/api/frontend/latest/fr/downloads/campaigns/172/forms/1;84d783a37cb99757dc4f810f7a747a16abaff7a39387644ee7c68f00e7e1f337;5546;172;1
form;fr;;;;https://politikfinanzierung.efk.admin.ch/api/frontend/latest/fr/downloads/campaigns/172/forms/2;2cc8696bd2d933a152da550402027d916d7a613658e9022fb025d7717b095aea;9484;172;2
form;fr;;;;https://politikfinanzierung.efk.admin.ch/api/frontend/latest/fr/downloads/campaigns/172/forms/5;8b32a24146d92fd857b60611b97f470cc04ffa67db85eaec6b63c6b240898023;5563;172;5
form;fr;;;;https://politikfinanzierung.efk.admin.ch/api/frontend/latest/fr/downloads/campaigns/172/forms/6;60a7f542a3070a3bdce679af3ba46e10474eb36c39b93cb65ce1e06eb8aa8a04;9494;172;6
form;fr;;;;https://politikfinanzierung.efk.admin.ch/api/frontend/latest/fr/downloads/campaigns/173/forms/1;b1654173a0c87f964661147ccdba06801952748035820d6b846bb21d3575c812;5611;173;1
form;fr;;;;https://politikfinanzierung.efk.admin.ch/api/frontend/latest/fr/downloads/campaigns/173/forms/5;730e36b621c243269c64b2ef1a8e2ca29adc3eea10f991830ec4a1e7a087b215;5640;173;5
form;fr;;;;https://politikfinanzierung.efk.admin.ch/api/frontend/latest/fr/downloads/campaigns/174/forms/1;09ecf1bbe6363d2e83c3134a92258ecdf3582b44a6ff72efefae4a1cd478d06d;5478;174;1
form;fr;;;;https://politikfinanzierung.efk.admin.ch/api/frontend/latest/fr/downloads/campaigns/174/forms/5;7b038986c55b14276a1a908da57c4e3f333812b147f0ba76cdf3245c9e96b67c;5488;174;5
form;fr;;;;https://politikfinanzierung.efk.admin.ch/api/frontend/latest/fr/downloads/campaigns/175/forms/1;f6f93116bf4fc23d221c07abfd3bebe916b12b77ffd1f728176a9222ad1f5865;5466;175;1
form;fr;;;;https://politikfinanzierung.efk.admin.ch/api/frontend/latest/fr/downloads/campaigns/175/forms/2;5f6000e70f4cf299a47a507344a66ad9f96d10daf8957c94be35b155e495f4da;8933;175;2
form;fr;;;;https://politikfinanzierung.efk.admin.ch/api/frontend/latest/fr/downloads/campaigns/175/forms/5;565b90306da7718bacb3fe684ba1f46ba3f71930d311d80230e15db2d3ac1852;5475;175;5
form;fr;;;;https://politikfinanzierung.efk.admin.ch/api/frontend/latest/fr/downloads/campaigns/175/forms/6;07efaed345fd24873916dcb0d7a3b7eda3e02c6b7c85689ad3f822af344fce0e;8922;175;6
form;fr;;;;https://politikfinanzierung.efk.admin.ch/api/frontend/latest/fr/downloads/campaigns/176/forms/1;db20a4831431c550509b640cb95bb1dbf39b86c1b021a4ac8d2d0dcb907a4ce2;5483;176;1
form;fr;;;;https://politikfinanzierung.efk.admin.ch/api/frontend/latest/fr/downloads/campaigns/176/forms/2;e97b0ba015fcad85541552e6c4a4e102b96055d252fa2e4ab2a2bb91374ec0f9;8934;176;2
form;fr;;;;https://politikfinanzierung.efk.admin.ch/api/frontend/latest/fr/downloads/campaigns/176/forms/5;9a3eb4e13d1e8648fe68a7b1713b076ffba3d8c91b41f8df9576235e32bb499e;5513;176;5
form;fr;;;;https://politikfinanzierung.efk.admin.ch/api/frontend/latest/fr/downloads/campaigns/176/forms/6;e97b0ba015fcad85541552e6c4a4e102b96055d252fa2e4ab2a2bb91374ec0f9;8934;176;6
form;fr;;;;https://politikfinanzierung.efk.admin.ch/api/frontend/latest/fr/downloads/campaigns/177/forms/1;f3903743820d8fcd4bacb683cc7c4c63034f7956ab179edfb73332dc37565004;5469;177;1
form;fr;;;;https://politikfinanzierung.efk.admin.ch/api/frontend/latest/fr/downloads/campaigns/177/forms/2;6442a2e0fc29fbbb1b9ea67763098e110af7f0a9438a4ee609bd7c1ca81835e1;8964;177;2
form;fr;;;;https://politikfinanzierung.efk.admin.ch/api/frontend/latest/fr/downloads/campaigns/177/forms/5;36bcb095581b5136571960bbbb23f492bbc147d533e31ad4166e8df502f06f2b;5489;177;5
form;fr;;;;https://politikfinanzierung.efk.admin.ch/api/frontend/latest/fr/downloads/campaigns/177/forms/6;8c5805a599c136465834d9b5c6f0040c060df6d727b7c5faba22b1425fa2e0f9;8964;177;6
form;fr;;;;https://politikfinanzierung.efk.admin.ch/api/frontend/latest/fr/downloads/campaigns/178/forms/1;60f198910526019c4e05a12a8e15a2bb35fefd4ca33ab11ebf3b90ec585b8fa5;5486;178;1
form;fr;;;;https://politikfinanzierung.efk.admin.ch/api/frontend/latest/fr/downloads/campaigns/178/forms/5;0d8f72457987f721b7e8093f7599368e3919c0fc9e5f864a28fedf59f80810dd;5501;178;5
form;fr;;;;https://politikfinanzierung.efk.admin.ch/api/frontend/latest/fr/downloads/campaigns/179/forms/1;a22e305dd4bbb6c16a311b836e6c197f11280dda43ecada964940634854520a8;5473;179;1
form;fr;;;;https://politikfinanzierung.efk.admin.ch/api/frontend/latest/fr/downloads/campaigns/179/forms/2;ca891c5835321ae5bfe70ae8b33789bd5496ddbaf0b6eca1e38e34b11e70093d;9021;179;2
form;fr;;;;https://politikfinanzierung.efk.admin.ch/api/frontend/latest/fr/downloads/campaigns/179/forms/5;b5ccd0dfd9905e989b5a4a215c617c0f9de17d764881e42bbbd522c744a7cd95;5480;179;5
form;fr;;;;https://politikfinanzierung.efk.admin.ch/api/frontend/latest/fr/downloads/campaigns/179/forms/6;3eee97e497858e8082676f1a4b44e65cf1b69c918dbe7640817a749aced36975;9053;179;6
form;fr;;;;https://politikfinanzierung.efk.admin.ch/api/frontend/latest/fr/downloads/campaigns/18/forms/1;87001d72e9d9b13fc4370df7c12bf75901cb28d3e2dd62d93719055f9a0c727c;5764;18;1
form;fr;;;;https://politikfinanzierung.efk.admin.ch/api/frontend/latest/fr/downloads/campaigns/18/forms/2;e784c63883193bcd786e688950cec62e60f7d6eb2c4c511beb8686a2719d4d35;9430;18;2
form;fr;;;;https://politikfinanzierung.efk.admin.ch/api/frontend/latest/fr/downloads/campaigns/18/forms/5;c842b3130fc15664633bcb97187c769366947bfe804b6a11d9ab6f5c927dbf53;5784;18;5
form;fr;;;;https://politikfinanzierung.efk.admin.ch/api/frontend/latest/fr/downloads/campaigns/18/forms/6;461b85d2101c6a70d219e96942509210efc319b2e68f27efade66354ce3316c0;9445;18;6
form;fr;;;;https://politikfinanzierung.efk.admin.ch/api/frontend/latest/fr/downloads/campaigns/180/forms/1;4d4950a31d8c39ce7b6c9270fbe663388395257ab0f8c7f10e0b1440603f0c79;5456;180;1
form;fr;;;;https://politikfinanzierung.efk.admin.ch/api/frontend/latest/fr/downloads/campaigns/180/forms/2;0741ece8aae064e683ddcdbcd52a365e1555ca651a3fa23c65787f3270c04ec4;8926;180;2
form;fr;;;;https://politikfinanzierung.efk.admin.ch/api/frontend/latest/fr/downloads/campaigns/184/forms/1;f56fd2dc1f90553a1f9d52629d7525d71f5b92d8eda44426e0ed43a02339a332;5751;184;1
form;fr;;;;https://politikfinanzierung.efk.admin.ch/api/frontend/latest/fr/downloads/campaigns/184/forms/2;de85c438f00c84fc85564422d70f7901f52b735fef662848a7bbccfc64b2be96;8916;184;2
form;fr;;;;https://politikfinanzierung.efk.admin.ch/api/frontend/latest/fr/downloads/campaigns/184/forms/5;74692b5a2013d33f1ac9502196eda566f5b6fcad116b5d72bfa7a09c4882299d;5766;184;5
form;fr;;;;https://politikfinanzierung.efk.admin.ch/api/frontend/latest/fr/downloads/campaigns/184/forms/6;f16ee5ce1c3f15c7a010df4380da8a8b1f768cc247d11f3898818561c8d8f69c;8915;184;6
form;fr;;;;https://politikfinanzierung.efk.admin.ch/api/frontend/latest/fr/downloads/campaigns/185/forms/1;eb30c27038583631b7ebadb4449955ba38d72e5dc4b7e50ea4fb90f96a7ffc2e;5565;185;1
form;fr;;;;https://politikfinanzierung.efk.admin.ch/api/frontend/latest/fr/downloads/campaigns/186/forms/1;fd098f21befdf536a1055bbd9e01bee760c8c9051ca1dbfa7a8a90d0dbc96e3b;5515;186;1
form;fr;;;;https://politikfinanzierung.efk.admin.ch/api/frontend/latest/fr/downloads/campaigns/186/forms/2;ed9270ff5dd8cc20b6789e4ef58cc67ae682ca438b0788288845f7a4d9d3cd83;8953;186;2
form;fr;;;;https://politikfinanzierung.efk.admin.ch/api/frontend/latest/fr/downloads/campaigns/186/forms/5;6332d0ccb47a80292ecaa41210b72f6cbb3a81b00f4f8be6cfe3357f2e8099b5;5538;186;5
form;fr;;;;https://politikfinanzierung.efk.admin.ch/api/frontend/latest/fr/downloads/campaigns/186/forms/6;a3aed862a938396acc4f167d856c48ddbb4de82aa9444a5cc50a4548fef85a32;8951;186;6
form;fr;;;;https://politikfinanzierung.efk.admin.ch/api/frontend/latest/fr/downloads/campaigns/187/forms/1;7362fbadf51bc2aa0b644c6b7be013e62c68654db92bea7b6cd9dfd14d8ae0fe;5540;187;1
form;fr;;;;https://politikfinanzierung.efk.admin.ch/api/frontend/latest/fr/downloads/campaigns/187/forms/5;234f45d98d9c8d933519ac93efa796761c8b6b7b965a622eb138015306be411a;5559;187;5
form;fr;;;;https://politikfinanzierung.efk.admin.ch/api/frontend/latest/fr/downloads/campaigns/188/forms/1;1dc23ce871de58d5b673c02f5cc57bdf87afaca05dcda230ccd1712b760fcb4f;5810;188;1
form;fr;;;;https://politikfinanzierung.efk.admin.ch/api/frontend/latest/fr/downloads/campaigns/188/forms/5;b1d930fab9f3cb371da04791fdd7844b4fe997bb9371f14930d930b545263554;5816;188;5
form;fr;;;;https://politikfinanzierung.efk.admin.ch/api/frontend/latest/fr/downloads/campaigns/189/forms/1;6932679f1f16d0400ca757b89fd37ced846d0469dea1eaaf2bca3c8d50582f0d;5461;189;1
form;fr;;;;https://politikfinanzierung.efk.admin.ch/api/frontend/latest/fr/downloads/campaigns/189/forms/2;3434df629b73f4ddae10bf4a1abc3a07623277ba31f1fc82dc5375d4bc35cf8d;8939;189;2
form;fr;;;;https://politikfinanzierung.efk.admin.ch/api/frontend/latest/fr/downloads/campaigns/19/forms/1;1df8b4a99adddae43fea3cb137f118cbce3155f60f08059bd51a7b44fb84081d;5469;19;1
form;fr;;;;https://politikfinanzierung.efk.admin.ch/api/frontend/latest/fr/downloads/campaigns/19/forms/2;eae12bfc2a8149a406f528038e419db00364faabcdd1e371760f7376af75a2b4;9149;19;2
form;fr;;;;https://politikfinanzierung.efk.admin.ch/api/frontend/latest/fr/downloads/campaigns/19/forms/5;1fad23099feb3ecf653de36fff3139d3a57981cee3d8a586dfa824fd906faa20;5482;19;5
form;fr;;;;https://politikfinanzierung.efk.admin.ch/api/frontend/latest/fr/downloads/campaigns/19/forms/6;4b3fe1bc4716a75539dea8b4d7b7b1bc9159662fe45d9b79656d74591cc6b59d;9165;19;6
form;fr;;;;https://politikfinanzierung.efk.admin.ch/api/frontend/latest/fr/downloads/campaigns/190/forms/1;3e582594c09903a347dafe7b7bd044fedfd47876171166da161cc5d0ab51311f;5462;190;1
form;fr;;;;https://politikfinanzierung.efk.admin.ch/api/frontend/latest/fr/downloads/campaigns/190/forms/5;9adb37ae9e904c6f2b103f9e73af2570cb408ab4a6dcca9a86c1047305a531b7;5481;190;5
form;fr;;;;https://politikfinanzierung.efk.admin.ch/api/frontend/latest/fr/downloads/campaigns/191/forms/1;81c481827ca5bbf9eeda8b0ca996c79ca50bfec4c1abb6eecba14689943fe969;5465;191;1
form;fr;;;;https://politikfinanzierung.efk.admin.ch/api/frontend/latest/fr/downloads/campaigns/191/forms/5;783dea1a5a7294070a49eb92cad0d3cbd18691852d78eccbfbfa9ca654aefd89;5471;191;5
form;fr;;;;https://politikfinanzierung.efk.admin.ch/api/frontend/latest/fr/downloads/campaigns/192/forms/1;913293a8c0603d6a356b1779c29fae08d669490c2c73013dc40a34638158cae7;5879;192;1
form;fr;;;;https://politikfinanzierung.efk.admin.ch/api/frontend/latest/fr/downloads/campaigns/192/forms/5;2fb191e87e65d2f394a68f2074bb75d208338970dc49a12e592b0f7649d047c9;5896;192;5
form;fr;;;;https://politikfinanzierung.efk.admin.ch/api/frontend/latest/fr/downloads/campaigns/192/forms/6;c916c34c0299b765479d7414832a9d5d0662e72255a708b89a8e4a5eb85c2315;10094;192;6
form;fr;;;;https://politikfinanzierung.efk.admin.ch/api/frontend/latest/fr/downloads/campaigns/193/forms/1;11d2e316a4ae2edb65cf0a6a23d9de26b93cef476db10697cf385ba9a780c88d;5460;193;1
form;fr;;;;https://politikfinanzierung.efk.admin.ch/api/frontend/latest/fr/downloads/campaigns/193/forms/5;5e677ce5471d791b22b6d5dc88abd04d516d9fe93a6562b8a360580470095a3c;5470;193;5
form;fr;;;;https://politikfinanzierung.efk.admin.ch/api/frontend/latest/fr/downloads/campaigns/194/forms/1;cfcb2246560a5a973ccfb4852ce8ad590fa75b13fee2561dcbec8474ff5a294a;5465;194;1
form;fr;;;;https://politikfinanzierung.efk.admin.ch/api/frontend/latest/fr/downloads/campaigns/194/forms/5;280657260ea583af07e77e8b9d2a49ce8c55c5324b1d97d372751558973b0d59;5476;194;5
form;fr;;;;https://politikfinanzierung.efk.admin.ch/api/frontend/latest/fr/downloads/campaigns/195/forms/1;cdaabb86d79e5772d83643affe1ac047b7dc460076cd31ccbeeb37dfdc950db5;5440;195;1
form;fr;;;;https://politikfinanzierung.efk.admin.ch/api/frontend/latest/fr/downloads/campaigns/195/forms/5;b58631ab1b4120aee6bd828c640f3eeea6bfd25b236a00e39179801add30453b;5465;195;5
form;fr;;;;https://politikfinanzierung.efk.admin.ch/api/frontend/latest/fr/downloads/campaigns/196/forms/1;4b1491304407a1efbb70311c90f56135e3101889c931daba86b80ed60e2e1de4;5464;196;1
form;fr;;;;https://politikfinanzierung.efk.admin.ch/api/frontend/latest/fr/downloads/campaigns/196/forms/2;a43163befd80e0cc379a7e8532733c98a6ca7a38167c37609abaa67f38af6c8b;9057;196;2
form;fr;;;;https://politikfinanzierung.efk.admin.ch/api/frontend/latest/fr/downloads/campaigns/196/forms/5;146d93a60852bcb49ca63ace21ef0c21cf4a89069ad7eb1c039618a8b48cd6c2;5473;196;5
form;fr;;;;https://politikfinanzierung.efk.admin.ch/api/frontend/latest/fr/downloads/campaigns/196/forms/6;b1f5f34d4dc09d76cedc38a2fbe9205b608e47f019330deac74956aa940d8606;9071;196;6
form;fr;;;;https://politikfinanzierung.efk.admin.ch/api/frontend/latest/fr/downloads/campaigns/197/forms/1;818c0183ff51e8425eb62f67b465498d5c70756d62192c995880e263042c75e5;5536;197;1
form;fr;;;;https://politikfinanzierung.efk.admin.ch/api/frontend/latest/fr/downloads/campaigns/197/forms/5;50020f834413d4021ddc105178b784b38aaa2ec4575f521675564843c38ace81;5565;197;5
form;fr;;;;https://politikfinanzierung.efk.admin.ch/api/frontend/latest/fr/downloads/campaigns/198/forms/1;0b8550c5de5411e7ab8ffd218e60093e2642b32dd62df5a1b5d7f7d66eacb8ec;5474;198;1
form;fr;;;;https://politikfinanzierung.efk.admin.ch/api/frontend/latest/fr/downloads/campaigns/198/forms/2;d8eb75e4f90f71409d6ef8d4e38524582f9c1f160870b4d9e5ce08d3bed7998b;9144;198;2
form;fr;;;;https://politikfinanzierung.efk.admin.ch/api/frontend/latest/fr/downloads/campaigns/198/forms/5;1b2a37f88a35d568cb2d1a6b17eecab3ff86ff47ed6c38d52dc4a4e88ca4f7ea;5491;198;5
form;fr;;;;https://politikfinanzierung.efk.admin.ch/api/frontend/latest/fr/downloads/campaigns/198/forms/6;de636ee868d4971777bd8ff97fc064f3e652f2ffc96062d453c180258c7dc894;9085;198;6
form;fr;;;;https://politikfinanzierung.efk.admin.ch/api/frontend/latest/fr/downloads/campaigns/199/forms/1;48a30360662862e74d3ed18ded61d431178f8acfe5857b2a91456a44793e0113;5553;199;1
form;fr;;;;https://politikfinanzierung.efk.admin.ch/api/frontend/latest/fr/downloads/campaigns/199/forms/5;75d0bb996bfe60e909a8337560a9d68361d782478394fdab0d98d85447477286;5574;199;5
form;fr;;;;https://politikfinanzierung.efk.admin.ch/api/frontend/latest/fr/downloads/campaigns/2/forms/1;423060e2067c31467490f87754bd7173994e30797c987f4952ad83b9f1651256;5465;2;1
form;fr;;;;https://politikfinanzierung.efk.admin.ch/api/frontend/latest/fr/downloads/campaigns/2/forms/2;3a2a113ad28bc96154425b1bfb1896d647ab17b3e4ff47120ed6b9126cec5a4e;8985;2;2
form;fr;;;;https://politikfinanzierung.efk.admin.ch/api/frontend/latest/fr/downloads/campaigns/2/forms/5;6bab84054d76565f7b2ad2d04c1d75f17965f94f82712367f1d4ef2eb02eba8a;5470;2;5
form;fr;;;;https://politikfinanzierung.efk.admin.ch/api/frontend/latest/fr/downloads/campaigns/20/forms/1;51f574bcb499690e3c70f0b8087a5bd15b547124be49c8670dad5f2fd28a8112;5463;20;1
form;fr;;;;https://politikfinanzierung.efk.admin.ch/api/frontend/latest/fr/downloads/campaigns/20/forms/5;000dd2b89e687de528a5384877f3b36d9f9ecbb065378e633a9a5b8675dd1bc7;5481;20;5
form;fr;;;;https://politikfinanzierung.efk.admin.ch/api/frontend/latest/fr/downloads/campaigns/20/forms/6;18a7f798c9099e9f7f6358964f3de68b26f54cd86bbe864c4b018fc7107f8251;9078;20;6
form;fr;;;;https://politikfinanzierung.efk.admin.ch/api/frontend/latest/fr/downloads/campaigns/200/forms/1;ac9645c44fb64b75bacab8c5baabd772fae2dc2ef42303933ec30eab57600ef8;5458;200;1
form;fr;;;;https://politikfinanzierung.efk.admin.ch/api/frontend/latest/fr/downloads/campaigns/200/forms/2;2a8010724bc25c902c128fa9338cccf946928583fdb5146a6a0bb254604e321f;9199;200;2
form;fr;;;;https://politikfinanzierung.efk.admin.ch/api/frontend/latest/fr/downloads/campaigns/200/forms/5;c0e21ca3c099d1577f1d6bf77e7ea6a44b968a93ebfed3f5eb29826b4a7dc0c3;5472;200;5
form;fr;;;;https://politikfinanzierung.efk.admin.ch/api/frontend/latest/fr/downloads/campaigns/200/forms/6;26917ad6c2e21870330caab7123aa9513b23c24553d43190470882f2685763d3;8933;200;6
form;fr;;;;https://politikfinanzierung.efk.admin.ch/api/frontend/latest/fr/downloads/campaigns/201/forms/1;5252f22c17b36a2c134bc1a8a1e59a35506f6bc4dea511065385ef13365a9ff8;5467;201;1
form;fr;;;;https://politikfinanzierung.efk.admin.ch/api/frontend/latest/fr/downloads/campaigns/201/forms/2;241a9bde2c5d7991f4c4a40e50375ea2236e65d8269a20b418e3eba187947fe2;8979;201;2
form;fr;;;;https://politikfinanzierung.efk.admin.ch/api/frontend/latest/fr/downloads/campaigns/201/forms/5;e6a809bc1504d7c2497a2ebda9035b182e1252ebaf12c9a334686ad927f05e70;5476;201;5
form;fr;;;;https://politikfinanzierung.efk.admin.ch/api/frontend/latest/fr/downloads/campaigns/201/forms/6;bab2cd49b451bc5950a0346ad59ce66dd96e49e50607997050b2645333e93b35;9013;201;6
form;fr;;;;https://politikfinanzierung.efk.admin.ch/api/frontend/latest/fr/downloads/campaigns/202/forms/1;0d8c2b7bb28a1fbff1cbe194d401e52bee59bcd7bea47e0307c1883a122c4552;5465;202;1
form;fr;;;;https://politikfinanzierung.efk.admin.ch/api/frontend/latest/fr/downloads/campaigns/202/forms/5;6215663cc58d486f5bf9edb2e402cedeb8093f92ed3f3f04bb48ce3f8d20658e;5481;202;5
form;fr;;;;https://politikfinanzierung.efk.admin.ch/api/frontend/latest/fr/downloads/campaigns/203/forms/1;eb1ee9762e7b16ca6b673944a06c922a1aaffecc5a19923efc939a36b93bb197;5448;203;1
form;fr;;;;https://politikfinanzierung.efk.admin.ch/api/frontend/latest/fr/downloads/campaigns/203/forms/5;9c5aad29b8bca4e9ca03752ac18fb37aea9fc0a20006831694b36cd359858780;5486;203;5
form;fr;;;;https://politikfinanzierung.efk.admin.ch/api/frontend/latest/fr/downloads/campaigns/204/forms/1;a73817d285ae52376b0195117583841c55368005b142196da2d491c0aebbe7aa;5461;204;1
form;fr;;;;https://politikfinanzierung.efk.admin.ch/api/frontend/latest/fr/downloads/campaigns/204/forms/2;fb5319f8d7260913a2ecf9b65f97ff238c8043dc836c44701925140fc17231f8;8933;204;2
form;fr;;;;https://politikfinanzierung.efk.admin.ch/api/frontend/latest/fr/downloads/campaigns/205/forms/1;e3a16461f6d12390137c72f318a698eb33741594f8d7aec8acecdf3703160fc6;5840;205;1
form;fr;;;;https://politikfinanzierung.efk.admin.ch/api/frontend/latest/fr/downloads/campaigns/205/forms/2;eacb4ac4d610a435a6cde2b4a7c89093b3bcdd8d6c7ed8027bc5de203365f4be;8937;205;2
form;fr;;;;https://politikfinanzierung.efk.admin.ch/api/frontend/latest/fr/downloads/campaigns/205/forms/5;cf01c1bc225ac56fb73819eebeb187f7925426f567bc15aabf3b11e5cff3dbcd;5845;205;5
form;fr;;;;https://politikfinanzierung.efk.admin.ch/api/frontend/latest/fr/downloads/campaigns/205/forms/6;eacb4ac4d610a435a6cde2b4a7c89093b3bcdd8d6c7ed8027bc5de203365f4be;8937;205;6
form;fr;;;;https://politikfinanzierung.efk.admin.ch/api/frontend/latest/fr/downloads/campaigns/206/forms/1;a0ea3640679394a5ec3ce03dabc67a4461bc34e5bf3521f546ab4039174466e1;5497;206;1
form;fr;;;;https://politikfinanzierung.efk.admin.ch/api/frontend/latest/fr/downloads/campaigns/206/forms/2;7bb99692e972d6d6fb1d207546006b796ecb8aa06a41a91501c771fb70e646cb;9001;206;2
form;fr;;;;https://politikfinanzierung.efk.admin.ch/api/frontend/latest/fr/downloads/campaigns/207/forms/1;5e33230dd5be5243c296ab5d45f86a23fad0454a94c73c625acb360ff75e32f5;5574;207;1
form;fr;;;;https://politikfinanzierung.efk.admin.ch/api/frontend/latest/fr/downloads/campaigns/207/forms/5;56d614e5442f6d24f045672127717dbe3ca76337bb8b9457b571d28e027ecfe6;5583;207;5
form;fr;;;;https://politikfinanzierung.efk.admin.ch/api/frontend/latest/fr/downloads/campaigns/208/forms/1;1fa4315ac6e85dbe7440769b7f1a853dfd4c88fb34425af640ba50f5025df892;5685;208;1
form;fr;;;;https://politikfinanzierung.efk.admin.ch/api/frontend/latest/fr/downloads/campaigns/208/forms/5;3a4506341bd57aad40e05635af7c55c273116bc2c8de61730a216afcec37dcde;5691;208;5
form;fr;;;;https://politikfinanzierung.efk.admin.ch/api/frontend/latest/fr/downloads/campaigns/209/forms/1;683fa2fa4dda70ca8638294cb74137f87df9586f8ca16a3bf086837be7bb2531;5743;209;1
form;fr;;;;https://politikfinanzierung.efk.admin.ch/api/frontend/latest/fr/downloads/campaigns/209/forms/2;243391fb4847cf0ef56735d8913b347cbcb69d0bfcc03056e53fc822a44b371c;8930;209;2
form;fr;;;;https://politikfinanzierung.efk.admin.ch/api/frontend/latest/fr/downloads/campaigns/209/forms/5;7eb7faf999537fa4c689b045a837d0065d8b0fea44f016874a8fe31443d5513e;5755;209;5
form;fr;;;;https://politikfinanzierung.efk.admin.ch/api/frontend/latest/fr/downloads/campaigns/209/forms/6;62df57b8e1a914214ccfc22e2a91e5cdd3dcb096ed28571ac426d9cd2108f6a8;8943;209;6
form;fr;;;;https://politikfinanzierung.efk.admin.ch/api/frontend/latest/fr/downloads/campaigns/21/forms/1;f21fd438d95f0fbf8336e4535f5cdadc1a08b8b39e3a60f1e89f1826f4f3d9b7;5460;21;1
form;fr;;;;https://politikfinanzierung.efk.admin.ch/api/frontend/latest/fr/downloads/campaigns/21/forms/2;175677b512cbdd63f9fe151ea5744c3b722f44a3066ad2a1659ba2f32b594fdc;8963;21;2
form;fr;;;;https://politikfinanzierung.efk.admin.ch/api/frontend/latest/fr/downloads/campaigns/21/forms/5;1f4aca11b1c912b66f155cb9f602a48f9baf7cd70cd876c6bbd89ddf7b1faca2;5482;21;5
form;fr;;;;https://politikfinanzierung.efk.admin.ch/api/frontend/latest/fr/downloads/campaigns/21/forms/6;59cf5d07df2cbe83dd655017303ddd1d17c2757ad2b6cfae0edb8355d589744e;8921;21;6
form;fr;;;;https://politikfinanzierung.efk.admin.ch/api/frontend/latest/fr/downloads/campaigns/210/forms/1;992439b497aa7f90abb3921a06983570274d7fbeb2455aa0f8db4d06043c6350;5670;210;1
form;fr;;;;https://politikfinanzierung.efk.admin.ch/api/frontend/latest/fr/downloads/campaigns/210/forms/5;1dd4626453f3b33868c07ff5efc5b7eb0645e9d33c60dcc04b178a3a3eb49840;5688;210;5
form;fr;;;;https://politikfinanzierung.efk.admin.ch/api/frontend/latest/fr/downloads/campaigns/211/forms/1;3ddbc28eb4a9bc8673ee5fb7243347f07bffa20bbb91be439a093ea122bb17ea;5744;211;1
form;fr;;;;https://politikfinanzierung.efk.admin.ch/api/frontend/latest/fr/downloads/campaigns/211/forms/2;68bd90ce7d01a264f7edbc2d1a504f125a0c1db29836b6a6c81c559164f3b0b3;8955;211;2
form;fr;;;;https://politikfinanzierung.efk.admin.ch/api/frontend/latest/fr/downloads/campaigns/211/forms/5;fab5f8c8474f7a0076f2350b1430318edb8b075aa0ee34f5df40ad70bd2c4847;5765;211;5
form;fr;;;;https://politikfinanzierung.efk.admin.ch/api/frontend/latest/fr/downloads/campaigns/211/forms/6;8b56d7a577373e61d7bf458d5b6f79ddde62fbd9b2c11515c1ccda465ba04464;8992;211;6
form;fr;;;;https://politikfinanzierung.efk.admin.ch/api/frontend/latest/fr/downloads/campaigns/212/forms/1;5144832de86e162eae8fb02c18222b2b7402905da498fc4501105f5cd9513d41;5998;212;1
form;fr;;;;https://politikfinanzierung.efk.admin.ch/api/frontend/latest/fr/downloads/campaigns/212/forms/2;ef0a7929f1882fe6d0d0e57dcb6274cea251500a41e96bcf04e7568574f4afa7;9588;212;2
form;fr;;;;https://politikfinanzierung.efk.admin.ch/api/frontend/latest/fr/downloads/campaigns/212/forms/5;a13d9789555bc000e06d2b376029244120d7d73f19e01270f01cb007b29553e5;6018;212;5
form;fr;;;;https://politikfinanzierung.efk.admin.ch/api/frontend/latest/fr/downloads/campaigns/213/forms/1;dd07b3193b323c9c0559c27c767707b30dfeecf0fdda761ce0e9c862d5057eac;5462;213;1
form;fr;;;;https://politikfinanzierung.efk.admin.ch/api/frontend/latest/fr/downloads/campaigns/213/forms/5;cdc08f15092dca212b3c1d0d5d3d8d5b2bea1bcc835424ded6e909764f9d8818;5471;213;5
form;fr;;;;https://politikfinanzierung.efk.admin.ch/api/frontend/latest/fr/downloads/campaigns/214/forms/1;054c311ddf7a5d9e079b97176c4b7d91d4f8753f41a58e7bcb464c389509755d;5468;214;1
form;fr;;;;https://politikfinanzierung.efk.admin.ch/api/frontend/latest/fr/downloads/campaigns/214/forms/2;0eaa6207f1cfe13b39cb9c3b86e823ba8cd96abca8764d56e969b0ce7111fc83;8972;214;2
form;fr;;;;https://politikfinanzierung.efk.admin.ch/api/frontend/latest/fr/downloads/campaigns/214/forms/5;1952a9c251a6e1c6208d5bf95cd510851984dba63934e2f11171fe430bde8660;5479;214;5
form;fr;;;;https://politikfinanzierung.efk.admin.ch/api/frontend/latest/fr/downloads/campaigns/214/forms/6;5820c301f3cbce461728611f35d3537d4d4d19cbd9fe3e2135d4a7b1043209f3;9039;214;6
form;fr;;;;https://politikfinanzierung.efk.admin.ch/api/frontend/latest/fr/downloads/campaigns/215/forms/1;ff9fd876414a36fa233da3753a0fc52bad07bc4f949bfba78f6d5c435d8c9e18;5469;215;1
form;fr;;;;https://politikfinanzierung.efk.admin.ch/api/frontend/latest/fr/downloads/campaigns/215/forms/5;042a3b4890414ab293b13ca01f35f6d96800486ad1ca3b32244b20665909378d;5479;215;5
form;fr;;;;https://politikfinanzierung.efk.admin.ch/api/frontend/latest/fr/downloads/campaigns/217/forms/1;ead0912c8a4f15a21ad3bec8e7c357d7ed6adedd71f598efaa58956c52298c4e;5493;217;1
form;fr;;;;https://politikfinanzierung.efk.admin.ch/api/frontend/latest/fr/downloads/campaigns/217/forms/2;c18844e42b1192a51e32074481f9a38c24eca8336cf8361ef6166f2d115db362;8926;217;2
form;fr;;;;https://politikfinanzierung.efk.admin.ch/api/frontend/latest/fr/downloads/campaigns/219/forms/1;11aa5bb06aac33707633137bd9f9af360ef784287bf36099ccce20299f9532c2;5713;219;1
form;fr;;;;https://politikfinanzierung.efk.admin.ch/api/frontend/latest/fr/downloads/campaigns/219/forms/2;5b23f1f0e809b366da169e7559d79013b9e712d415af9973d0e5e847a96b75f9;9303;219;2
form;fr;;;;https://politikfinanzierung.efk.admin.ch/api/frontend/latest/fr/downloads/campaigns/219/forms/5;54368f5c5f8d0bcef0acb8d1a456a0e19ec0eb68d9beb977756dd54baec81ef6;5721;219;5
form;fr;;;;https://politikfinanzierung.efk.admin.ch/api/frontend/latest/fr/downloads/campaigns/219/forms/6;e6f96c0e81cd0e49b7db4581b3746140e88d09a921a756d9f361b889749507e4;9316;219;6
form;fr;;;;https://politikfinanzierung.efk.admin.ch/api/frontend/latest/fr/downloads/campaigns/22/forms/1;40418d29db367f0901589b0f52441845d8fb67c794af6edd67ec3a4008b8e49d;5458;22;1
form;fr;;;;https://politikfinanzierung.efk.admin.ch/api/frontend/latest/fr/downloads/campaigns/22/forms/5;93e8344e0998ff3fd59a600bae1e2c09a0726cf0593df668efe8f960cd802eba;5463;22;5
form;fr;;;;https://politikfinanzierung.efk.admin.ch/api/frontend/latest/fr/downloads/campaigns/220/forms/1;c7cbf81128bfd0567a98136319f89fb21633a742b795818144b02378c86da67c;5469;220;1
form;fr;;;;https://politikfinanzierung.efk.admin.ch/api/frontend/latest/fr/downloads/campaigns/220/forms/5;e204fd705c5ab5a2dff26c621df4d050dac9d8cb4c51dbf364cc8b011af33e43;5485;220;5
form;fr;;;;https://politikfinanzierung.efk.admin.ch/api/frontend/latest/fr/downloads/campaigns/221/forms/1;d6aa7a499c5d421e0a06f74dccbe27fd4b0df51d2d0d00745c7b64415a6b1b10;5496;221;1
form;fr;;;;https://politikfinanzierung.efk.admin.ch/api/frontend/latest/fr/downloads/campaigns/221/forms/5;77691a0f1e82ded2fba7b3533b5554f0bfe1f834b3e5250f1d781ec49b4cc791;5513;221;5
form;fr;;;;https://politikfinanzierung.efk.admin.ch/api/frontend/latest/fr/downloads/campaigns/223/forms/1;1226eea317fd39fcf12640e75d8454d1f2dffcac0630da0330e1393e8ff9f0d0;5561;223;1
form;fr;;;;https://politikfinanzierung.efk.admin.ch/api/frontend/latest/fr/downloads/campaigns/223/forms/5;1d57bd0ea69133e73d238bfcedfa957bae4e2c5aea01be0cd83b96121fb01589;5569;223;5
form;fr;;;;https://politikfinanzierung.efk.admin.ch/api/frontend/latest/fr/downloads/campaigns/224/forms/1;7f716266c2688cf379eaac97f50674dd0f0cd30c3a3b305c7bce3ebd76701f92;5451;224;1
form;fr;;;;https://politikfinanzierung.efk.admin.ch/api/frontend/latest/fr/downloads/campaigns/224/forms/5;197b6c3736c9e903c09ec3a031e922665acc69d2f28eb3a35eb002deee27ed95;5458;224;5
form;fr;;;;https://politikfinanzierung.efk.admin.ch/api/frontend/latest/fr/downloads/campaigns/225/forms/1;7aab1eac21c6ce97d0dda4c43c9440ff253342791bf23f92a552726589d84e94;5664;225;1
form;fr;;;;https://politikfinanzierung.efk.admin.ch/api/frontend/latest/fr/downloads/campaigns/226/forms/1;2f5592689ea07ad05106ea965604e6e31c9c66a1d5d269906b5e6aa77d98c6a1;5726;226;1
form;fr;;;;https://politikfinanzierung.efk.admin.ch/api/frontend/latest/fr/downloads/campaigns/226/forms/2;1e4f86acde2673b1fbb6137191579ec1ebf6d448ce0ff435fec365c1886f21a1;8935;226;2
form;fr;;;;https://politikfinanzierung.efk.admin.ch/api/frontend/latest/fr/downloads/campaigns/226/forms/5;ca57c416f69dbdfb03d6fa46c89adb5349913996a3384816d621cffa0779b65f;5742;226;5
form;fr;;;;https://politikfinanzierung.efk.admin.ch/api/frontend/latest/fr/downloads/campaigns/226/forms/6;bc28a20d91c5a644c5f65b074364503937bcebaddd0ba885b55d33fcd3ba73bf;8935;226;6
form;fr;;;;https://politikfinanzierung.efk.admin.ch/api/frontend/latest/fr/downloads/campaigns/227/forms/1;8c33051205e60e29a7390867e508c4a8393a5742c0b7653c2f89106f29481397;5473;227;1
form;fr;;;;https://politikfinanzierung.efk.admin.ch/api/frontend/latest/fr/downloads/campaigns/227/forms/2;c95a550482c84aae00c28f32d87fbb3fd2da6e61320e5049caab1e7703f5a5b8;8930;227;2
form;fr;;;;https://politikfinanzierung.efk.admin.ch/api/frontend/latest/fr/downloads/campaigns/227/forms/5;a1b95f9461d91cba43ad1c7570f66a8628b04404f219a44eaabd4c2687ffbdbe;5484;227;5
form;fr;;;;https://politikfinanzierung.efk.admin.ch/api/frontend/latest/fr/downloads/campaigns/227/forms/6;5876bc692cb9df47c47f804d9e2f447f0bd584fd57d6568f5f7da15b4db0b36d;8931;227;6
form;fr;;;;https://politikfinanzierung.efk.admin.ch/api/frontend/latest/fr/downloads/campaigns/228/forms/1;003521458c57758f6eb982eb006ebe0d8bdb84b23f05b841d47666a3ad6d1550;5464;228;1
form;fr;;;;https://politikfinanzierung.efk.admin.ch/api/frontend/latest/fr/downloads/campaigns/228/forms/5;cf48d2524085ac6576387d58ac4889e23232ad99d09dd644815357169bc8f28e;5489;228;5
form;fr;;;;https://politikfinanzierung.efk.admin.ch/api/frontend/latest/fr/downloads/campaigns/229/forms/1;d2d098a6dccc3c83a318631611165b9586b2dcf415f571e3849365627e2c07a0;5568;229;1
form;fr;;;;https://politikfinanzierung.efk.admin.ch/api/frontend/latest/fr/downloads/campaigns/229/forms/5;d48ab86ccb4eb9f101012e34b89e8cf9df514e19c9943c795a236c5fadc58e4e;5583;229;5
form;fr;;;;https://politikfinanzierung.efk.admin.ch/api/frontend/latest/fr/downloads/campaigns/23/forms/1;1248f5a513cd6825f2d015dab7582cfbb05f01120424f37ee33c5f409b34844b;5467;23;1
form;fr;;;;https://politikfinanzierung.efk.admin.ch/api/frontend/latest/fr/downloads/campaigns/23/forms/5;c47980f5f271cc2d5cfeba5c2126835035758fb3fd9b47c575d94d3006db6951;5489;23;5
form;fr;;;;https://politikfinanzierung.efk.admin.ch/api/frontend/latest/fr/downloads/campaigns/230/forms/1;eb6d51bdbfc7f83b4c48aa0f529c63e3a05773ec3b0282b8229b6bf6444806a9;5519;230;1
form;fr;;;;https://politikfinanzierung.efk.admin.ch/api/frontend/latest/fr/downloads/campaigns/230/forms/2;83f3ddd8f8e6b6e2978861d4cf6eeff444098715bc43db94edb0c7c2a133151e;8965;230;2
form;fr;;;;https://politikfinanzierung.efk.admin.ch/api/frontend/latest/fr/downloads/campaigns/230/forms/5;3077aae0ad3e20a8fb34938ee40fca9d0830a1be7f68a8769896a4896d072bb0;5526;230;5
form;fr;;;;https://politikfinanzierung.efk.admin.ch/api/frontend/latest/fr/downloads/campaigns/230/forms/6;9a11391e886272f8d19fffd8abc842da4bdf0208f81287131388fff6ec7c83b1;8975;230;6
form;fr;;;;https://politikfinanzierung.efk.admin.ch/api/frontend/latest/fr/downloads/campaigns/231/forms/1;678a71c770a0bae6421b419d064d00a7d1145a5e72d66c5b49467724d15c54f2;5451;231;1
form;fr;;;;https://politikfinanzierung.efk.admin.ch/api/frontend/latest/fr/downloads/campaigns/231/forms/5;7278957626247b4588c1d7b56c0b8f31bc5b680d345082bd086227c456db7aaa;5462;231;5
form;fr;;;;https://politikfinanzierung.efk.admin.ch/api/frontend/latest/fr/downloads/campaigns/232/forms/1;b555e001113e130c5611db6bccd98a4280b66c6ff94dedecc9c4069ec7ca0c34;5571;232;1
form;fr;;;;https://politikfinanzierung.efk.admin.ch/api/frontend/latest/fr/downloads/campaigns/232/forms/5;92e61481cd271f9eb55d6079f73237d73d44301263269d2bd686852bb9e46327;5586;232;5
form;fr;;;;https://politikfinanzierung.efk.admin.ch/api/frontend/latest/fr/downloads/campaigns/233/forms/1;6e71006c59d2741611d3f1b7d02d8cbfaa8382409baa55f1f1a4031349efa598;5692;233;1
form;fr;;;;https://politikfinanzierung.efk.admin.ch/api/frontend/latest/fr/downloads/campaigns/233/forms/5;a12887097cae588de241c8fb38fe6062d1d602c7fe1588f90c1668236090976c;5698;233;5
form;fr;;;;https://politikfinanzierung.efk.admin.ch/api/frontend/latest/fr/downloads/campaigns/234/forms/1;f74da905709815a5d26816e14359bcbef00e67c93e5ff5a4baacd9696f3fc4e2;5461;234;1
form;fr;;;;https://politikfinanzierung.efk.admin.ch/api/frontend/latest/fr/downloads/campaigns/234/forms/5;84937afffd5c2bef1a3070017127e6c5b0e8086a9693a86c98483c18919735e7;5467;234;5
form;fr;;;;https://politikfinanzierung.efk.admin.ch/api/frontend/latest/fr/downloads/campaigns/235/forms/1;7cc6275bcc2bbcff3c4edf44b55b19ce6a9aea11a3d75bb3b06895cf65f21e48;5507;235;1
form;fr;;;;https://politikfinanzierung.efk.admin.ch/api/frontend/latest/fr/downloads/campaigns/235/forms/5;65c127afaafd84f7263991f66edc3b2e0ab686dd02840b074e191ab16e1141fe;5510;235;5
form;fr;;;;https://politikfinanzierung.efk.admin.ch/api/frontend/latest/fr/downloads/campaigns/236/forms/1;21040e6731011af33b7bde4d660676082462d3c26be5105568b686745a4cd198;5513;236;1
form;fr;;;;https://politikfinanzierung.efk.admin.ch/api/frontend/latest/fr/downloads/campaigns/236/forms/5;d2e6df0fd0a7fdedc057cf359ebd1229ffebf0b0c66c053195d2850432fd493c;5534;236;5
form;fr;;;;https://politikfinanzierung.efk.admin.ch/api/frontend/latest/fr/downloads/campaigns/236/forms/6;1e24ab73897a3ad1cdda733fee531df3a3eda132dc426a4b549416be1981c7dd;9119;236;6
form;fr;;;;https://politikfinanzierung.efk.admin.ch/api/frontend/latest/fr/downloads/campaigns/237/forms/1;80030f62566824b03d755e9e76fa3fce563ece30d337733709ae542f9ae18ea7;5553;237;1
form;fr;;;;https://politikfinanzierung.efk.admin.ch/api/frontend/latest/fr/downloads/campaigns/237/forms/5;73c4944380b8a8dcadc2da669787248f05884f9b265eff117ca95d795d114bd6;5577;237;5
form;fr;;;;https://politikfinanzierung.efk.admin.ch/api/frontend/latest/fr/downloads/campaigns/238/forms/1;39db74d04a4fe65d57c3f9cf32a1b2537a652126b75d1385ddc27896c4426970;5466;238;1
form;fr;;;;https://politikfinanzierung.efk.admin.ch/api/frontend/latest/fr/downloads/campaigns/239/forms/1;2629e435baee22b7d852d7f4e42b357698079c30d6afa9bcc4d54c0599ebe54c;5884;239;1
form;fr;;;;https://politikfinanzierung.efk.admin.ch/api/frontend/latest/fr/downloads/campaigns/239/forms/2;84f4fd1fb00912c10575c0c252525efa2f7b9b33c0e0dfaec22f76c5b909ed6f;9596;239;2
form;fr;;;;https://politikfinanzierung.efk.admin.ch/api/frontend/latest/fr/downloads/campaigns/239/forms/5;c6031af422dbc4e63c5a3d8c7da67e8b9873bd2a6a52b1ca685a4397449df2eb;5910;239;5
form;fr;;;;https://politikfinanzierung.efk.admin.ch/api/frontend/latest/fr/downloads/campaigns/239/forms/6;83abacf1cfd5f18964e6a8ba0e252cb1bc22abb81954de9847881b63010b983c;8958;239;6
form;fr;;;;https://politikfinanzierung.efk.admin.ch/api/frontend/latest/fr/downloads/campaigns/24/forms/1;2622e7f42f1ee70d8f889899dd4f7011c01848a79de414af20341910e51160c9;5496;24;1
form;fr;;;;https://politikfinanzierung.efk.admin.ch/api/frontend/latest/fr/downloads/campaigns/24/forms/5;5c59e2f20e486442e4017ce89b91ef6e01b4bc28881b1dbfc035c089ba43b1e5;5513;24;5
form;fr;;;;https://politikfinanzierung.efk.admin.ch/api/frontend/latest/fr/downloads/campaigns/240/forms/1;4e6510682463c1e886df33f1c114e974b5d64df4d03d047f133a92f19aa704f7;5853;240;1
form;fr;;;;https://politikfinanzierung.efk.admin.ch/api/frontend/latest/fr/downloads/campaigns/240/forms/2;f94fd4bbbf60561c14d03ccf42218f0f7fe6babac64228cb6bade3ae005ba8fc;9446;240;2
form;fr;;;;https://politikfinanzierung.efk.admin.ch/api/frontend/latest/fr/downloads/campaigns/240/forms/5;0c186642929d794093c09867bf0fedab7bf98a0e25b599a05ae515da14642e35;5853;240;5
form;fr;;;;https://politikfinanzierung.efk.admin.ch/api/frontend/latest/fr/downloads/campaigns/240/forms/6;3a7fab1130fe9c006c7b90258c60763db5389ae7d5c71b237b93fb2018472d60;9552;240;6
form;fr;;;;https://politikfinanzierung.efk.admin.ch/api/frontend/latest/fr/downloads/campaigns/241/forms/1;56fe99a373c1d83708653a1c6dd26803fb8c08a2e74aa3fc828dba62272a31dd;5454;241;1
form;fr;;;;https://politikfinanzierung.efk.admin.ch/api/frontend/latest/fr/downloads/campaigns/241/forms/5;029afa2521ed8aefc6642b04af934ae4ceb3878c9861e0ecb282c5d8e93b0da9;5462;241;5
form;fr;;;;https://politikfinanzierung.efk.admin.ch/api/frontend/latest/fr/downloads/campaigns/242/forms/1;c0cf9416255ad7c60143d3b72ba514a5452305f71d8bfb77388284a2293ce4f1;5760;242;1
form;fr;;;;https://politikfinanzierung.efk.admin.ch/api/frontend/latest/fr/downloads/campaigns/242/forms/5;2045bdceb3c5b56bd80cb00e338f08cb0948512b5c7955a8687f39c5e3e782bc;5777;242;5
form;fr;;;;https://politikfinanzierung.efk.admin.ch/api/frontend/latest/fr/downloads/campaigns/243/forms/1;de4cbf6ae1971b0814258b79ac71430873748ba19b7e436104766fc9bb0a1202;5888;243;1
form;fr;;;;https://politikfinanzierung.efk.admin.ch/api/frontend/latest/fr/downloads/campaigns/243/forms/2;1f8f66daf215e5a045ec5b88f2eb31a65fb9c84e342c2c577374dd3c303a13a5;9025;243;2
form;fr;;;;https://politikfinanzierung.efk.admin.ch/api/frontend/latest/fr/downloads/campaigns/243/forms/5;8e6a3e966fdde569003fef41212edea79f42c9c2f6e848b7cc4b750f1c0139d3;5897;243;5
form;fr;;;;https://politikfinanzierung.efk.admin.ch/api/frontend/latest/fr/downloads/campaigns/243/forms/6;7986bc21692f38434d0450aa87ce035f0d5eb622b26fcf7a9b9c131746851440;9051;243;6
form;fr;;;;https://politikfinanzierung.efk.admin.ch/api/frontend/latest/fr/downloads/campaigns/244/forms/1;3d9bc999824696e85608d611b26d7a2702007864e7f0681882a465fcb8fea2b7;5466;244;1
form;fr;;;;https://politikfinanzierung.efk.admin.ch/api/frontend/latest/fr/downloads/campaigns/244/forms/2;3f4899bed2e4ca2d73f93a4302852e073ebb509fa8f1f9337c21a73719dcdddf;9064;244;2
form;fr;;;;https://politikfinanzierung.efk.admin.ch/api/frontend/latest/fr/downloads/campaigns/244/forms/5;e5098a067d9b7d4b2cf0c31102be177693f277477f5034f0e53bdee73323b406;5474;244;5
form;fr;;;;https://politikfinanzierung.efk.admin.ch/api/frontend/latest/fr/downloads/campaigns/244/forms/6;5c4002ee421906b5f64d3e50f4f965d59170ecb5bcfb9d48eb471550f5c170e9;9077;244;6
form;fr;;;;https://politikfinanzierung.efk.admin.ch/api/frontend/latest/fr/downloads/campaigns/245/forms/1;be0c163d5070732d8f07b1ef9fa0853bb319d5e708e754acc25bb0df21839046;5444;245;1
form;fr;;;;https://politikfinanzierung.efk.admin.ch/api/frontend/latest/fr/downloads/campaigns/245/forms/5;f52ac7d2dce38eb6ca77735f9cd5128e4125c7f5ee44c72b45ccd2a7480354ff;5458;245;5
form;fr;;;;https://politikfinanzierung.efk.admin.ch/api/frontend/latest/fr/downloads/campaigns/246/forms/1;ad4bd51e161f332d0790a63179bf72f8885b8e082a9f0f32391677af5fea0986;5435;246;1
form;fr;;;;https://politikfinanzierung.efk.admin.ch/api/frontend/latest/fr/downloads/campaigns/246/forms/5;f30d3ed009214fcded4a16385368e6cee43670c00fb5bcd9cd2dce41742f7a93;5467;246;5
form;fr;;;;https://politikfinanzierung.efk.admin.ch/api/frontend/latest/fr/downloads/campaigns/247/forms/1;71e9c6bb2a6810eb9ae2f3960db342c4a48c97c78d3576f4843b9705a89289b6;5450;247;1
form;fr;;;;https://politikfinanzierung.efk.admin.ch/api/frontend/latest/fr/downloads/campaigns/247/forms/5;fed5e9542a5f3bba7d57e4fa9ccec6c2e775262eb2b6e72e162ad8e81afa0a62;5469;247;5
form;fr;;;;https://politikfinanzierung.efk.admin.ch/api/frontend/latest/fr/downloads/campaigns/248/forms/1;cd2cc8c7363340e78de97eaf01c30bdfe95f543365ee1102592b917f39f943dd;5948;248;1
form;fr;;;;https://politikfinanzierung.efk.admin.ch/api/frontend/latest/fr/downloads/campaigns/248/forms/2;15e62a59a19baa846413885b1be1c64ae6af3be74181e62ae6b332dde2ecf61c;9639;248;2
form;fr;;;;https://politikfinanzierung.efk.admin.ch/api/frontend/latest/fr/downloads/campaigns/248/forms/5;86861be5aeb629ef2b224c8f8cb418db41fb438f124ef1bae5b92f373d365620;5957;248;5
form;fr;;;;https://politikfinanzierung.efk.admin.ch/api/frontend/latest/fr/downloads/campaigns/248/forms/6;d161f53a4c003064ba0beceea037b7a4d56d8e990aabdbc2561ea245cfe61e2d;9717;248;6
form;fr;;;;https://politikfinanzierung.efk.admin.ch/api/frontend/latest/fr/downloads/campaigns/249/forms/1;df58918ac55be2a5489e07a1a9608085e14b8e0795360e07953107e8e4737dd9;5453;249;1
form;fr;;;;https://politikfinanzierung.efk.admin.ch/api/frontend/latest/fr/downloads/campaigns/25/forms/1;d05f280aa8fbe132a7d3bb93c8f6b62d1b416b4163b9e1f554119d257c693d35;5464;25;1
form;fr;;;;https://politikfinanzierung.efk.admin.ch/api/frontend/latest/fr/downloads/campaigns/25/forms/5;61fa0abf464b1b50ef3ca3bda1a9e6553f31e9576bf7d712439b124050234158;5484;25;5
form;fr;;;;https://politikfinanzierung.efk.admin.ch/api/frontend/latest/fr/downloads/campaigns/250/forms/1;b283823e43e2630a1aa3348e403c739052f0fcaf56199ed8779880a83f74d3f2;5557;250;1
form;fr;;;;https://politikfinanzierung.efk.admin.ch/api/frontend/latest/fr/downloads/campaigns/250/forms/2;7f375b60c4814d3bc18e426eaf34a6bbcbb573c8563c6d73d6256b28c7ffd576;9355;250;2
form;fr;;;;https://politikfinanzierung.efk.admin.ch/api/frontend/latest/fr/downloads/campaigns/250/forms/5;529c7dea340fb87badaf975cc627a7f063e7504feb872dbb29275e794c8cd345;5574;250;5
form;fr;;;;https://politikfinanzierung.efk.admin.ch/api/frontend/latest/fr/downloads/campaigns/250/forms/6;5970461d3ac91c9cafd1b73ba3089f512d6c5846824f5c8d9a83785d4e1aa4fe;9375;250;6
form;fr;;;;https://politikfinanzierung.efk.admin.ch/api/frontend/latest/fr/downloads/campaigns/251/forms/1;90238734d1993d17bd4841ceed527629906eb22c516597d44efba64cc83ad436;5482;251;1
form;fr;;;;https://politikfinanzierung.efk.admin.ch/api/frontend/latest/fr/downloads/campaigns/251/forms/5;bc8e8b3807d2af8c79de017bcaf917aff9f3d62bbca0ae48f48ac93637db62e0;5511;251;5
form;fr;;;;https://politikfinanzierung.efk.admin.ch/api/frontend/latest/fr/downloads/campaigns/252/forms/1;4b195597a329f418821090fb888253518c5f3f66e85bebcd6d45930314d75bc3;5467;252;1
form;fr;;;;https://politikfinanzierung.efk.admin.ch/api/frontend/latest/fr/downloads/campaigns/252/forms/2;39162ef080a90efc7878d6728ad59f4bb61bed07dfcbaad36148ee56b46ecea9;9184;252;2
form;fr;;;;https://politikfinanzierung.efk.admin.ch/api/frontend/latest/fr/downloads/campaigns/252/forms/5;4a49a43b39a9fb714d54d79e5131b3fba3e9f34f69dd3462516086a4a477d23f;5479;252;5
form;fr;;;;https://politikfinanzierung.efk.admin.ch/api/frontend/latest/fr/downloads/campaigns/252/forms/6;0fed1d16352ccef41ce5dcd3fcfa6f3ba3b37bb808d62adb7aa55adcea047363;9207;252;6
form;fr;;;;https://politikfinanzierung.efk.admin.ch/api/frontend/latest/fr/downloads/campaigns/253/forms/1;8873c19bc7e90119af16f70069b153b17ae8ce42aec776d1ca7beaaf27d1268c;5515;253;1
form;fr;;;;https://politikfinanzierung.efk.admin.ch/api/frontend/latest/fr/downloads/campaigns/253/forms/5;706f2ff5828fa8eb26a86268f94e6239eee1a7cad88f79460c956549951d8a22;5527;253;5
form;fr;;;;https://politikfinanzierung.efk.admin.ch/api/frontend/latest/fr/downloads/campaigns/254/forms/1;81af33a39b7e696fe2dcc3ee5f880944e1c1ba148078fa8d1b69b551339baefa;5760;254;1
form;fr;;;;https://politikfinanzierung.efk.admin.ch/api/frontend/latest/fr/downloads/campaigns/254/forms/5;9ec416e5d69108436436af33c08c20a301035d29f747467a70450e1a8217cdf1;5770;254;5
form;fr;;;;https://politikfinanzierung.efk.admin.ch/api/frontend/latest/fr/downloads/campaigns/255/forms/1;e1b8a8c18f8148cc9f99e76302ee6c93f978b63424a090cc3084d78a3a353c33;5570;255;1
form;fr;;;;https://politikfinanzierung.efk.admin.ch/api/frontend/latest/fr/downloads/campaigns/255/forms/2;aa468dc93c32529d40c215bf2fc40a5ca3b101fa6cca4021627b0f2fc86b63bf;9151;255;2
form;fr;;;;https://politikfinanzierung.efk.admin.ch/api/frontend/latest/fr/downloads/campaigns/255/forms/5;bc11e82fabda822422ce75152701771b3038ac5028e4e864c55dca31dd0c8a4e;5591;255;5
form;fr;;;;https://politikfinanzierung.efk.admin.ch/api/frontend/latest/fr/downloads/campaigns/255/forms/6;3187035bbc3466f0b154780aa50c538af87474d85a5e1fce8efd54b41296e080;9166;255;6
form;fr;;;;https://politikfinanzierung.efk.admin.ch/api/frontend/latest/fr/downloads/campaigns/257/forms/1;dcf096fd22a29d8e35b51983828cc38c2a42dd6148ba956515700e7e01d17c68;5494;257;1
form;fr;;;;https://politikfinanzierung.efk.admin.ch/api/frontend/latest/fr/downloads/campaigns/257/forms/2;2d4a814f14de62eb6594bafec9a53c4a659e84aa204727f24b3801160fb71a52;9093;257;2
form;fr;;;;https://politikfinanzierung.efk.admin.ch/api/frontend/latest/fr/downloads/campaigns/257/forms/5;b452ed7005cd051bc42ee59d8154e81aaae3924d534bf3f672e54ecc47d981e9;5504;257;5
form;fr;;;;https://politikfinanzierung.efk.admin.ch/api/frontend/latest/fr/downloads/campaigns/257/forms/6;9812071ff9baf3f9e70f11b58dbed378b78ecaa9112330b15af90e9642cd7043;9178;257;6
form;fr;;;;https://politikfinanzierung.efk.admin.ch/api/frontend/latest/fr/downloads/campaigns/258/forms/1;0c2f037470807eedc30eb30dcb4252b1889843e4a409f9976dd78ec2a940a711;5456;258;1
form;fr;;;;https://politikfinanzierung.efk.admin.ch/api/frontend/latest/fr/downloads/campaigns/258/forms/2;b3d473edc95ee31e150b9e2f124deb9bbcd8a6a397b99c067a7ba9421bf18538;9042;258;2
form;fr;;;;https://politikfinanzierung.efk.admin.ch/api/frontend/latest/fr/downloads/campaigns/258/forms/5;f2f44485e6bc6df47e81c0e78dc4d11610ccd2e987c2aacaa50dca760fe5ac55;5464;258;5
form;fr;;;;https://politikfinanzierung.efk.admin.ch/api/frontend/latest/fr/downloads/campaigns/258/forms/6;587fec1bf69fbba4cb1dcfa6b50dcc8a47043170f0d5092f08310d8550b3c927;8967;258;6
form;fr;;;;https://politikfinanzierung.efk.admin.ch/api/frontend/latest/fr/downloads/campaigns/259/forms/1;4d832e3b18074c73db89427e0721eb8b41f360660a32b815ffbaa99548fd449c;5699;259;1
form;fr;;;;https://politikfinanzierung.efk.admin.ch/api/frontend/latest/fr/downloads/campaigns/259/forms/2;6cf42f33d96916140f6172a6c1aafeaa562562f260f2c6f338f3261ada6ed7b3;9517;259;2
form;fr;;;;https://politikfinanzierung.efk.admin.ch/api/frontend/latest/fr/downloads/campaigns/259/forms/5;5fd6e5bc3f6646734938b7c6a74175da667cda06a76ec9fc40474f988e93b5e5;5724;259;5
form;fr;;;;https://politikfinanzierung.efk.admin.ch/api/frontend/latest/fr/downloads/campaigns/259/forms/6;bb8f9b444d0f22a187ed858f6ae515f6a2c080a7c5742c83c1facac6097b78f3;9309;259;6
form;fr;;;;https://politikfinanzierung.efk.admin.ch/api/frontend/latest/fr/downloads/campaigns/26/forms/1;e1c4666ada7780d0385d43ea62e3b4dc60136d35efb014a88712cc69add6fdfb;5638;26;1
form;fr;;;;https://politikfinanzierung.efk.admin.ch/api/frontend/latest/fr/downloads/campaigns/26/forms/5;5b1274b7e62f9f7031b387746141f8e43895c8ffcbebf7315daff300ba10fe02;5653;26;5
form;fr;;;;https://politikfinanzierung.efk.admin.ch/api/frontend/latest/fr/downloads/campaigns/260/forms/1;b9d3f608d3eadf6a75fa9ccbe3568d730353d88d3181c27474e264910568633e;5889;260;1
form;fr;;;;https://politikfinanzierung.efk.admin.ch/api/frontend/latest/fr/downloads/campaigns/260/forms/5;d546e27b5ce8a60be65afac4e1726b092c435336fdfbb6ef00f7f78460eee10d;5913;260;5
form;fr;;;;https://politikfinanzierung.efk.admin.ch/api/frontend/latest/fr/downloads/campaigns/261/forms/1;ad6bcf2dca0cce714dd3bc64280b33c8053447bc9f19c4f04c722ba7b2a8aa41;5458;261;1
form;fr;;;;https://politikfinanzierung.efk.admin.ch/api/frontend/latest/fr/downloads/campaigns/261/forms/2;f4a10c1c60422b2f300e04b636715bae143e4fb02956366241e032abe1c76c80;8917;261;2
form;fr;;;;https://politikfinanzierung.efk.admin.ch/api/frontend/latest/fr/downloads/campaigns/262/forms/1;a9fb650a86996ae7f849acfb57a96a4961505ea9f19a1318f4faca2abdaf42f1;5506;262;1
form;fr;;;;https://politikfinanzierung.efk.admin.ch/api/frontend/latest/fr/downloads/campaigns/262/forms/5;69af830987ad73d4346938781f7e54d9128cdd2d90b80035737fbc4cee8c9cd2;5529;262;5
form;fr;;;;https://politikfinanzierung.efk.admin.ch/api/frontend/latest/fr/downloads/campaigns/263/forms/1;f10c36604329a8055f7bb23187e5e4ab24b3522f6b2a5d98e17d6b63fef20c42;5866;263;1
form;fr;;;;https://politikfinanzierung.efk.admin.ch/api/frontend/latest/fr/downloads/campaigns/263/forms/2;1f0943cb2da189859773263d2555ac5ccc5917132c486aa2db9c4b46f1347e1a;9453;263;2
form;fr;;;;https://politikfinanzierung.efk.admin.ch/api/frontend/latest/fr/downloads/campaigns/263/forms/5;e5d6011b19315c3c5b1842e75034f6b978ce7fcead86eb8a554f4eb5addcefda;5879;263;5
form;fr;;;;https://politikfinanzierung.efk.admin.ch/api/frontend/latest/fr/downloads/campaigns/263/forms/6;a592d68f466785160d5ac17d301c3859f96ca0f9620e13fa14784b523dfecc9f;9467;263;6
form;fr;;;;https://politikfinanzierung.efk.admin.ch/api/frontend/latest/fr/downloads/campaigns/264/forms/1;8e6f3115a3ed6edcf8ecf730cbdeca51ebd4c341d8814bfb43dcd797f74ac957;5515;264;1
form;fr;;;;https://politikfinanzierung.efk.admin.ch/api/frontend/latest/fr/downloads/campaigns/264/forms/5;c72389407b53ce20c83592007fe75e022f4bb2e4981c8de2192544062f89603d;5537;264;5
form;fr;;;;https://politikfinanzierung.efk.admin.ch/api/frontend/latest/fr/downloads/campaigns/265/forms/1;2027ab66062babb59a3e15b05307521be839fb4c45d73472f929469a1d1a5aa8;5543;265;1
form;fr;;;;https://politikfinanzierung.efk.admin.ch/api/frontend/latest/fr/downloads/campaigns/265/forms/5;006d6bf8fcff66cc44ce381253b63a1676959b9fca209e38f00ea80452200b3d;5557;265;5
form;fr;;;;https://politikfinanzierung.efk.admin.ch/api/frontend/latest/fr/downloads/campaigns/266/forms/1;e676ed3b599b07c31daa4bb82902f48ba8309fe94a49b27713442ab683f5b315;5460;266;1
form;fr;;;;https://politikfinanzierung.efk.admin.ch/api/frontend/latest/fr/downloads/campaigns/266/forms/5;efb0b319bc85f0ebf4db9592fd2129cbaafccc89176c8d9ee218c6d1e9ffe2c2;5467;266;5
form;fr;;;;https://politikfinanzierung.efk.admin.ch/api/frontend/latest/fr/downloads/campaigns/267/forms/1;317a76d864ef5d3014721c89d3ed720708030f18429fa73976b0760613208da6;5549;267;1
form;fr;;;;https://politikfinanzierung.efk.admin.ch/api/frontend/latest/fr/downloads/campaigns/267/forms/5;bafb2bcb9e0a1d8dbfefa9c70c02ff48ad226031cdcb8c63f783c8dd79cf0a93;5557;267;5
form;fr;;;;https://politikfinanzierung.efk.admin.ch/api/frontend/latest/fr/downloads/campaigns/268/forms/1;4aa555a72f4b2614ec11d0fd08e3c1078d8b29d11b0fbcc417b098719669b69c;5725;268;1
form;fr;;;;https://politikfinanzierung.efk.admin.ch/api/frontend/latest/fr/downloads/campaigns/268/forms/5;a00963df4b8b2f87a8e8183f71d5cd7d6d305ed2254b94d2abcc2f8672b6f502;5748;268;5
form;fr;;;;https://politikfinanzierung.efk.admin.ch/api/frontend/latest/fr/downloads/campaigns/27/forms/5;4b776529c33bc0672ee30ac3fd72ef5ec19379b69565fe9a27c4f07972e8c0f6;5487;27;5
form;fr;;;;https://politikfinanzierung.efk.admin.ch/api/frontend/latest/fr/downloads/campaigns/270/forms/1;7b56f42957fdeee671b04dfb48f2acf3f7405c904e7dbcadcd992554703fe368;5556;270;1
form;fr;;;;https://politikfinanzierung.efk.admin.ch/api/frontend/latest/fr/downloads/campaigns/270/forms/5;1deed9d23d5481f779d0f34d3df6a3fb231faf30f68d06e3002a904ed103de31;5556;270;5
form;fr;;;;https://politikfinanzierung.efk.admin.ch/api/frontend/latest/fr/downloads/campaigns/272/forms/1;3bce6a24ecc9a447c3354352b10aab28a66a5c67511cb1e53b4ac5dd50127135;5463;272;1
form;fr;;;;https://politikfinanzierung.efk.admin.ch/api/frontend/latest/fr/downloads/campaigns/272/forms/5;bdba545041d8b15e69f7f28be32fec05dc99721762493db08f8c750d596b2771;5473;272;5
form;fr;;;;https://politikfinanzierung.efk.admin.ch/api/frontend/latest/fr/downloads/campaigns/273/forms/1;43bdcd69513e89e1da45c957aff7248de6db0433de4a48f16b6146b708497322;5553;273;1
form;fr;;;;https://politikfinanzierung.efk.admin.ch/api/frontend/latest/fr/downloads/campaigns/273/forms/5;c40157e1aaf7f53c227bc1e0ae2c97f669a2a4665cbdeb8912a80cd5a84a635c;5560;273;5
form;fr;;;;https://politikfinanzierung.efk.admin.ch/api/frontend/latest/fr/downloads/campaigns/274/forms/1;1c8d4c2dbdb662b9e9442b1175e5708b331b3818747c6d238027c3eff4aae7a3;5755;274;1
form;fr;;;;https://politikfinanzierung.efk.admin.ch/api/frontend/latest/fr/downloads/campaigns/274/forms/5;8f7da9ecd2e2b05ddca76e77384fa63cf8873e986dd261f6f4d793d12c69e30b;5772;274;5
form;fr;;;;https://politikfinanzierung.efk.admin.ch/api/frontend/latest/fr/downloads/campaigns/274/forms/6;c7b6d9606b410088869abd6ed3a35eb24720ab054271203123a0734e3b2b276a;9351;274;6
form;fr;;;;https://politikfinanzierung.efk.admin.ch/api/frontend/latest/fr/downloads/campaigns/275/forms/1;84853e34acd35ab011cbf0a4a2c540053d970cc0798e9a29aff2d296333cb9fa;5533;275;1
form;fr;;;;https://politikfinanzierung.efk.admin.ch/api/frontend/latest/fr/downloads/campaigns/275/forms/5;007229d53aba18b21501912dcb3a38093cf1103dc3e465eae38515176918fcf0;5537;275;5
form;fr;;;;https://politikfinanzierung.efk.admin.ch/api/frontend/latest/fr/downloads/campaigns/276/forms/1;73a8c8e742b06812508636b334340bb56ec6208ccdeadf158f52ae977c125b5d;5475;276;1
form;fr;;;;https://politikfinanzierung.efk.admin.ch/api/frontend/latest/fr/downloads/campaigns/276/forms/5;1e47ec84fa49e0bb3299513b4f0b9bd1070540b72ee939c119fcfea37aebe789;5495;276;5
form;fr;;;;https://politikfinanzierung.efk.admin.ch/api/frontend/latest/fr/downloads/campaigns/277/forms/2;cc5b34ed7f896bf1a866ffad437b4a4fc44139be4a3ae2648ff07a2cf0a8b675;9234;277;2
form;fr;;;;https://politikfinanzierung.efk.admin.ch/api/frontend/latest/fr/downloads/campaigns/277/forms/6;3326a14778554cc8219a99acfbb4e7899332c4ce54c372b52d6d16d5782d2b8d;9112;277;6
form;fr;;;;https://politikfinanzierung.efk.admin.ch/api/frontend/latest/fr/downloads/campaigns/278/forms/1;9571f6bb58ce8793cca513a90eb11873c665ff0108e4560851f868351c9abbb6;5479;278;1
form;fr;;;;https://politikfinanzierung.efk.admin.ch/api/frontend/latest/fr/downloads/campaigns/278/forms/5;5d5711554ac880479cb5e6ff412afa1ff4ed4c59789a157f45179c4a8e9525b8;5480;278;5
form;fr;;;;https://politikfinanzierung.efk.admin.ch/api/frontend/latest/fr/downloads/campaigns/279/forms/1;de23ec65a670fdf7f1d941ec45582a03310bbff5cd9a3f5a60a6be454152a129;5463;279;1
form;fr;;;;https://politikfinanzierung.efk.admin.ch/api/frontend/latest/fr/downloads/campaigns/28/forms/1;f321875cc92e7bc30a535da94b23fe43c0198b5e97cfb2374fec084a80b37700;5464;28;1
form;fr;;;;https://politikfinanzierung.efk.admin.ch/api/frontend/latest/fr/downloads/campaigns/28/forms/5;4b83d79c7eaf8d9a6dff32ead167f4fc4a775f39674005824b2f83b4e0af3023;5481;28;5
form;fr;;;;https://politikfinanzierung.efk.admin.ch/api/frontend/latest/fr/downloads/campaigns/280/forms/1;3465c29ab9b582702de0a7a2d7a5673526f3a8e89faf4777757911bc8c9b9aaf;5466;280;1
form;fr;;;;https://politikfinanzierung.efk.admin.ch/api/frontend/latest/fr/downloads/campaigns/280/forms/5;6cf3bf9605e4581e1835c059e322236115d7ae5c3df5abe987665ffe493fc6fc;5478;280;5
form;fr;;;;https://politikfinanzierung.efk.admin.ch/api/frontend/latest/fr/downloads/campaigns/281/forms/1;f9a3abcc0c624a8902d20a06ddfcc8e00dc08dc9a8bd43cc2e6f20c7232cdff2;5455;281;1
form;fr;;;;https://politikfinanzierung.efk.admin.ch/api/frontend/latest/fr/downloads/campaigns/281/forms/5;8eca696c4758878d98f073e92ef69b9d89856592e7911f660cd1227ed9ce3547;5467;281;5
form;fr;;;;https://politikfinanzierung.efk.admin.ch/api/frontend/latest/fr/downloads/campaigns/282/forms/1;afd3a173703d33896c8dca9b9d3a5f6f1beb2bb3e90d61f2bbfaaec1ec27ec67;5465;282;1
form;fr;;;;https://politikfinanzierung.efk.admin.ch/api/frontend/latest/fr/downloads/campaigns/282/forms/5;f89fd899519b0112f20c9d0ef3b65f8f808c3147a9fbdd5f8b7f1c44baeeac9f;5472;282;5
form;fr;;;;https://politikfinanzierung.efk.admin.ch/api/frontend/latest/fr/downloads/campaigns/284/forms/1;9a9764868756174a3ba4aff0cb23ca9a1fceeb5e1fcecb8a062c3a1d9bb1c1fe;5462;284;1
form;fr;;;;https://politikfinanzierung.efk.admin.ch/api/frontend/latest/fr/downloads/campaigns/284/forms/2;939d194f60fab2007f2482161dba6f22bebd121adb4c41a98ecada4575e98e9b;8923;284;2
form;fr;;;;https://politikfinanzierung.efk.admin.ch/api/frontend/latest/fr/downloads/campaigns/284/forms/5;4e2957ce4bfcf1a2c29b3119fd4eb4c8d080fd65e65a07a7a90c11f4c702657e;5471;284;5
form;fr;;;;https://politikfinanzierung.efk.admin.ch/api/frontend/latest/fr/downloads/campaigns/284/forms/6;36c897d4b3d4794e7df53117576716b7e17220e643f7ef6c735e8e80232b7005;8923;284;6
form;fr;;;;https://politikfinanzierung.efk.admin.ch/api/frontend/latest/fr/downloads/campaigns/285/forms/1;29df0fd58203b8f30be555b132185fffd1b026e0b4097c8ecd84d4f90765a85a;5463;285;1
form;fr;;;;https://politikfinanzierung.efk.admin.ch/api/frontend/latest/fr/downloads/campaigns/285/forms/5;58a27be1ec65fb6a8c1d99d0a64440a1e127e833bb32c871b12c0d3bc54e2e88;5472;285;5
form;fr;;;;https://politikfinanzierung.efk.admin.ch/api/frontend/latest/fr/downloads/campaigns/287/forms/1;cb54a834a1cf8c1d20d17513fe664528e9e5ac2cc25b48ae2617d79472a57b5b;5520;287;1
form;fr;;;;https://politikfinanzierung.efk.admin.ch/api/frontend/latest/fr/downloads/campaigns/287/forms/2;58d010cafb77314cf39dbed23b4faad741adc9e81a01b8fffe3496df30c4ceb3;8930;287;2
form;fr;;;;https://politikfinanzierung.efk.admin.ch/api/frontend/latest/fr/downloads/campaigns/287/forms/5;c9da3760713b27de304a6669f9a15c4ae2124d4e20e32afe8f956178153ba991;5530;287;5
form;fr;;;;https://politikfinanzierung.efk.admin.ch/api/frontend/latest/fr/downloads/campaigns/287/forms/6;58d010cafb77314cf39dbed23b4faad741adc9e81a01b8fffe3496df30c4ceb3;8930;287;6
form;fr;;;;https://politikfinanzierung.efk.admin.ch/api/frontend/latest/fr/downloads/campaigns/29/forms/1;8c356523eeabc21a4327a9dd40ce06743e55135f6f7b9054e77527698eadef1d;5617;29;1
form;fr;;;;https://politikfinanzierung.efk.admin.ch/api/frontend/latest/fr/downloads/campaigns/29/forms/5;8e502aa7dedf9a3313bff47966547d5b0943a1e9428c28613ab2ddeae164ab12;5646;29;5
form;fr;;;;https://politikfinanzierung.efk.admin.ch/api/frontend/latest/fr/downloads/campaigns/290/forms/1;bcac1681f4032938863d82fc4efd06915f808225c6f8794852e844c3f7f7da80;5600;290;1
form;fr;;;;https://politikfinanzierung.efk.admin.ch/api/frontend/latest/fr/downloads/campaigns/290/forms/5;ffee46018d04a868f3fb1b797b52d71dca1da9cd0a7afafcf3f3f3ecf88c4b00;5605;290;5
form;fr;;;;https://politikfinanzierung.efk.admin.ch/api/frontend/latest/fr/downloads/campaigns/292/forms/1;995e86e50a195d5406bd4c18f7c9f42f7f252c95f033e2b1c5b6283ba51d4dd7;5490;292;1
form;fr;;;;https://politikfinanzierung.efk.admin.ch/api/frontend/latest/fr/downloads/campaigns/292/forms/2;9d4163722f0b8cb6111eeddf9417f0e78ab438bb5099516542d6a4e85a40e3ef;9211;292;2
form;fr;;;;https://politikfinanzierung.efk.admin.ch/api/frontend/latest/fr/downloads/campaigns/292/forms/5;1cb92ea1eaed173dc04c24510c2d1d3d1993105b80393126dbe22d59fb318cf0;5497;292;5
form;fr;;;;https://politikfinanzierung.efk.admin.ch/api/frontend/latest/fr/downloads/campaigns/292/forms/6;3ff40d6ce5826aac77bea1922b79fff0076a187899148d40ced9dc6e754d05af;9222;292;6
form;fr;;;;https://politikfinanzierung.efk.admin.ch/api/frontend/latest/fr/downloads/campaigns/293/forms/1;9c07106f6fc7d8efe7ce41d9eae24fddac8c27fc6a35214c2f3ed0bde4de1103;5475;293;1
form;fr;;;;https://politikfinanzierung.efk.admin.ch/api/frontend/latest/fr/downloads/campaigns/293/forms/5;adaceb959eb62d8b9e43bf5e965f47bbfe128e7b8b78376f7bd17b261bd1ae70;5478;293;5
form;fr;;;;https://politikfinanzierung.efk.admin.ch/api/frontend/latest/fr/downloads/campaigns/294/forms/1;1364070431847553b2ed62e1d1d9787969f72aec42ca27d3a083f5e2823fe0dc;5455;294;1
form;fr;;;;https://politikfinanzierung.efk.admin.ch/api/frontend/latest/fr/downloads/campaigns/294/forms/2;01ab394b5b8794f67696b028f3e6871d8b344666babf2f7b451a763958cff5be;8922;294;2
form;fr;;;;https://politikfinanzierung.efk.admin.ch/api/frontend/latest/fr/downloads/campaigns/294/forms/5;787ae5a66c7f8ec01bea12122df85310a1f7ae1754d6392a427f802c7293095e;5477;294;5
form;fr;;;;https://politikfinanzierung.efk.admin.ch/api/frontend/latest/fr/downloads/campaigns/294/forms/6;32e30cfa551fe98fa25b338aafda2bce6190dfadaea174069420552296a11d12;8926;294;6
form;fr;;;;https://politikfinanzierung.efk.admin.ch/api/frontend/latest/fr/downloads/campaigns/295/forms/1;d5faec1364bd91f0f76ffab37e6b328d7472ac54cce014129efeddab6f97fbd5;5466;295;1
form;fr;;;;https://politikfinanzierung.efk.admin.ch/api/frontend/latest/fr/downloads/campaigns/295/forms/2;e9dce26b1acc4d5730fac51e19c1e53ae824373282d8c40c31009810a3d9d17d;9051;295;2
form;fr;;;;https://politikfinanzierung.efk.admin.ch/api/frontend/latest/fr/downloads/campaigns/295/forms/5;63f24cc06a6eb104046ffe56b42cf99989f3163b07ccd3c7e9ce3d4643f93249;5484;295;5
form;fr;;;;https://politikfinanzierung.efk.admin.ch/api/frontend/latest/fr/downloads/campaigns/295/forms/6;d444a21d27e765e002b1ef6d710482242dfc916074ad78464781e0cb6ddab805;9041;295;6
form;fr;;;;https://politikfinanzierung.efk.admin.ch/api/frontend/latest/fr/downloads/campaigns/297/forms/1;4379228f16d432abbfbaf054c8628f91280ee8585a60e26ab318b9a92afaa778;5477;297;1
form;fr;;;;https://politikfinanzierung.efk.admin.ch/api/frontend/latest/fr/downloads/campaigns/297/forms/2;bc2f18a8b15bba340ac041e4dc1804594a2c3eb173fb4393d95faa7f5e53ca88;9062;297;2
form;fr;;;;https://politikfinanzierung.efk.admin.ch/api/frontend/latest/fr/downloads/campaigns/297/forms/5;5e63c482cef153e239bc6f734a32ef9dc5ff56e5ac9a3724172782d0ebf608a0;5486;297;5
form;fr;;;;https://politikfinanzierung.efk.admin.ch/api/frontend/latest/fr/downloads/campaigns/297/forms/6;0ccced9309f4cb56a410aae459c0c5da4436b4f3fe0cefc6c5d13c34a026a095;9075;297;6
form;fr;;;;https://politikfinanzierung.efk.admin.ch/api/frontend/latest/fr/downloads/campaigns/298/forms/1;e81bdbc43fadae638498f7748b9d621a2e13be109450a3418705743f5301e60b;5450;298;1
form;fr;;;;https://politikfinanzierung.efk.admin.ch/api/frontend/latest/fr/downloads/campaigns/298/forms/5;e8e674865c76574663bd9e096444b1a30a290afc737e0e9f00032494f7543b84;5458;298;5
form;fr;;;;https://politikfinanzierung.efk.admin.ch/api/frontend/latest/fr/downloads/campaigns/299/forms/1;aab498d5c9be92fdb687b95165667099248628dd3bda9a94c85bf1b8d09ddd5c;5753;299;1
form;fr;;;;https://politikfinanzierung.efk.admin.ch/api/frontend/latest/fr/downloads/campaigns/299/forms/2;0760cb77dc83122a47f789d850e0696382836396406c93647dacc800b060dc91;8917;299;2
form;fr;;;;https://politikfinanzierung.efk.admin.ch/api/frontend/latest/fr/downloads/campaigns/299/forms/5;a7f6cb38f0a8af98a3af0b8996453ecd3db9fcaa9b76d08e8b94a1320fc5f277;5786;299;5
form;fr;;;;https://politikfinanzierung.efk.admin.ch/api/frontend/latest/fr/downloads/campaigns/299/forms/6;0760cb77dc83122a47f789d850e0696382836396406c93647dacc800b060dc91;8917;299;6
form;fr;;;;https://politikfinanzierung.efk.admin.ch/api/frontend/latest/fr/downloads/campaigns/3/forms/1;85aef1e56d140df371e301db649c7b1c89bdb3e63efe66a9e88e4c4ec048c1b8;5682;3;1
form;fr;;;;https://politikfinanzierung.efk.admin.ch/api/frontend/latest/fr/downloads/campaigns/3/forms/5;b30ca1a1e843814580bba1b67d2710c9ddf4f792ed4da69160cdad7cc9648427;5692;3;5
form;fr;;;;https://politikfinanzierung.efk.admin.ch/api/frontend/latest/fr/downloads/campaigns/30/forms/1;49e672a49232220d5b01ccf7ef1f0a1b6b40582bfd88b20ac19d9994247ece2a;5499;30;1
form;fr;;;;https://politikfinanzierung.efk.admin.ch/api/frontend/latest/fr/downloads/campaigns/30/forms/2;b9686382241e041e687dbdb9d94ff2fd06c9e755c00c8c84098923f583a66a8e;9080;30;2
form;fr;;;;https://politikfinanzierung.efk.admin.ch/api/frontend/latest/fr/downloads/campaigns/300/forms/1;531b32115e99a2ca62e117a86bf38974793ed584723fde52af83795c206ac50c;5510;300;1
form;fr;;;;https://politikfinanzierung.efk.admin.ch/api/frontend/latest/fr/downloads/campaigns/300/forms/5;3a783aec2ded33d5d90ee21d2595bccafc64b368eff9345bfc7ce4f7b0d8a22b;5523;300;5
form;fr;;;;https://politikfinanzierung.efk.admin.ch/api/frontend/latest/fr/downloads/campaigns/302/forms/1;ee896f418c1e012fff40767fd0af6eaf757f06a489dff77043735c94118812bf;6016;302;1
form;fr;;;;https://politikfinanzierung.efk.admin.ch/api/frontend/latest/fr/downloads/campaigns/302/forms/5;7d06b5b6fe369f765ca647eecedde7091ca7c02b84d3e67e7f70d763840c2b85;6027;302;5
form;fr;;;;https://politikfinanzierung.efk.admin.ch/api/frontend/latest/fr/downloads/campaigns/303/forms/1;f18141011a69c785cac29d880630e7aa00e20cc5dbe8fca9278b27a6615e02a8;5469;303;1
form;fr;;;;https://politikfinanzierung.efk.admin.ch/api/frontend/latest/fr/downloads/campaigns/303/forms/2;50ddebf5caa92869fdca0d4bd2829eaaefde078a27147c4ff35d7ee39f14bf53;8926;303;2
form;fr;;;;https://politikfinanzierung.efk.admin.ch/api/frontend/latest/fr/downloads/campaigns/303/forms/5;37620db68cf8ae32d0c58c1d93fde0a811109b6910a9274a58aedbf10fc593e9;5479;303;5
form;fr;;;;https://politikfinanzierung.efk.admin.ch/api/frontend/latest/fr/downloads/campaigns/303/forms/6;c9178896a037e07b3f9a56027fed05ea1dc68c0be2b73eef140bc8ed77b03b3e;8962;303;6
form;fr;;;;https://politikfinanzierung.efk.admin.ch/api/frontend/latest/fr/downloads/campaigns/304/forms/1;d75daff2f796ab4614ffd78e33b9034c91a48adb4df72da5831d4559ae1d9a1e;5482;304;1
form;fr;;;;https://politikfinanzierung.efk.admin.ch/api/frontend/latest/fr/downloads/campaigns/304/forms/5;c89391d0b4f3b7c5ad5299dc37289f53e5b7aef4320d0fbfc45efa743df62151;5504;304;5
form;fr;;;;https://politikfinanzierung.efk.admin.ch/api/frontend/latest/fr/downloads/campaigns/305/forms/1;a2fea1e546d0d91647853ba9251c9eb8c704bfe930d625378ffb9563973c96fc;5707;305;1
form;fr;;;;https://politikfinanzierung.efk.admin.ch/api/frontend/latest/fr/downloads/campaigns/305/forms/2;40c8c35b3e6ac2aae1f7edadf06b57188dab664ded0ccbbdf5f29630cf40218b;9311;305;2
form;fr;;;;https://politikfinanzierung.efk.admin.ch/api/frontend/latest/fr/downloads/campaigns/305/forms/5;02800b680b2a05eda8801fba030127d021e4da1dc0dfd6539aa39f42faaef6f7;5721;305;5
form;fr;;;;https://politikfinanzierung.efk.admin.ch/api/frontend/latest/fr/downloads/campaigns/305/forms/6;6c064e865db57d7aabc18d67675228256572af244173676d0d45a06d3c368eb0;9323;305;6
form;fr;;;;https://politikfinanzierung.efk.admin.ch/api/frontend/latest/fr/downloads/campaigns/306/forms/1;f2526db105831e09b1053c6246cfb70d0f39f884e5f81bee84ffe625663b8b1e;5688;306;1
form;fr;;;;https://politikfinanzierung.efk.admin.ch/api/frontend/latest/fr/downloads/campaigns/306/forms/5;22076c4dd7582da4d9958e8b3f33e3a491860b7acdf411a846fe43158a6aacfa;5711;306;5
form;fr;;;;https://politikfinanzierung.efk.admin.ch/api/frontend/latest/fr/downloads/campaigns/307/forms/1;3ca386cd51582b3ab5463c93202858920ddb74f6fb1f4569e70285fa9f2f8d63;5450;307;1
form;fr;;;;https://politikfinanzierung.efk.admin.ch/api/frontend/latest/fr/downloads/campaigns/307/forms/5;f630f3ccb5438e5cbdc52582aef80d5d50f83a823ef14406bfa6b746e0477f3d;5463;307;5
form;fr;;;;https://politikfinanzierung.efk.admin.ch/api/frontend/latest/fr/downloads/campaigns/308/forms/1;66ba6a5e5fd4ad2489532c5c289667567a13c95f606dad2413e199a249754d6a;5900;308;1
form;fr;;;;https://politikfinanzierung.efk.admin.ch/api/frontend/latest/fr/downloads/campaigns/308/forms/5;14759631977ba831948e51f8fbb8a17ea856d8c3fc07ea3975f42acb5d4f5796;5907;308;5
form;fr;;;;https://politikfinanzierung.efk.admin.ch/api/frontend/latest/fr/downloads/campaigns/310/forms/1;13eedfed1a22656cd2fc08608bb5a8270273e1ebf0c42549aa63c63a55b92e53;5460;310;1
form;fr;;;;https://politikfinanzierung.efk.admin.ch/api/frontend/latest/fr/downloads/campaigns/310/forms/5;501f0551000732d481c03854a6c202a74efc98c33c794b963c50bfd0195eb72b;5477;310;5
form;fr;;;;https://politikfinanzierung.efk.admin.ch/api/frontend/latest/fr/downloads/campaigns/311/forms/1;d71c2057a263e11a9d641c5b781194619acde0194ba533f02662f765a6dd6462;5474;311;1
form;fr;;;;https://politikfinanzierung.efk.admin.ch/api/frontend/latest/fr/downloads/campaigns/311/forms/5;f3009b33db588596ebc7c4679634f4a95672d54c76f7fec545aef8fd7e265904;5488;311;5
form;fr;;;;https://politikfinanzierung.efk.admin.ch/api/frontend/latest/fr/downloads/campaigns/312/forms/1;d3694234e2a28c2b269886954a4424f7def31c21577f4a71f194e1c4d0533783;5484;312;1
form;fr;;;;https://politikfinanzierung.efk.admin.ch/api/frontend/latest/fr/downloads/campaigns/312/forms/5;2a81c9fe92ffcee90695f69291a778cc67fa19b64b858f85b145014ec8dd68ac;5496;312;5
form;fr;;;;https://politikfinanzierung.efk.admin.ch/api/frontend/latest/fr/downloads/campaigns/313/forms/1;a0d7ae470b1939b78a680edfbf7b8a5607cb6ecb9dac45594c66ba47dfa7704b;5586;313;1
form;fr;;;;https://politikfinanzierung.efk.admin.ch/api/frontend/latest/fr/downloads/campaigns/313/forms/5;58039ad932dbca005800e3a4a02bbceb78e988e3697b4c51f2d06104991c8f5c;5598;313;5
form;fr;;;;https://politikfinanzierung.efk.admin.ch/api/frontend/latest/fr/downloads/campaigns/315/forms/1;fa17f83d32ff2379376e9932078bfb073786800ade11c2653645841f73d2774e;5478;315;1
form;fr;;;;https://politikfinanzierung.efk.admin.ch/api/frontend/latest/fr/downloads/campaigns/315/forms/2;c441b5b62c8d7ee63696ce60ccaa0e2724e004d12cc8c435f4ba1f8bb2a39959;9080;315;2
form;fr;;;;https://politikfinanzierung.efk.admin.ch/api/frontend/latest/fr/downloads/campaigns/315/forms/6;137ce0bb752c6ca36c5c4c71b1991a20464dbc47aed3232c412250ae8c0e4351;9093;315;6
form;fr;;;;https://politikfinanzierung.efk.admin.ch/api/frontend/latest/fr/downloads/campaigns/316/forms/1;d07af477925ab429258774cb66745d9e65e268ba601cdb3713b69e68cfe8e821;5628;316;1
form;fr;;;;https://politikfinanzierung.efk.admin.ch/api/frontend/latest/fr/downloads/campaigns/316/forms/2;d71f49d84ad54fe14c540f5d1236120820931c36a0785bc7005affbc0dcacf64;9225;316;2
form;fr;;;;https://politikfinanzierung.efk.admin.ch/api/frontend/latest/fr/downloads/campaigns/316/forms/5;a8c8f69614003fe039eea0d33c7fdd03addea4a79df47f4255e5f44e0acb741b;5631;316;5
form;fr;;;;https://politikfinanzierung.efk.admin.ch/api/frontend/latest/fr/downloads/campaigns/316/forms/6;9ad969cb652e4c229e9d08b6d4fe51186770d60a8b07c44f56e92cc66c28d4d7;9239;316;6
form;fr;;;;https://politikfinanzierung.efk.admin.ch/api/frontend/latest/fr/downloads/campaigns/318/forms/1;4885201ca5be3f2c559d9a61b28cba0badf25597b878400327305a867f9e88ca;5681;318;1
form;fr;;;;https://politikfinanzierung.efk.admin.ch/api/frontend/latest/fr/downloads/campaigns/318/forms/5;5280d2ff8069b13b23355f879f7f36e81ea3d3cb7cc1d25443bc5432d3a04ca7;5696;318;5
form;fr;;;;https://politikfinanzierung.efk.admin.ch/api/frontend/latest/fr/downloads/campaigns/319/forms/1;b4c154d9012af9f8e6c5560dea48bac71d536024a26e90e474acc28e9c710462;5465;319;1
form;fr;;;;https://politikfinanzierung.efk.admin.ch/api/frontend/latest/fr/downloads/campaigns/319/forms/5;81db4a4585970c8647a7d815e2209460ce808646dd12c0c7a6e050b843ccb4fe;5488;319;5
form;fr;;;;https://politikfinanzierung.efk.admin.ch/api/frontend/latest/fr/downloads/campaigns/32/forms/1;14d7c6a06230a4a461c2aaa3f5462a2dbab6c0af9ce8cb391b50e66d05aebbeb;5782;32;1
form;fr;;;;https://politikfinanzierung.efk.admin.ch/api/frontend/latest/fr/downloads/campaigns/32/forms/2;4b2a68f601687e2d95835d32c06954a1d5b013fc197203d8958e7d219ab8286d;8917;32;2
form;fr;;;;https://politikfinanzierung.efk.admin.ch/api/frontend/latest/fr/downloads/campaigns/32/forms/5;08f0b1bd5cdf2838b878082f9b2f378b9dc8fdee8843dccf2c8531a46a172076;5802;32;5
form;fr;;;;https://politikfinanzierung.efk.admin.ch/api/frontend/latest/fr/downloads/campaigns/32/forms/6;b87007fa4ab3cec08fce83f24ebd23f0809d0624d9be9c5061c1b8cd3574b6d5;8932;32;6
form;fr;;;;https://politikfinanzierung.efk.admin.ch/api/frontend/latest/fr/downloads/campaigns/320/forms/1;7e85258b854aaaaec656e2be5c9cfbdebf5a325e304cbb2b30145548c0b267b6;5570;320;1
form;fr;;;;https://politikfinanzierung.efk.admin.ch/api/frontend/latest/fr/downloads/campaigns/320/forms/5;e08046da7d1790c23545af114b3abdc53e893caca735e1c07102be791f385325;5589;320;5
form;fr;;;;https://politikfinanzierung.efk.admin.ch/api/frontend/latest/fr/downloads/campaigns/321/forms/1;ca74965a2960cac4066ce7a1db51d142af262a5ff20b0cf2ea18a64e44db2990;5462;321;1
form;fr;;;;https://politikfinanzierung.efk.admin.ch/api/frontend/latest/fr/downloads/campaigns/321/forms/5;081e822abce38a2e0d85d5c1cea462a2c9473a2fc753eb7693dc503e0a8afe97;5468;321;5
form;fr;;;;https://politikfinanzierung.efk.admin.ch/api/frontend/latest/fr/downloads/campaigns/322/forms/1;1b087a199779ceb7fca4e1d235e02fd0bec2320f5bec324bb1ca243861f3f187;5642;322;1
form;fr;;;;https://politikfinanzierung.efk.admin.ch/api/frontend/latest/fr/downloads/campaigns/322/forms/5;9b96785b15377f69fc2e99e7180f0ba28231dcdca83ab629fd07f08f502b6c66;5641;322;5
form;fr;;;;https://politikfinanzierung.efk.admin.ch/api/frontend/latest/fr/downloads/campaigns/323/forms/1;319fff24d6c48c516b4d1d1f256045a99d3d3ad05a3a14123ff03f5eb789cf6a;5465;323;1
form;fr;;;;https://politikfinanzierung.efk.admin.ch/api/frontend/latest/fr/downloads/campaigns/324/forms/1;beeb219d2e04e69b8d181c37577b1f3974233ce6e7398fe896655dab017b4376;5471;324;1
form;fr;;;;https://politikfinanzierung.efk.admin.ch/api/frontend/latest/fr/downloads/campaigns/324/forms/5;ac987e992c2a634b74e4b410a8535eb6372722c141798caa35c617e461c4248b;5478;324;5
form;fr;;;;https://politikfinanzierung.efk.admin.ch/api/frontend/latest/fr/downloads/campaigns/325/forms/1;18003d3dcba21b7d4df65060c97b90bbb691adbeb5ba620fc86bd71075b8b300;5595;325;1
form;fr;;;;https://politikfinanzierung.efk.admin.ch/api/frontend/latest/fr/downloads/campaigns/325/forms/2;311fde6a1f24b42e8ed725a10572b8c4eddef81960c0bbb88374e823cf3c23f3;8938;325;2
form;fr;;;;https://politikfinanzierung.efk.admin.ch/api/frontend/latest/fr/downloads/campaigns/325/forms/5;f97161d369be68a3fec5b73d2102585d84c97b23d4232b4b245b261cf3097b58;5601;325;5
form;fr;;;;https://politikfinanzierung.efk.admin.ch/api/frontend/latest/fr/downloads/campaigns/325/forms/6;4607fd64c85d3dcca46b1c0ee8ad10d54d6e7e83770947f7a94d98e3323a0f1c;8965;325;6
form;fr;;;;https://politikfinanzierung.efk.admin.ch/api/frontend/latest/fr/downloads/campaigns/326/forms/1;4410ee0c2e5d0d76b1968fd493e3ebe97af5830643d33fddaf2bbe03c6bf6221;5439;326;1
form;fr;;;;https://politikfinanzierung.efk.admin.ch/api/frontend/latest/fr/downloads/campaigns/326/forms/5;1870ac66f54da5da415b032283e14867c5538a09edf0a289b2821bbfd2ddcc66;5456;326;5
form;fr;;;;https://politikfinanzierung.efk.admin.ch/api/frontend/latest/fr/downloads/campaigns/327/forms/1;120ce78904f36c5e5e5234dd6b55c8c490cb712bc916adbd42a837fdcaf75851;5509;327;1
form;fr;;;;https://politikfinanzierung.efk.admin.ch/api/frontend/latest/fr/downloads/campaigns/327/forms/5;c0bf48ccbcf6136ae462b06bc568cd0a1ff1d1ba5be0170b7d0dfa55017348ee;5517;327;5
form;fr;;;;https://politikfinanzierung.efk.admin.ch/api/frontend/latest/fr/downloads/campaigns/328/forms/1;b2ce82aba59decaf69d6a1156f142c9c6db2ed7111d4af854ee26f35c3ae2389;5457;328;1
form;fr;;;;https://politikfinanzierung.efk.admin.ch/api/frontend/latest/fr/downloads/campaigns/328/forms/5;9bb5818567544cf29b305140899c44407a6d870a87d29e51d6f8ce822d6ba3af;5462;328;5
form;fr;;;;https://politikfinanzierung.efk.admin.ch/api/frontend/latest/fr/downloads/campaigns/33/forms/1;07840c94f1bc23a56a181b2c22ce2d8f85a721eb90c9c606927e2971556eda46;5567;33;1
form;fr;;;;https://politikfinanzierung.efk.admin.ch/api/frontend/latest/fr/downloads/campaigns/33/forms/5;a7f0e56a71d57066dea78b9cdcf63d1282abc83fa92bcfedc0b9482e88bc34bd;5588;33;5
form;fr;;;;https://politikfinanzierung.efk.admin.ch/api/frontend/latest/fr/downloads/campaigns/330/forms/1;d2a229ed9671908463aa0af3d679573e63f26b0f415d51d640a547f5b3ab8fb4;6162;330;1
form;fr;;;;https://politikfinanzierung.efk.admin.ch/api/frontend/latest/fr/downloads/campaigns/330/forms/5;f23a169c194d6b8a5316e584353cb6e80f2bf584cc5a66138a7b1d421d4f5f36;6170;330;5
form;fr;;;;https://politikfinanzierung.efk.admin.ch/api/frontend/latest/fr/downloads/campaigns/331/forms/1;277843f57091b8df645283c80757db5d9fc071b71b81b4d883dcc2d3c4de23b6;5530;331;1
form;fr;;;;https://politikfinanzierung.efk.admin.ch/api/frontend/latest/fr/downloads/campaigns/331/forms/5;a682b5ac86a6efbfba4f4649eb72e731ef9643167130a678df92be44476de6a2;5540;331;5
form;fr;;;;https://politikfinanzierung.efk.admin.ch/api/frontend/latest/fr/downloads/campaigns/332/forms/1;aa046502f4d63bfa2a11b42c3f30d2f76bed5400026384cd5070480baf1c8967;5578;332;1
form;fr;;;;https://politikfinanzierung.efk.admin.ch/api/frontend/latest/fr/downloads/campaigns/332/forms/5;1ce1b3b5f62b919c56f3c5c2780abba6b9727ac991ade030b20b23b928ec3f79;5596;332;5
form;fr;;;;https://politikfinanzierung.efk.admin.ch/api/frontend/latest/fr/downloads/campaigns/333/forms/1;546a1fd89d267bc429c9006ef49ef1dd046b00aa1f1c72aec2aaacf399c2c4d4;5519;333;1
form;fr;;;;https://politikfinanzierung.efk.admin.ch/api/frontend/latest/fr/downloads/campaigns/333/forms/5;cab958e82509a44d8f22e606952c929fdf80b1857c92a255e996b1824bde659e;5539;333;5
form;fr;;;;https://politikfinanzierung.efk.admin.ch/api/frontend/latest/fr/downloads/campaigns/334/forms/1;33e4ce50fd3bdfdf32c9c9f04b56c91ae2d08e3b8702ef36253e51eaf522d0d1;5454;334;1
form;fr;;;;https://politikfinanzierung.efk.admin.ch/api/frontend/latest/fr/downloads/campaigns/334/forms/5;aa69d103dbba749823d0cb0b2de7577ab86608c55d13007545d9e3e78f261450;5463;334;5
form;fr;;;;https://politikfinanzierung.efk.admin.ch/api/frontend/latest/fr/downloads/campaigns/337/forms/1;c17db6350224404ac094d0b3b67433d583f4c330533cd7bec868ab974a34c0ab;5485;337;1
form;fr;;;;https://politikfinanzierung.efk.admin.ch/api/frontend/latest/fr/downloads/campaigns/337/forms/5;8bfb4803c561d8c577608918815df6a041df88a7057135c28e29e1d6a9a4aa8f;5492;337;5
form;fr;;;;https://politikfinanzierung.efk.admin.ch/api/frontend/latest/fr/downloads/campaigns/34/forms/1;cdfb6d9fd87f000e04c062d7134cb4e1d4dd9de028e055d3e930f815f705daa7;5695;34;1
form;fr;;;;https://politikfinanzierung.efk.admin.ch/api/frontend/latest/fr/downloads/campaigns/34/forms/2;0d66e47699bd5f667cad94bd8aa671daa4d72d225c1d12a7ca4aee60f422bada;9298;34;2
form;fr;;;;https://politikfinanzierung.efk.admin.ch/api/frontend/latest/fr/downloads/campaigns/34/forms/5;ef9583a9c08c10116e4b36873c1ad5fcb5e45f030b7605082dec891f6997c7b0;5723;34;5
form;fr;;;;https://politikfinanzierung.efk.admin.ch/api/frontend/latest/fr/downloads/campaigns/34/forms/6;b7c01d729f39090f03b5731919417c3360a30d19eff3848659d724d87dd20a95;9307;34;6
form;fr;;;;https://politikfinanzierung.efk.admin.ch/api/frontend/latest/fr/downloads/campaigns/342/forms/3;8d614bc47647b47411b758e18b3d51e6a8238c1d4889809232e9d2f8a83f7575;5473;342;3
form;fr;;;;https://politikfinanzierung.efk.admin.ch/api/frontend/latest/fr/downloads/campaigns/343/forms/3;60b2be5006db8e45afd1773a623ce882dffb194ccca0c9f20140dbb14f89f28d;5513;343;3
form;fr;;;;https://politikfinanzierung.efk.admin.ch/api/frontend/latest/fr/downloads/campaigns/344/forms/3;ac0bb908b0310ef903b757a4495203b4f3777e88b5fa5ac44aadd3349509f12b;5484;344;3
form;fr;;;;https://politikfinanzierung.efk.admin.ch/api/frontend/latest/fr/downloads/campaigns/345/forms/3;3ce1384ae31a6a70faa3d9ed00f3f3d98b6673286610fea0181daa398ec06dcd;5512;345;3
form;fr;;;;https://politikfinanzierung.efk.admin.ch/api/frontend/latest/fr/downloads/campaigns/346/forms/3;445001dc55a64c5bdc52206bfba0e3e8e381a7771fe11480d666c6cc12e10b3e;6246;346;3
form;fr;;;;https://politikfinanzierung.efk.admin.ch/api/frontend/latest/fr/downloads/campaigns/347/forms/3;a3964e27465d9abdd37ba7e0361c9598e2c374e0fc6df1dffb0827f88d9353d3;5480;347;3
form;fr;;;;https://politikfinanzierung.efk.admin.ch/api/frontend/latest/fr/downloads/campaigns/348/forms/3;d04142df30e52a65abb7e15c105ec7d5dd4531c642c6a65bd3bc502c1e56cfc5;5475;348;3
form;fr;;;;https://politikfinanzierung.efk.admin.ch/api/frontend/latest/fr/downloads/campaigns/348/forms/4;87b07b88af8f9cfed6d083b52a27113586bf521bc67b4b8acb0c2a7ec22bc88d;11150;348;4
form;fr;;;;https://politikfinanzierung.efk.admin.ch/api/frontend/latest/fr/downloads/campaigns/35/forms/1;bc006b677515362e04e0d90514817f3f5fba5bb3bb8bac4a647acc83a894f9bd;5605;35;1
form;fr;;;;https://politikfinanzierung.efk.admin.ch/api/frontend/latest/fr/downloads/campaigns/35/forms/5;558b109868bdd2f1972b5250dfe75c39c65ded3f421500bd9789780006ec4b25;5616;35;5
form;fr;;;;https://politikfinanzierung.efk.admin.ch/api/frontend/latest/fr/downloads/campaigns/351/forms/3;d4fba797a2a08da164a3e8520f61e1ae04970c3c2aced7b886ce6975361e958d;5481;351;3
form;fr;;;;https://politikfinanzierung.efk.admin.ch/api/frontend/latest/fr/downloads/campaigns/352/forms/3;9b3866cb9d055036305bd20d804fa94a7c381d97d7e3a52643997d81ccb95eff;5548;352;3
form;fr;;;;https://politikfinanzierung.efk.admin.ch/api/frontend/latest/fr/downloads/campaigns/352/forms/4;b23e92bb510c66b4e30aa6cca7845f7fee73946f14688e63fbac6111fb285897;11384;352;4
form;fr;;;;https://politikfinanzierung.efk.admin.ch/api/frontend/latest/fr/downloads/campaigns/353/forms/5;932c2fe2859e4c25adf07c04c87a572c9744b7d5794bb7bf5209454283179a6f;7147;353;5
form;fr;;;;https://politikfinanzierung.efk.admin.ch/api/frontend/latest/fr/downloads/campaigns/354/forms/3;01c4254e42e7348c3f98e16a431a3aea43f4d9817fbeee12ad8e30a70aa713a8;5489;354;3
form;fr;;;;https://politikfinanzierung.efk.admin.ch/api/frontend/latest/fr/downloads/campaigns/355/forms/3;7cc2b8e19c99effe8d027298c95a804d5dec963c699b511b3419eba9cc7b57dc;5476;355;3
form;fr;;;;https://politikfinanzierung.efk.admin.ch/api/frontend/latest/fr/downloads/campaigns/355/forms/4;16a457f4b9398aa9d2b3ed97fd72c81f74dbc6b3f59d9fbcfd440281e1920f1e;11438;355;4
form;fr;;;;https://politikfinanzierung.efk.admin.ch/api/frontend/latest/fr/downloads/campaigns/356/forms/3;21bab891f08231dd6fabefc92671ed254095348d725fe600bd6b1f01a4e09c26;5471;356;3
form;fr;;;;https://politikfinanzierung.efk.admin.ch/api/frontend/latest/fr/downloads/campaigns/356/forms/4;41ea159893636e487c897fc6a7dfa0ca4dd1d3d95edfbc293b14480dcb3b5489;11246;356;4
form;fr;;;;https://politikfinanzierung.efk.admin.ch/api/frontend/latest/fr/downloads/campaigns/357/forms/3;ceeb22fd0d43f1acfd24581c74685a4154490ba1447b88f446d71f28128cd317;5488;357;3
form;fr;;;;https://politikfinanzierung.efk.admin.ch/api/frontend/latest/fr/downloads/campaigns/358/forms/3;29349dcb91c42e23a84e433f5f191a595a8f1ccf02026c6c98149f89c3207f42;5482;358;3
form;fr;;;;https://politikfinanzierung.efk.admin.ch/api/frontend/latest/fr/downloads/campaigns/358/forms/4;d359ef88f28bbbc124a17f00d24cef42b648c1e2bfefa2b0aaeed78bd56318e5;11222;358;4
form;fr;;;;https://politikfinanzierung.efk.admin.ch/api/frontend/latest/fr/downloads/campaigns/359/forms/3;58cda74e36a14b7a5973efe0c001d52b9526289049d4074c570f723091ca3dbc;5506;359;3
form;fr;;;;https://politikfinanzierung.efk.admin.ch/api/frontend/latest/fr/downloads/campaigns/36/forms/1;14ad1cac4268ce94f597f08c0524c41e60d95508a6ae53bb055dad64eec4d0d2;5464;36;1
form;fr;;;;https://politikfinanzierung.efk.admin.ch/api/frontend/latest/fr/downloads/campaigns/36/forms/5;063805e3edf3f261f76331bdf715be6432eaf601abc08961c33cf5fe889a3a77;5473;36;5
form;fr;;;;https://politikfinanzierung.efk.admin.ch/api/frontend/latest/fr/downloads/campaigns/360/forms/3;c6c979a7f8a0dbb02d94b5c952879a12ef5dad3da0c48764d1fc259b6b8fb420;5491;360;3
form;fr;;;;https://politikfinanzierung.efk.admin.ch/api/frontend/latest/fr/downloads/campaigns/360/forms/4;212b005b346bce83c0eb4e80e306a569faf132ac65873ea17a99d8c92375f386;11217;360;4
form;fr;;;;https://politikfinanzierung.efk.admin.ch/api/frontend/latest/fr/downloads/campaigns/361/forms/3;dd05b8f47005bd6b52cf03b6ffaef48be9352b3dfa54f0ad0515a87f7a8b17a4;5505;361;3
form;fr;;;;https://politikfinanzierung.efk.admin.ch/api/frontend/latest/fr/downloads/campaigns/364/forms/3;49cf28fc1d921e502fc98ff12788e8fa97a173167ba8ea038f38acc344bdeedb;5512;364;3
form;fr;;;;https://politikfinanzierung.efk.admin.ch/api/frontend/latest/fr/downloads/campaigns/365/forms/3;fd215c4b840a48ceabe0aa1c8baad1a9d3e2973f3b01e06bcd0d8f051bce82a4;5504;365;3
form;fr;;;;https://politikfinanzierung.efk.admin.ch/api/frontend/latest/fr/downloads/campaigns/365/forms/4;c70b2594fb3806c50a5636e1a29f595135d47f0ae39e6d79f1f35df087f1deaf;11427;365;4
form;fr;;;;https://politikfinanzierung.efk.admin.ch/api/frontend/latest/fr/downloads/campaigns/366/forms/3;60537951f4380b540d931688a5a3e08997b88e6a88636b628b69e6894dacd9fa;5486;366;3
form;fr;;;;https://politikfinanzierung.efk.admin.ch/api/frontend/latest/fr/downloads/campaigns/366/forms/4;c081fd15f2bf2f306fbac3cef32bc968c34bc56d8f72869aed19549dfb203ea5;11159;366;4
form;fr;;;;https://politikfinanzierung.efk.admin.ch/api/frontend/latest/fr/downloads/campaigns/367/forms/5;dad0b414aad541f106846a56d5985c0bde461976a3dc6a3663cadd9d5fc68446;5497;367;5
form;fr;;;;https://politikfinanzierung.efk.admin.ch/api/frontend/latest/fr/downloads/campaigns/369/forms/3;d3c3c3c5c0fabaa86bbb69ac111b4a7d12f1d54c573037b6a33de101967a889a;5483;369;3
form;fr;;;;https://politikfinanzierung.efk.admin.ch/api/frontend/latest/fr/downloads/campaigns/369/forms/4;9d069b52440e48b3fc9ad4debdc1311c72594bbc2535135803325ca1ee927622;11318;369;4
form;fr;;;;https://politikfinanzierung.efk.admin.ch/api/frontend/latest/fr/downloads/campaigns/37/forms/1;67e3f43728fb07a4fd1a675e4ea6a60191a0cc8cacda38b9d5de40a46693c05c;5469;37;1
form;fr;;;;https://politikfinanzierung.efk.admin.ch/api/frontend/latest/fr/downloads/campaigns/37/forms/2;4c388a3cd452ad32b32fc0715509005bfd781b1b8de7d6a90efe653534d405d3;9145;37;2
form;fr;;;;https://politikfinanzierung.efk.admin.ch/api/frontend/latest/fr/downloads/campaigns/37/forms/5;31fcb9fabe07e5197f8e442079edd5f4defc41132af141a8530f3e24053a739c;5480;37;5
form;fr;;;;https://politikfinanzierung.efk.admin.ch/api/frontend/latest/fr/downloads/campaigns/37/forms/6;f42b30cc05e4530f7d761f747231e439efc5c7f2fc686af8aebecd7d6ff5ec49;9157;37;6
form;fr;;;;https://politikfinanzierung.efk.admin.ch/api/frontend/latest/fr/downloads/campaigns/370/forms/3;722e81609a50fd87b07ae6f2813519c899fd721b94ddd17612897b1e9492c942;5513;370;3
form;fr;;;;https://politikfinanzierung.efk.admin.ch/api/frontend/latest/fr/downloads/campaigns/370/forms/4;724a444566ee16b7fbdef7594fc34b636fbfc4849eb1b74d9226c220d5df2181;11171;370;4
form;fr;;;;https://politikfinanzierung.efk.admin.ch/api/frontend/latest/fr/downloads/campaigns/372/forms/3;193ee9c55adc222921cb781809a49bd59fc519a2329e2f47c5fc8136cf7f9fea;5507;372;3
form;fr;;;;https://politikfinanzierung.efk.admin.ch/api/frontend/latest/fr/downloads/campaigns/372/forms/4;c2589757aa610c0c0eeca5c5a3032dac48ab83f9529b37ebd7cd58eb760f69ae;11283;372;4
form;fr;;;;https://politikfinanzierung.efk.admin.ch/api/frontend/latest/fr/downloads/campaigns/373/forms/3;d6d555f417e51d1c67f660966b1e90797424cda56ca62a4a127b2e4a9e1fc81d;5482;373;3
form;fr;;;;https://politikfinanzierung.efk.admin.ch/api/frontend/latest/fr/downloads/campaigns/375/forms/3;4d3d2ced7f2dbb2d3897b2b484e9e1ddc086e69ad23c31d69951ef3c1bd11176;5514;375;3
form;fr;;;;https://politikfinanzierung.efk.admin.ch/api/frontend/latest/fr/downloads/campaigns/375/forms/4;70cd9800d47c17d6d4c3e70dca9dad4bc28fa9c027face1102e1d41c580461ed;11348;375;4
form;fr;;;;https://politikfinanzierung.efk.admin.ch/api/frontend/latest/fr/downloads/campaigns/376/forms/3;30cfab2cc5618d84cbf54735667f72f370708ed75b22f51187f2c837166fb58d;5510;376;3
form;fr;;;;https://politikfinanzierung.efk.admin.ch/api/frontend/latest/fr/downloads/campaigns/376/forms/4;f02693ce19e97c2be01c5d6079f51b661560b6974c33bf0b919d3ffa8a83cf6c;11355;376;4
form;fr;;;;https://politikfinanzierung.efk.admin.ch/api/frontend/latest/fr/downloads/campaigns/377/forms/3;caec76c9d027b4bd0c6c7a13eb03360f7869a75a87d763b08078efd670dd4a15;5465;377;3
form;fr;;;;https://politikfinanzierung.efk.admin.ch/api/frontend/latest/fr/downloads/campaigns/377/forms/4;4c3c421992d3674687017cf0343f0407aaeb0931f6c178b4810fd5a227c86a7b;11579;377;4
form;fr;;;;https://politikfinanzierung.efk.admin.ch/api/frontend/latest/fr/downloads/campaigns/378/forms/3;71c72e3b3641b6df58d7097c53cd33c109a6139ebc2989be58665cccedf38ea5;5477;378;3
form;fr;;;;https://politikfinanzierung.efk.admin.ch/api/frontend/latest/fr/downloads/campaigns/379/forms/3;2927dc68f04c30935a7750d664cf1e149c318c8e45c1d3e0c632f827f5e5d8a1;5526;379;3
form;fr;;;;https://politikfinanzierung.efk.admin.ch/api/frontend/latest/fr/downloads/campaigns/379/forms/4;884d523f842162df9297a9634b7a05015178bbb267c94863999cf47611922e5d;11554;379;4
form;fr;;;;https://politikfinanzierung.efk.admin.ch/api/frontend/latest/fr/downloads/campaigns/38/forms/1;56f03aa51a466245f1aeaddbe72153531310332cba7c8b39cef0523f7008d941;5552;38;1
form;fr;;;;https://politikfinanzierung.efk.admin.ch/api/frontend/latest/fr/downloads/campaigns/38/forms/2;eb036862393fa7e2fe1faab5233106565721774eb9a11b9fc69fb319a71f0357;8917;38;2
form;fr;;;;https://politikfinanzierung.efk.admin.ch/api/frontend/latest/fr/downloads/campaigns/38/forms/5;5679cff61038db3ba5199dd4d0471d1ac00e35acabf1f38f88fc99014d661589;5566;38;5
form;fr;;;;https://politikfinanzierung.efk.admin.ch/api/frontend/latest/fr/downloads/campaigns/38/forms/6;eb036862393fa7e2fe1faab5233106565721774eb9a11b9fc69fb319a71f0357;8917;38;6
form;fr;;;;https://politikfinanzierung.efk.admin.ch/api/frontend/latest/fr/downloads/campaigns/380/forms/5;de56f34a26fab5f6f33517d1b58d1144d69555e2cbd41372fd17fd84d9732e85;5468;380;5
form;fr;;;;https://politikfinanzierung.efk.admin.ch/api/frontend/latest/fr/downloads/campaigns/381/forms/3;dbb8d1c49a67488575937325974cf8c57aea90eb79a333fa583a9778a2029252;5486;381;3
form;fr;;;;https://politikfinanzierung.efk.admin.ch/api/frontend/latest/fr/downloads/campaigns/381/forms/4;c76606b108c9f19ffc7fc64204a7037b46b1a52da422916108463bb2706601d1;11306;381;4
form;fr;;;;https://politikfinanzierung.efk.admin.ch/api/frontend/latest/fr/downloads/campaigns/383/forms/3;3e57afa90231481035531927116e0f100e74c5e88d01c29aa171a843b0cd0519;5469;383;3
form;fr;;;;https://politikfinanzierung.efk.admin.ch/api/frontend/latest/fr/downloads/campaigns/384/forms/5;a290a798cda7f6e35af76aacfb366beea123eb5d742d98d3e0206983dee0d7a5;5467;384;5
form;fr;;;;https://politikfinanzierung.efk.admin.ch/api/frontend/latest/fr/downloads/campaigns/385/forms/3;5712f1238c8ce16636f2750404d48b07ef3331bb267a37bdc51624f5b6c81e3e;5526;385;3
form;fr;;;;https://politikfinanzierung.efk.admin.ch/api/frontend/latest/fr/downloads/campaigns/385/forms/4;7e777deae483babf1f93a68fcd64bfe687cb33f35095302e2c3563b527a86f01;11526;385;4
form;fr;;;;https://politikfinanzierung.efk.admin.ch/api/frontend/latest/fr/downloads/campaigns/386/forms/3;350e3925cf476b3c4bceed0af97154b6b97f13f046665343ef83bb6b37d835a4;5477;386;3
form;fr;;;;https://politikfinanzierung.efk.admin.ch/api/frontend/latest/fr/downloads/campaigns/386/forms/4;d90013506c2057a39d824306c568fae0a46242ebebefb74f2b5cd34cb6c10122;11179;386;4
form;fr;;;;https://politikfinanzierung.efk.admin.ch/api/frontend/latest/fr/downloads/campaigns/387/forms/3;c2a5c3a9cd52e6a13ca91538f5d26cd3b0ef8ec903c00c5525656de41b519c1a;5466;387;3
form;fr;;;;https://politikfinanzierung.efk.admin.ch/api/frontend/latest/fr/downloads/campaigns/387/forms/4;83b6fd46cb310c73a9fafb5a6f70a793ebc5f61c7783b26b1a1ac891e696b648;11166;387;4
form;fr;;;;https://politikfinanzierung.efk.admin.ch/api/frontend/latest/fr/downloads/campaigns/388/forms/3;911c03f54dc4c6d717a50d38db28811c02a87438f79e7cfcb43090ca5aa9688d;5469;388;3
form;fr;;;;https://politikfinanzierung.efk.admin.ch/api/frontend/latest/fr/downloads/campaigns/388/forms/4;9c2b7c89e6067bf7a9033b49a99e1602edf6b0de2da3958d26daedf4caeaffee;11154;388;4
form;fr;;;;https://politikfinanzierung.efk.admin.ch/api/frontend/latest/fr/downloads/campaigns/389/forms/3;2baeb591d8d611e4b505b103b02273366196c747c6900323e9dd2b08dfe3d046;5485;389;3
form;fr;;;;https://politikfinanzierung.efk.admin.ch/api/frontend/latest/fr/downloads/campaigns/389/forms/4;80c7964dc753fc5a357a8354935f467a8673d250f6e32fcc6793277b854eb309;11276;389;4
form;fr;;;;https://politikfinanzierung.efk.admin.ch/api/frontend/latest/fr/downloads/campaigns/39/forms/1;0ccbb5e970b81594d498fd4027ece527d69d7ce7bb12f9d7c4f183a81657ef2f;5484;39;1
form;fr;;;;https://politikfinanzierung.efk.admin.ch/api/frontend/latest/fr/downloads/campaigns/39/forms/2;92655b85e30c3207dea4280e182d06ac3e63f4888a125ac4314e061cbb9316b0;9074;39;2
form;fr;;;;https://politikfinanzierung.efk.admin.ch/api/frontend/latest/fr/downloads/campaigns/39/forms/5;662515aceff4294c36607b84a3536eec2b0fe7811614ea67c4db7e2425797c4d;5506;39;5
form;fr;;;;https://politikfinanzierung.efk.admin.ch/api/frontend/latest/fr/downloads/campaigns/392/forms/3;8b331388e355ac8ac276b443cea09ecf939eee2d4c52430f52428f96086e3106;5470;392;3
form;fr;;;;https://politikfinanzierung.efk.admin.ch/api/frontend/latest/fr/downloads/campaigns/392/forms/4;fcf50d501a129e2da5f7434ce84eb43e80fb3ae498817b63f77ec09ba5a12e54;11163;392;4
form;fr;;;;https://politikfinanzierung.efk.admin.ch/api/frontend/latest/fr/downloads/campaigns/393/forms/3;76d4ab6c27a9360850184aa6f384221b8e09b20f366f2e01b493822932e2d72a;5452;393;3
form;fr;;;;https://politikfinanzierung.efk.admin.ch/api/frontend/latest/fr/downloads/campaigns/394/forms/3;d6c2076b49469b9cf741134e21c5d8b49c730c1425a9f3d9494a6c7e5934d49d;5515;394;3
form;fr;;;;https://politikfinanzierung.efk.admin.ch/api/frontend/latest/fr/downloads/campaigns/394/forms/4;b50f47a07e12853b78454d099e4e213ed5ff787358dcb6ad36f148dfff2b43ef;11237;394;4
form;fr;;;;https://politikfinanzierung.efk.admin.ch/api/frontend/latest/fr/downloads/campaigns/395/forms/3;de1bad5b23a6facccd0bc315b2ab68bdb98eb2b6f088ce4a13f59b8c02cdb0ac;5467;395;3
form;fr;;;;https://politikfinanzierung.efk.admin.ch/api/frontend/latest/fr/downloads/campaigns/399/forms/19;fd1181db746525154069199092df46551ac1c04a66f83ef80faf483b3d3f01ef;5494;399;19
form;fr;;;;https://politikfinanzierung.efk.admin.ch/api/frontend/latest/fr/downloads/campaigns/399/forms/7;b472fe7d7c1be37958b58a61ab58ddc4bab3f6387badb6a0599e6d2c8e8b830f;5476;399;7
form;fr;;;;https://politikfinanzierung.efk.admin.ch/api/frontend/latest/fr/downloads/campaigns/4/forms/1;1ff2233de8e99eb880b9fea31dd93acb98da7ab31fad98b7463fb8fb6d4b4e33;5458;4;1
form;fr;;;;https://politikfinanzierung.efk.admin.ch/api/frontend/latest/fr/downloads/campaigns/4/forms/5;f6b02998e177b9c919206cf2c3bddeeda4e403a24432c9419ed6a4dcc65f7985;5481;4;5
form;fr;;;;https://politikfinanzierung.efk.admin.ch/api/frontend/latest/fr/downloads/campaigns/40/forms/1;c38e43aff527c223318ca4741a5dbef54dedf283074fe34164e7e77d487631e9;5460;40;1
form;fr;;;;https://politikfinanzierung.efk.admin.ch/api/frontend/latest/fr/downloads/campaigns/40/forms/5;2155d5ccbc1b62ddf9bbc07f67025da66f6f3da19851e29bcfccb08d9d87b622;5471;40;5
form;fr;;;;https://politikfinanzierung.efk.admin.ch/api/frontend/latest/fr/downloads/campaigns/400/forms/19;2cc6c4108ade78455d86832d74a9019a04976262304619fdcb492860052f8a56;5499;400;19
form;fr;;;;https://politikfinanzierung.efk.admin.ch/api/frontend/latest/fr/downloads/campaigns/400/forms/20;f363adb9670e17d5797bda7385b603586cc0b2cfda1f3a57a5320676c443b01f;9650;400;20
form;fr;;;;https://politikfinanzierung.efk.admin.ch/api/frontend/latest/fr/downloads/campaigns/400/forms/7;781527b9f741212ade5f811b2946c4f13a22f064a0d0a893c2a11148f43dc51c;5470;400;7
form;fr;;;;https://politikfinanzierung.efk.admin.ch/api/frontend/latest/fr/downloads/campaigns/400/forms/9;21a49193898394a829ae0652f5b9bded8fc672a758650178e00c72c302ab6388;9515;400;9
form;fr;;;;https://politikfinanzierung.efk.admin.ch/api/frontend/latest/fr/downloads/campaigns/401/forms/21;fda9470a385811ad92f18067a930d977e9c03d710866f529ad7a25f89163ad6c;5490;401;21
form;fr;;;;https://politikfinanzierung.efk.admin.ch/api/frontend/latest/fr/downloads/campaigns/401/forms/8;e0f70b9c8004ffadd4f3dfa49e2762da9fddb71e0c9df3bd78086d454c69f3f5;5481;401;8
form;fr;;;;https://politikfinanzierung.efk.admin.ch/api/frontend/latest/fr/downloads/campaigns/402/forms/19;aa3a01eab3a4e1ee44a619a5f8c5cdf5f5048158cd4d70234efa3450655b8f3f;5486;402;19
form;fr;;;;https://politikfinanzierung.efk.admin.ch/api/frontend/latest/fr/downloads/campaigns/402/forms/7;ccb50a446b414b8adb639ac52d795c300f62cfd5de784c8ea8ab133ef7712146;5471;402;7
form;fr;;;;https://politikfinanzierung.efk.admin.ch/api/frontend/latest/fr/downloads/campaigns/403/forms/19;fb46785441e92c93aeb4bb9b3c56f32908d1c6495893f17c5543b85bef6fe7df;5507;403;19
form;fr;;;;https://politikfinanzierung.efk.admin.ch/api/frontend/latest/fr/downloads/campaigns/403/forms/20;f78ccabe497953bd24bbb6553e8d4b31be87988be3248611ccecfea384c2ba18;9621;403;20
form;fr;;;;https://politikfinanzierung.efk.admin.ch/api/frontend/latest/fr/downloads/campaigns/403/forms/7;8f2e5f500432012e7e0c8b48749053a99cc7c7c925440af890f1af52c5119a83;5497;403;7
form;fr;;;;https://politikfinanzierung.efk.admin.ch/api/frontend/latest/fr/downloads/campaigns/403/forms/9;f5a18981b407145c6599ecfecfa08ba7aafc1e9d74d41cd4d744c03bee64b138;9596;403;9
form;fr;;;;https://politikfinanzierung.efk.admin.ch/api/frontend/latest/fr/downloads/campaigns/404/forms/21;cb58b1f6966dfb8caf78f5038623cb160ba561ac36f8679840344cc141015e34;5494;404;21
form;fr;;;;https://politikfinanzierung.efk.admin.ch/api/frontend/latest/fr/downloads/campaigns/404/forms/8;2c34fd95543fdaa21ad779e3c5bb1a20acbf5b08eb87625d0ead0ab687de8946;5484;404;8
form;fr;;;;https://politikfinanzierung.efk.admin.ch/api/frontend/latest/fr/downloads/campaigns/406/forms/10;e8f055799ba41619e4e545898a897e25747f67210e9779d1c7548df18692112b;9491;406;10
form;fr;;;;https://politikfinanzierung.efk.admin.ch/api/frontend/latest/fr/downloads/campaigns/406/forms/21;f5f0181617164b28756e42a06073089ac28197ee0d8f19f3db5f3746d5a1e443;5496;406;21
form;fr;;;;https://politikfinanzierung.efk.admin.ch/api/frontend/latest/fr/downloads/campaigns/406/forms/22;39b39d46da929d040d7a198c122ab97ec0b41719aad6f534db46176ca4ce01af;9473;406;22
form;fr;;;;https://politikfinanzierung.efk.admin.ch/api/frontend/latest/fr/downloads/campaigns/406/forms/8;123a8d51b05204d51432fdb60c588522f315bb4d78f61c4943e0248550b12fdf;5481;406;8
form;fr;;;;https://politikfinanzierung.efk.admin.ch/api/frontend/latest/fr/downloads/campaigns/408/forms/3;44db678ad4f03553e72ab3af0bebf7a08a5f7523049547fa5c09af8dfcf90ce1;5489;408;3
form;fr;;;;https://politikfinanzierung.efk.admin.ch/api/frontend/latest/fr/downloads/campaigns/409/forms/13;5d36a9197f3fe70d41dfb1c7eb6146fa2b17aa5b19dbb667f3c7c68f0e2e1c7f;5496;409;13
form;fr;;;;https://politikfinanzierung.efk.admin.ch/api/frontend/latest/fr/downloads/campaigns/409/forms/14;b329f15c0fb5fbb5c118e8930d56a84a7fbc32e75a65a64f387b2116905bfe20;9364;409;14
form;fr;;;;https://politikfinanzierung.efk.admin.ch/api/frontend/latest/fr/downloads/campaigns/409/forms/31;dbb01f509eaf760ab556cc2e33e2e2691c2312cabbbc40a7f639c987b5e2788d;5507;409;31
form;fr;;;;https://politikfinanzierung.efk.admin.ch/api/frontend/latest/fr/downloads/campaigns/409/forms/32;872778efb56d546a3d6fab936ff56e60830c26a67a24f409677425abcedc330c;9485;409;32
form;fr;;;;https://politikfinanzierung.efk.admin.ch/api/frontend/latest/fr/downloads/campaigns/41/forms/1;fe45edc297bcc34dd2baf3f39cb431c189adf72613587f7547ca142fdfb7ea7f;5477;41;1
form;fr;;;;https://politikfinanzierung.efk.admin.ch/api/frontend/latest/fr/downloads/campaigns/41/forms/2;55be6e49b1a32505269c597f6beda5c2309fab52e6667af8413d66f957c75915;8964;41;2
form;fr;;;;https://politikfinanzierung.efk.admin.ch/api/frontend/latest/fr/downloads/campaigns/41/forms/5;bb11ab091c28fda19230302f1329e3ae870500064cbe89839251a7dfc9b8a876;5503;41;5
form;fr;;;;https://politikfinanzierung.efk.admin.ch/api/frontend/latest/fr/downloads/campaigns/41/forms/6;c2833920dd14a486cfef723bcf508a3f162990bc1cfb55a87a9a97e47035c249;8964;41;6
form;fr;;;;https://politikfinanzierung.efk.admin.ch/api/frontend/latest/fr/downloads/campaigns/411/forms/17;2147af3acad65e1fc13187fc545398d3eb1adb7b51e56e6a2e88556500fea016;5570;411;17
form;fr;;;;https://politikfinanzierung.efk.admin.ch/api/frontend/latest/fr/downloads/campaigns/411/forms/18;62778c6c0ea764ec349e66050e20a13f5467746fe67ebc99e82ce86073a3938f;10510;411;18
form;fr;;;;https://politikfinanzierung.efk.admin.ch/api/frontend/latest/fr/downloads/campaigns/411/forms/35;2ac35f1109ace6948eb4ccd7d00c402bdea61ae75f5f5277fa3d2f706a71aa2c;5579;411;35
form;fr;;;;https://politikfinanzierung.efk.admin.ch/api/frontend/latest/fr/downloads/campaigns/411/forms/36;9d36e710c067cae104f560700e9cdd79464487915628c04718461fe108748402;10534;411;36
form;fr;;;;https://politikfinanzierung.efk.admin.ch/api/frontend/latest/fr/downloads/campaigns/412/forms/17;c25df975ea382ef221d7333aa412e8a1128cdf347969fc4400532d38c5495d5c;5534;412;17
form;fr;;;;https://politikfinanzierung.efk.admin.ch/api/frontend/latest/fr/downloads/campaigns/413/forms/17;35c1d6d68b80216278d161ca7cae17eeb999c8858bdb05ad2f42e2445f8d80d5;5556;413;17
form;fr;;;;https://politikfinanzierung.efk.admin.ch/api/frontend/latest/fr/downloads/campaigns/413/forms/35;6400dadcd8dea0c68d21de60e3f3f9c18cf68e3d3fafeec5d24bd42573961621;5579;413;35
form;fr;;;;https://politikfinanzierung.efk.admin.ch/api/frontend/latest/fr/downloads/campaigns/414/forms/23;e2830694a62b2207cbc107ff5edb3a5433d56c06f38b9d9e8f9f225f57b6110b;6604;414;23
form;fr;;;;https://politikfinanzierung.efk.admin.ch/api/frontend/latest/fr/downloads/campaigns/415/forms/13;bcb64489190e7276877e8462b1087f8da0280a94b372df13cfe900c119a64538;5481;415;13
form;fr;;;;https://politikfinanzierung.efk.admin.ch/api/frontend/latest/fr/downloads/campaigns/415/forms/31;e79a58dcc8d14be09c5ab31f749e90d2f04b2deeffa358aa0d31fe3b579f9711;5493;415;31
form;fr;;;;https://politikfinanzierung.efk.admin.ch/api/frontend/latest/fr/downloads/campaigns/416/forms/11;4d01c2d8dbe68d310ee949a12e49c78cbe6b41004ba3d7152cb6ac1054d09bd8;5503;416;11
form;fr;;;;https://politikfinanzierung.efk.admin.ch/api/frontend/latest/fr/downloads/campaigns/416/forms/29;9f605643b1b425b4893ef34195f163dcaf2b6e0ccf00930923321f931e9c630a;5525;416;29
form;fr;;;;https://politikfinanzierung.efk.admin.ch/api/frontend/latest/fr/downloads/campaigns/417/forms/17;5c391aaf7c4a770e67c11ca8e9159ce28b21293dc5c004e46e0e9d97f7cb6e16;5550;417;17
form;fr;;;;https://politikfinanzierung.efk.admin.ch/api/frontend/latest/fr/downloads/campaigns/417/forms/18;8e69be58bd0c7865a87bdd76cf554305bf8793fb7183ec7715b6cb4df18dc0d7;9151;417;18
form;fr;;;;https://politikfinanzierung.efk.admin.ch/api/frontend/latest/fr/downloads/campaigns/417/forms/35;f341157bad27fc6ccd57143932934ba2cb05b3f9e5c2e1e171baa3468bf82fff;5569;417;35
form;fr;;;;https://politikfinanzierung.efk.admin.ch/api/frontend/latest/fr/downloads/campaigns/417/forms/36;5be5e72d761f651d661b48394390ccbf46d2368ab2568d439808cfb9c92d675e;9165;417;36
form;fr;;;;https://politikfinanzierung.efk.admin.ch/api/frontend/latest/fr/downloads/campaigns/418/forms/11;96815b73a212061704bb2f70683e1e4ecc080cdf883272857e3dac5ede71b2e7;5516;418;11
form;fr;;;;https://politikfinanzierung.efk.admin.ch/api/frontend/latest/fr/downloads/campaigns/418/forms/12;2a2a71e16ce106848254d19d06e2ec49cfe6c35b7f7c3926a3f3d2ad34206da4;9186;418;12
form;fr;;;;https://politikfinanzierung.efk.admin.ch/api/frontend/latest/fr/downloads/campaigns/418/forms/29;f4849e846a34aa1aada33a995052733cfe2448cc220280b801d4027d16ed56d8;5528;418;29
form;fr;;;;https://politikfinanzierung.efk.admin.ch/api/frontend/latest/fr/downloads/campaigns/418/forms/30;3355c8f04cd2934447795991c72fa99020a35511dc6a0a6d5abbd49e407c786f;9273;418;30
form;fr;;;;https://politikfinanzierung.efk.admin.ch/api/frontend/latest/fr/downloads/campaigns/419/forms/11;dd0c730694c70106fcf077d68b1ad9f3a1dfda6dc109ee47cfaf26450e74c57b;5504;419;11
form;fr;;;;https://politikfinanzierung.efk.admin.ch/api/frontend/latest/fr/downloads/campaigns/419/forms/29;8950b0d2cb6aa07191d32f9847965a06c8a8ec837a03d60d580feff1c4bae577;5531;419;29
form;fr;;;;https://politikfinanzierung.efk.admin.ch/api/frontend/latest/fr/downloads/campaigns/42/forms/1;f9f7c0494872cbd009a179dcbd920f269af9813dcd4ff5812fffac4509653abc;5463;42;1
form;fr;;;;https://politikfinanzierung.efk.admin.ch/api/frontend/latest/fr/downloads/campaigns/42/forms/5;f67541db863f6095356d6330a9d5c4857060675d18301ac59e84e185cff80d0f;5485;42;5
form;fr;;;;https://politikfinanzierung.efk.admin.ch/api/frontend/latest/fr/downloads/campaigns/42/forms/6;20e1d32e77c9dafef9b00206fc2f6cd464b93de88a9a97c0fad350ba2a371816;8971;42;6
form;fr;;;;https://politikfinanzierung.efk.admin.ch/api/frontend/latest/fr/downloads/campaigns/420/forms/17;98a36ab1b7cec0b653eb0925b4a94f7bfa9475c4c6ed4b362046bbf84c6303f2;5546;420;17
form;fr;;;;https://politikfinanzierung.efk.admin.ch/api/frontend/latest/fr/downloads/campaigns/420/forms/35;f5f27cb832d336326c4bf88deb144221eb41b76c06ee2099ef0de62db531dffb;5575;420;35
form;fr;;;;https://politikfinanzierung.efk.admin.ch/api/frontend/latest/fr/downloads/campaigns/421/forms/17;ea8e9ac929fb47d5e8e06cb8bd1c5ee44a36b0bc41a6a4ea82dfae12ddfc6602;5549;421;17
form;fr;;;;https://politikfinanzierung.efk.admin.ch/api/frontend/latest/fr/downloads/campaigns/421/forms/35;687ea369f41ef72e1599d3dafc7fb66a6f922d7eadcbbc39b303aa422196ad99;5564;421;35
form;fr;;;;https://politikfinanzierung.efk.admin.ch/api/frontend/latest/fr/downloads/campaigns/422/forms/17;f7c183efd30962669bb99ac1cdb8dcb1a9af9072c1ffa2e137f06c0568ba076a;5554;422;17
form;fr;;;;https://politikfinanzierung.efk.admin.ch/api/frontend/latest/fr/downloads/campaigns/422/forms/18;95db1d469444cedba84b2247abc6381bf0eb39641dc7d7b4c9b452975e60bb75;9240;422;18
form;fr;;;;https://politikfinanzierung.efk.admin.ch/api/frontend/latest/fr/downloads/campaigns/422/forms/35;05bd6afe20d7d98d38232300c7244ef6418285d440660d4e1703b416aa61f6c2;5572;422;35
form;fr;;;;https://politikfinanzierung.efk.admin.ch/api/frontend/latest/fr/downloads/campaigns/422/forms/36;80af6d996825051ffd246b1f857a237c3a593826be446753b14b26692b039756;9241;422;36
form;fr;;;;https://politikfinanzierung.efk.admin.ch/api/frontend/latest/fr/downloads/campaigns/423/forms/13;83c192f9334013df1733b8e55e7b484aa498ad077b639809b9289d43f980d64a;5513;423;13
form;fr;;;;https://politikfinanzierung.efk.admin.ch/api/frontend/latest/fr/downloads/campaigns/423/forms/14;5da917e9d72e580992fae75a02d1938e7bda9548076b587029f6222cafc5078d;9235;423;14
form;fr;;;;https://politikfinanzierung.efk.admin.ch/api/frontend/latest/fr/downloads/campaigns/423/forms/31;91172a6be6fdae420c18b6f21a866c745327093d9fa33831bb97c2b77a88f45c;5530;423;31
form;fr;;;;https://politikfinanzierung.efk.admin.ch/api/frontend/latest/fr/downloads/campaigns/423/forms/32;e7d839ad478341dea7e6d873c324adc5e1d45264175aae99e418aef10d923068;9351;423;32
form;fr;;;;https://politikfinanzierung.efk.admin.ch/api/frontend/latest/fr/downloads/campaigns/424/forms/17;79ce7380c2b7dacfa9952b637df8771c53a6ffe940efbb5d590d5b64df0b1cb4;5582;424;17
form;fr;;;;https://politikfinanzierung.efk.admin.ch/api/frontend/latest/fr/downloads/campaigns/424/forms/18;9e2a653f1b95c783ba083c6440667488f448e1467c638c5285cb0157e2073021;9249;424;18
form;fr;;;;https://politikfinanzierung.efk.admin.ch/api/frontend/latest/fr/downloads/campaigns/424/forms/35;3fd7e869b8c51d89ea53376fe602a8cb23af9b5dc770ce74c87f7d1ddde93793;5587;424;35
form;fr;;;;https://politikfinanzierung.efk.admin.ch/api/frontend/latest/fr/downloads/campaigns/424/forms/36;088f9ac5e6cfe66fb35ca5b0b3c2a35db3516ea13596c7a22161c316c396d757;9256;424;36
form;fr;;;;https://politikfinanzierung.efk.admin.ch/api/frontend/latest/fr/downloads/campaigns/425/forms/15;78b0c9aa80c2843abe1780ee16fff1b9814b370327ad894050e0f7eadcf92bd6;5481;425;15
form;fr;;;;https://politikfinanzierung.efk.admin.ch/api/frontend/latest/fr/downloads/campaigns/425/forms/33;43b0f8ed66fef9619d89d12d9ea5b162beb6e1473841bd428d41c3bc0cfb4314;5499;425;33
form;fr;;;;https://politikfinanzierung.efk.admin.ch/api/frontend/latest/fr/downloads/campaigns/426/forms/23;48c1e46f17c5dee0844e46fbcd4f3143ba87e71ee3c4733e4bfe5ec81668d8a4;6911;426;23
form;fr;;;;https://politikfinanzierung.efk.admin.ch/api/frontend/latest/fr/downloads/campaigns/426/forms/24;e8b2e58a8425875e6f0d41b6289ea5862c96eb0a4d10030e13e522f56eb7c0e9;9393;426;24
form;fr;;;;https://politikfinanzierung.efk.admin.ch/api/frontend/latest/fr/downloads/campaigns/427/forms/23;cd5db9ddf778534e2847fe408684a984d5a49f8785ca312afa02b7cb524fd41a;9165;427;23
form;fr;;;;https://politikfinanzierung.efk.admin.ch/api/frontend/latest/fr/downloads/campaigns/427/forms/24;4597d5c2d08b25c49b61e3b309227a62f0c5ba0a9031524dba58b5beca2c2269;9215;427;24
form;fr;;;;https://politikfinanzierung.efk.admin.ch/api/frontend/latest/fr/downloads/campaigns/428/forms/23;c62e7a4f7b207e88ec31c02fd67c174ebdebbcbb01d764f058b4b8193e3ac5ef;9513;428;23
form;fr;;;;https://politikfinanzierung.efk.admin.ch/api/frontend/latest/fr/downloads/campaigns/428/forms/24;4df356853b0b1813a76a096afd238e50eeac381a598173fba057f7ac85336453;10311;428;24
form;fr;;;;https://politikfinanzierung.efk.admin.ch/api/frontend/latest/fr/downloads/campaigns/429/forms/17;90d4c22b1ca24820f3b7cfe9dae3c035de078b8c74c661129e3809eb74efe156;5554;429;17
form;fr;;;;https://politikfinanzierung.efk.admin.ch/api/frontend/latest/fr/downloads/campaigns/429/forms/18;1bd35d74b073e411f46b5d81d7d6c60dd81d3f92d55bcebff52dafe6f3198dd7;8931;429;18
form;fr;;;;https://politikfinanzierung.efk.admin.ch/api/frontend/latest/fr/downloads/campaigns/429/forms/35;bd584eced9d75fb2e23b83812d8c6539719232fb00f2506bc2b2fc24da934611;5564;429;35
form;fr;;;;https://politikfinanzierung.efk.admin.ch/api/frontend/latest/fr/downloads/campaigns/429/forms/36;fb2de90003b0e5ff8b5a696560888270fdaca62634483f428ebc8d5c8892cf6e;8931;429;36
form;fr;;;;https://politikfinanzierung.efk.admin.ch/api/frontend/latest/fr/downloads/campaigns/43/forms/1;9fc2d7dee5fe983eea667ed8023097069e92966e8ac4e01de4de3e9dd1009b5c;5668;43;1
form;fr;;;;https://politikfinanzierung.efk.admin.ch/api/frontend/latest/fr/downloads/campaigns/43/forms/2;192893ac1bc99efbd151453ebbf838274c3cdd6fd8bcadd2f6dd8e1d0a5e9721;9093;43;2
form;fr;;;;https://politikfinanzierung.efk.admin.ch/api/frontend/latest/fr/downloads/campaigns/43/forms/5;4200d1bfb42acc6369525c4ea62b27379fe51fcfa233554711ba76a33cac4f90;5676;43;5
form;fr;;;;https://politikfinanzierung.efk.admin.ch/api/frontend/latest/fr/downloads/campaigns/43/forms/6;05fc6c535a9a21c722b45d0151c129d67419bc243fba6b11abdf35d4a51a123a;9063;43;6
form;fr;;;;https://politikfinanzierung.efk.admin.ch/api/frontend/latest/fr/downloads/campaigns/430/forms/25;638bd98f4f8013c47fc77ed6b9ba93793e443e01e6622bfca4bfffa3cade6a1a;5512;430;25
form;fr;;;;https://politikfinanzierung.efk.admin.ch/api/frontend/latest/fr/downloads/campaigns/430/forms/26;7e0e5149c5f9384a12013a8d76dd8c106a8f810dd81f27acc632796cb7bd2057;9434;430;26
form;fr;;;;https://politikfinanzierung.efk.admin.ch/api/frontend/latest/fr/downloads/campaigns/430/forms/45;995b428c5586559c41e63f07e9549034ca40fa8e583519b27c5aed918e8d6d39;5521;430;45
form;fr;;;;https://politikfinanzierung.efk.admin.ch/api/frontend/latest/fr/downloads/campaigns/430/forms/46;298055d9cee109e2e2bb1a9cde0c51725a104daa8198c72413b31623094ab5bd;9613;430;46
form;fr;;;;https://politikfinanzierung.efk.admin.ch/api/frontend/latest/fr/downloads/campaigns/431/forms/23;4e589d5776ca689f7c498d42f475ea58a7de9b5c612e9354408fa2e89847857d;6594;431;23
form;fr;;;;https://politikfinanzierung.efk.admin.ch/api/frontend/latest/fr/downloads/campaigns/432/forms/23;7a499fb7d1c900a281e97ead6d926163d1016a4631bda00bf9f52341d4de4973;8959;432;23
form;fr;;;;https://politikfinanzierung.efk.admin.ch/api/frontend/latest/fr/downloads/campaigns/432/forms/24;56802bb5387e0bd08a3eb3362053fb4cb5d937247710cf763f63939707860fbd;11080;432;24
form;fr;;;;https://politikfinanzierung.efk.admin.ch/api/frontend/latest/fr/downloads/campaigns/433/forms/23;382487a85dd018c126dc4fc677a7985508e240e7a017e784bd59279850eb1b90;8368;433;23
form;fr;;;;https://politikfinanzierung.efk.admin.ch/api/frontend/latest/fr/downloads/campaigns/433/forms/24;c4d83a03934f73122b90f87902785574bd87964bb3a7895863fd80672cec43eb;9583;433;24
form;fr;;;;https://politikfinanzierung.efk.admin.ch/api/frontend/latest/fr/downloads/campaigns/434/forms/25;74269d6100a9f56faec10b6c0d7e5495ad41a618e5dbb23e3f24d63279725c45;5504;434;25
form;fr;;;;https://politikfinanzierung.efk.admin.ch/api/frontend/latest/fr/downloads/campaigns/434/forms/26;7d9d9a7ba015207c2579d509fce29c09e7c37c7f778f95fa716669338ed506f1;9359;434;26
form;fr;;;;https://politikfinanzierung.efk.admin.ch/api/frontend/latest/fr/downloads/campaigns/434/forms/45;1a025b0cc0e3eadae0509c8ee18df06d9d25a1d647727dd2a93942ed30321f14;5517;434;45
form;fr;;;;https://politikfinanzierung.efk.admin.ch/api/frontend/latest/fr/downloads/campaigns/434/forms/46;a439db8026678401e0abac0ea050726ec8f49788b68f4cf77151387a71cd1aca;9399;434;46
form;fr;;;;https://politikfinanzierung.efk.admin.ch/api/frontend/latest/fr/downloads/campaigns/436/forms/27;1c281b8c415c4e462879766fc8383222494e010118c7d5bb248d43cb619524c8;5492;436;27
form;fr;;;;https://politikfinanzierung.efk.admin.ch/api/frontend/latest/fr/downloads/campaigns/436/forms/47;d9177178a5f8ab4b2d453793cd172067017ff2767ccabec1ec640c814a677f87;5501;436;47
form;fr;;;;https://politikfinanzierung.efk.admin.ch/api/frontend/latest/fr/downloads/campaigns/437/forms/23;9e86f204abeee3713405f88a390cccf3e5441013b891615716d7b6392edbe96d;8272;437;23
form;fr;;;;https://politikfinanzierung.efk.admin.ch/api/frontend/latest/fr/downloads/campaigns/437/forms/24;59fd501263c3a2fcff3d5cf36f556e20765b3359ee2d3370d59a830d63c9ceaa;11864;437;24
form;fr;;;;https://politikfinanzierung.efk.admin.ch/api/frontend/latest/fr/downloads/campaigns/438/forms/23;725065b98a1325e4c52ba8309907b90b2196d4dd1ba6c906c72f54503e6936cf;6553;438;23
form;fr;;;;https://politikfinanzierung.efk.admin.ch/api/frontend/latest/fr/downloads/campaigns/438/forms/24;a26d0ae1ca35486878bcf3d93003efd3256fc1b8139200da17bd6bebbb592808;8969;438;24
form;fr;;;;https://politikfinanzierung.efk.admin.ch/api/frontend/latest/fr/downloads/campaigns/44/forms/1;8d96a52009b676f0c5dbf6888386ffefcc8f8e956daa8905311c2efc7970ad27;5594;44;1
form;fr;;;;https://politikfinanzierung.efk.admin.ch/api/frontend/latest/fr/downloads/campaigns/44/forms/2;b38f72b220e0ad060bd2ef38d15f68281fa310af4750014716867aa55b31f19e;9162;44;2
form;fr;;;;https://politikfinanzierung.efk.admin.ch/api/frontend/latest/fr/downloads/campaigns/44/forms/5;8cf11fc5866aa6bfa5633c6222cf901200f4880726353474a36b2a0811601d00;5608;44;5
form;fr;;;;https://politikfinanzierung.efk.admin.ch/api/frontend/latest/fr/downloads/campaigns/44/forms/6;96dd496f2b620b69fea4b79c443e02831e270cd9272e7914d90c560da6239850;9148;44;6
form;fr;;;;https://politikfinanzierung.efk.admin.ch/api/frontend/latest/fr/downloads/campaigns/440/forms/31;ccadeab84778c3672e2a8dc0882822a33e07e41a0af49518a56a9de1f336cbfb;5518;440;31
form;fr;;;;https://politikfinanzierung.efk.admin.ch/api/frontend/latest/fr/downloads/campaigns/441/forms/27;9ca349a79d692637c9f1ff8414ffa33a0dd8b47ac8a97be9e7df84d11fb732df;5516;441;27
form;fr;;;;https://politikfinanzierung.efk.admin.ch/api/frontend/latest/fr/downloads/campaigns/441/forms/28;3fcee0cc55ccf93ab71c0118df12ee07e41697dd193c4bc19b6d74c3b793d430;9008;441;28
form;fr;;;;https://politikfinanzierung.efk.admin.ch/api/frontend/latest/fr/downloads/campaigns/441/forms/47;5fa553f7138698e11531ae15d3e6eaef76600ddfcc6a215ac6ada75e0023ec8e;5536;441;47
form;fr;;;;https://politikfinanzierung.efk.admin.ch/api/frontend/latest/fr/downloads/campaigns/441/forms/48;e5375092b78ef10517a40db6116382d3ee1b8e9d1c526ef137f942f0954e79e3;9152;441;48
form;fr;;;;https://politikfinanzierung.efk.admin.ch/api/frontend/latest/fr/downloads/campaigns/442/forms/27;046c0c0956b178d913c961cae485cb774b99517c50618ad8af89ac6ea897b7f6;5508;442;27
form;fr;;;;https://politikfinanzierung.efk.admin.ch/api/frontend/latest/fr/downloads/campaigns/442/forms/47;38fdead9c24865b7846707072621882c380b0c4f1b1dc544658cb94a160c2ae7;5527;442;47
form;fr;;;;https://politikfinanzierung.efk.admin.ch/api/frontend/latest/fr/downloads/campaigns/443/forms/23;a8920a485fc882e2f5ae9d9917c82bebb557d5179b2ac12e3072d9b2f8dceb79;6576;443;23
form;fr;;;;https://politikfinanzierung.efk.admin.ch/api/frontend/latest/fr/downloads/campaigns/444/forms/23;8f9c1558b5bd22edbcade03bdc7b3c8df8c56dc1a21ab4703daa3951ecbe937e;6640;444;23
form;fr;;;;https://politikfinanzierung.efk.admin.ch/api/frontend/latest/fr/downloads/campaigns/445/forms/23;9ae3d3320a2938f63206ca9bbb790ebbad38eaaa8ab52fdc0406228e9907799b;6626;445;23
form;fr;;;;https://politikfinanzierung.efk.admin.ch/api/frontend/latest/fr/downloads/campaigns/447/forms/27;d663703aa67a52f382b0888c964b27595531695382593fad9413c863de4f95da;5502;447;27
form;fr;;;;https://politikfinanzierung.efk.admin.ch/api/frontend/latest/fr/downloads/campaigns/447/forms/28;76f8e6f75229ab98ff7fcb0b0179f10011bc6bfabb71305ae1b84ddc9744afc0;8944;447;28
form;fr;;;;https://politikfinanzierung.efk.admin.ch/api/frontend/latest/fr/downloads/campaigns/448/forms/27;4ab7aae84ce95c56cf104e7a69f0b54ff7fb72762a896db9c770924ed7df383d;5515;448;27
form;fr;;;;https://politikfinanzierung.efk.admin.ch/api/frontend/latest/fr/downloads/campaigns/448/forms/47;7f23f5932ad33363de4fc754c7ed70a61ee1e565b54c8669b3327576f350eefa;5531;448;47
form;fr;;;;https://politikfinanzierung.efk.admin.ch/api/frontend/latest/fr/downloads/campaigns/449/forms/27;e880a80b0fc673b1f59d0f40cfdb83aa4c04b7015a98e0729864fc29c5d05d69;5516;449;27
form;fr;;;;https://politikfinanzierung.efk.admin.ch/api/frontend/latest/fr/downloads/campaigns/449/forms/28;99f620509bee0a27d0d4b6f5001cbd937a7396f27c28f5741261d2c8cc7fe4c2;9297;449;28
form;fr;;;;https://politikfinanzierung.efk.admin.ch/api/frontend/latest/fr/downloads/campaigns/449/forms/47;b21be64ad7078b00029404a8fdb9aa0e99171377492e09a7578a95b0c583c2a4;5527;449;47
form;fr;;;;https://politikfinanzierung.efk.admin.ch/api/frontend/latest/fr/downloads/campaigns/449/forms/48;c069534d361c661e6a9cdef6827db233379c3f25195f8d1efb41791dc7698787;9296;449;48
form;fr;;;;https://politikfinanzierung.efk.admin.ch/api/frontend/latest/fr/downloads/campaigns/450/forms/25;798b3b304dc0db35db38d133ccecde4f24c9d72d13d59089bbc092b8c71c4001;5492;450;25
form;fr;;;;https://politikfinanzierung.efk.admin.ch/api/frontend/latest/fr/downloads/campaigns/450/forms/45;b1eaa56a17c5e1a6ea88482587a63fa9ff82aa85e729f2fdcf0c0fe9e16d25d6;5498;450;45
form;fr;;;;https://politikfinanzierung.efk.admin.ch/api/frontend/latest/fr/downloads/campaigns/451/forms/27;daafab2a5db1365e4f16259650154ce90690abe97c88f16c7430a9ad5cbeba8e;5533;451;27
form;fr;;;;https://politikfinanzierung.efk.admin.ch/api/frontend/latest/fr/downloads/campaigns/451/forms/28;cb8e17e87eb66cd6f5a9d575b8ce6957ba12681e27bb6e8e5026c2c1483fdb21;9017;451;28
form;fr;;;;https://politikfinanzierung.efk.admin.ch/api/frontend/latest/fr/downloads/campaigns/451/forms/47;93cd77ca042a784307a49d5f29e5b99c483654d08be84c0511b28a009b77cb48;5548;451;47
form;fr;;;;https://politikfinanzierung.efk.admin.ch/api/frontend/latest/fr/downloads/campaigns/451/forms/48;cac9fca3fc6bd9df333e29cff4443b3d3229b3af3923ac23b0f9ac3a8a52062e;9040;451;48
form;fr;;;;https://politikfinanzierung.efk.admin.ch/api/frontend/latest/fr/downloads/campaigns/454/forms/25;5b6a4a06807166319e1497f9bf98d9771e541f01403149efc9fa2da96afac1ec;5506;454;25
form;fr;;;;https://politikfinanzierung.efk.admin.ch/api/frontend/latest/fr/downloads/campaigns/454/forms/45;77e45b2169618f25522c6d52ac62a8ef8aa7b980ed881400d36501d50bb3a299;5536;454;45
form;fr;;;;https://politikfinanzierung.efk.admin.ch/api/frontend/latest/fr/downloads/campaigns/454/forms/46;614e5335cf898f2155437f3d767d06c0d1c20827ebd5e91660f9915d9caf4f3e;8995;454;46
form;fr;;;;https://politikfinanzierung.efk.admin.ch/api/frontend/latest/fr/downloads/campaigns/455/forms/37;04d53fcc68565091e600b4980d78ee50fd6e7b0dec936aea222607effa3bdeb7;5514;455;37
form;fr;;;;https://politikfinanzierung.efk.admin.ch/api/frontend/latest/fr/downloads/campaigns/455/forms/38;02b3d760c4b397a310fd52d478cd5d5aa399d6a4d70c8a9b82074d430d4d3606;9461;455;38
form;fr;;;;https://politikfinanzierung.efk.admin.ch/api/frontend/latest/fr/downloads/campaigns/455/forms/57;2d65a82fa51672a22078d50ede804ce8ad1ad43747bcb635e5b2e15818bfbc63;5533;455;57
form;fr;;;;https://politikfinanzierung.efk.admin.ch/api/frontend/latest/fr/downloads/campaigns/455/forms/58;da44c664e0c576aebdffcded74048db7ad7f25a6e240a5a73029e05c66af416c;9507;455;58
form;fr;;;;https://politikfinanzierung.efk.admin.ch/api/frontend/latest/fr/downloads/campaigns/456/forms/43;ab6bb0d7c8b0df1855d60ac3ee087cd9b8c60e441299deac6932ad67fa513a8a;5514;456;43
form;fr;;;;https://politikfinanzierung.efk.admin.ch/api/frontend/latest/fr/downloads/campaigns/456/forms/44;ba0fbf3341f4d0b8c5edebbae79b49f2f6a17bd3df20d0a5b1fa21b240907c8a;9980;456;44
form;fr;;;;https://politikfinanzierung.efk.admin.ch/api/frontend/latest/fr/downloads/campaigns/456/forms/51;4b097941e5cf82c96a14772e44bf084f928b7a976423b838d0847a1c01e5a5bf;5529;456;51
form;fr;;;;https://politikfinanzierung.efk.admin.ch/api/frontend/latest/fr/downloads/campaigns/456/forms/52;6ed16c6642310d277396f46e84778252e99d0b82c503f9197610124734744d02;9799;456;52
form;fr;;;;https://politikfinanzierung.efk.admin.ch/api/frontend/latest/fr/downloads/campaigns/457/forms/37;c397e8a5d9f7ed7db18266bcb0935a43835e0b1e1a33cb9652dfa06dd90f470c;5534;457;37
form;fr;;;;https://politikfinanzierung.efk.admin.ch/api/frontend/latest/fr/downloads/campaigns/457/forms/38;0cc6ce5cc23db2c3bdac3cd98bea40404689915f8b1d4a032932c8ce3a051939;9211;457;38
form;fr;;;;https://politikfinanzierung.efk.admin.ch/api/frontend/latest/fr/downloads/campaigns/457/forms/57;9673bd2f77f70e8270cea630c7dae36445ad5e7dbdf4176a471006e5624b6c10;5543;457;57
form;fr;;;;https://politikfinanzierung.efk.admin.ch/api/frontend/latest/fr/downloads/campaigns/457/forms/58;af23a360b694491b4b7c3425a8486e758a02c814ad97259d59b6d5154622331e;9258;457;58
form;fr;;;;https://politikfinanzierung.efk.admin.ch/api/frontend/latest/fr/downloads/campaigns/458/forms/39;6ca8b6e331c2fdf1e9d7854da212ea71b9c3a12b4c34560f351fe25afd0c601d;5489;458;39
form;fr;;;;https://politikfinanzierung.efk.admin.ch/api/frontend/latest/fr/downloads/campaigns/458/forms/40;b431589864fb72e2bfe354c0966bb864bc52d3fd740fe5ef4f787eb5ec5f35fc;8934;458;40
form;fr;;;;https://politikfinanzierung.efk.admin.ch/api/frontend/latest/fr/downloads/campaigns/458/forms/55;ca6e4b2ed7e59390516539bec915c782c260d977443a7544c6b3367bd1c3bcf1;5501;458;55
form;fr;;;;https://politikfinanzierung.efk.admin.ch/api/frontend/latest/fr/downloads/campaigns/458/forms/56;071edd8cff1f4226ac55db8669eb3a199881334b675f22baa6edd8b6b7117c9c;8935;458;56
form;fr;;;;https://politikfinanzierung.efk.admin.ch/api/frontend/latest/fr/downloads/campaigns/459/forms/41;cf13447d920c0e94b47b5a1fc8a56864efa020093ecb18c559333ea3592be6c2;5496;459;41
form;fr;;;;https://politikfinanzierung.efk.admin.ch/api/frontend/latest/fr/downloads/campaigns/459/forms/42;2b9da65e04203d8d8fa0d39066ab2b82c674698fe26306e684859a12530f6e54;8933;459;42
form;fr;;;;https://politikfinanzierung.efk.admin.ch/api/frontend/latest/fr/downloads/campaigns/459/forms/53;6e5bc2d4b80af75bfe8cf5e01c86efc0378b5f6ca67bc3a17895dcdd6947b06b;5506;459;53
form;fr;;;;https://politikfinanzierung.efk.admin.ch/api/frontend/latest/fr/downloads/campaigns/459/forms/54;49544b25bc5885bdbf1e4de6eb8ec8e1c767239267860771a58bca2f64a7a694;8934;459;54
form;fr;;;;https://politikfinanzierung.efk.admin.ch/api/frontend/latest/fr/downloads/campaigns/46/forms/1;c1a6be6b1d60c367307f7b9ed13477bf9c18ff846ac8c9125a369a76e1d5dae9;5450;46;1
form;fr;;;;https://politikfinanzierung.efk.admin.ch/api/frontend/latest/fr/downloads/campaigns/46/forms/5;7a7f116372f72ff95737775a60502c7dfb609d7f9c5461d274de03ee30fdfb53;5461;46;5
form;fr;;;;https://politikfinanzierung.efk.admin.ch/api/frontend/latest/fr/downloads/campaigns/460/forms/37;5ae7f2229c81c6ecb6100d3c9d4a760f7dd01327bcc2ce609c7eefa89718de49;5501;460;37
form;fr;;;;https://politikfinanzierung.efk.admin.ch/api/frontend/latest/fr/downloads/campaigns/460/forms/38;d0e7835a8ba3e809b7b9c880ec4234b09c6ae01a998db815202ff13d5d93f6c6;9101;460;38
form;fr;;;;https://politikfinanzierung.efk.admin.ch/api/frontend/latest/fr/downloads/campaigns/460/forms/57;b3f06246875aa8b963817d8953321ce1ae968d00910ad3f4cf1a37b4dc336783;5513;460;57
form;fr;;;;https://politikfinanzierung.efk.admin.ch/api/frontend/latest/fr/downloads/campaigns/460/forms/58;5e8fb5fc85a9a9c2f7f05670125279fa54906893abd0a7cfcb90f316910b2c55;9114;460;58
form;fr;;;;https://politikfinanzierung.efk.admin.ch/api/frontend/latest/fr/downloads/campaigns/461/forms/39;1217982f6baf82fdea7a21a9e01041db31f5b8048a265845a917ccb2cac072f9;5511;461;39
form;fr;;;;https://politikfinanzierung.efk.admin.ch/api/frontend/latest/fr/downloads/campaigns/461/forms/40;a1df62e6454ea411aa1dc4368d8e16760125f52ec03bc03d2d6d7a110c178e4c;9445;461;40
form;fr;;;;https://politikfinanzierung.efk.admin.ch/api/frontend/latest/fr/downloads/campaigns/461/forms/55;98f5c460a27bb2dc85d0bec162ec55faeaa5f3789444c13057d267b139756bf0;5523;461;55
form;fr;;;;https://politikfinanzierung.efk.admin.ch/api/frontend/latest/fr/downloads/campaigns/461/forms/56;632644a5a437faa9e7ffcedebb31c493db976c090af7d83f4c40871a5dd0147e;9444;461;56
form;fr;;;;https://politikfinanzierung.efk.admin.ch/api/frontend/latest/fr/downloads/campaigns/462/forms/41;9d705baf08baba960f4c36bb08fa61e25b6bc382b68799618e2da7a7645fceb5;5515;462;41
form;fr;;;;https://politikfinanzierung.efk.admin.ch/api/frontend/latest/fr/downloads/campaigns/462/forms/42;a9b1c3679ba34a677129f5b7b1e810345f48c264f5701fb792cbc6cb7e4f7acd;9446;462;42
form;fr;;;;https://politikfinanzierung.efk.admin.ch/api/frontend/latest/fr/downloads/campaigns/462/forms/53;77ba6fb810846b05a78aab8889760c4887c21a2824fe5c065c2ff5823e65a0ac;5526;462;53
form;fr;;;;https://politikfinanzierung.efk.admin.ch/api/frontend/latest/fr/downloads/campaigns/462/forms/54;b40b407e5567013b1f99e443f2c3f04f2370c7453759f8d24e46c2d6dfd0fe45;9446;462;54
form;fr;;;;https://politikfinanzierung.efk.admin.ch/api/frontend/latest/fr/downloads/campaigns/463/forms/37;f112fe3e6b08c4c27bb53a9eab3fce78d198a18e2d2a1078bc5e70263a7fb1a6;5498;463;37
form;fr;;;;https://politikfinanzierung.efk.admin.ch/api/frontend/latest/fr/downloads/campaigns/463/forms/57;32cfd1fd1a42969fee6b0075ed82f76f2ab8a015b76e68050b03ada637f16f0f;5506;463;57
form;fr;;;;https://politikfinanzierung.efk.admin.ch/api/frontend/latest/fr/downloads/campaigns/464/forms/43;7a38ae3ff330a9c1b7824d529dc249f5824dfa38a9dddee7f3e1ffde5d182a2d;5517;464;43
form;fr;;;;https://politikfinanzierung.efk.admin.ch/api/frontend/latest/fr/downloads/campaigns/464/forms/44;0c4700f8858b5ddf0117abdb9833031e0866c77aec3f4f8b57fe525bdb2ea2b9;9161;464;44
form;fr;;;;https://politikfinanzierung.efk.admin.ch/api/frontend/latest/fr/downloads/campaigns/464/forms/51;a6639d39877a4a1ab348375c678e70d47bf5ec187efef6a0763661489eb7c705;5531;464;51
form;fr;;;;https://politikfinanzierung.efk.admin.ch/api/frontend/latest/fr/downloads/campaigns/464/forms/52;016fd0c1a348ede1807cff526ac0d4b1c7cb96bbbd1c1cb912b9d65c3ee4c7fb;9161;464;52
form;fr;;;;https://politikfinanzierung.efk.admin.ch/api/frontend/latest/fr/downloads/campaigns/465/forms/43;b868340c2e982c5b8cc2a883df64f70b1f9aa1528deb4da7c9486c2c03523386;5522;465;43
form;fr;;;;https://politikfinanzierung.efk.admin.ch/api/frontend/latest/fr/downloads/campaigns/466/forms/41;6a4ae2c72bb1c5c47239d65203250cfe801d5482f303a0230d11d2807a341bc1;5504;466;41
form;fr;;;;https://politikfinanzierung.efk.admin.ch/api/frontend/latest/fr/downloads/campaigns/466/forms/53;99d9c0bd8f5792ef24cb9c83728f4788320d57f531d0471f37e5ca00d6f49500;5514;466;53
form;fr;;;;https://politikfinanzierung.efk.admin.ch/api/frontend/latest/fr/downloads/campaigns/467/forms/39;f419165381745f971b21e5b903e628444a448bdf1991673389e2bb282c89f061;5498;467;39
form;fr;;;;https://politikfinanzierung.efk.admin.ch/api/frontend/latest/fr/downloads/campaigns/467/forms/55;8f12f4531dd90753765e351e55aa3c6d468154d2e7049ea979e42cbd883f3f48;5507;467;55
form;fr;;;;https://politikfinanzierung.efk.admin.ch/api/frontend/latest/fr/downloads/campaigns/468/forms/37;e8bf0ed7bc5bf2692885b4341ee2342c0df564694141dc8e227e375918c10d88;5511;468;37
form;fr;;;;https://politikfinanzierung.efk.admin.ch/api/frontend/latest/fr/downloads/campaigns/468/forms/57;3d86f36d8bbd82feb92dbeeac5bbb5329c9776ba6cc28fc04a1753728992c1e5;5525;468;57
form;fr;;;;https://politikfinanzierung.efk.admin.ch/api/frontend/latest/fr/downloads/campaigns/469/forms/43;63bdf849f894c03e6c66378e45da941617653995c2bcf4d7d9e40223096d67d2;5528;469;43
form;fr;;;;https://politikfinanzierung.efk.admin.ch/api/frontend/latest/fr/downloads/campaigns/469/forms/44;0ee2add019cdb49da9c22155f45b835d64f34be2b11c10a3dc47b5115762b6bc;8990;469;44
form;fr;;;;https://politikfinanzierung.efk.admin.ch/api/frontend/latest/fr/downloads/campaigns/469/forms/51;17be6f9043cc83266234ac21da78079a76afa7178f8591a6cbb1e941e75a8965;5539;469;51
form;fr;;;;https://politikfinanzierung.efk.admin.ch/api/frontend/latest/fr/downloads/campaigns/469/forms/52;0ee2add019cdb49da9c22155f45b835d64f34be2b11c10a3dc47b5115762b6bc;8990;469;52
form;fr;;;;https://politikfinanzierung.efk.admin.ch/api/frontend/latest/fr/downloads/campaigns/47/forms/1;57672b4d709ecbec4ee8650fdf17a51eaf2a3acd9a8edd631ff477ba7ba1c45d;5588;47;1
form;fr;;;;https://politikfinanzierung.efk.admin.ch/api/frontend/latest/fr/downloads/campaigns/47/forms/5;a133d6b0270415891029e8f0d6acf7f8871943c0497e60482faeac57985c076d;5600;47;5
form;fr;;;;https://politikfinanzierung.efk.admin.ch/api/frontend/latest/fr/downloads/campaigns/472/forms/41;673c2e1dd2c5c38d8f120ae9b67ff48fdc39e5d266fbf2ce9ea7039f469440df;5495;472;41
form;fr;;;;https://politikfinanzierung.efk.admin.ch/api/frontend/latest/fr/downloads/campaigns/472/forms/42;cb2a5209c19e148a44429b7726cfd4c577d0e6145f483afbf7aecb2e33eea678;8933;472;42
form;fr;;;;https://politikfinanzierung.efk.admin.ch/api/frontend/latest/fr/downloads/campaigns/472/forms/53;b464f769dd593bc9c4f7db4ed57592464d7c1ca956305017313a484afadd212b;5512;472;53
form;fr;;;;https://politikfinanzierung.efk.admin.ch/api/frontend/latest/fr/downloads/campaigns/472/forms/54;1633878a0bade3d0dc6f29d4ef5fd88ca6ecfd6f3c0c276e3bedb2450b1eebbf;8935;472;54
form;fr;;;;https://politikfinanzierung.efk.admin.ch/api/frontend/latest/fr/downloads/campaigns/473/forms/41;4e78d25064dff9944df1a10fe46c9551be0e6f0f7791bca0015e4d6b1da9d211;5499;473;41
form;fr;;;;https://politikfinanzierung.efk.admin.ch/api/frontend/latest/fr/downloads/campaigns/473/forms/42;155eb45aabbeaf365d83ef2e9e2c4bae88dc48bbaca971ba1b91abb297b7f73e;8933;473;42
form;fr;;;;https://politikfinanzierung.efk.admin.ch/api/frontend/latest/fr/downloads/campaigns/473/forms/53;4978b0a0c5ab2e6892477870442ca437d339cedff96cdb4cc5a50a4fce5bcc76;5511;473;53
form;fr;;;;https://politikfinanzierung.efk.admin.ch/api/frontend/latest/fr/downloads/campaigns/473/forms/54;45aa9eb32787cdfde24aa6ceee46e8a7336bee825ccd19ed411ee61eec5cc95c;8932;473;54
form;fr;;;;https://politikfinanzierung.efk.admin.ch/api/frontend/latest/fr/downloads/campaigns/474/forms/39;e3cd5352004f42c1123075d8a3daaa5b77e40344894927f34b5daa7eaa199186;5499;474;39
form;fr;;;;https://politikfinanzierung.efk.admin.ch/api/frontend/latest/fr/downloads/campaigns/474/forms/55;a92cc4e44195d3fc94469e640fa292c65cea8ece6110752b796df2008708e717;5507;474;55
form;fr;;;;https://politikfinanzierung.efk.admin.ch/api/frontend/latest/fr/downloads/campaigns/474/forms/56;d206ab7ed8705d421a51b34106668aabee9d1670d7b32efb9910bbfdeeb618a6;9050;474;56
form;fr;;;;https://politikfinanzierung.efk.admin.ch/api/frontend/latest/fr/downloads/campaigns/475/forms/41;11e8b84a040ba1c607963a54963660c441043937943a247b7383a8f7db920834;5506;475;41
form;fr;;;;https://politikfinanzierung.efk.admin.ch/api/frontend/latest/fr/downloads/campaigns/475/forms/53;05f18c738fa3b72d3ce65303a2b390abd27d90c00abc2f8a61da627217ffc90d;5513;475;53
form;fr;;;;https://politikfinanzierung.efk.admin.ch/api/frontend/latest/fr/downloads/campaigns/475/forms/54;db8af322bf2efd00a1129f949cfbc285814842d1ec15d952624a845032955762;9049;475;54
form;fr;;;;https://politikfinanzierung.efk.admin.ch/api/frontend/latest/fr/downloads/campaigns/476/forms/39;6d0108781fc6640dc8b598245f863e59c49dab0a1e9690999a491d85e30c96b7;5490;476;39
form;fr;;;;https://politikfinanzierung.efk.admin.ch/api/frontend/latest/fr/downloads/campaigns/476/forms/40;2459c38637e3b9867276af59fcfd7a7cb40f954bd7241c87eff3e91819bc6049;8934;476;40
form;fr;;;;https://politikfinanzierung.efk.admin.ch/api/frontend/latest/fr/downloads/campaigns/476/forms/55;660f54f66c1d5222f9156c03b7733fafbbf67673fabd72aafec1732f017ced5d;5507;476;55
form;fr;;;;https://politikfinanzierung.efk.admin.ch/api/frontend/latest/fr/downloads/campaigns/476/forms/56;717f1681f58781bb87130fc521b27b8380c3c9e952e4f6cfeebc070a3872ffc1;8936;476;56
form;fr;;;;https://politikfinanzierung.efk.admin.ch/api/frontend/latest/fr/downloads/campaigns/477/forms/37;a6d9611153f4609fc57d651722411f67e31067b1c60a81ec001ad63d7633cee7;5499;477;37
form;fr;;;;https://politikfinanzierung.efk.admin.ch/api/frontend/latest/fr/downloads/campaigns/477/forms/38;9eeb048ebfe0e0399ac8bab8b13af98a1916ca239d8b6fb2df26ae13941ce93e;8954;477;38
form;fr;;;;https://politikfinanzierung.efk.admin.ch/api/frontend/latest/fr/downloads/campaigns/477/forms/57;b80519d9e0792dfed20526d568ccb9d5d5daa978a97485e5b78463233b5b1f72;5510;477;57
form;fr;;;;https://politikfinanzierung.efk.admin.ch/api/frontend/latest/fr/downloads/campaigns/477/forms/58;19ed43400be54154e2ad1b13b4dc4e1dfad967231dde60e8389f21719a6fbbd5;9024;477;58
form;fr;;;;https://politikfinanzierung.efk.admin.ch/api/frontend/latest/fr/downloads/campaigns/478/forms/37;fc7c400b6b3422fcc696c9baf5e3cfa725a7f2b882f0e31519fcf01f37f3a820;5511;478;37
form;fr;;;;https://politikfinanzierung.efk.admin.ch/api/frontend/latest/fr/downloads/campaigns/478/forms/38;fa69b0a8a47a65044ecba78d6bfa24a1e3b5759117594ca630400a1745537689;10285;478;38
form;fr;;;;https://politikfinanzierung.efk.admin.ch/api/frontend/latest/fr/downloads/campaigns/478/forms/57;41ca7b5882b1153487f542472c16745fe58ebe723b2e58c5ec251a6873dfcb6b;5521;478;57
form;fr;;;;https://politikfinanzierung.efk.admin.ch/api/frontend/latest/fr/downloads/campaigns/478/forms/58;358883f40645ac2809c47b93807bd57c36e430a73c2b680f80e1350aa5f4c8f4;10313;478;58
form;fr;;;;https://politikfinanzierung.efk.admin.ch/api/frontend/latest/fr/downloads/campaigns/479/forms/39;32fc0ed9540227f6c2dd6d3805e2d7d184c17d8ba1f3956a2ca010322af9cd31;5492;479;39
form;fr;;;;https://politikfinanzierung.efk.admin.ch/api/frontend/latest/fr/downloads/campaigns/479/forms/40;a732e4fca4962b4a21f2ee4a2f3b538356e117708d401beb433070bed089cd95;8934;479;40
form;fr;;;;https://politikfinanzierung.efk.admin.ch/api/frontend/latest/fr/downloads/campaigns/479/forms/55;fd3d62996a93a0943fba79270c3cfc461b8940b046b0bf793b1910d79ba527fc;5507;479;55
form;fr;;;;https://politikfinanzierung.efk.admin.ch/api/frontend/latest/fr/downloads/campaigns/479/forms/56;fbc39afbd8d6cc9a66a7f2ce57ccbc61decd9c96208d8aae1f54a3f4621db12c;8933;479;56
form;fr;;;;https://politikfinanzierung.efk.admin.ch/api/frontend/latest/fr/downloads/campaigns/48/forms/1;61bea3bc1228040b725f18d894168c54f5aef581fdae7699cd64230a4e74fe07;5518;48;1
form;fr;;;;https://politikfinanzierung.efk.admin.ch/api/frontend/latest/fr/downloads/campaigns/48/forms/2;35609f72090f4d3cff3408064d810a279fd32dd30580586e62fa123dcfc7d95d;9114;48;2
form;fr;;;;https://politikfinanzierung.efk.admin.ch/api/frontend/latest/fr/downloads/campaigns/48/forms/5;35dfabfd2ddba20294436d66459b227022099420bcb4340c46385a317ef7a6c6;5542;48;5
form;fr;;;;https://politikfinanzierung.efk.admin.ch/api/frontend/latest/fr/downloads/campaigns/48/forms/6;89bc6d18a11999e56d7038d0cc8fdfef7dc0f46bc487279a1bc47cd95119c87e;9122;48;6
form;fr;;;;https://politikfinanzierung.efk.admin.ch/api/frontend/latest/fr/downloads/campaigns/480/forms/37;94510a63d0bae7427af30251375eb613df5b16dc057a686c6c280037ddbd0fa2;5514;480;37
form;fr;;;;https://politikfinanzierung.efk.admin.ch/api/frontend/latest/fr/downloads/campaigns/480/forms/38;f738aa8186bbac4e8955df5683ea0e017b17224f9f41f560e0372f75b4382eb2;8928;480;38
form;fr;;;;https://politikfinanzierung.efk.admin.ch/api/frontend/latest/fr/downloads/campaigns/480/forms/57;68346fa8fc2b0910d674937d5aa4885b2d79a22a70980a1380c1f06619886d92;5521;480;57
form;fr;;;;https://politikfinanzierung.efk.admin.ch/api/frontend/latest/fr/downloads/campaigns/480/forms/58;88583183bf4946dcef365969969fa47dbc21b9332357094ffe2fb90ec90087ee;8932;480;58
form;fr;;;;https://politikfinanzierung.efk.admin.ch/api/frontend/latest/fr/downloads/campaigns/481/forms/37;49fb494a36bae3a3880e6a2c42d5cf1eb1324e99d6fb0bbd88f747bd65d36717;5524;481;37
form;fr;;;;https://politikfinanzierung.efk.admin.ch/api/frontend/latest/fr/downloads/campaigns/481/forms/38;a3f303fae9ab0542ca74603554e5c3b4664086c41d29cb824f52b35b7cdf2782;9075;481;38
form;fr;;;;https://politikfinanzierung.efk.admin.ch/api/frontend/latest/fr/downloads/campaigns/481/forms/57;e6b5984a624a5098bd6b589f97c28caa64bc0d52dcadd424fdbc54cf8401dce8;5535;481;57
form;fr;;;;https://politikfinanzierung.efk.admin.ch/api/frontend/latest/fr/downloads/campaigns/481/forms/58;b0d5e2e691743f70f55c973b5e7f10e4ebc61aa3f1a0d26b67349f32141c2f0a;9491;481;58
form;fr;;;;https://politikfinanzierung.efk.admin.ch/api/frontend/latest/fr/downloads/campaigns/482/forms/27;2d72ab1d3dff77a891b8c8117af49e6cfd1fd67a5a1ebafc92fe0dd0b8384c95;5490;482;27
form;fr;;;;https://politikfinanzierung.efk.admin.ch/api/frontend/latest/fr/downloads/campaigns/482/forms/47;a62eebc2b3e87a4093b98b5decb96218af39699d1a22d2df5b82cb464f9bcebc;5503;482;47
form;fr;;;;https://politikfinanzierung.efk.admin.ch/api/frontend/latest/fr/downloads/campaigns/483/forms/45;5bb0802685df816bb661d4b9b696bb2bed30acaa4023681ee247d94a2bf83ba5;5510;483;45
form;fr;;;;https://politikfinanzierung.efk.admin.ch/api/frontend/latest/fr/downloads/campaigns/484/forms/49;bfb45de16b631ec7496211617c66c9bcc5f55f9cc3e6be1c4e229ff772e6cf57;5481;484;49
form;fr;;;;https://politikfinanzierung.efk.admin.ch/api/frontend/latest/fr/downloads/campaigns/484/forms/59;89a2ab7af87736beaab66805b12a43cc06afbd5f6f79526e7973902f0dea58ab;5493;484;59
form;fr;;;;https://politikfinanzierung.efk.admin.ch/api/frontend/latest/fr/downloads/campaigns/485/forms/49;31e12a0b43ea7cc7bafc3fc4feb00c04d81a66623390d08981f5a05083bb3f6b;5491;485;49
form;fr;;;;https://politikfinanzierung.efk.admin.ch/api/frontend/latest/fr/downloads/campaigns/485/forms/50;1089139e59be0e620d34940ca1fe2ec94359a8b5ed83a5ffa350916e23741972;9011;485;50
form;fr;;;;https://politikfinanzierung.efk.admin.ch/api/frontend/latest/fr/downloads/campaigns/485/forms/59;d6c2536fed36d011b455527fd6cf95e8c7b66662bde0dff61d35f25bcbb896b6;5498;485;59
form;fr;;;;https://politikfinanzierung.efk.admin.ch/api/frontend/latest/fr/downloads/campaigns/485/forms/60;112a7d0f6646123c912a7100e463e7d3b30b80f16c5a6fa9628d8b875c74347f;9011;485;60
form;fr;;;;https://politikfinanzierung.efk.admin.ch/api/frontend/latest/fr/downloads/campaigns/486/forms/49;adbc83ba217b729309ad170b9f38075c9b903389ac718e9dc04413715982f887;5502;486;49
form;fr;;;;https://politikfinanzierung.efk.admin.ch/api/frontend/latest/fr/downloads/campaigns/486/forms/50;f11bd510a0ec6f36694fbabcaa8fff8d4d7a818607ffcc2c6206be070b19ffb7;9043;486;50
form;fr;;;;https://politikfinanzierung.efk.admin.ch/api/frontend/latest/fr/downloads/campaigns/486/forms/59;14474df19968acbe0f306f52d1c16f593144ee9f32d0cb057246faff605d663b;5527;486;59
form;fr;;;;https://politikfinanzierung.efk.admin.ch/api/frontend/latest/fr/downloads/campaigns/486/forms/60;f205b866583d52b80d60995e5198400b2185d3a532bd21429df4ac5a520c0c81;9043;486;60
form;fr;;;;https://politikfinanzierung.efk.admin.ch/api/frontend/latest/fr/downloads/campaigns/488/forms/55;427dae02b037b897255baaf1700983bad28a6de8026a40187274336680d796bc;5504;488;55
form;fr;;;;https://politikfinanzierung.efk.admin.ch/api/frontend/latest/fr/downloads/campaigns/488/forms/56;de6de51dbbcb06a93af080150bc98b7e4a203fac2ca6b4d0b35a1a05fba8e033;9015;488;56
form;fr;;;;https://politikfinanzierung.efk.admin.ch/api/frontend/latest/fr/downloads/campaigns/489/forms/53;29d5a412c52dae3978e78d5c2953c437b32d3387bd471d19cfa5e0d969fa10a1;5510;489;53
form;fr;;;;https://politikfinanzierung.efk.admin.ch/api/frontend/latest/fr/downloads/campaigns/489/forms/54;69eb1ef6b14ae7d82f5645f21a3bc6a8044583f5f11c01c077031aca990e3b1a;9015;489;54
form;fr;;;;https://politikfinanzierung.efk.admin.ch/api/frontend/latest/fr/downloads/campaigns/490/forms/51;cfb8e55dd674d129e4152b09fd4a4725b28f592e0e678d181cec1868082dd0dd;5526;490;51
form;fr;;;;https://politikfinanzierung.efk.admin.ch/api/frontend/latest/fr/downloads/campaigns/490/forms/52;afda0b6f009663f67440cbe57e3946c1ec622617291d861c3cd8ab1374d05497;9015;490;52
form;fr;;;;https://politikfinanzierung.efk.admin.ch/api/frontend/latest/fr/downloads/campaigns/491/forms/57;aadeee6b1efcb9dae5df8c6e7f0bd1ba7e26952254632eff3b705b659990722e;5520;491;57
form;fr;;;;https://politikfinanzierung.efk.admin.ch/api/frontend/latest/fr/downloads/campaigns/491/forms/58;2ce819b2488fd76b58bc2e1bafe7d313f3a38439fae9c48de6fc339ad87df75c;9013;491;58
form;fr;;;;https://politikfinanzierung.efk.admin.ch/api/frontend/latest/fr/downloads/campaigns/492/forms/61;520a570a0fe022cd3e4a073fe8afd323942368faceeb27a3ee7d31cabcec9781;6978;492;61
form;fr;;;;https://politikfinanzierung.efk.admin.ch/api/frontend/latest/fr/downloads/campaigns/492/forms/62;4728ca688ad9b2f8c9e17b7d635ab786abae96acbd9c51bde2baeee87b7a5db1;9596;492;62
form;fr;;;;https://politikfinanzierung.efk.admin.ch/api/frontend/latest/fr/downloads/campaigns/493/forms/61;40e2e7b96b26815a837ca5e4cb32012150bf1d4cea42def12f07eb6bf0595d3e;6594;493;61
form;fr;;;;https://politikfinanzierung.efk.admin.ch/api/frontend/latest/fr/downloads/campaigns/494/forms/61;851223ca7ad8f14ab75ab6018d95b79bb118526eea915dae48bec016886dd06f;9833;494;61
form;fr;;;;https://politikfinanzierung.efk.admin.ch/api/frontend/latest/fr/downloads/campaigns/494/forms/62;481ff25b91c7cc9429b1fef3ac3d655137c1578041421a6dda9eacbbf7fdf43d;10062;494;62
form;fr;;;;https://politikfinanzierung.efk.admin.ch/api/frontend/latest/fr/downloads/campaigns/495/forms/61;2285876507e01e592d359b73ec2c79d769b6746fb8aaa25fc349c1cd6b0e792f;9331;495;61
form;fr;;;;https://politikfinanzierung.efk.admin.ch/api/frontend/latest/fr/downloads/campaigns/495/forms/62;a5d2180ca711b41af27c5fb5e3cf3fe2441d68a1256c3611b0552e8491456ac4;9132;495;62
form;fr;;;;https://politikfinanzierung.efk.admin.ch/api/frontend/latest/fr/downloads/campaigns/496/forms/61;b4686dbba4b5f343fa0f975af44c8c2fa207de1df73ce462a9578600cbb41b4f;8112;496;61
form;fr;;;;https://politikfinanzierung.efk.admin.ch/api/frontend/latest/fr/downloads/campaigns/496/forms/62;0c4f4e25129260783d1d9b80c1617f2e0b450866a401ef9f544c8f09d124aaf2;9406;496;62
form;fr;;;;https://politikfinanzierung.efk.admin.ch/api/frontend/latest/fr/downloads/campaigns/497/forms/61;0a01494a9fb7a036b03bc0523701060c9eb1622a969d96c7c35207586cd0ae50;8888;497;61
form;fr;;;;https://politikfinanzierung.efk.admin.ch/api/frontend/latest/fr/downloads/campaigns/497/forms/62;1890253a0e6c54d9cc494750fe443922be553785ad926cff9f9e12feaf3af529;10975;497;62
form;fr;;;;https://politikfinanzierung.efk.admin.ch/api/frontend/latest/fr/downloads/campaigns/498/forms/61;386b8e4688517c35325112f042166a25de0da65aadb578850698ce14429c5271;6640;498;61
form;fr;;;;https://politikfinanzierung.efk.admin.ch/api/frontend/latest/fr/downloads/campaigns/499/forms/61;5aba323791e8adea661cd4e7ef1a23c9074a747e5e215add35f1138faa1c2187;6601;499;61
form;fr;;;;https://politikfinanzierung.efk.admin.ch/api/frontend/latest/fr/downloads/campaigns/499/forms/62;89963f2528f2fc8c6667bb80638b0f38076be7240df39bd9d771e885aac799b3;8991;499;62
form;fr;;;;https://politikfinanzierung.efk.admin.ch/api/frontend/latest/fr/downloads/campaigns/5/forms/1;dd716305ff999b94292805d2c8ff18ec997dc3f72976fb28cf6cd7484273c730;5564;5;1
form;fr;;;;https://politikfinanzierung.efk.admin.ch/api/frontend/latest/fr/downloads/campaigns/5/forms/2;6382bdba56b7ae897c3216c30263ee168852e624695031fe6f6b025664671b1a;8970;5;2
form;fr;;;;https://politikfinanzierung.efk.admin.ch/api/frontend/latest/fr/downloads/campaigns/5/forms/5;3394824546fea457a5985f859f43b3ed1e63052832e9a1d16191cee2fc7ebcc2;5585;5;5
form;fr;;;;https://politikfinanzierung.efk.admin.ch/api/frontend/latest/fr/downloads/campaigns/5/forms/6;7a189a816857f39708056d0ab5b3711e62cf33850a39799a8a3dd0198dfd19a2;8995;5;6
form;fr;;;;https://politikfinanzierung.efk.admin.ch/api/frontend/latest/fr/downloads/campaigns/50/forms/1;d3b4cb5d06372ca208e25e8fab4b76b939124a2cf8b818b42bcdd379ce5196dd;5567;50;1
form;fr;;;;https://politikfinanzierung.efk.admin.ch/api/frontend/latest/fr/downloads/campaigns/50/forms/5;2442191fa04f2b6a970d4a09768d28a8a863522af3fb49b0cff8126766da5a1f;5583;50;5
form;fr;;;;https://politikfinanzierung.efk.admin.ch/api/frontend/latest/fr/downloads/campaigns/500/forms/61;629dcb72e7eca0d72158e9962c9502d464946c5e1b1763e1031106f25d432570;7827;500;61
form;fr;;;;https://politikfinanzierung.efk.admin.ch/api/frontend/latest/fr/downloads/campaigns/500/forms/62;6cca31d1e00b8fac5d2e295a4f8f350d139b5b629d678a5f1c7b1eb1941ee768;11728;500;62
form;fr;;;;https://politikfinanzierung.efk.admin.ch/api/frontend/latest/fr/downloads/campaigns/501/forms/61;48ba092fdb6f8f01aa00196e0c4547e3f9d95fcc0a83c7695b9fb359365331dc;6555;501;61
form;fr;;;;https://politikfinanzierung.efk.admin.ch/api/frontend/latest/fr/downloads/campaigns/502/forms/63;8c4c40d1ffe67e63728703311caaa7fdfa8aac0c5831cffa18ede060ab607353;5532;502;63
form;fr;;;;https://politikfinanzierung.efk.admin.ch/api/frontend/latest/fr/downloads/campaigns/502/forms/64;2f916d3ce3228392b5ee5e4cd3c622c1d46d9115102db3b7d42488c3896be89b;8933;502;64
form;fr;;;;https://politikfinanzierung.efk.admin.ch/api/frontend/latest/fr/downloads/campaigns/502/forms/75;0aa281b17b99473610386b3327d1b8c6b0299ef30be9696fddfc4889d97235f2;5540;502;75
form;fr;;;;https://politikfinanzierung.efk.admin.ch/api/frontend/latest/fr/downloads/campaigns/502/forms/76;2f916d3ce3228392b5ee5e4cd3c622c1d46d9115102db3b7d42488c3896be89b;8933;502;76
form;fr;;;;https://politikfinanzierung.efk.admin.ch/api/frontend/latest/fr/downloads/campaigns/503/forms/63;ed4da2a8cc3a18369bff13954a7ec793699cf97dbb0e91ef0702773ecfeb2011;5532;503;63
form;fr;;;;https://politikfinanzierung.efk.admin.ch/api/frontend/latest/fr/downloads/campaigns/503/forms/64;2492b9000137ed5963dac813308b2492967017be4c57a73190bcff50b82203df;8992;503;64
form;fr;;;;https://politikfinanzierung.efk.admin.ch/api/frontend/latest/fr/downloads/campaigns/503/forms/75;cf5b10d55e0ca18246672be56320f78362505b28e673a5ccbb8e771fefcb7102;5552;503;75
form;fr;;;;https://politikfinanzierung.efk.admin.ch/api/frontend/latest/fr/downloads/campaigns/503/forms/76;1a87a48ed7f8bab600f5f3d5a20d9e47f435cb65a1dd6f18dacbd3bfadefadb6;8994;503;76
form;fr;;;;https://politikfinanzierung.efk.admin.ch/api/frontend/latest/fr/downloads/campaigns/504/forms/63;8a757dec9cbbf0ce967fd89ec849b0efe8d09909cff3fe9be359eb13ebc73039;5528;504;63
form;fr;;;;https://politikfinanzierung.efk.admin.ch/api/frontend/latest/fr/downloads/campaigns/504/forms/64;d35a0c97df19b9d810a72b90fb5739faa50ec0aa41fbcc8bc24c631fb9d2c808;8934;504;64
form;fr;;;;https://politikfinanzierung.efk.admin.ch/api/frontend/latest/fr/downloads/campaigns/504/forms/75;180b6f70ba6bd5d97ab855b5cdd90cb2a153d03ce789390cae1d670c3ca4b644;5540;504;75
form;fr;;;;https://politikfinanzierung.efk.admin.ch/api/frontend/latest/fr/downloads/campaigns/504/forms/76;2e89c409bac284a66bce1932a3848e6f757be72900b6481d61854ca0ce094fce;8922;504;76
form;fr;;;;https://politikfinanzierung.efk.admin.ch/api/frontend/latest/fr/downloads/campaigns/505/forms/65;487d64a1eaf1c87687cac46a17d1294ecfd05a4fd4338a0a430feedf3944036c;5523;505;65
form;fr;;;;https://politikfinanzierung.efk.admin.ch/api/frontend/latest/fr/downloads/campaigns/505/forms/73;14135c0e4371e609a2bc6f3231e4b8a2edecf83e8e4f6c1faf0040b2656346f3;5543;505;73
form;fr;;;;https://politikfinanzierung.efk.admin.ch/api/frontend/latest/fr/downloads/campaigns/506/forms/63;5e06d861b1c79143534c464c3e74b815b9808d5dcc00f12745b4ca89bc7a838a;5562;506;63
form;fr;;;;https://politikfinanzierung.efk.admin.ch/api/frontend/latest/fr/downloads/campaigns/506/forms/64;695e3f6782e54d3d4c25b522af6db205a8633e6fa29fce2b0c9bf8e19d440ce4;9136;506;64
form;fr;;;;https://politikfinanzierung.efk.admin.ch/api/frontend/latest/fr/downloads/campaigns/506/forms/75;e9d493d2b914dced1899ed914195f09c83534caaf638ad7ad8aa2ad24c5e0782;5579;506;75
form;fr;;;;https://politikfinanzierung.efk.admin.ch/api/frontend/latest/fr/downloads/campaigns/506/forms/76;a977a51b9dc2f87b092d49da50493523cef2574903a796696f7602f4a8a48033;9143;506;76
form;fr;;;;https://politikfinanzierung.efk.admin.ch/api/frontend/latest/fr/downloads/campaigns/507/forms/63;8f4baf364e56db2075733a2f8c71a34c15bc13aeb04d6d631f365900f2a761e5;5562;507;63
form;fr;;;;https://politikfinanzierung.efk.admin.ch/api/frontend/latest/fr/downloads/campaigns/507/forms/64;ff2fdc34c1841e3a31be941255dd7e81891a77ea80ae5b4b2892f052e9958085;9295;507;64
form;fr;;;;https://politikfinanzierung.efk.admin.ch/api/frontend/latest/fr/downloads/campaigns/507/forms/75;63bde0ecb48e507a5a7b56aa46bcfac1693f3d031bcb1867d238d27c66e40a6a;5576;507;75
form;fr;;;;https://politikfinanzierung.efk.admin.ch/api/frontend/latest/fr/downloads/campaigns/507/forms/76;7761f0b06e98dbf76e330240c7d3333cc69d7f3092e0c2e8a945abb389f6b59d;9386;507;76
form;fr;;;;https://politikfinanzierung.efk.admin.ch/api/frontend/latest/fr/downloads/campaigns/508/forms/63;f10cc79e00a0086dbc00dda897205354485761ee6aaa8bd1b56bf2681b02918f;5553;508;63
form;fr;;;;https://politikfinanzierung.efk.admin.ch/api/frontend/latest/fr/downloads/campaigns/508/forms/64;acfaaf0a4903a6910a9d30df078b1b251bb64b0eb627aa6d1f7e80c6d3c3beb2;8932;508;64
form;fr;;;;https://politikfinanzierung.efk.admin.ch/api/frontend/latest/fr/downloads/campaigns/508/forms/75;5b6332dba922a5d38e5d0f0e0f76b982d4fe74b1e1b38603662215803188d42f;5564;508;75
form;fr;;;;https://politikfinanzierung.efk.admin.ch/api/frontend/latest/fr/downloads/campaigns/508/forms/76;a51d9aae35a71f8e29cf897728fad2631635e3ac68c63b89019164a1376d9db5;8935;508;76
form;fr;;;;https://politikfinanzierung.efk.admin.ch/api/frontend/latest/fr/downloads/campaigns/509/forms/63;2ac3ef342a8583c673316f221dd2ed48a06b7635fd5ec4acc976362450cb5e1a;5536;509;63
form;fr;;;;https://politikfinanzierung.efk.admin.ch/api/frontend/latest/fr/downloads/campaigns/509/forms/64;af5fef6d2b7f8a0ea2f485cec6d5cbe56da5acc419bd618c117af3aabaf5ba77;8923;509;64
form;fr;;;;https://politikfinanzierung.efk.admin.ch/api/frontend/latest/fr/downloads/campaigns/509/forms/75;f4478402a021807d9cad1a158646f933ec49d12dcc6398a3604c56f93caa41ee;5542;509;75
form;fr;;;;https://politikfinanzierung.efk.admin.ch/api/frontend/latest/fr/downloads/campaigns/509/forms/76;af5fef6d2b7f8a0ea2f485cec6d5cbe56da5acc419bd618c117af3aabaf5ba77;8923;509;76
form;fr;;;;https://politikfinanzierung.efk.admin.ch/api/frontend/latest/fr/downloads/campaigns/51/forms/1;496d081913a5a08bded94647646c280f8f6681fbb56e81a82315e4b661fb62fc;6455;51;1
form;fr;;;;https://politikfinanzierung.efk.admin.ch/api/frontend/latest/fr/downloads/campaigns/510/forms/63;858720fcfa1a8fca369a2a7c336bdcab43339ed8c04db3911cd52d3cdabd397e;5511;510;63
form;fr;;;;https://politikfinanzierung.efk.admin.ch/api/frontend/latest/fr/downloads/campaigns/510/forms/75;79ffba990d4380eee266c4797cef2139606572e4b53e484706a1b5e870f6216e;5527;510;75
form;fr;;;;https://politikfinanzierung.efk.admin.ch/api/frontend/latest/fr/downloads/campaigns/511/forms/63;07e7e699228dc916584ac17dfa6ce763a5ce6203af3abd3907232ed8cc1df987;5529;511;63
form;fr;;;;https://politikfinanzierung.efk.admin.ch/api/frontend/latest/fr/downloads/campaigns/511/forms/64;22fa0b7df1a84e002f9b8c88a83dd3a719660844f42c3a0014bff97ff3426b2e;8934;511;64
form;fr;;;;https://politikfinanzierung.efk.admin.ch/api/frontend/latest/fr/downloads/campaigns/511/forms/75;ef7ed82a13fe4bdeebb3a5671e098d38467a083cadb2ef9761c2b2f58035b1d9;5544;511;75
form;fr;;;;https://politikfinanzierung.efk.admin.ch/api/frontend/latest/fr/downloads/campaigns/511/forms/76;4f905b0d8f001ba16f38c859bdac82ed70b7d2dada84f9464d84dc4749acc7b3;8934;511;76
form;fr;;;;https://politikfinanzierung.efk.admin.ch/api/frontend/latest/fr/downloads/campaigns/512/forms/65;b3d4974d38d72d9d1cf304b71e95320e6cce2f695634ea8a56959a7aa74b8043;5519;512;65
form;fr;;;;https://politikfinanzierung.efk.admin.ch/api/frontend/latest/fr/downloads/campaigns/512/forms/66;0f674826c8a562bfa7c02f41f723d74e71f14276cd24ed4da3714a54e636fa0c;9015;512;66
form;fr;;;;https://politikfinanzierung.efk.admin.ch/api/frontend/latest/fr/downloads/campaigns/512/forms/73;70fe397457c94b0f0b48c438711939b9192ada0d567203c150b6c02d9587dd85;5526;512;73
form;fr;;;;https://politikfinanzierung.efk.admin.ch/api/frontend/latest/fr/downloads/campaigns/512/forms/74;710bf9bd6e2f15ced774ce4f6accaf9772813b2eeac978447b5df8758e824230;9016;512;74
form;fr;;;;https://politikfinanzierung.efk.admin.ch/api/frontend/latest/fr/downloads/campaigns/513/forms/63;00e29b45b2f0ad5163f64f77d7791f627a3930f4784bdb29f8b849cbd32efcc0;5521;513;63
form;fr;;;;https://politikfinanzierung.efk.admin.ch/api/frontend/latest/fr/downloads/campaigns/513/forms/64;506f69262f651bc619cfe95fcd5a083e00ff224fd1c5e2d83010770c38480526;8923;513;64
form;fr;;;;https://politikfinanzierung.efk.admin.ch/api/frontend/latest/fr/downloads/campaigns/513/forms/75;9a00a8c8cf6bc7012c73855b1173ec2b2b4fa412cb49b53c0776b72c3c2ae0cd;5544;513;75
form;fr;;;;https://politikfinanzierung.efk.admin.ch/api/frontend/latest/fr/downloads/campaigns/513/forms/76;cc0276e05c3c3813339063014d04b07a58e07501607cdd8424cd2f87fc7d4aca;8926;513;76
form;fr;;;;https://politikfinanzierung.efk.admin.ch/api/frontend/latest/fr/downloads/campaigns/514/forms/65;173d900ccbfec471ac0db8c8aecf767184d7874d38ed09c7dfb2b624e3172d6a;5519;514;65
form;fr;;;;https://politikfinanzierung.efk.admin.ch/api/frontend/latest/fr/downloads/campaigns/514/forms/66;39cdaa0778cffc5ca6398ee5978f32afbeb557655467fa834e5daeadb2a596cc;9191;514;66
form;fr;;;;https://politikfinanzierung.efk.admin.ch/api/frontend/latest/fr/downloads/campaigns/514/forms/73;6f9dd4b01a1a2890b97b1155a06b4dab0ccb39f7b3620463fe4863586696628a;5535;514;73
form;fr;;;;https://politikfinanzierung.efk.admin.ch/api/frontend/latest/fr/downloads/campaigns/514/forms/74;fe20094bb0ef0dcf0afb1eb35c03f73999105782c34d9bb95f4f28faffec583d;9307;514;74
form;fr;;;;https://politikfinanzierung.efk.admin.ch/api/frontend/latest/fr/downloads/campaigns/515/forms/65;5d29610b62ae916abe5f521126eb469f57a6a0d78fa26b79f57ae6551adc7068;5529;515;65
form;fr;;;;https://politikfinanzierung.efk.admin.ch/api/frontend/latest/fr/downloads/campaigns/515/forms/73;1f72864b4f1430d17b2598ba1dc2ab707cb617cb44441ae1f702d8cc283616a5;5532;515;73
form;fr;;;;https://politikfinanzierung.efk.admin.ch/api/frontend/latest/fr/downloads/campaigns/516/forms/63;7a0ef075146c6fc11183152835c42b06282028be258923677f347dd07e7a959c;5531;516;63
form;fr;;;;https://politikfinanzierung.efk.admin.ch/api/frontend/latest/fr/downloads/campaigns/516/forms/75;0475b948f8d57d2429530f04ee52e8f20a70182db82dfb067d350c35d5afebd9;5540;516;75
form;fr;;;;https://politikfinanzierung.efk.admin.ch/api/frontend/latest/fr/downloads/campaigns/517/forms/63;90b591bc883f7d2bd257adf8f00b60f9b9723a097f47355b3d1a0e189374fd14;5529;517;63
form;fr;;;;https://politikfinanzierung.efk.admin.ch/api/frontend/latest/fr/downloads/campaigns/517/forms/64;6fc75275b051091b26bd123994bd9eddfbc8639f4e74c4d0a6484baadd83ec9b;8940;517;64
form;fr;;;;https://politikfinanzierung.efk.admin.ch/api/frontend/latest/fr/downloads/campaigns/517/forms/75;b8b11a1cb67d1fa5713fbc4fdd51f03e1b07e7c42f7a58c7ae56c68dbfde6b14;5547;517;75
form;fr;;;;https://politikfinanzierung.efk.admin.ch/api/frontend/latest/fr/downloads/campaigns/517/forms/76;a7a8e46dc03fec100ef994c7931cc730c94ccbef9d1a121624a6da794ece6a9b;8944;517;76
form;fr;;;;https://politikfinanzierung.efk.admin.ch/api/frontend/latest/fr/downloads/campaigns/518/forms/63;f501cad97675871862a08e10bad39ab51421e6ce125de03e2368bc214b962751;5526;518;63
form;fr;;;;https://politikfinanzierung.efk.admin.ch/api/frontend/latest/fr/downloads/campaigns/518/forms/64;d82b00612c2be6a9601aad37eba78b07b3d0163bd312ab9a98c0c41c96b0d1ca;8979;518;64
form;fr;;;;https://politikfinanzierung.efk.admin.ch/api/frontend/latest/fr/downloads/campaigns/518/forms/75;c48e35636c876f794f9d890da2efc24baf0e83537b33dc5e148113797737be4b;5531;518;75
form;fr;;;;https://politikfinanzierung.efk.admin.ch/api/frontend/latest/fr/downloads/campaigns/518/forms/76;d82b00612c2be6a9601aad37eba78b07b3d0163bd312ab9a98c0c41c96b0d1ca;8979;518;76
form;fr;;;;https://politikfinanzierung.efk.admin.ch/api/frontend/latest/fr/downloads/campaigns/519/forms/65;34bad087d82c798d622a38f7906a35e2cf4698aed01efa0e51b6493542640cd6;5518;519;65
form;fr;;;;https://politikfinanzierung.efk.admin.ch/api/frontend/latest/fr/downloads/campaigns/519/forms/73;d9d679e5da7cd1ed559317417a48f57726c9589a9272a620b8d115beab09f656;5532;519;73
form;fr;;;;https://politikfinanzierung.efk.admin.ch/api/frontend/latest/fr/downloads/campaigns/52/forms/1;8604e73efa0e9d650838561b2d741f1a1c38fffba79153364df49567b9f83175;5464;52;1
form;fr;;;;https://politikfinanzierung.efk.admin.ch/api/frontend/latest/fr/downloads/campaigns/52/forms/5;66a7b9cc183528a1ba95a95684243a9bb7e72a22df88e7439aa093d35ce969d1;5474;52;5
form;fr;;;;https://politikfinanzierung.efk.admin.ch/api/frontend/latest/fr/downloads/campaigns/520/forms/67;848ef176b95886c4ae66cf0e34b49a5b9de7b151ce23a283e26192ede84d84e9;5468;520;67
form;fr;;;;https://politikfinanzierung.efk.admin.ch/api/frontend/latest/fr/downloads/campaigns/521/forms/63;e6cafbd08a3b7083cb651b08faeede442cd22cb222d483554286a44ef9b11969;5538;521;63
form;fr;;;;https://politikfinanzierung.efk.admin.ch/api/frontend/latest/fr/downloads/campaigns/521/forms/75;c5ed621bba8695af86dd446096258de4749cc16279c8d0bc90c3a66956350a51;5543;521;75
form;fr;;;;https://politikfinanzierung.efk.admin.ch/api/frontend/latest/fr/downloads/campaigns/523/forms/69;55b8f5d791446ab2063a1089a5a91a9c35851cfb00d5cff318806037b2874693;5498;523;69
form;fr;;;;https://politikfinanzierung.efk.admin.ch/api/frontend/latest/fr/downloads/campaigns/523/forms/87;d5c57711e550f3670e17a926c967da23c9e84a41b9cbe9d241d6f63e0f7e7f38;5511;523;87
form;fr;;;;https://politikfinanzierung.efk.admin.ch/api/frontend/latest/fr/downloads/campaigns/523/forms/88;8cf9789fd3e3e2075a458c47e7448cab793d224e7b8598242426bc648d2b3c61;8951;523;88
form;fr;;;;https://politikfinanzierung.efk.admin.ch/api/frontend/latest/fr/downloads/campaigns/524/forms/65;1f31aba6111612f093bebd60aa6626b982eaab30fc9a00d3e1ef1167bd37317b;5519;524;65
form;fr;;;;https://politikfinanzierung.efk.admin.ch/api/frontend/latest/fr/downloads/campaigns/524/forms/66;5eaa82cbaed154cb28d2a8bf21cf86ad649a03abf05d84e93f2322aced7c2921;9125;524;66
form;fr;;;;https://politikfinanzierung.efk.admin.ch/api/frontend/latest/fr/downloads/campaigns/524/forms/73;50e2c3b5ee8b77eeee2e1b6b5679ba395e98e1df25b2fedc7eb526c0b4d5d82a;5528;524;73
form;fr;;;;https://politikfinanzierung.efk.admin.ch/api/frontend/latest/fr/downloads/campaigns/524/forms/74;e9188b1d942b051b5d338fb2176ac95d4cb6ef4ea7621bfd676d72e284583d04;9136;524;74
form;fr;;;;https://politikfinanzierung.efk.admin.ch/api/frontend/latest/fr/downloads/campaigns/525/forms/71;fd14a1af1702b902af76239ec64eabf3c39d097a958f5bb328dbf2db78237df2;5489;525;71
form;fr;;;;https://politikfinanzierung.efk.admin.ch/api/frontend/latest/fr/downloads/campaigns/526/forms/69;88db6e533238aad2b17f1130263eeba6e043a5346f80fa179ee75c500509925c;5532;526;69
form;fr;;;;https://politikfinanzierung.efk.admin.ch/api/frontend/latest/fr/downloads/campaigns/526/forms/70;65e262c2c0dd18134ef5ed4f8251762d5a012a59d893bd9bbc8001718c69ff3c;9039;526;70
form;fr;;;;https://politikfinanzierung.efk.admin.ch/api/frontend/latest/fr/downloads/campaigns/526/forms/87;ca753bf0f2b510c9184552aa4111cc8178db9c8e2e56ee5676c577b750be9afc;5540;526;87
form;fr;;;;https://politikfinanzierung.efk.admin.ch/api/frontend/latest/fr/downloads/campaigns/526/forms/88;359f0eca3ef8378b66a1b167a39f5978356dc3aab7a9705eb8416ef09d5fafa3;9040;526;88
form;fr;;;;https://politikfinanzierung.efk.admin.ch/api/frontend/latest/fr/downloads/campaigns/527/forms/65;5f0ee7a6c820ce13a8a966da656559611935628962ac934274032d78e3ec2d26;5536;527;65
form;fr;;;;https://politikfinanzierung.efk.admin.ch/api/frontend/latest/fr/downloads/campaigns/527/forms/73;59e6dfac38b796337d2e88b1395421ac7e13fb3171c5bf7e2e01b8e640dc2007;5555;527;73
form;fr;;;;https://politikfinanzierung.efk.admin.ch/api/frontend/latest/fr/downloads/campaigns/528/forms/69;f16512900c91cf78d983d5eb5217e6febbea0af3a234ecbc086a24d680fae24a;5520;528;69
form;fr;;;;https://politikfinanzierung.efk.admin.ch/api/frontend/latest/fr/downloads/campaigns/528/forms/70;309ac53a43ec08b5e1c3895407c68698ce56870a781c5e077dc8347ac280d688;9179;528;70
form;fr;;;;https://politikfinanzierung.efk.admin.ch/api/frontend/latest/fr/downloads/campaigns/528/forms/87;cd300be36bd98f635d39577cbdf56c9eddc883e1968562f6c29bdb7e5da26ba9;5547;528;87
form;fr;;;;https://politikfinanzierung.efk.admin.ch/api/frontend/latest/fr/downloads/campaigns/528/forms/88;5625d4dd7f4860b2d72a67eae0c45ec655cb5b2fedce0e81deb32f68351919cb;9195;528;88
form;fr;;;;https://politikfinanzierung.efk.admin.ch/api/frontend/latest/fr/downloads/campaigns/529/forms/69;0096af2d3ca898b721a3b60f101e719c5305ae8e20dfe4d285b4cb92a68e6727;5540;529;69
form;fr;;;;https://politikfinanzierung.efk.admin.ch/api/frontend/latest/fr/downloads/campaigns/529/forms/70;3d122337fe84c1f21654d4297ea45e1bd36df84e4be4f4030b9b1992bc18c19d;9114;529;70
form;fr;;;;https://politikfinanzierung.efk.admin.ch/api/frontend/latest/fr/downloads/campaigns/529/forms/87;d28f443d52ede7f89db290643697e3ce53f2e055e528d278ced2d150e77c3398;5551;529;87
form;fr;;;;https://politikfinanzierung.efk.admin.ch/api/frontend/latest/fr/downloads/campaigns/529/forms/88;06d7288feb1e3b54bb53aa763d77f9aa4501decae63b06d537499f59fcb7faf5;9129;529;88
form;fr;;;;https://politikfinanzierung.efk.admin.ch/api/frontend/latest/fr/downloads/campaigns/53/forms/1;6c15d9d892bbedf83311797ebc948168bb49df8742912ddc227225ded1129696;5617;53;1
form;fr;;;;https://politikfinanzierung.efk.admin.ch/api/frontend/latest/fr/downloads/campaigns/53/forms/2;c669a4182a966b1d3a6860830a544396418842bec1e3932ce894b61ddbb8af95;8928;53;2
form;fr;;;;https://politikfinanzierung.efk.admin.ch/api/frontend/latest/fr/downloads/campaigns/530/forms/69;710e6fce0349a5a84ed3ea1b284a36be889eea82171aeb3bf69cc508af7e62d4;5513;530;69
form;fr;;;;https://politikfinanzierung.efk.admin.ch/api/frontend/latest/fr/downloads/campaigns/530/forms/70;b4debab40b760f6c6fd5862be155d11eeb1f846b1e9747fd0090bbcedd7eca49;8930;530;70
form;fr;;;;https://politikfinanzierung.efk.admin.ch/api/frontend/latest/fr/downloads/campaigns/530/forms/87;325203d4cfaf86ced7ee1fcedd07de3d0d458f656a20bcc31175a6a1886e6d3a;5521;530;87
form;fr;;;;https://politikfinanzierung.efk.admin.ch/api/frontend/latest/fr/downloads/campaigns/530/forms/88;e499f7b46affa6cc0bcb509d3d8df363cc433fcb3e72f97e2868ba26bc7bba8d;8929;530;88
form;fr;;;;https://politikfinanzierung.efk.admin.ch/api/frontend/latest/fr/downloads/campaigns/532/forms/67;4de6ea2b4e1504bcfcfd0fb34f841e7786d0d8f4fb53494cf59d6ed7536788b1;5476;532;67
form;fr;;;;https://politikfinanzierung.efk.admin.ch/api/frontend/latest/fr/downloads/campaigns/532/forms/68;edacf9f7d1ec8a6a47e7449ed270705bb295af5e56306d4026419a3fdbbc38d2;9331;532;68
form;fr;;;;https://politikfinanzierung.efk.admin.ch/api/frontend/latest/fr/downloads/campaigns/532/forms/85;93dbef145f7e1c0c3c02c17782457371524d91ad3e3c5f61709adb216a3c2006;5511;532;85
form;fr;;;;https://politikfinanzierung.efk.admin.ch/api/frontend/latest/fr/downloads/campaigns/532/forms/86;1e1d6607ecfbe8eed75cf1f080483c247b6654e3bac65dbc6529701147048001;9407;532;86
form;fr;;;;https://politikfinanzierung.efk.admin.ch/api/frontend/latest/fr/downloads/campaigns/533/forms/67;6bf4cb4a70d72c68142a999618b899d43f3468cebffdef45becee59815cede45;5480;533;67
form;fr;;;;https://politikfinanzierung.efk.admin.ch/api/frontend/latest/fr/downloads/campaigns/533/forms/68;d25573ac3d97dd30a1d21d94c69f0a3cd6a26c62104d76940468b9a6beb4f131;9160;533;68
form;fr;;;;https://politikfinanzierung.efk.admin.ch/api/frontend/latest/fr/downloads/campaigns/533/forms/85;c46c099e5c8fe4986dcf8b3abf32b95d15d9f9bba56cd98a8b4fe99f70ba1407;5492;533;85
form;fr;;;;https://politikfinanzierung.efk.admin.ch/api/frontend/latest/fr/downloads/campaigns/533/forms/86;f386f1988182087602631f1f14db768fd5a18eb1e7bb33d66789bc1413502179;9235;533;86
form;fr;;;;https://politikfinanzierung.efk.admin.ch/api/frontend/latest/fr/downloads/campaigns/534/forms/69;cba4a223a56260e4d044b0aa8e03687d0fafbb63730f90d2bfab9a654b6f3f5f;5524;534;69
form;fr;;;;https://politikfinanzierung.efk.admin.ch/api/frontend/latest/fr/downloads/campaigns/534/forms/70;65c92bbc69ca4103ea450890df1bf6967d3c40ac45a117466d9c05eeeecefe2a;9045;534;70
form;fr;;;;https://politikfinanzierung.efk.admin.ch/api/frontend/latest/fr/downloads/campaigns/534/forms/87;bd595c0f93425758e5bd600975cf5ad9f70d3d778f01e35ab1da8eee47a3223c;5525;534;87
form;fr;;;;https://politikfinanzierung.efk.admin.ch/api/frontend/latest/fr/downloads/campaigns/534/forms/88;962eba41ea3cf35d88980b7ca0a02d8f0ada9131bf88d34c26cbd6d29ddb9855;9045;534;88
form;fr;;;;https://politikfinanzierung.efk.admin.ch/api/frontend/latest/fr/downloads/campaigns/535/forms/69;3838ac869aa3e1e38f343db464f1a853721a5c3c3cb3d88c3b12eee586e1f807;5509;535;69
form;fr;;;;https://politikfinanzierung.efk.admin.ch/api/frontend/latest/fr/downloads/campaigns/535/forms/70;84115a5877d560925aec5eb35b30076f24a8afa1f5e68e34cff2980f1d08ec3b;9418;535;70
form;fr;;;;https://politikfinanzierung.efk.admin.ch/api/frontend/latest/fr/downloads/campaigns/535/forms/87;4459f1256cd2198dbe1482e5bb29128f56709defcaca7b5856881953a7c82a7b;5514;535;87
form;fr;;;;https://politikfinanzierung.efk.admin.ch/api/frontend/latest/fr/downloads/campaigns/535/forms/88;eb7e557093dd48f06febe7a0c197be05883c36a5b05d366933a6bf66529972fb;9430;535;88
form;fr;;;;https://politikfinanzierung.efk.admin.ch/api/frontend/latest/fr/downloads/campaigns/536/forms/69;fe7e2cd8cbb51719de39e4eda798f34a57775292ae7789b38594f86f9b41cd6c;5500;536;69
form;fr;;;;https://politikfinanzierung.efk.admin.ch/api/frontend/latest/fr/downloads/campaigns/536/forms/87;a93c7672989a23ad322857a2f36c70fb150eb69fcf3492de418205a64cd8c8fa;5507;536;87
form;fr;;;;https://politikfinanzierung.efk.admin.ch/api/frontend/latest/fr/downloads/campaigns/537/forms/67;eecbd3718e0229c4f358550472209189500ab6f819b7108d376962b1782fe085;5485;537;67
form;fr;;;;https://politikfinanzierung.efk.admin.ch/api/frontend/latest/fr/downloads/campaigns/537/forms/68;71d2b818b57f4bead9339f2387115bc70558c559d71c9645a6f1635562f4d75a;9006;537;68
form;fr;;;;https://politikfinanzierung.efk.admin.ch/api/frontend/latest/fr/downloads/campaigns/537/forms/85;2510336932d6f3ca4d5a9190780dd1f53ac557365d03b1e3b2c9176dda9573b6;5507;537;85
form;fr;;;;https://politikfinanzierung.efk.admin.ch/api/frontend/latest/fr/downloads/campaigns/537/forms/86;b04fdc11902a61ce9bbc0411e1ecda257bf2ed989cbcd184d1579af7d08eb146;9009;537;86
form;fr;;;;https://politikfinanzierung.efk.admin.ch/api/frontend/latest/fr/downloads/campaigns/538/forms/69;17ef9e8d5522dbddba7a2c7c402ac4a73cc79f1e189ef6b6d47aae6d56deb1d6;5516;538;69
form;fr;;;;https://politikfinanzierung.efk.admin.ch/api/frontend/latest/fr/downloads/campaigns/538/forms/70;230de9bd2cfee19287382988a46e93fe7e703f82c7c92620cdb41ef8f6e7bc63;8932;538;70
form;fr;;;;https://politikfinanzierung.efk.admin.ch/api/frontend/latest/fr/downloads/campaigns/538/forms/87;34aa331375991e39c5af4b57ec94f12d393b9e15ed0ecf4575fef7e74ec2bfeb;5524;538;87
form;fr;;;;https://politikfinanzierung.efk.admin.ch/api/frontend/latest/fr/downloads/campaigns/538/forms/88;7076a91ba567bcbed49718647438420c6fb2b6d8d653bcaac75e1b8a4207b8a9;9047;538;88
form;fr;;;;https://politikfinanzierung.efk.admin.ch/api/frontend/latest/fr/downloads/campaigns/539/forms/79;db354bda5850c87c94d66d4ad075740f75aac94ea7ccbbb646fc7cc8500058c7;5457;539;79
form;fr;;;;https://politikfinanzierung.efk.admin.ch/api/frontend/latest/fr/downloads/campaigns/539/forms/99;0f97c233ad18ade7f0c232dee660bcfe9f4b33d7f478a23cee6aded983f69262;5468;539;99
form;fr;;;;https://politikfinanzierung.efk.admin.ch/api/frontend/latest/fr/downloads/campaigns/54/forms/1;b36eee69d016ccc455883cccb5db6b87f897b71e40ae80c8cd1c67c813e4e04d;5814;54;1
form;fr;;;;https://politikfinanzierung.efk.admin.ch/api/frontend/latest/fr/downloads/campaigns/54/forms/5;a495cbe851db80e6b5c3c25195e215d2a51f7ec3fe81d37f16f5c1ec28b85475;5829;54;5
form;fr;;;;https://politikfinanzierung.efk.admin.ch/api/frontend/latest/fr/downloads/campaigns/540/forms/83;4ca513367554122660a22018938dff82d31f204e26e78bf65b599740da414f43;5480;540;83
form;fr;;;;https://politikfinanzierung.efk.admin.ch/api/frontend/latest/fr/downloads/campaigns/540/forms/84;6c271c11dabdea41bff0db778d3da6e2abd116d0ed887c4cc67b4494b64350f0;8929;540;84
form;fr;;;;https://politikfinanzierung.efk.admin.ch/api/frontend/latest/fr/downloads/campaigns/540/forms/97;2e466bb66b5db8470fb91193d02814b24c29f347369243374b226201a44ac55d;5491;540;97
form;fr;;;;https://politikfinanzierung.efk.admin.ch/api/frontend/latest/fr/downloads/campaigns/540/forms/98;156cdf30920e613348856aa7222b1d155143c45a80341b570d567e80db443b9b;8929;540;98
form;fr;;;;https://politikfinanzierung.efk.admin.ch/api/frontend/latest/fr/downloads/campaigns/541/forms/79;15a1685a11eec306c71565003724a4b03eddf9c912c7f9fc463e692cb15d2eed;5477;541;79
form;fr;;;;https://politikfinanzierung.efk.admin.ch/api/frontend/latest/fr/downloads/campaigns/541/forms/99;25abd8f86ad4390c247ce8d5f352dbc5a24425f97431003f646c659a38c4ee63;5504;541;99
form;fr;;;;https://politikfinanzierung.efk.admin.ch/api/frontend/latest/fr/downloads/campaigns/542/forms/83;bab4371b405ae2c473d707f4a13512b17da46b6eff4728d2bc910a4e0c7d9618;5475;542;83
form;fr;;;;https://politikfinanzierung.efk.admin.ch/api/frontend/latest/fr/downloads/campaigns/542/forms/84;80716fa1437f95cc76112d97031650da266acb24366bdaeb5c855762564e288b;9395;542;84
form;fr;;;;https://politikfinanzierung.efk.admin.ch/api/frontend/latest/fr/downloads/campaigns/542/forms/97;de42baa9e07e8062eaef0b8093471d6cc5b20a802a67b209be7437e31d12d45f;5492;542;97
form;fr;;;;https://politikfinanzierung.efk.admin.ch/api/frontend/latest/fr/downloads/campaigns/542/forms/98;337d333d12f28639cbbc3ea56c0fcd60bd8d903c7a22adfd3fdf843a13e1a52f;9536;542;98
form;fr;;;;https://politikfinanzierung.efk.admin.ch/api/frontend/latest/fr/downloads/campaigns/543/forms/100;276e91486fb8485f8b99a6b4462ec95540cb03a90de6afd524ef4e941ca8b2d3;10049;543;100
form;fr;;;;https://politikfinanzierung.efk.admin.ch/api/frontend/latest/fr/downloads/campaigns/543/forms/79;f3aa2a39cb532f895afd1204f848e7e365c383d5e6a16a60b5f27944d74ca73d;5480;543;79
form;fr;;;;https://politikfinanzierung.efk.admin.ch/api/frontend/latest/fr/downloads/campaigns/543/forms/80;bdf011a78d59f9df8101d03d306470d3a99e6dfd8ccc96f2d79738cf3af08e27;10117;543;80
form;fr;;;;https://politikfinanzierung.efk.admin.ch/api/frontend/latest/fr/downloads/campaigns/543/forms/99;1e0a95def1d0e9665b1dfa60c2fabdd8303270e463ab3c8892b9cea2c76393f8;5481;543;99
form;fr;;;;https://politikfinanzierung.efk.admin.ch/api/frontend/latest/fr/downloads/campaigns/544/forms/83;fc284bbc41762449223b149047d5fd998d2de5ac9b33737f6cbb834e20de8de0;5496;544;83
form;fr;;;;https://politikfinanzierung.efk.admin.ch/api/frontend/latest/fr/downloads/campaigns/544/forms/97;159f3db0ec84579b702d8f75944f69993744dd07fa2047fa1424215696c93f00;5512;544;97
form;fr;;;;https://politikfinanzierung.efk.admin.ch/api/frontend/latest/fr/downloads/campaigns/545/forms/100;5a5a433faf9f6a5262022127524704a7d642896adff5997457b105dc9451f8b7;9388;545;100
form;fr;;;;https://politikfinanzierung.efk.admin.ch/api/frontend/latest/fr/downloads/campaigns/545/forms/79;6e9bfc071bd4a7b5573bc1e9ba19e2522d8dbb18d0876e0d99b83e8e5d8d67b9;5490;545;79
form;fr;;;;https://politikfinanzierung.efk.admin.ch/api/frontend/latest/fr/downloads/campaigns/545/forms/80;4c354194f1d02795eb8d5de2c8d174e3cb77a78d66fb5fd90efd91abb76e7375;9397;545;80
form;fr;;;;https://politikfinanzierung.efk.admin.ch/api/frontend/latest/fr/downloads/campaigns/545/forms/99;22712fda4ac6452d0b0e65d0a2f1e5ea6e8c7fbe4b3f329595aa68314f1fda76;5510;545;99
form;fr;;;;https://politikfinanzierung.efk.admin.ch/api/frontend/latest/fr/downloads/campaigns/546/forms/100;505ba08dc8e5d30d138e315547870e5ec77e120012da1481895be8c59dfd5f97;9085;546;100
form;fr;;;;https://politikfinanzierung.efk.admin.ch/api/frontend/latest/fr/downloads/campaigns/546/forms/79;284c54368bdf814d5528df7b5c396639ffa09d293915ffd52b8e5130ff4c7cfe;5468;546;79
form;fr;;;;https://politikfinanzierung.efk.admin.ch/api/frontend/latest/fr/downloads/campaigns/546/forms/80;21ed8d84110e7ee466d784c580cac9173911af7e02e6a9b61a3bf1eb0ebe26b1;9081;546;80
form;fr;;;;https://politikfinanzierung.efk.admin.ch/api/frontend/latest/fr/downloads/campaigns/546/forms/99;5aa38b5bd6e0e82278403cb7c9a5286f1f9a205db8328b7d7f7a43805ae0d5b3;5482;546;99
form;fr;;;;https://politikfinanzierung.efk.admin.ch/api/frontend/latest/fr/downloads/campaigns/547/forms/100;b70252a18bf91524964df95bae416c645e9d4c0586266fd8f286361f8cf8ae1a;9079;547;100
form;fr;;;;https://politikfinanzierung.efk.admin.ch/api/frontend/latest/fr/downloads/campaigns/547/forms/79;274e9e07a295e3d2c4cc5a9b42c8057ad820865c9bada768fe35a2af3f127252;5475;547;79
form;fr;;;;https://politikfinanzierung.efk.admin.ch/api/frontend/latest/fr/downloads/campaigns/547/forms/80;a3f4b5d9929e26aabe037435e3753b9b1d89c81cb7e247d6378c0b1c859f097f;9066;547;80
form;fr;;;;https://politikfinanzierung.efk.admin.ch/api/frontend/latest/fr/downloads/campaigns/547/forms/99;30787ef156f23066a3ea7bb54048e66fe46ca3671168e0be467da43cba86a363;5477;547;99
form;fr;;;;https://politikfinanzierung.efk.admin.ch/api/frontend/latest/fr/downloads/campaigns/548/forms/89;6fa2c75e10a6b88aef2fad92811949973dc65fb9a15704aaeb9994e67df27817;5506;548;89
form;fr;;;;https://politikfinanzierung.efk.admin.ch/api/frontend/latest/fr/downloads/campaigns/548/forms/90;f27872f690f26987b7097c2170a490d88287d030086f7fe3b25f260ef63de398;8939;548;90
form;fr;;;;https://politikfinanzierung.efk.admin.ch/api/frontend/latest/fr/downloads/campaigns/548/forms/95;a432b45496cb41de91ea5eb9869790c8faa7f5db10ff845c60ca2e920bb5f28b;5518;548;95
form;fr;;;;https://politikfinanzierung.efk.admin.ch/api/frontend/latest/fr/downloads/campaigns/548/forms/96;f27872f690f26987b7097c2170a490d88287d030086f7fe3b25f260ef63de398;8939;548;96
form;fr;;;;https://politikfinanzierung.efk.admin.ch/api/frontend/latest/fr/downloads/campaigns/549/forms/100;8957b4d72fbe5ade8e869ebf0a7db4fcef6795c3427f003fc8c9815881df4591;9193;549;100
form;fr;;;;https://politikfinanzierung.efk.admin.ch/api/frontend/latest/fr/downloads/campaigns/549/forms/79;db50d9c5a335e77062b9ff7fd03ac9f5027a93ea66bd2737ea40685c13e3e63d;5479;549;79
form;fr;;;;https://politikfinanzierung.efk.admin.ch/api/frontend/latest/fr/downloads/campaigns/549/forms/80;db56b9aa8ad4e5e43a9332037f241440391ac7980d79fdaa2fcc81016eee9699;9182;549;80
form;fr;;;;https://politikfinanzierung.efk.admin.ch/api/frontend/latest/fr/downloads/campaigns/549/forms/99;f8b49b97ea5a5bb31c6f718751287a2de1e0e90e0582adbe43dce9435d4878e7;5494;549;99
form;fr;;;;https://politikfinanzierung.efk.admin.ch/api/frontend/latest/fr/downloads/campaigns/55/forms/1;79896a42642647d19617d346d05d21cb73f5c6b225aa486a1ceffe375837fe2e;5498;55;1
form;fr;;;;https://politikfinanzierung.efk.admin.ch/api/frontend/latest/fr/downloads/campaigns/55/forms/2;c717c66c7abb8143d7aa2285722fb9cca3079a09750ae9cacf776531536d35e4;8944;55;2
form;fr;;;;https://politikfinanzierung.efk.admin.ch/api/frontend/latest/fr/downloads/campaigns/550/forms/101;fca5313eeb1953adb6620710103445965f7be8dcf9cf1f1cef61747ba17f969b;5565;550;101
form;fr;;;;https://politikfinanzierung.efk.admin.ch/api/frontend/latest/fr/downloads/campaigns/550/forms/102;6712d7a63bb3dec95fd01551389c4bc0c4d610012d602a9f5cd15c92d9769f38;9064;550;102
form;fr;;;;https://politikfinanzierung.efk.admin.ch/api/frontend/latest/fr/downloads/campaigns/550/forms/81;9cdfd3883786b95d683909cc594c9ace9a0e78f513ce8bb652c734dcc7419481;5554;550;81
form;fr;;;;https://politikfinanzierung.efk.admin.ch/api/frontend/latest/fr/downloads/campaigns/550/forms/82;562429b72ea97ffc89c7529c2ec8adeb35fefa42e49a4b64cf5ff854b6a5063b;9067;550;82
form;fr;;;;https://politikfinanzierung.efk.admin.ch/api/frontend/latest/fr/downloads/campaigns/551/forms/101;32c1f42190055ee0aa3bee13d13b1f22dbeafe222ade02c449206b9a0ca97e16;5553;551;101
form;fr;;;;https://politikfinanzierung.efk.admin.ch/api/frontend/latest/fr/downloads/campaigns/551/forms/81;58d36af957bc0522ca18849539eb82a186d5a9649d7d95ace455fcce72dccb26;5527;551;81
form;fr;;;;https://politikfinanzierung.efk.admin.ch/api/frontend/latest/fr/downloads/campaigns/552/forms/100;5d2333d855184ca23c546c56b0d13615d77af3e3c87154b8114cc8661c04adc2;10203;552;100
form;fr;;;;https://politikfinanzierung.efk.admin.ch/api/frontend/latest/fr/downloads/campaigns/552/forms/79;e1f7286f2c1771b24f5c4a9533d5f951201e45af8a1e6f266678d162c78d3efa;5480;552;79
form;fr;;;;https://politikfinanzierung.efk.admin.ch/api/frontend/latest/fr/downloads/campaigns/552/forms/80;488fa7b3d494a8d58d1ead6272228a5b0ce4e1914e4ce6d248f2dae4fff2a30b;9342;552;80
form;fr;;;;https://politikfinanzierung.efk.admin.ch/api/frontend/latest/fr/downloads/campaigns/552/forms/99;fa9cb6c89c3cdddda47e095523101f5b6f44b6e5febc148b50066c1865973a02;5497;552;99
form;fr;;;;https://politikfinanzierung.efk.admin.ch/api/frontend/latest/fr/downloads/campaigns/553/forms/79;fb9306563e3f70e0ea1fd1b2c3efb7d6818cf06b4d11b10c90efc9d69555f9c3;5478;553;79
form;fr;;;;https://politikfinanzierung.efk.admin.ch/api/frontend/latest/fr/downloads/campaigns/553/forms/99;9488d568ba6a2a408b038fc122bb10d77a201db54682fdb0859102c524627b5b;5492;553;99
form;fr;;;;https://politikfinanzierung.efk.admin.ch/api/frontend/latest/fr/downloads/campaigns/554/forms/101;e6841b926d1c350bf3556f39a7716f735288f193a532997c1014d0b05cac5f2d;5555;554;101
form;fr;;;;https://politikfinanzierung.efk.admin.ch/api/frontend/latest/fr/downloads/campaigns/554/forms/81;a713719058d51b25c8c255d24ab5f8c0df0cc8b1895075de20975dd7adf43900;5539;554;81
form;fr;;;;https://politikfinanzierung.efk.admin.ch/api/frontend/latest/fr/downloads/campaigns/555/forms/101;d75673f3fa54298ecce28ea64894a3a50f7c7308e8eae900f6b1b293472635b1;5540;555;101
form;fr;;;;https://politikfinanzierung.efk.admin.ch/api/frontend/latest/fr/downloads/campaigns/555/forms/102;f2def85c6e3cd27245853883dc42ca7119a549de907053bc843d67073b6109b4;8987;555;102
form;fr;;;;https://politikfinanzierung.efk.admin.ch/api/frontend/latest/fr/downloads/campaigns/555/forms/81;827d9eba1585db8ffa25b50d5ba4a06747d9acee574d12bc0bd1b3006147a47b;5521;555;81
form;fr;;;;https://politikfinanzierung.efk.admin.ch/api/frontend/latest/fr/downloads/campaigns/555/forms/82;6ef06ce473cc97f490240de4547638fbe93151d9a343da22482e6ab4d0835c3e;8986;555;82
form;fr;;;;https://politikfinanzierung.efk.admin.ch/api/frontend/latest/fr/downloads/campaigns/556/forms/100;97efa1cd070ea36fa2624565e26fa81de0e4800c0a21292ae201c13e60dcc91b;9121;556;100
form;fr;;;;https://politikfinanzierung.efk.admin.ch/api/frontend/latest/fr/downloads/campaigns/556/forms/79;055cf9c86cf5258af946210f4da53b7c3209dced6f78a5f0a7db6eccfe10499f;5465;556;79
form;fr;;;;https://politikfinanzierung.efk.admin.ch/api/frontend/latest/fr/downloads/campaigns/556/forms/80;d449a306a26a81a32f8f54fda2abf2dc71e6590610fac3274420cb67c0ca8fac;9060;556;80
form;fr;;;;https://politikfinanzierung.efk.admin.ch/api/frontend/latest/fr/downloads/campaigns/556/forms/99;515325b7be4afd12151f300b8c813ce3b1f9616e1980e332567c552ca0e9bc79;5474;556;99
form;fr;;;;https://politikfinanzierung.efk.admin.ch/api/frontend/latest/fr/downloads/campaigns/557/forms/79;0dba431e9139ff6f644c6903308dc725f2507ffc365e6be836f6c9ed52015d73;5474;557;79
form;fr;;;;https://politikfinanzierung.efk.admin.ch/api/frontend/latest/fr/downloads/campaigns/557/forms/99;9a984c90a3a3760694264d70c797a8a8ff0a71c7e984fb7dc74cb999c972f2eb;5487;557;99
form;fr;;;;https://politikfinanzierung.efk.admin.ch/api/frontend/latest/fr/downloads/campaigns/558/forms/100;da78d4d10c3d834e6ad57a35336e0b3555bb392f6296a8f7640b74e58d9dc60f;9159;558;100
form;fr;;;;https://politikfinanzierung.efk.admin.ch/api/frontend/latest/fr/downloads/campaigns/558/forms/79;39ca9159edcfb4d135d20a309f1b97d126d6420a902ecce9f2ded15379a1099b;5461;558;79
form;fr;;;;https://politikfinanzierung.efk.admin.ch/api/frontend/latest/fr/downloads/campaigns/558/forms/80;031a42f58d02376fc017fd0f9f324c09e2d54c01b628a76f6aaed0340f28c59a;9049;558;80
form;fr;;;;https://politikfinanzierung.efk.admin.ch/api/frontend/latest/fr/downloads/campaigns/558/forms/99;2a2dcbe0d81e8880c3edce3231f6ca3ea96b93d94d79169599f60357c1b9874e;5469;558;99
form;fr;;;;https://politikfinanzierung.efk.admin.ch/api/frontend/latest/fr/downloads/campaigns/559/forms/83;f344462c9e430038737945b7125293b6c3b0badb42dd6e9e6922a2a7fb621497;5490;559;83
form;fr;;;;https://politikfinanzierung.efk.admin.ch/api/frontend/latest/fr/downloads/campaigns/559/forms/84;386c82facfe01edd6461dcecceb061d3cff920ffbf6c02388907333d7624b720;9089;559;84
form;fr;;;;https://politikfinanzierung.efk.admin.ch/api/frontend/latest/fr/downloads/campaigns/559/forms/97;1c51dfd2206a7580d939636a2c01bae4e19c96e5d490c7794d239393313fc0dd;5496;559;97
form;fr;;;;https://politikfinanzierung.efk.admin.ch/api/frontend/latest/fr/downloads/campaigns/559/forms/98;5cad8fe6eb67fc2b1586d0243eaec3531687c8dfdc2d19c95b0c131002e0d96f;9178;559;98
form;fr;;;;https://politikfinanzierung.efk.admin.ch/api/frontend/latest/fr/downloads/campaigns/56/forms/1;c44b051457980df7f28ed4a8a2bef6cf9e3dcf2862bb47cb461db1bedcdcfc4e;5484;56;1
form;fr;;;;https://politikfinanzierung.efk.admin.ch/api/frontend/latest/fr/downloads/campaigns/56/forms/5;4562198bcdfcb39b11be2a709139985f652cc7bbddd76cf56d0221d5bc5c6fc8;5493;56;5
form;fr;;;;https://politikfinanzierung.efk.admin.ch/api/frontend/latest/fr/downloads/campaigns/560/forms/101;59f9459199dd0fc8fc657dae201eb6965961f001b5383bab182753cf4d93c221;5527;560;101
form;fr;;;;https://politikfinanzierung.efk.admin.ch/api/frontend/latest/fr/downloads/campaigns/560/forms/81;a8a0513bc1585aba9dca3b9f23d0dfd910cc30c068bcd19506c2362fdcd86699;5514;560;81
form;fr;;;;https://politikfinanzierung.efk.admin.ch/api/frontend/latest/fr/downloads/campaigns/561/forms/100;7d361f09f7a1239df8de8649e05805eeb96c24da2b25326431cae6b5b112c380;8967;561;100
form;fr;;;;https://politikfinanzierung.efk.admin.ch/api/frontend/latest/fr/downloads/campaigns/561/forms/79;d8a6ce1791af63edb73c96f48cc1cef4a8821ba1fe18623940fee33f3c657620;5497;561;79
form;fr;;;;https://politikfinanzierung.efk.admin.ch/api/frontend/latest/fr/downloads/campaigns/561/forms/80;1e237988b303df3a3ddc164840d33e2f003ada4fcdbfb8d8a190bd1f7c76dfc8;8956;561;80
form;fr;;;;https://politikfinanzierung.efk.admin.ch/api/frontend/latest/fr/downloads/campaigns/561/forms/99;8dae349a667e9a15e8d00b70cbbf5a9f0a10e028c7994b1e34a4a1904597765e;5501;561;99
form;fr;;;;https://politikfinanzierung.efk.admin.ch/api/frontend/latest/fr/downloads/campaigns/562/forms/83;9bb2d7e57317085a3ea335d279037aef297de09d6ac9c01220b1cd519e2c1f8b;5476;562;83
form;fr;;;;https://politikfinanzierung.efk.admin.ch/api/frontend/latest/fr/downloads/campaigns/562/forms/84;137196cb55f503bb00883b08858f4addb8062de9e89552a8edb58135111a0a43;8979;562;84
form;fr;;;;https://politikfinanzierung.efk.admin.ch/api/frontend/latest/fr/downloads/campaigns/562/forms/97;776d7ae6ef238e5865f6d919d0c76504600af6c8df6b90b4f19b5915f99cfa6b;5483;562;97
form;fr;;;;https://politikfinanzierung.efk.admin.ch/api/frontend/latest/fr/downloads/campaigns/562/forms/98;eb9203dcc86ba090d835b0f33ca292baa7b6611a13e059b3e6ba84fa3e4b3882;8981;562;98
form;fr;;;;https://politikfinanzierung.efk.admin.ch/api/frontend/latest/fr/downloads/campaigns/563/forms/79;d069d8ccb6a50265aa561d4329ea685716d55b8ab1c3f16ca01b7ff5a131ba73;5473;563;79
form;fr;;;;https://politikfinanzierung.efk.admin.ch/api/frontend/latest/fr/downloads/campaigns/563/forms/99;afe7a9691eeb48b52af1c0f326f1f02ecbf543a016b06093da6d17f7870a78aa;5493;563;99
form;fr;;;;https://politikfinanzierung.efk.admin.ch/api/frontend/latest/fr/downloads/campaigns/564/forms/89;ce5fefe2d5c6816263366c4a4ca51f623391fcd9390b18d280a0b4d623dcef05;5513;564;89
form;fr;;;;https://politikfinanzierung.efk.admin.ch/api/frontend/latest/fr/downloads/campaigns/564/forms/90;4bb5ab9a24de68f41f6e06b90ee8b1fa800d03983626acc77f87c335c699e0f8;8925;564;90
form;fr;;;;https://politikfinanzierung.efk.admin.ch/api/frontend/latest/fr/downloads/campaigns/564/forms/95;c1efd2b92b9740948873a06589c83b6a2d65634d3498ea232a07a7a76ef8790a;5512;564;95
form;fr;;;;https://politikfinanzierung.efk.admin.ch/api/frontend/latest/fr/downloads/campaigns/564/forms/96;9c220e88994a135dd75bec61dee088ac0dce9084fceae8d0cb19f4bbc9379da8;8925;564;96
form;fr;;;;https://politikfinanzierung.efk.admin.ch/api/frontend/latest/fr/downloads/campaigns/565/forms/107;d948a26b0e23ba8b34c61a956e90ed234d3968e3055ef3ab615023959958f534;5496;565;107
form;fr;;;;https://politikfinanzierung.efk.admin.ch/api/frontend/latest/fr/downloads/campaigns/565/forms/91;122afb0c2f8faa2e72d2af64d3df1a1c80aaa11ac488833b5ecf7e3ce1aa06aa;5486;565;91
form;fr;;;;https://politikfinanzierung.efk.admin.ch/api/frontend/latest/fr/downloads/campaigns/566/forms/99;ad750a179046c36614d7bfb537fc4001b3217dc8ac899731e6a34c18f8f8161d;5480;566;99
form;fr;;;;https://politikfinanzierung.efk.admin.ch/api/frontend/latest/fr/downloads/campaigns/567/forms/93;33ee4ce5c02910dd921627ef2f3b1506b7251052589535970e97387398c7b245;5477;567;93
form;fr;;;;https://politikfinanzierung.efk.admin.ch/api/frontend/latest/fr/downloads/campaigns/567/forms/94;ac6fe36d2690671ebb8fa83ec9c1473a9823b09d665d0f7a33ee1796e5193d9e;9035;567;94
form;fr;;;;https://politikfinanzierung.efk.admin.ch/api/frontend/latest/fr/downloads/campaigns/568/forms/91;1d4399113e169351f73ed666d4729496baf8b45372a893a4567345fb25dec701;5462;568;91
form;fr;;;;https://politikfinanzierung.efk.admin.ch/api/frontend/latest/fr/downloads/campaigns/569/forms/107;89b18df9ead7ece84326d39c691787ff87c17dda50e99ea8f921fa20c99b2689;5492;569;107
form;fr;;;;https://politikfinanzierung.efk.admin.ch/api/frontend/latest/fr/downloads/campaigns/569/forms/108;2fba4f1943d8e3aff1b8aef22cdf5bcdbb1a084e80eef2a363c0d7c46f79c2ba;9144;569;108
form;fr;;;;https://politikfinanzierung.efk.admin.ch/api/frontend/latest/fr/downloads/campaigns/569/forms/91;0d7dc1b1fc15ba393cc9cf0fcd33a9079102c442cd0290479f58265afb1ee920;5481;569;91
form;fr;;;;https://politikfinanzierung.efk.admin.ch/api/frontend/latest/fr/downloads/campaigns/569/forms/92;5cc55bf1afbcb6c4eb968b684e679bcf0731bac725cd33eb2d61b3e87c538db4;9129;569;92
form;fr;;;;https://politikfinanzierung.efk.admin.ch/api/frontend/latest/fr/downloads/campaigns/57/forms/1;e3effd037c0d57a543f0de0e3a64cd85c0f9fa1b90529e9e89c4a5886de77840;5463;57;1
form;fr;;;;https://politikfinanzierung.efk.admin.ch/api/frontend/latest/fr/downloads/campaigns/57/forms/5;7b08575d1760d29d572dfa5c7ddfc5e64b3650cb3b54c23a10c5fa2347fe48f7;5468;57;5
form;fr;;;;https://politikfinanzierung.efk.admin.ch/api/frontend/latest/fr/downloads/campaigns/570/forms/107;104a9ab2f935592fb14740b0e415affe945919ae655484ad36eb84bb56b88d1c;5507;570;107
form;fr;;;;https://politikfinanzierung.efk.admin.ch/api/frontend/latest/fr/downloads/campaigns/570/forms/91;9fed6e9184127bf7ee8a3ae569ea41b461fa49901eca9cfc59006458ea71919c;5489;570;91
form;fr;;;;https://politikfinanzierung.efk.admin.ch/api/frontend/latest/fr/downloads/campaigns/571/forms/107;77d4d3053c6212035a7e7398dd3fa88f996da4f2c3d2f23cbbc3c3f9d3db94b5;5479;571;107
form;fr;;;;https://politikfinanzierung.efk.admin.ch/api/frontend/latest/fr/downloads/campaigns/571/forms/108;967ecbb60a830ebb75c9cafe0113907eb598426fe50c191e68a5f93dcd74b028;8920;571;108
form;fr;;;;https://politikfinanzierung.efk.admin.ch/api/frontend/latest/fr/downloads/campaigns/571/forms/91;6fcaa70a365e66333d26816d5c5bc420aa30b02204295d30f8be9b828a08f6ed;5472;571;91
form;fr;;;;https://politikfinanzierung.efk.admin.ch/api/frontend/latest/fr/downloads/campaigns/571/forms/92;abac3e9f434517fb1296a1fe23699ebdbddfbe882cf6f5db882a09b702701079;8920;571;92
form;fr;;;;https://politikfinanzierung.efk.admin.ch/api/frontend/latest/fr/downloads/campaigns/572/forms/91;67c4b5e58fa5cbe4b8972fc540a7b9c9f775cd4a96701b160d23adce103d870d;5476;572;91
form;fr;;;;https://politikfinanzierung.efk.admin.ch/api/frontend/latest/fr/downloads/campaigns/572/forms/92;0cc5d02c576909266a9c6f86577c90fe0c27abe9b092340e4147b961218d031a;8986;572;92
form;fr;;;;https://politikfinanzierung.efk.admin.ch/api/frontend/latest/fr/downloads/campaigns/573/forms/91;b0dc828d2c28d76a81a75d5281486798aae883af56409429e44ddc5b07601b07;5465;573;91
form;fr;;;;https://politikfinanzierung.efk.admin.ch/api/frontend/latest/fr/downloads/campaigns/573/forms/92;16adf8c22ae3588f2a41c8ed7c00368bbb9b08c0ba11f7bdbf7faa315c77f94f;9033;573;92
form;fr;;;;https://politikfinanzierung.efk.admin.ch/api/frontend/latest/fr/downloads/campaigns/574/forms/107;438830991207ed336a6f6d9e4e3299866ffdb918d613e87e97c326574cf464b6;5483;574;107
form;fr;;;;https://politikfinanzierung.efk.admin.ch/api/frontend/latest/fr/downloads/campaigns/574/forms/91;5b65e9074f659bb2e15970ede7a59a063be88707cc724c229fcfb521a672d235;5468;574;91
form;fr;;;;https://politikfinanzierung.efk.admin.ch/api/frontend/latest/fr/downloads/campaigns/575/forms/91;4cbe37d6fb55e47cfd2daf088efd5cbfb5ab71e2f287d2d585d60018852398a9;5471;575;91
form;fr;;;;https://politikfinanzierung.efk.admin.ch/api/frontend/latest/fr/downloads/campaigns/576/forms/91;d5f83ce79fa4147c3d424388149edb9d2fc3a350dd8f25cee6a5b7e25337299b;5476;576;91
form;fr;;;;https://politikfinanzierung.efk.admin.ch/api/frontend/latest/fr/downloads/campaigns/577/forms/91;21aa8f97d89727ad2ab03eb357d94aa637daa4a3d62b59dde0f79d90f75e3002;5472;577;91
form;fr;;;;https://politikfinanzierung.efk.admin.ch/api/frontend/latest/fr/downloads/campaigns/577/forms/92;cd9527e7da0cca3888e7feb5c3ace9038bb67ca3d6afc4095a67318d4084283f;8975;577;92
form;fr;;;;https://politikfinanzierung.efk.admin.ch/api/frontend/latest/fr/downloads/campaigns/578/forms/91;618f26e01fccb4e79a651bf92554fde5b5fccb5e8e7d101948d9b82b568f583f;5498;578;91
form;fr;;;;https://politikfinanzierung.efk.admin.ch/api/frontend/latest/fr/downloads/campaigns/578/forms/92;86d1dd063d3bc5943c2a6446b661a1828b54095187a93810a81dbe2eac28373e;9376;578;92
form;fr;;;;https://politikfinanzierung.efk.admin.ch/api/frontend/latest/fr/downloads/campaigns/579/forms/91;12ae84df16d225ab95a1b45d80514b05343e7c43c3ab51c676888b9f969f07ae;5477;579;91
form;fr;;;;https://politikfinanzierung.efk.admin.ch/api/frontend/latest/fr/downloads/campaigns/579/forms/92;964a1dae0604c87f9ae6b5a83d7fc4d9d257c75f51e58dd0bbb8d53c81ab8d20;9592;579;92
form;fr;;;;https://politikfinanzierung.efk.admin.ch/api/frontend/latest/fr/downloads/campaigns/58/forms/1;0290ad38c4f5f39bfabd4dfda29dbc9d232a5067de9d5a4515ebc9665cea7cf0;5490;58;1
form;fr;;;;https://politikfinanzierung.efk.admin.ch/api/frontend/latest/fr/downloads/campaigns/58/forms/2;3b6ac10063806b1b455f4e08c650cf9e7f5a8bcdb510d9719268a6ae2264b8fd;9157;58;2
form;fr;;;;https://politikfinanzierung.efk.admin.ch/api/frontend/latest/fr/downloads/campaigns/58/forms/5;2f7e7db5a5381f2708a2b4f0e2f65adcdb68fcf4d561a823135e7596c0ca3b06;5499;58;5
form;fr;;;;https://politikfinanzierung.efk.admin.ch/api/frontend/latest/fr/downloads/campaigns/58/forms/6;8762ae04b097ee251c93dcedb580474a6e40502efc411e212bd99e46595f882a;9098;58;6
form;fr;;;;https://politikfinanzierung.efk.admin.ch/api/frontend/latest/fr/downloads/campaigns/580/forms/91;b56b19bfc2ffd3599e3d3529ef9a4fb522bf1a662b67c998aeed1bca1bba441b;5483;580;91
form;fr;;;;https://politikfinanzierung.efk.admin.ch/api/frontend/latest/fr/downloads/campaigns/580/forms/92;9ae2eb3f77927bcdf8e9a5cc8336efff1cca54dc81851dca428fb1b29f8c705c;9170;580;92
form;fr;;;;https://politikfinanzierung.efk.admin.ch/api/frontend/latest/fr/downloads/campaigns/581/forms/93;99573de53ed86e3204eee5727377f433e96393f5827f7dd30c41d4495f902744;5491;581;93
form;fr;;;;https://politikfinanzierung.efk.admin.ch/api/frontend/latest/fr/downloads/campaigns/582/forms/91;fc9b5547c5242812d71bf6a77fccb56aebfdea19be2bc448d1b0c5af1410546f;5460;582;91
form;fr;;;;https://politikfinanzierung.efk.admin.ch/api/frontend/latest/fr/downloads/campaigns/582/forms/92;8bb5288599c2246ee98ef13de93a27118a925f38094bc461781bd948f4e1c3a2;8948;582;92
form;fr;;;;https://politikfinanzierung.efk.admin.ch/api/frontend/latest/fr/downloads/campaigns/583/forms/93;bf21a609704b6d57caa28dee8a016f56096fa4bf5a9ffb8df73a1bfb385e5eae;5493;583;93
form;fr;;;;https://politikfinanzierung.efk.admin.ch/api/frontend/latest/fr/downloads/campaigns/583/forms/94;cdb0a0967120203cb404335f072bd75e236cf3eae2529ab9d7ce1f28d152cf1e;9302;583;94
form;fr;;;;https://politikfinanzierung.efk.admin.ch/api/frontend/latest/fr/downloads/campaigns/584/forms/91;31fd7597de8ad79a896379f57bcd1dd4ccdf11a6db86a49bad29340a9b9cf8f4;5489;584;91
form;fr;;;;https://politikfinanzierung.efk.admin.ch/api/frontend/latest/fr/downloads/campaigns/585/forms/91;bda24bd6d130a567bc583c2462f2de681a8d47ae670df6dfb678848745facd15;5479;585;91
form;fr;;;;https://politikfinanzierung.efk.admin.ch/api/frontend/latest/fr/downloads/campaigns/586/forms/91;ae15bb889e45c70e55aeea44f442f3382ae7b5587b4f147dd2a9e7ad4be8a7ee;5461;586;91
form;fr;;;;https://politikfinanzierung.efk.admin.ch/api/frontend/latest/fr/downloads/campaigns/587/forms/91;c73fd93607e44f12b28fd0aec34123fdf7de8cb47f4bc3ca42663e5fc28145ca;5471;587;91
form;fr;;;;https://politikfinanzierung.efk.admin.ch/api/frontend/latest/fr/downloads/campaigns/588/forms/107;13df330f0a3dde75586d71b75ad1f271a09b81a7faf7c30802c773d2d5e00f39;5498;588;107
form;fr;;;;https://politikfinanzierung.efk.admin.ch/api/frontend/latest/fr/downloads/campaigns/588/forms/91;a4fa73d791f31ac35a399d15f1a0f41c275409bb9c77d317f478820afa95f5ed;5487;588;91
form;fr;;;;https://politikfinanzierung.efk.admin.ch/api/frontend/latest/fr/downloads/campaigns/59/forms/1;124870f4ac8e740ec31591a7bbcbb4eb530d0ff3333c7fc8365792d349f49989;5905;59;1
form;fr;;;;https://politikfinanzierung.efk.admin.ch/api/frontend/latest/fr/downloads/campaigns/59/forms/2;142883e0da505674cebe59650a5ba77d65183f6c01cf5e87819d77c7b92fc3e7;10162;59;2
form;fr;;;;https://politikfinanzierung.efk.admin.ch/api/frontend/latest/fr/downloads/campaigns/59/forms/5;bbb2e0eb577e48fd4d62adb97aaebdc9b4ed8bb6bb1ec3c07ad70af8bfbf0fbd;5906;59;5
form;fr;;;;https://politikfinanzierung.efk.admin.ch/api/frontend/latest/fr/downloads/campaigns/59/forms/6;2ead72f2d48f60158d8074cc84c894ff557601e723cbf05e378b5a37c5c8cb59;10360;59;6
form;fr;;;;https://politikfinanzierung.efk.admin.ch/api/frontend/latest/fr/downloads/campaigns/6/forms/1;9e0c963599593ac72e84e23b36688dd33bf7e488cda053381b282906e8ffd7ec;5468;6;1
form;fr;;;;https://politikfinanzierung.efk.admin.ch/api/frontend/latest/fr/downloads/campaigns/6/forms/5;97969e3660efe8c56aefdc170153576d1a195754bc7a18bca4b05aa64637bc9b;5479;6;5
form;fr;;;;https://politikfinanzierung.efk.admin.ch/api/frontend/latest/fr/downloads/campaigns/60/forms/1;0753227f5652ace68df2c41abd7a7cbd96bbd8b36e75570aed4271e6634ce731;5715;60;1
form;fr;;;;https://politikfinanzierung.efk.admin.ch/api/frontend/latest/fr/downloads/campaigns/60/forms/2;b78c79a556d5ba00dfd192fd06e0674a6ee3133cb1f9442a4675b0a7cc2fc7f9;8940;60;2
form;fr;;;;https://politikfinanzierung.efk.admin.ch/api/frontend/latest/fr/downloads/campaigns/60/forms/5;5ad51d5c0d4a44c1053d055c40dab15323c8e0a20ea2ca37f38baff3bdcae51e;5723;60;5
form;fr;;;;https://politikfinanzierung.efk.admin.ch/api/frontend/latest/fr/downloads/campaigns/60/forms/6;2b016cdab0a343628fc411dcff4e3da74585894a38dc6f986d20b54e48af43d4;8917;60;6
form;fr;;;;https://politikfinanzierung.efk.admin.ch/api/frontend/latest/fr/downloads/campaigns/600/forms/111;5b2aba68b598245568f328a4ac7bcac2fd28a7ee9731e40513791ecadf542e08;5473;600;111
form;fr;;;;https://politikfinanzierung.efk.admin.ch/api/frontend/latest/fr/downloads/campaigns/601/forms/113;39fdfee720a697d8085949023d15650640dc578934142b3f6e6c1b0ce9b581a9;5546;601;113
form;fr;;;;https://politikfinanzierung.efk.admin.ch/api/frontend/latest/fr/downloads/campaigns/601/forms/114;488db934d19d11e5a044d604c09473787c08635c4407ac5c0cb89e4836b4bcc2;8942;601;114
form;fr;;;;https://politikfinanzierung.efk.admin.ch/api/frontend/latest/fr/downloads/campaigns/61/forms/1;3e85a908f92bc65e8e60b179165f16bd7f819242e9c656daa0f5d81e3d550c35;5581;61;1
form;fr;;;;https://politikfinanzierung.efk.admin.ch/api/frontend/latest/fr/downloads/campaigns/61/forms/2;07834adb3195d85be6cb649bfd88a3eb8d6aeedcac0dfe82cb720d2d032100a2;8926;61;2
form;fr;;;;https://politikfinanzierung.efk.admin.ch/api/frontend/latest/fr/downloads/campaigns/61/forms/5;b7fef027f0456fbd7573c17a4c8c7d3c0d6b893d459441645725bc75a973f15c;5596;61;5
form;fr;;;;https://politikfinanzierung.efk.admin.ch/api/frontend/latest/fr/downloads/campaigns/61/forms/6;e4f800b8a44c0987026fb3d02527655d8941b8fa273ce0e7f2e097fc9c6084e3;8933;61;6
form;fr;;;;https://politikfinanzierung.efk.admin.ch/api/frontend/latest/fr/downloads/campaigns/63/forms/1;ab56c711af627fd04baa4cdabee29828e9c9ad92963bd58ed37e0f9a02039b6f;5646;63;1
form;fr;;;;https://politikfinanzierung.efk.admin.ch/api/frontend/latest/fr/downloads/campaigns/63/forms/2;2702f1f25d7b2c242555b6f986ac62f78e643746b768be8c8fb5da04bad3788e;9336;63;2
form;fr;;;;https://politikfinanzierung.efk.admin.ch/api/frontend/latest/fr/downloads/campaigns/63/forms/5;9a9ee43d83a3674ffa2d356bbf5c9d0b47b8cd405d078ecc9ab05cc9e994ca54;5657;63;5
form;fr;;;;https://politikfinanzierung.efk.admin.ch/api/frontend/latest/fr/downloads/campaigns/63/forms/6;e9cbd209f45c19c2a38d35902402fe510d7b0841a6a6f448cb5c445c4f968ccd;9355;63;6
form;fr;;;;https://politikfinanzierung.efk.admin.ch/api/frontend/latest/fr/downloads/campaigns/64/forms/1;cfe7a856489fdbd790204258b635f3fbd13dcb8ff5c95e65af34af699f718743;6107;64;1
form;fr;;;;https://politikfinanzierung.efk.admin.ch/api/frontend/latest/fr/downloads/campaigns/64/forms/2;4e3ba8ecd185c11c5e0e820961beda31e0468676681118b7d7717d7eae8d976d;8975;64;2
form;fr;;;;https://politikfinanzierung.efk.admin.ch/api/frontend/latest/fr/downloads/campaigns/64/forms/5;05a1536911726a78aba5fab2c7760b5e2f7420a5e02aecaf75b532c0ae0148a1;6125;64;5
form;fr;;;;https://politikfinanzierung.efk.admin.ch/api/frontend/latest/fr/downloads/campaigns/64/forms/6;1e615610bb7cbad37931a9f97279a670fdeb3ebb6fb542174b217e04c7d188d4;8994;64;6
form;fr;;;;https://politikfinanzierung.efk.admin.ch/api/frontend/latest/fr/downloads/campaigns/66/forms/1;6c1a2a8a6c6efc961bd4835ca1f830f29c50b750235a09ee22dffbb93477f981;5463;66;1
form;fr;;;;https://politikfinanzierung.efk.admin.ch/api/frontend/latest/fr/downloads/campaigns/66/forms/5;4900598fb2694264f44a0013a943c6056e0f27cd4c65ae32c1b54575f2cc4298;5472;66;5
form;fr;;;;https://politikfinanzierung.efk.admin.ch/api/frontend/latest/fr/downloads/campaigns/67/forms/1;baff3cfc16689bf2057bc8c57b7b59d0a2235d64d6fff28bfd7475c587f0ee48;5635;67;1
form;fr;;;;https://politikfinanzierung.efk.admin.ch/api/frontend/latest/fr/downloads/campaigns/67/forms/2;68facbf4da10e20980cc0c3fe940104035976da6a5f34b3b280c6509413b3b4d;8955;67;2
form;fr;;;;https://politikfinanzierung.efk.admin.ch/api/frontend/latest/fr/downloads/campaigns/67/forms/5;cb630ba28932e51038081512b1fc3c970758f0a5093b6e7014a5e3ee316d9883;5640;67;5
form;fr;;;;https://politikfinanzierung.efk.admin.ch/api/frontend/latest/fr/downloads/campaigns/67/forms/6;5743c62ee53a27366f618465f6980eb01e0588af962bc26ed29f6a37d774397e;9314;67;6
form;fr;;;;https://politikfinanzierung.efk.admin.ch/api/frontend/latest/fr/downloads/campaigns/68/forms/1;7ac22114c7f1c89f940b06b1941b35646b22aa12d9a6c38da75bbdc5b11234a1;5444;68;1
form;fr;;;;https://politikfinanzierung.efk.admin.ch/api/frontend/latest/fr/downloads/campaigns/68/forms/5;671916939b53fc69dd05b2701e2f37b28dab8f9e72121237ea19991aecda2607;5461;68;5
form;fr;;;;https://politikfinanzierung.efk.admin.ch/api/frontend/latest/fr/downloads/campaigns/7/forms/1;aac57a1cf6f9e26d620dbcafc3b75a4677832b0db4c555aaa987691fa3af8423;5532;7;1
form;fr;;;;https://politikfinanzierung.efk.admin.ch/api/frontend/latest/fr/downloads/campaigns/7/forms/5;776fbe0ec790ebd9677816b5bd92d95f88ea1e0b4383cb1fdecda0616d230ac4;5553;7;5
form;fr;;;;https://politikfinanzierung.efk.admin.ch/api/frontend/latest/fr/downloads/campaigns/70/forms/1;05df92956037be5df33ecaa4b3e2ff703029c8a1cee65c1a589dfef4146cc7e0;5469;70;1
form;fr;;;;https://politikfinanzierung.efk.admin.ch/api/frontend/latest/fr/downloads/campaigns/70/forms/5;eb7e605f7805071de48a8ae590036771f923fdbcfdb24f6d68a065e4edd251d7;5486;70;5
form;fr;;;;https://politikfinanzierung.efk.admin.ch/api/frontend/latest/fr/downloads/campaigns/71/forms/1;63703189e967c3498737ed8ee1cf26b5dbf872b0e784481d5ab4ecffce5926a5;7609;71;1
form;fr;;;;https://politikfinanzierung.efk.admin.ch/api/frontend/latest/fr/downloads/campaigns/71/forms/5;867e8b4db083a6d7891c480b7d7216467125b1a787690222287e1e9212405095;7620;71;5
form;fr;;;;https://politikfinanzierung.efk.admin.ch/api/frontend/latest/fr/downloads/campaigns/72/forms/5;3382c2b234044bc50c7fd51c03d17d8211f442b926cf267d029c26a9396e6cb2;5480;72;5
form;fr;;;;https://politikfinanzierung.efk.admin.ch/api/frontend/latest/fr/downloads/campaigns/73/forms/1;9f60ac6b3fe84d1bf645962151a7a238c8541d056611e856925ba76694697374;5461;73;1
form;fr;;;;https://politikfinanzierung.efk.admin.ch/api/frontend/latest/fr/downloads/campaigns/73/forms/5;9e9b715db1f3eb3e23168b707a1c0cb5291386434b49a8c6ce3be5d7c2d01085;5481;73;5
form;fr;;;;https://politikfinanzierung.efk.admin.ch/api/frontend/latest/fr/downloads/campaigns/75/forms/1;9f896668962e3b9a0dc9ee9c86cb548ee454e5c6441b015e8db7afc86d7a73bf;6005;75;1
form;fr;;;;https://politikfinanzierung.efk.admin.ch/api/frontend/latest/fr/downloads/campaigns/75/forms/2;3bddd584f4177950dc036d7c6b198132066a194b6baa37639f21404de1f309e5;9136;75;2
form;fr;;;;https://politikfinanzierung.efk.admin.ch/api/frontend/latest/fr/downloads/campaigns/75/forms/5;7b72de86d87cf1b1fef72eaf6e89a718941df4519c3683d1f367ef902943a18a;6018;75;5
form;fr;;;;https://politikfinanzierung.efk.admin.ch/api/frontend/latest/fr/downloads/campaigns/75/forms/6;ac556df0ce08d958131930f8554948d04b5d6e4b32eacfa9dc912165d8e2dffa;9079;75;6
form;fr;;;;https://politikfinanzierung.efk.admin.ch/api/frontend/latest/fr/downloads/campaigns/76/forms/1;3209dc8878ee3de8d083040e9623fe71bf9466f0e379ed12c0d232dd17078253;5552;76;1
form;fr;;;;https://politikfinanzierung.efk.admin.ch/api/frontend/latest/fr/downloads/campaigns/76/forms/2;846686b6f6825f914f662bfaf29623054a8670121426f631583a22b6f36485c0;9282;76;2
form;fr;;;;https://politikfinanzierung.efk.admin.ch/api/frontend/latest/fr/downloads/campaigns/76/forms/5;2fd3d179b51ae32b209d811e869919302b02158e9ccf070840205de9a9fde9ed;5561;76;5
form;fr;;;;https://politikfinanzierung.efk.admin.ch/api/frontend/latest/fr/downloads/campaigns/76/forms/6;ca547d783b94e5847611acb6413fa673fe3b961d9dabdf9beb58532d8627c4a5;9295;76;6
form;fr;;;;https://politikfinanzierung.efk.admin.ch/api/frontend/latest/fr/downloads/campaigns/77/forms/1;9eba313c5786b61fc9e7e70ee1cbe2a4277fbd3001d9b6fb846b319e78d45b26;5449;77;1
form;fr;;;;https://politikfinanzierung.efk.admin.ch/api/frontend/latest/fr/downloads/campaigns/77/forms/5;29ad370b760503e78cfaadd37990b877f1f4171c58de3a251845b29c9632b839;5464;77;5
form;fr;;;;https://politikfinanzierung.efk.admin.ch/api/frontend/latest/fr/downloads/campaigns/78/forms/1;7ff41b16444a3d87410886200c8e7dcda494469f4257969f5a9026bcdc4bf5f3;5456;78;1
form;fr;;;;https://politikfinanzierung.efk.admin.ch/api/frontend/latest/fr/downloads/campaigns/78/forms/5;0328a6d714a8794fe10d40871e44b470f911b4843cffcb4b47750dacb2e4e178;5474;78;5
form;fr;;;;https://politikfinanzierung.efk.admin.ch/api/frontend/latest/fr/downloads/campaigns/79/forms/1;94dbc6f2a5d26cb76b94f5b4a41467f2f06a0f1abf3438f625f33e6c14563f03;5469;79;1
form;fr;;;;https://politikfinanzierung.efk.admin.ch/api/frontend/latest/fr/downloads/campaigns/79/forms/5;8a0991d4b2b51a72e007863c62afb79484d30ddbbfeb2a5f054a001cfbd8ca8d;5479;79;5
form;fr;;;;https://politikfinanzierung.efk.admin.ch/api/frontend/latest/fr/downloads/campaigns/80/forms/1;e60fff927571fe44f0f5aa2195f52494638c357895d0ba11ee9eb57675338f83;5693;80;1
form;fr;;;;https://politikfinanzierung.efk.admin.ch/api/frontend/latest/fr/downloads/campaigns/80/forms/2;bffbe6a0c2bcae9d7b3ecd59bd9af47924ea3128e03df9fa6fccbfe6bd679772;9362;80;2
form;fr;;;;https://politikfinanzierung.efk.admin.ch/api/frontend/latest/fr/downloads/campaigns/80/forms/5;3280fb42390c208d971e64b481d080f495578c595757848dd1df4c9fd328518c;5709;80;5
form;fr;;;;https://politikfinanzierung.efk.admin.ch/api/frontend/latest/fr/downloads/campaigns/80/forms/6;ad1d9f9f5c881f49236fcb3c0effe48753b13dbae6a94e1c65b3268f29528f8f;9378;80;6
form;fr;;;;https://politikfinanzierung.efk.admin.ch/api/frontend/latest/fr/downloads/campaigns/81/forms/1;84d909a57336667627aeff77ff8634b504054b8e6468754534c26266c9375295;5442;81;1
form;fr;;;;https://politikfinanzierung.efk.admin.ch/api/frontend/latest/fr/downloads/campaigns/82/forms/1;4440402c7c3d94e6bb9f6b18ae5b204d2370a0e487f3ee1beb393007eeddde40;5456;82;1
form;fr;;;;https://politikfinanzierung.efk.admin.ch/api/frontend/latest/fr/downloads/campaigns/82/forms/2;e2706ce6c78050a1fd01076a3f66097d1e8a72eab2cc945b88b5e8812ca7a556;8983;82;2
form;fr;;;;https://politikfinanzierung.efk.admin.ch/api/frontend/latest/fr/downloads/campaigns/82/forms/5;93ec0316555b56b8911b8704910005530aff1f39364dbb5802d39dac877960c1;5470;82;5
form;fr;;;;https://politikfinanzierung.efk.admin.ch/api/frontend/latest/fr/downloads/campaigns/82/forms/6;efe9561aa51b65a6072e3d663da388c14579b82be2eec3a7cb6e47259efcc213;8993;82;6
form;fr;;;;https://politikfinanzierung.efk.admin.ch/api/frontend/latest/fr/downloads/campaigns/83/forms/1;1492c305d2f59c1bedf877dbcc22344f7f49771840217a17998b738701ac00e1;5569;83;1
form;fr;;;;https://politikfinanzierung.efk.admin.ch/api/frontend/latest/fr/downloads/campaigns/83/forms/2;9d3589f845fb46326398b26db72df35834de59e6fb7b1ab3adb1c04cf59c7364;9076;83;2
form;fr;;;;https://politikfinanzierung.efk.admin.ch/api/frontend/latest/fr/downloads/campaigns/83/forms/5;ce85ecf433cebb9237dc629630dd3fce53f53b2b3350819220ef7ab73daa7243;5586;83;5
form;fr;;;;https://politikfinanzierung.efk.admin.ch/api/frontend/latest/fr/downloads/campaigns/83/forms/6;78d86579e9462ef9048fccf31ecbc380e5e128cb2a626f70c22664c42906a299;9076;83;6
form;fr;;;;https://politikfinanzierung.efk.admin.ch/api/frontend/latest/fr/downloads/campaigns/84/forms/1;ff787cd615afb6472ee60c9074dcc20426724b8b986b479105b5a4034b441d6b;5506;84;1
form;fr;;;;https://politikfinanzierung.efk.admin.ch/api/frontend/latest/fr/downloads/campaigns/84/forms/2;21b5e24d5826646db7c699a60c95ea2db6061b1e77e89117ceda3c86ee65d3a7;8924;84;2
form;fr;;;;https://politikfinanzierung.efk.admin.ch/api/frontend/latest/fr/downloads/campaigns/84/forms/5;4ff153a36da10c180b5cba91d20d61a20152afc120aa8572c2e7b2ffe36e640a;5503;84;5
form;fr;;;;https://politikfinanzierung.efk.admin.ch/api/frontend/latest/fr/downloads/campaigns/84/forms/6;8685de417e8ead5c692ceca8869f82beac5b2d7494a9a019fb18bd9ab1641163;8923;84;6
form;fr;;;;https://politikfinanzierung.efk.admin.ch/api/frontend/latest/fr/downloads/campaigns/85/forms/1;a2a0a04d50e3cd901f20e021127a178c2d056a06699fe0316f3eb1b12cd96190;5489;85;1
form;fr;;;;https://politikfinanzierung.efk.admin.ch/api/frontend/latest/fr/downloads/campaigns/85/forms/2;d3e207bb7d02cbe77efb9544a6020042612a685f4f1370a6befb18c824ae2e5b;8929;85;2
form;fr;;;;https://politikfinanzierung.efk.admin.ch/api/frontend/latest/fr/downloads/campaigns/85/forms/5;7bc2e8eb19fc2e3e9f0c74f8b4c3052dfb2ffd6d8b1beee79a7e7eaa53937d94;5505;85;5
form;fr;;;;https://politikfinanzierung.efk.admin.ch/api/frontend/latest/fr/downloads/campaigns/85/forms/6;d3e207bb7d02cbe77efb9544a6020042612a685f4f1370a6befb18c824ae2e5b;8929;85;6
form;fr;;;;https://politikfinanzierung.efk.admin.ch/api/frontend/latest/fr/downloads/campaigns/86/forms/1;72df6209a3fe57093ec980ab09551fef16dd984d750115141180ea0f14d156ac;5470;86;1
form;fr;;;;https://politikfinanzierung.efk.admin.ch/api/frontend/latest/fr/downloads/campaigns/86/forms/2;727ff3cd99346b97ff258fd4ba3f983a5a637d46a7036372421edb0396d45f6b;8919;86;2
form;fr;;;;https://politikfinanzierung.efk.admin.ch/api/frontend/latest/fr/downloads/campaigns/86/forms/5;839224425d6ea8ea61ef112aa0078f3b0a758404ee2a8ae45ce835e63d262a0a;5489;86;5
form;fr;;;;https://politikfinanzierung.efk.admin.ch/api/frontend/latest/fr/downloads/campaigns/86/forms/6;727ff3cd99346b97ff258fd4ba3f983a5a637d46a7036372421edb0396d45f6b;8919;86;6
form;fr;;;;https://politikfinanzierung.efk.admin.ch/api/frontend/latest/fr/downloads/campaigns/87/forms/1;45c3468e0315dd37c5d4ff11caafbebb857775e30f730ebced58f891d980535a;5458;87;1
form;fr;;;;https://politikfinanzierung.efk.admin.ch/api/frontend/latest/fr/downloads/campaigns/87/forms/2;363281dc08f27a8b875e3cb2461bb77afbac6f05ea02109067afe6d7faa6a21b;9119;87;2
form;fr;;;;https://politikfinanzierung.efk.admin.ch/api/frontend/latest/fr/downloads/campaigns/87/forms/5;45e807f1c6e5a8a343a261067bc08eb3fae0deba7e06fec57675f55e23a04681;5472;87;5
form;fr;;;;https://politikfinanzierung.efk.admin.ch/api/frontend/latest/fr/downloads/campaigns/88/forms/1;b31c946dec65834dcc34ab68b0169c5dab957739a661f1aaf9dbd0b3975c9905;5493;88;1
form;fr;;;;https://politikfinanzierung.efk.admin.ch/api/frontend/latest/fr/downloads/campaigns/88/forms/2;e7f7eab4d431778ab5645e3e29f10d74e335ca860b11ba915f07e8d1b204056c;10205;88;2
form;fr;;;;https://politikfinanzierung.efk.admin.ch/api/frontend/latest/fr/downloads/campaigns/88/forms/5;2abe6d501920ffdf90369e7c52c7231e17b59f9ca7e811fed81286fe11100b59;5517;88;5
form;fr;;;;https://politikfinanzierung.efk.admin.ch/api/frontend/latest/fr/downloads/campaigns/88/forms/6;2ba3ba3d5a5b36f9857d2544f3076164b3933fdea62ebc4c9b027976bbc3ae27;10331;88;6
form;fr;;;;https://politikfinanzierung.efk.admin.ch/api/frontend/latest/fr/downloads/campaigns/89/forms/1;54d06c16bf6f61ecdf83943a2cd18a036325510e529b168f70bd338ec0b60938;5462;89;1
form;fr;;;;https://politikfinanzierung.efk.admin.ch/api/frontend/latest/fr/downloads/campaigns/89/forms/5;63784f960fda30086e13af57659f9a9d73b7d9b54832e1886990eef049a7f55d;5473;89;5
form;fr;;;;https://politikfinanzierung.efk.admin.ch/api/frontend/latest/fr/downloads/campaigns/90/forms/1;16b7fd06320bf16d2edc1a36d794afaa6625ee8a4e84a63a452653591029c73b;5464;90;1
form;fr;;;;https://politikfinanzierung.efk.admin.ch/api/frontend/latest/fr/downloads/campaigns/90/forms/5;2e6a0ddf0001a2acb5c3bcddbdf4c0edec2e29d155a482ba1ae66b4e9c79071d;5476;90;5
form;fr;;;;https://politikfinanzierung.efk.admin.ch/api/frontend/latest/fr/downloads/campaigns/91/forms/1;81808eed4b229f3c092fd3a15891fc38ef2da6fbc54fad01f9dc6ff84475e0a0;5878;91;1
form;fr;;;;https://politikfinanzierung.efk.admin.ch/api/frontend/latest/fr/downloads/campaigns/91/forms/2;aaf0ca4e9aca808b0a6bfe30bd75a073f06cc5312dde11292fcf7f72b24e5c7d;9897;91;2
form;fr;;;;https://politikfinanzierung.efk.admin.ch/api/frontend/latest/fr/downloads/campaigns/91/forms/5;6958923f0e6c1dc166080eb3184cb0a43742dc958acdb2dc015482847a8f2a34;5894;91;5
form;fr;;;;https://politikfinanzierung.efk.admin.ch/api/frontend/latest/fr/downloads/campaigns/91/forms/6;704ae869cfeb162ddd36a59532813747ce6393d736487f1ce2164a12535063cf;10006;91;6
form;fr;;;;https://politikfinanzierung.efk.admin.ch/api/frontend/latest/fr/downloads/campaigns/92/forms/1;04d210beed844b763ba91839e29ccfca1e2834dc0e2f436a21c1f30789913cba;5537;92;1
form;fr;;;;https://politikfinanzierung.efk.admin.ch/api/frontend/latest/fr/downloads/campaigns/92/forms/5;03f30b47780731e7c2dd6f3c7a535d85793a5cdbc1820543ed5789ff94767b09;5557;92;5
form;fr;;;;https://politikfinanzierung.efk.admin.ch/api/frontend/latest/fr/downloads/campaigns/92/forms/6;476c04585a2bdb9b3264b0b8facdbe0803d89b5304f556607671cfbd0f3a89ea;8926;92;6
form;fr;;;;https://politikfinanzierung.efk.admin.ch/api/frontend/latest/fr/downloads/campaigns/93/forms/1;8b5deaf5787ce6712f6c8f3454bcb0c415c799a7304326ad9eea8f6bd09847e5;5563;93;1
form;fr;;;;https://politikfinanzierung.efk.admin.ch/api/frontend/latest/fr/downloads/campaigns/93/forms/5;ca4154adf0dc7d3651442eacc3df4b89194ef7b2c11da59d864aa081d08e20b9;5591;93;5
form;fr;;;;https://politikfinanzierung.efk.admin.ch/api/frontend/latest/fr/downloads/campaigns/94/forms/1;cb5b7f09b31b366ab9dc177e43d647195d9b0570dbef63a371a16512743f852f;5580;94;1
form;fr;;;;https://politikfinanzierung.efk.admin.ch/api/frontend/latest/fr/downloads/campaigns/94/forms/5;fda2a67f5bcb9345645184d2177b88201a6d65fb3df52c3e0d96e71512c44115;5591;94;5
form;fr;;;;https://politikfinanzierung.efk.admin.ch/api/frontend/latest/fr/downloads/campaigns/96/forms/1;c05645921faaab8f4a0d5bd25cb1798682c1061f3e6400730e7609f35e1b418a;5461;96;1
form;fr;;;;https://politikfinanzierung.efk.admin.ch/api/frontend/latest/fr/downloads/campaigns/96/forms/2;5fae067b63b2c3997f39db6a2aace5ee51d05b7c0da38b7e4cf468a2796d8465;9176;96;2
form;fr;;;;https://politikfinanzierung.efk.admin.ch/api/frontend/latest/fr/downloads/campaigns/96/forms/5;ff431a66e1f8632efc8f750388f7350f98a60720a6ffeb18edc34d1e7c58e1c0;5470;96;5
form;fr;;;;https://politikfinanzierung.efk.admin.ch/api/frontend/latest/fr/downloads/campaigns/96/forms/6;dbaf6daa8de7e0e5e569e7e4b62aee9d91b95b95f01c958daef0a301b0640344;9180;96;6
form;fr;;;;https://politikfinanzierung.efk.admin.ch/api/frontend/latest/fr/downloads/campaigns/97/forms/1;3444a92d459209200184fefa103b68a65e5bb282a3159dec5e6423ce33acbe77;5494;97;1
form;fr;;;;https://politikfinanzierung.efk.admin.ch/api/frontend/latest/fr/downloads/campaigns/97/forms/2;36c2f6084d0cb5721256b97dadeb08c44e731947c80e0b2d93ea95a1e51e6b1f;8953;97;2
form;fr;;;;https://politikfinanzierung.efk.admin.ch/api/frontend/latest/fr/downloads/campaigns/97/forms/5;b446beb477cb07a2cab83c7a9e5353591dd9110b6ed59bd9b8a5ac85adeed913;5506;97;5
form;fr;;;;https://politikfinanzierung.efk.admin.ch/api/frontend/latest/fr/downloads/campaigns/98/forms/1;af7d5868f2046dbd57154572a457575e8a3ffbc72f4ee14e53e839bc751e7e1e;5481;98;1
form;fr;;;;https://politikfinanzierung.efk.admin.ch/api/frontend/latest/fr/downloads/campaigns/98/forms/2;f93b6079f60922286a629e94a032992f2745642edae6ad07216edc09a4e5d0f8;8934;98;2
form;fr;;;;https://politikfinanzierung.efk.admin.ch/api/frontend/latest/fr/downloads/campaigns/98/forms/5;fab377dac844bdd7be388e65822fee3a8f53121af4d45a55d15a18ceac1561d2;5486;98;5
form;fr;;;;https://politikfinanzierung.efk.admin.ch/api/frontend/latest/fr/downloads/campaigns/98/forms/6;f93b6079f60922286a629e94a032992f2745642edae6ad07216edc09a4e5d0f8;8934;98;6
form;fr;;;;https://politikfinanzierung.efk.admin.ch/api/frontend/latest/fr/downloads/campaigns/99/forms/1;cd6681c01a2476b8f70badcb373a85e502129ab9c4e40b43c0a6cf6733ba32cb;5464;99;1
form;fr;;;;https://politikfinanzierung.efk.admin.ch/api/frontend/latest/fr/downloads/campaigns/99/forms/5;62dea752958cbb941a8fd87871624b8c770aa04b4945adac33b7c8407715121d;5483;99;5
