language;campaign_id;form_id;theme;group_by;financing_id;financing_label;financing_year;financing_type;actor_category;actor_id;actor_label;campaign_tree_id;campaign_label;form_label;download_path;budget_or_final;campaign_for;canton;party;financing_category
de;1;1;campaign_financings;all;1;22.10.2023 Nationalratswahlen 2023;2023;campaign_financing;Juristische Personen oder Personengesellschaften;46;Die Mitte Kanton Zug, Rotkreuz;1;Unterstützte Kandidierende: 13 (namentliche Auflistung in untenstehender Meldung der Einnahmen vorhanden);Offenlegung der budgetierten Einnahmen;/api/frontend/latest/de/downloads/campaigns/1/forms/1;Budgetzahlen;Gruppe von Kandidierenden (namentliche Auflistung in untenstehender Meldung der Einnahmen vorhanden);Zug;Die Mitte;Kampagnenfinanzierung
de;1;2;campaign_financings;all;1;22.10.2023 Nationalratswahlen 2023;2023;campaign_financing;Juristische Personen oder Personengesellschaften;46;Die Mitte Kanton Zug, Rotkreuz;1;Unterstützte Kandidierende: 13 (namentliche Auflistung in untenstehender Meldung der Einnahmen vorhanden);Offenlegung von Zuwendungen über 15 000 Franken;/api/frontend/latest/de/downloads/campaigns/1/forms/2;Budgetzahlen;Gruppe von Kandidierenden (namentliche Auflistung in untenstehender Meldung der Einnahmen vorhanden);Zug;Die Mitte;Kampagnenfinanzierung
de;1;5;campaign_financings;all;1;22.10.2023 Nationalratswahlen 2023;2023;campaign_financing;Juristische Personen oder Personengesellschaften;46;Die Mitte Kanton Zug, Rotkreuz;1;Unterstützte Kandidierende: 13 (namentliche Auflistung in untenstehender Meldung der Einnahmen vorhanden);Offenlegung der Schlussrechnung über die Einnahmen;/api/frontend/latest/de/downloads/campaigns/1/forms/5;Definitive Zahlen;Gruppe von Kandidierenden (namentliche Auflistung in untenstehender Meldung der Einnahmen vorhanden);Zug;Die Mitte;Kampagnenfinanzierung
de;1;6;campaign_financings;all;1;22.10.2023 Nationalratswahlen 2023;2023;campaign_financing;Juristische Personen oder Personengesellschaften;46;Die Mitte Kanton Zug, Rotkreuz;1;Unterstützte Kandidierende: 13 (namentliche Auflistung in untenstehender Meldung der Einnahmen vorhanden);Offenlegung von Zuwendungen über 15 000 Franken (Schlussrechnung);/api/frontend/latest/de/downloads/campaigns/1/forms/6;Definitive Zahlen;Gruppe von Kandidierenden (namentliche Auflistung in untenstehender Meldung der Einnahmen vorhanden);Zug;Die Mitte;Kampagnenfinanzierung
de;10;1;campaign_financings;all;1;22.10.2023 Nationalratswahlen 2023;2023;campaign_financing;Juristische Personen oder Personengesellschaften;16;Schweizerische Volkspartei von Appenzell Ausserrhoden, Schönengrund;10;Zuberbühler David (Appenzell Ausserrhoden, Schweizerische Volkspartei);Offenlegung der budgetierten Einnahmen;/api/frontend/latest/de/downloads/campaigns/10/forms/1;Budgetzahlen;Einzelperson;Appenzell Ausserrhoden;Schweizerische Volkspartei;Kampagnenfinanzierung
de;10;2;campaign_financings;all;1;22.10.2023 Nationalratswahlen 2023;2023;campaign_financing;Juristische Personen oder Personengesellschaften;16;Schweizerische Volkspartei von Appenzell Ausserrhoden, Schönengrund;10;Zuberbühler David (Appenzell Ausserrhoden, Schweizerische Volkspartei);Offenlegung von Zuwendungen über 15 000 Franken;/api/frontend/latest/de/downloads/campaigns/10/forms/2;Budgetzahlen;Einzelperson;Appenzell Ausserrhoden;Schweizerische Volkspartei;Kampagnenfinanzierung
de;10;5;campaign_financings;all;1;22.10.2023 Nationalratswahlen 2023;2023;campaign_financing;Juristische Personen oder Personengesellschaften;16;Schweizerische Volkspartei von Appenzell Ausserrhoden, Schönengrund;10;Zuberbühler David (Appenzell Ausserrhoden, Schweizerische Volkspartei);Offenlegung der Schlussrechnung über die Einnahmen;/api/frontend/latest/de/downloads/campaigns/10/forms/5;Definitive Zahlen;Einzelperson;Appenzell Ausserrhoden;Schweizerische Volkspartei;Kampagnenfinanzierung
de;10;6;campaign_financings;all;1;22.10.2023 Nationalratswahlen 2023;2023;campaign_financing;Juristische Personen oder Personengesellschaften;16;Schweizerische Volkspartei von Appenzell Ausserrhoden, Schönengrund;10;Zuberbühler David (Appenzell Ausserrhoden, Schweizerische Volkspartei);Offenlegung von Zuwendungen über 15 000 Franken (Schlussrechnung);/api/frontend/latest/de/downloads/campaigns/10/forms/6;Definitive Zahlen;Einzelperson;Appenzell Ausserrhoden;Schweizerische Volkspartei;Kampagnenfinanzierung
de;100;1;campaign_financings;all;1;22.10.2023 Nationalratswahlen 2023;2023;campaign_financing;Juristische Personen oder Personengesellschaften;173;Schweizerische Volkspartei Baselland, Liestal;100;Unterstützte Kandidierende: 7 (namentliche Auflistung in untenstehender Meldung der Einnahmen vorhanden);Offenlegung der budgetierten Einnahmen;/api/frontend/latest/de/downloads/campaigns/100/forms/1;Budgetzahlen;Gruppe von Kandidierenden (namentliche Auflistung in untenstehender Meldung der Einnahmen vorhanden);Basel-Landschaft;Schweizerische Volkspartei;Kampagnenfinanzierung
de;100;5;campaign_financings;all;1;22.10.2023 Nationalratswahlen 2023;2023;campaign_financing;Juristische Personen oder Personengesellschaften;173;Schweizerische Volkspartei Baselland, Liestal;100;Unterstützte Kandidierende: 7 (namentliche Auflistung in untenstehender Meldung der Einnahmen vorhanden);Offenlegung der Schlussrechnung über die Einnahmen;/api/frontend/latest/de/downloads/campaigns/100/forms/5;Definitive Zahlen;Gruppe von Kandidierenden (namentliche Auflistung in untenstehender Meldung der Einnahmen vorhanden);Basel-Landschaft;Schweizerische Volkspartei;Kampagnenfinanzierung
de;101;1;campaign_financings;all;1;22.10.2023 Nationalratswahlen 2023;2023;campaign_financing;Natürliche Personen;180;Schneeberger Daniela, Thürnen;101;Schneeberger Daniela (Basel-Landschaft, FDP.Die Liberalen);Offenlegung der budgetierten Einnahmen;/api/frontend/latest/de/downloads/campaigns/101/forms/1;Budgetzahlen;Einzelperson;Basel-Landschaft;FDP.Die Liberalen;Kampagnenfinanzierung
de;101;2;campaign_financings;all;1;22.10.2023 Nationalratswahlen 2023;2023;campaign_financing;Natürliche Personen;180;Schneeberger Daniela, Thürnen;101;Schneeberger Daniela (Basel-Landschaft, FDP.Die Liberalen);Offenlegung von Zuwendungen über 15 000 Franken;/api/frontend/latest/de/downloads/campaigns/101/forms/2;Budgetzahlen;Einzelperson;Basel-Landschaft;FDP.Die Liberalen;Kampagnenfinanzierung
de;101;5;campaign_financings;all;1;22.10.2023 Nationalratswahlen 2023;2023;campaign_financing;Natürliche Personen;180;Schneeberger Daniela, Thürnen;101;Schneeberger Daniela (Basel-Landschaft, FDP.Die Liberalen);Offenlegung der Schlussrechnung über die Einnahmen;/api/frontend/latest/de/downloads/campaigns/101/forms/5;Definitive Zahlen;Einzelperson;Basel-Landschaft;FDP.Die Liberalen;Kampagnenfinanzierung
de;101;6;campaign_financings;all;1;22.10.2023 Nationalratswahlen 2023;2023;campaign_financing;Natürliche Personen;180;Schneeberger Daniela, Thürnen;101;Schneeberger Daniela (Basel-Landschaft, FDP.Die Liberalen);Offenlegung von Zuwendungen über 15 000 Franken (Schlussrechnung);/api/frontend/latest/de/downloads/campaigns/101/forms/6;Definitive Zahlen;Einzelperson;Basel-Landschaft;FDP.Die Liberalen;Kampagnenfinanzierung
de;102;1;campaign_financings;all;1;22.10.2023 Nationalratswahlen 2023;2023;campaign_financing;Juristische Personen oder Personengesellschaften;77;Parti libéral-radical neuchâtelois, Neuchâtel;102;Unterstützte Kandidierende: 10 (namentliche Auflistung in untenstehender Meldung der Einnahmen vorhanden);Offenlegung der budgetierten Einnahmen;/api/frontend/latest/de/downloads/campaigns/102/forms/1;Budgetzahlen;Gruppe von Kandidierenden (namentliche Auflistung in untenstehender Meldung der Einnahmen vorhanden);Neuenburg;FDP.Die Liberalen;Kampagnenfinanzierung
de;102;2;campaign_financings;all;1;22.10.2023 Nationalratswahlen 2023;2023;campaign_financing;Juristische Personen oder Personengesellschaften;77;Parti libéral-radical neuchâtelois, Neuchâtel;102;Unterstützte Kandidierende: 10 (namentliche Auflistung in untenstehender Meldung der Einnahmen vorhanden);Offenlegung von Zuwendungen über 15 000 Franken;/api/frontend/latest/de/downloads/campaigns/102/forms/2;Budgetzahlen;Gruppe von Kandidierenden (namentliche Auflistung in untenstehender Meldung der Einnahmen vorhanden);Neuenburg;FDP.Die Liberalen;Kampagnenfinanzierung
de;102;5;campaign_financings;all;1;22.10.2023 Nationalratswahlen 2023;2023;campaign_financing;Juristische Personen oder Personengesellschaften;77;Parti libéral-radical neuchâtelois, Neuchâtel;102;Unterstützte Kandidierende: 10 (namentliche Auflistung in untenstehender Meldung der Einnahmen vorhanden);Offenlegung der Schlussrechnung über die Einnahmen;/api/frontend/latest/de/downloads/campaigns/102/forms/5;Definitive Zahlen;Gruppe von Kandidierenden (namentliche Auflistung in untenstehender Meldung der Einnahmen vorhanden);Neuenburg;FDP.Die Liberalen;Kampagnenfinanzierung
de;102;6;campaign_financings;all;1;22.10.2023 Nationalratswahlen 2023;2023;campaign_financing;Juristische Personen oder Personengesellschaften;77;Parti libéral-radical neuchâtelois, Neuchâtel;102;Unterstützte Kandidierende: 10 (namentliche Auflistung in untenstehender Meldung der Einnahmen vorhanden);Offenlegung von Zuwendungen über 15 000 Franken (Schlussrechnung);/api/frontend/latest/de/downloads/campaigns/102/forms/6;Definitive Zahlen;Gruppe von Kandidierenden (namentliche Auflistung in untenstehender Meldung der Einnahmen vorhanden);Neuenburg;FDP.Die Liberalen;Kampagnenfinanzierung
de;103;1;campaign_financings;all;1;22.10.2023 Nationalratswahlen 2023;2023;campaign_financing;Juristische Personen oder Personengesellschaften;187;Association libérale-radicale des districts de Monthey et de St-Maurice, Vouvry;103;Nantermod Philippe (Wallis, FDP.Die Liberalen);Offenlegung der budgetierten Einnahmen;/api/frontend/latest/de/downloads/campaigns/103/forms/1;Budgetzahlen;Einzelperson;Wallis;FDP.Die Liberalen;Kampagnenfinanzierung
de;103;5;campaign_financings;all;1;22.10.2023 Nationalratswahlen 2023;2023;campaign_financing;Juristische Personen oder Personengesellschaften;187;Association libérale-radicale des districts de Monthey et de St-Maurice, Vouvry;103;Nantermod Philippe (Wallis, FDP.Die Liberalen);Offenlegung der Schlussrechnung über die Einnahmen;/api/frontend/latest/de/downloads/campaigns/103/forms/5;Definitive Zahlen;Einzelperson;Wallis;FDP.Die Liberalen;Kampagnenfinanzierung
de;103;6;campaign_financings;all;1;22.10.2023 Nationalratswahlen 2023;2023;campaign_financing;Juristische Personen oder Personengesellschaften;187;Association libérale-radicale des districts de Monthey et de St-Maurice, Vouvry;103;Nantermod Philippe (Wallis, FDP.Die Liberalen);Offenlegung von Zuwendungen über 15 000 Franken (Schlussrechnung);/api/frontend/latest/de/downloads/campaigns/103/forms/6;Definitive Zahlen;Einzelperson;Wallis;FDP.Die Liberalen;Kampagnenfinanzierung
de;104;1;campaign_financings;all;1;22.10.2023 Nationalratswahlen 2023;2023;campaign_financing;Natürliche Personen;125;Brunner Hansjörg, Wallenwil;104;Brunner Hansjörg (Thurgau, FDP.Die Liberalen);Offenlegung der budgetierten Einnahmen;/api/frontend/latest/de/downloads/campaigns/104/forms/1;Budgetzahlen;Einzelperson;Thurgau;FDP.Die Liberalen;Kampagnenfinanzierung
de;104;2;campaign_financings;all;1;22.10.2023 Nationalratswahlen 2023;2023;campaign_financing;Natürliche Personen;125;Brunner Hansjörg, Wallenwil;104;Brunner Hansjörg (Thurgau, FDP.Die Liberalen);Offenlegung von Zuwendungen über 15 000 Franken;/api/frontend/latest/de/downloads/campaigns/104/forms/2;Budgetzahlen;Einzelperson;Thurgau;FDP.Die Liberalen;Kampagnenfinanzierung
de;104;5;campaign_financings;all;1;22.10.2023 Nationalratswahlen 2023;2023;campaign_financing;Natürliche Personen;125;Brunner Hansjörg, Wallenwil;104;Brunner Hansjörg (Thurgau, FDP.Die Liberalen);Offenlegung der Schlussrechnung über die Einnahmen;/api/frontend/latest/de/downloads/campaigns/104/forms/5;Definitive Zahlen;Einzelperson;Thurgau;FDP.Die Liberalen;Kampagnenfinanzierung
de;105;1;campaign_financings;all;1;22.10.2023 Nationalratswahlen 2023;2023;campaign_financing;Juristische Personen oder Personengesellschaften;175;FDP.Die Liberalen Kanton Solothurn, Solothurn;105;Unterstützte Kandidierende: 12 (namentliche Auflistung in untenstehender Meldung der Einnahmen vorhanden);Offenlegung der budgetierten Einnahmen;/api/frontend/latest/de/downloads/campaigns/105/forms/1;Budgetzahlen;Gruppe von Kandidierenden (namentliche Auflistung in untenstehender Meldung der Einnahmen vorhanden);Solothurn;FDP.Die Liberalen;Kampagnenfinanzierung
de;105;5;campaign_financings;all;1;22.10.2023 Nationalratswahlen 2023;2023;campaign_financing;Juristische Personen oder Personengesellschaften;175;FDP.Die Liberalen Kanton Solothurn, Solothurn;105;Unterstützte Kandidierende: 12 (namentliche Auflistung in untenstehender Meldung der Einnahmen vorhanden);Offenlegung der Schlussrechnung über die Einnahmen;/api/frontend/latest/de/downloads/campaigns/105/forms/5;Definitive Zahlen;Gruppe von Kandidierenden (namentliche Auflistung in untenstehender Meldung der Einnahmen vorhanden);Solothurn;FDP.Die Liberalen;Kampagnenfinanzierung
de;106;1;campaign_financings;all;1;22.10.2023 Nationalratswahlen 2023;2023;campaign_financing;Natürliche Personen;3;Matter Thomas, Meilen;106;Matter Thomas (Zürich, Schweizerische Volkspartei);Offenlegung der budgetierten Einnahmen;/api/frontend/latest/de/downloads/campaigns/106/forms/1;Budgetzahlen;Einzelperson;Zürich;Schweizerische Volkspartei;Kampagnenfinanzierung
de;106;5;campaign_financings;all;1;22.10.2023 Nationalratswahlen 2023;2023;campaign_financing;Natürliche Personen;3;Matter Thomas, Meilen;106;Matter Thomas (Zürich, Schweizerische Volkspartei);Offenlegung der Schlussrechnung über die Einnahmen;/api/frontend/latest/de/downloads/campaigns/106/forms/5;Definitive Zahlen;Einzelperson;Zürich;Schweizerische Volkspartei;Kampagnenfinanzierung
de;107;1;campaign_financings;all;1;22.10.2023 Nationalratswahlen 2023;2023;campaign_financing;Natürliche Personen;10;Martullo Magdalena, Meilen;107;Martullo Magdalena (Graubünden, Schweizerische Volkspartei);Offenlegung der budgetierten Einnahmen;/api/frontend/latest/de/downloads/campaigns/107/forms/1;Budgetzahlen;Einzelperson;Graubünden;Schweizerische Volkspartei;Kampagnenfinanzierung
de;107;5;campaign_financings;all;1;22.10.2023 Nationalratswahlen 2023;2023;campaign_financing;Natürliche Personen;10;Martullo Magdalena, Meilen;107;Martullo Magdalena (Graubünden, Schweizerische Volkspartei);Offenlegung der Schlussrechnung über die Einnahmen;/api/frontend/latest/de/downloads/campaigns/107/forms/5;Definitive Zahlen;Einzelperson;Graubünden;Schweizerische Volkspartei;Kampagnenfinanzierung
de;108;1;campaign_financings;all;1;22.10.2023 Nationalratswahlen 2023;2023;campaign_financing;Juristische Personen oder Personengesellschaften;6;Schweizerische Volkspartei des Kantons Zürich, Dübendorf;108;Unterstützte Kandidierende: 36 (namentliche Auflistung in untenstehender Meldung der Einnahmen vorhanden);Offenlegung der budgetierten Einnahmen;/api/frontend/latest/de/downloads/campaigns/108/forms/1;Budgetzahlen;Gruppe von Kandidierenden (namentliche Auflistung in untenstehender Meldung der Einnahmen vorhanden);Zürich;Schweizerische Volkspartei;Kampagnenfinanzierung
de;108;2;campaign_financings;all;1;22.10.2023 Nationalratswahlen 2023;2023;campaign_financing;Juristische Personen oder Personengesellschaften;6;Schweizerische Volkspartei des Kantons Zürich, Dübendorf;108;Unterstützte Kandidierende: 36 (namentliche Auflistung in untenstehender Meldung der Einnahmen vorhanden);Offenlegung von Zuwendungen über 15 000 Franken;/api/frontend/latest/de/downloads/campaigns/108/forms/2;Budgetzahlen;Gruppe von Kandidierenden (namentliche Auflistung in untenstehender Meldung der Einnahmen vorhanden);Zürich;Schweizerische Volkspartei;Kampagnenfinanzierung
de;108;5;campaign_financings;all;1;22.10.2023 Nationalratswahlen 2023;2023;campaign_financing;Juristische Personen oder Personengesellschaften;6;Schweizerische Volkspartei des Kantons Zürich, Dübendorf;108;Unterstützte Kandidierende: 36 (namentliche Auflistung in untenstehender Meldung der Einnahmen vorhanden);Offenlegung der Schlussrechnung über die Einnahmen;/api/frontend/latest/de/downloads/campaigns/108/forms/5;Definitive Zahlen;Gruppe von Kandidierenden (namentliche Auflistung in untenstehender Meldung der Einnahmen vorhanden);Zürich;Schweizerische Volkspartei;Kampagnenfinanzierung
de;108;6;campaign_financings;all;1;22.10.2023 Nationalratswahlen 2023;2023;campaign_financing;Juristische Personen oder Personengesellschaften;6;Schweizerische Volkspartei des Kantons Zürich, Dübendorf;108;Unterstützte Kandidierende: 36 (namentliche Auflistung in untenstehender Meldung der Einnahmen vorhanden);Offenlegung von Zuwendungen über 15 000 Franken (Schlussrechnung);/api/frontend/latest/de/downloads/campaigns/108/forms/6;Definitive Zahlen;Gruppe von Kandidierenden (namentliche Auflistung in untenstehender Meldung der Einnahmen vorhanden);Zürich;Schweizerische Volkspartei;Kampagnenfinanzierung
de;109;1;campaign_financings;all;1;22.10.2023 Nationalratswahlen 2023;2023;campaign_financing;Juristische Personen oder Personengesellschaften;42;Schweizerische Volkspartei (SVP), Bern;109;Kandidierende der SVP Schweiz (schweizweit, Schweizerische Volkspartei);Offenlegung der budgetierten Einnahmen;/api/frontend/latest/de/downloads/campaigns/109/forms/1;Budgetzahlen;Gruppe von Kandidierenden (Einzelauflistung nicht möglich);schweizweit;Schweizerische Volkspartei;Kampagnenfinanzierung
de;109;2;campaign_financings;all;1;22.10.2023 Nationalratswahlen 2023;2023;campaign_financing;Juristische Personen oder Personengesellschaften;42;Schweizerische Volkspartei (SVP), Bern;109;Kandidierende der SVP Schweiz (schweizweit, Schweizerische Volkspartei);Offenlegung von Zuwendungen über 15 000 Franken;/api/frontend/latest/de/downloads/campaigns/109/forms/2;Budgetzahlen;Gruppe von Kandidierenden (Einzelauflistung nicht möglich);schweizweit;Schweizerische Volkspartei;Kampagnenfinanzierung
de;109;5;campaign_financings;all;1;22.10.2023 Nationalratswahlen 2023;2023;campaign_financing;Juristische Personen oder Personengesellschaften;42;Schweizerische Volkspartei (SVP), Bern;109;Kandidierende der SVP Schweiz (schweizweit, Schweizerische Volkspartei);Offenlegung der Schlussrechnung über die Einnahmen;/api/frontend/latest/de/downloads/campaigns/109/forms/5;Definitive Zahlen;Gruppe von Kandidierenden (Einzelauflistung nicht möglich);schweizweit;Schweizerische Volkspartei;Kampagnenfinanzierung
de;109;6;campaign_financings;all;1;22.10.2023 Nationalratswahlen 2023;2023;campaign_financing;Juristische Personen oder Personengesellschaften;42;Schweizerische Volkspartei (SVP), Bern;109;Kandidierende der SVP Schweiz (schweizweit, Schweizerische Volkspartei);Offenlegung von Zuwendungen über 15 000 Franken (Schlussrechnung);/api/frontend/latest/de/downloads/campaigns/109/forms/6;Definitive Zahlen;Gruppe von Kandidierenden (Einzelauflistung nicht möglich);schweizweit;Schweizerische Volkspartei;Kampagnenfinanzierung
de;11;1;campaign_financings;all;1;22.10.2023 Nationalratswahlen 2023;2023;campaign_financing;Juristische Personen oder Personengesellschaften;61;Jungsozialist*innen des Kantons Zürich, Zürich;11;Unterstützte Kandidierende: 36 (namentliche Auflistung in untenstehender Meldung der Einnahmen vorhanden);Offenlegung der budgetierten Einnahmen;/api/frontend/latest/de/downloads/campaigns/11/forms/1;Budgetzahlen;Gruppe von Kandidierenden (namentliche Auflistung in untenstehender Meldung der Einnahmen vorhanden);Zürich;Sozialdemokratische Partei der Schweiz;Kampagnenfinanzierung
de;11;2;campaign_financings;all;1;22.10.2023 Nationalratswahlen 2023;2023;campaign_financing;Juristische Personen oder Personengesellschaften;61;Jungsozialist*innen des Kantons Zürich, Zürich;11;Unterstützte Kandidierende: 36 (namentliche Auflistung in untenstehender Meldung der Einnahmen vorhanden);Offenlegung von Zuwendungen über 15 000 Franken;/api/frontend/latest/de/downloads/campaigns/11/forms/2;Budgetzahlen;Gruppe von Kandidierenden (namentliche Auflistung in untenstehender Meldung der Einnahmen vorhanden);Zürich;Sozialdemokratische Partei der Schweiz;Kampagnenfinanzierung
de;11;5;campaign_financings;all;1;22.10.2023 Nationalratswahlen 2023;2023;campaign_financing;Juristische Personen oder Personengesellschaften;61;Jungsozialist*innen des Kantons Zürich, Zürich;11;Unterstützte Kandidierende: 36 (namentliche Auflistung in untenstehender Meldung der Einnahmen vorhanden);Offenlegung der Schlussrechnung über die Einnahmen;/api/frontend/latest/de/downloads/campaigns/11/forms/5;Definitive Zahlen;Gruppe von Kandidierenden (namentliche Auflistung in untenstehender Meldung der Einnahmen vorhanden);Zürich;Sozialdemokratische Partei der Schweiz;Kampagnenfinanzierung
de;11;6;campaign_financings;all;1;22.10.2023 Nationalratswahlen 2023;2023;campaign_financing;Juristische Personen oder Personengesellschaften;61;Jungsozialist*innen des Kantons Zürich, Zürich;11;Unterstützte Kandidierende: 36 (namentliche Auflistung in untenstehender Meldung der Einnahmen vorhanden);Offenlegung von Zuwendungen über 15 000 Franken (Schlussrechnung);/api/frontend/latest/de/downloads/campaigns/11/forms/6;Definitive Zahlen;Gruppe von Kandidierenden (namentliche Auflistung in untenstehender Meldung der Einnahmen vorhanden);Zürich;Sozialdemokratische Partei der Schweiz;Kampagnenfinanzierung
de;110;1;campaign_financings;all;1;22.10.2023 Nationalratswahlen 2023;2023;campaign_financing;Natürliche Personen;190;Wyss Andreas, Kirchberg;110;Wyss Andreas (Bern, FDP.Die Liberalen);Offenlegung der budgetierten Einnahmen;/api/frontend/latest/de/downloads/campaigns/110/forms/1;Budgetzahlen;Einzelperson;Bern;FDP.Die Liberalen;Kampagnenfinanzierung
de;110;5;campaign_financings;all;1;22.10.2023 Nationalratswahlen 2023;2023;campaign_financing;Natürliche Personen;190;Wyss Andreas, Kirchberg;110;Wyss Andreas (Bern, FDP.Die Liberalen);Offenlegung der Schlussrechnung über die Einnahmen;/api/frontend/latest/de/downloads/campaigns/110/forms/5;Definitive Zahlen;Einzelperson;Bern;FDP.Die Liberalen;Kampagnenfinanzierung
de;111;1;campaign_financings;all;1;22.10.2023 Nationalratswahlen 2023;2023;campaign_financing;Juristische Personen oder Personengesellschaften;116;Parti socialiste neuchâtelois, Neuchâtel;111;Unterstützte Kandidierende: 5 (namentliche Auflistung in untenstehender Meldung der Einnahmen vorhanden);Offenlegung der budgetierten Einnahmen;/api/frontend/latest/de/downloads/campaigns/111/forms/1;Budgetzahlen;Gruppe von Kandidierenden (namentliche Auflistung in untenstehender Meldung der Einnahmen vorhanden);Neuenburg;Sozialdemokratische Partei der Schweiz;Kampagnenfinanzierung
de;111;2;campaign_financings;all;1;22.10.2023 Nationalratswahlen 2023;2023;campaign_financing;Juristische Personen oder Personengesellschaften;116;Parti socialiste neuchâtelois, Neuchâtel;111;Unterstützte Kandidierende: 5 (namentliche Auflistung in untenstehender Meldung der Einnahmen vorhanden);Offenlegung von Zuwendungen über 15 000 Franken;/api/frontend/latest/de/downloads/campaigns/111/forms/2;Budgetzahlen;Gruppe von Kandidierenden (namentliche Auflistung in untenstehender Meldung der Einnahmen vorhanden);Neuenburg;Sozialdemokratische Partei der Schweiz;Kampagnenfinanzierung
de;111;5;campaign_financings;all;1;22.10.2023 Nationalratswahlen 2023;2023;campaign_financing;Juristische Personen oder Personengesellschaften;116;Parti socialiste neuchâtelois, Neuchâtel;111;Unterstützte Kandidierende: 5 (namentliche Auflistung in untenstehender Meldung der Einnahmen vorhanden);Offenlegung der Schlussrechnung über die Einnahmen;/api/frontend/latest/de/downloads/campaigns/111/forms/5;Definitive Zahlen;Gruppe von Kandidierenden (namentliche Auflistung in untenstehender Meldung der Einnahmen vorhanden);Neuenburg;Sozialdemokratische Partei der Schweiz;Kampagnenfinanzierung
de;111;6;campaign_financings;all;1;22.10.2023 Nationalratswahlen 2023;2023;campaign_financing;Juristische Personen oder Personengesellschaften;116;Parti socialiste neuchâtelois, Neuchâtel;111;Unterstützte Kandidierende: 5 (namentliche Auflistung in untenstehender Meldung der Einnahmen vorhanden);Offenlegung von Zuwendungen über 15 000 Franken (Schlussrechnung);/api/frontend/latest/de/downloads/campaigns/111/forms/6;Definitive Zahlen;Gruppe von Kandidierenden (namentliche Auflistung in untenstehender Meldung der Einnahmen vorhanden);Neuenburg;Sozialdemokratische Partei der Schweiz;Kampagnenfinanzierung
de;112;1;campaign_financings;all;1;22.10.2023 Nationalratswahlen 2023;2023;campaign_financing;Natürliche Personen;191;Balmer Bettina, Zürich;112;Balmer Bettina (Zürich, FDP.Die Liberalen);Offenlegung der budgetierten Einnahmen;/api/frontend/latest/de/downloads/campaigns/112/forms/1;Budgetzahlen;Einzelperson;Zürich;FDP.Die Liberalen;Kampagnenfinanzierung
de;112;2;campaign_financings;all;1;22.10.2023 Nationalratswahlen 2023;2023;campaign_financing;Natürliche Personen;191;Balmer Bettina, Zürich;112;Balmer Bettina (Zürich, FDP.Die Liberalen);Offenlegung von Zuwendungen über 15 000 Franken;/api/frontend/latest/de/downloads/campaigns/112/forms/2;Budgetzahlen;Einzelperson;Zürich;FDP.Die Liberalen;Kampagnenfinanzierung
de;112;5;campaign_financings;all;1;22.10.2023 Nationalratswahlen 2023;2023;campaign_financing;Natürliche Personen;191;Balmer Bettina, Zürich;112;Balmer Bettina (Zürich, FDP.Die Liberalen);Offenlegung der Schlussrechnung über die Einnahmen;/api/frontend/latest/de/downloads/campaigns/112/forms/5;Definitive Zahlen;Einzelperson;Zürich;FDP.Die Liberalen;Kampagnenfinanzierung
de;112;6;campaign_financings;all;1;22.10.2023 Nationalratswahlen 2023;2023;campaign_financing;Natürliche Personen;191;Balmer Bettina, Zürich;112;Balmer Bettina (Zürich, FDP.Die Liberalen);Offenlegung von Zuwendungen über 15 000 Franken (Schlussrechnung);/api/frontend/latest/de/downloads/campaigns/112/forms/6;Definitive Zahlen;Einzelperson;Zürich;FDP.Die Liberalen;Kampagnenfinanzierung
de;113;1;campaign_financings;all;1;22.10.2023 Nationalratswahlen 2023;2023;campaign_financing;Juristische Personen oder Personengesellschaften;166;Sozialdemokratische Partei des Kantons Luzern, Luzern;113;Unterstützte Kandidierende: 9 (namentliche Auflistung in untenstehender Meldung der Einnahmen vorhanden);Offenlegung der budgetierten Einnahmen;/api/frontend/latest/de/downloads/campaigns/113/forms/1;Budgetzahlen;Gruppe von Kandidierenden (namentliche Auflistung in untenstehender Meldung der Einnahmen vorhanden);Luzern;Sozialdemokratische Partei der Schweiz;Kampagnenfinanzierung
de;113;5;campaign_financings;all;1;22.10.2023 Nationalratswahlen 2023;2023;campaign_financing;Juristische Personen oder Personengesellschaften;166;Sozialdemokratische Partei des Kantons Luzern, Luzern;113;Unterstützte Kandidierende: 9 (namentliche Auflistung in untenstehender Meldung der Einnahmen vorhanden);Offenlegung der Schlussrechnung über die Einnahmen;/api/frontend/latest/de/downloads/campaigns/113/forms/5;Definitive Zahlen;Gruppe von Kandidierenden (namentliche Auflistung in untenstehender Meldung der Einnahmen vorhanden);Luzern;Sozialdemokratische Partei der Schweiz;Kampagnenfinanzierung
de;113;6;campaign_financings;all;1;22.10.2023 Nationalratswahlen 2023;2023;campaign_financing;Juristische Personen oder Personengesellschaften;166;Sozialdemokratische Partei des Kantons Luzern, Luzern;113;Unterstützte Kandidierende: 9 (namentliche Auflistung in untenstehender Meldung der Einnahmen vorhanden);Offenlegung von Zuwendungen über 15 000 Franken (Schlussrechnung);/api/frontend/latest/de/downloads/campaigns/113/forms/6;Definitive Zahlen;Gruppe von Kandidierenden (namentliche Auflistung in untenstehender Meldung der Einnahmen vorhanden);Luzern;Sozialdemokratische Partei der Schweiz;Kampagnenfinanzierung
de;114;1;campaign_financings;all;1;22.10.2023 Nationalratswahlen 2023;2023;campaign_financing;Natürliche Personen;157;Regazzi Fabio, Gordola;114;Regazzi Fabio (Tessin, Die Mitte);Offenlegung der budgetierten Einnahmen;/api/frontend/latest/de/downloads/campaigns/114/forms/1;Budgetzahlen;Einzelperson;Tessin;Die Mitte;Kampagnenfinanzierung
de;114;2;campaign_financings;all;1;22.10.2023 Nationalratswahlen 2023;2023;campaign_financing;Natürliche Personen;157;Regazzi Fabio, Gordola;114;Regazzi Fabio (Tessin, Die Mitte);Offenlegung von Zuwendungen über 15 000 Franken;/api/frontend/latest/de/downloads/campaigns/114/forms/2;Budgetzahlen;Einzelperson;Tessin;Die Mitte;Kampagnenfinanzierung
de;116;1;campaign_financings;all;1;22.10.2023 Nationalratswahlen 2023;2023;campaign_financing;Juristische Personen oder Personengesellschaften;188;IG der Wirtschaftsverbände, Zürich;116;Perspektive Schweiz (schweizweit, Übrige politische Parteien);Offenlegung der budgetierten Einnahmen;/api/frontend/latest/de/downloads/campaigns/116/forms/1;Budgetzahlen;Gruppe von Kandidierenden (Einzelauflistung nicht möglich);schweizweit;Übrige politische Parteien;Kampagnenfinanzierung
de;116;2;campaign_financings;all;1;22.10.2023 Nationalratswahlen 2023;2023;campaign_financing;Juristische Personen oder Personengesellschaften;188;IG der Wirtschaftsverbände, Zürich;116;Perspektive Schweiz (schweizweit, Übrige politische Parteien);Offenlegung von Zuwendungen über 15 000 Franken;/api/frontend/latest/de/downloads/campaigns/116/forms/2;Budgetzahlen;Gruppe von Kandidierenden (Einzelauflistung nicht möglich);schweizweit;Übrige politische Parteien;Kampagnenfinanzierung
de;116;5;campaign_financings;all;1;22.10.2023 Nationalratswahlen 2023;2023;campaign_financing;Juristische Personen oder Personengesellschaften;188;IG der Wirtschaftsverbände, Zürich;116;Perspektive Schweiz (schweizweit, Übrige politische Parteien);Offenlegung der Schlussrechnung über die Einnahmen;/api/frontend/latest/de/downloads/campaigns/116/forms/5;Definitive Zahlen;Gruppe von Kandidierenden (Einzelauflistung nicht möglich);schweizweit;Übrige politische Parteien;Kampagnenfinanzierung
de;116;6;campaign_financings;all;1;22.10.2023 Nationalratswahlen 2023;2023;campaign_financing;Juristische Personen oder Personengesellschaften;188;IG der Wirtschaftsverbände, Zürich;116;Perspektive Schweiz (schweizweit, Übrige politische Parteien);Offenlegung von Zuwendungen über 15 000 Franken (Schlussrechnung);/api/frontend/latest/de/downloads/campaigns/116/forms/6;Definitive Zahlen;Gruppe von Kandidierenden (Einzelauflistung nicht möglich);schweizweit;Übrige politische Parteien;Kampagnenfinanzierung
de;117;1;campaign_financings;all;1;22.10.2023 Nationalratswahlen 2023;2023;campaign_financing;Natürliche Personen;194;Bulliard-Marbach Christine, Ueberstorf;117;Bulliard-Marbach Christine  (Freiburg, Die Mitte);Offenlegung der budgetierten Einnahmen;/api/frontend/latest/de/downloads/campaigns/117/forms/1;Budgetzahlen;Einzelperson;Freiburg;Die Mitte;Kampagnenfinanzierung
de;117;5;campaign_financings;all;1;22.10.2023 Nationalratswahlen 2023;2023;campaign_financing;Natürliche Personen;194;Bulliard-Marbach Christine, Ueberstorf;117;Bulliard-Marbach Christine  (Freiburg, Die Mitte);Offenlegung der Schlussrechnung über die Einnahmen;/api/frontend/latest/de/downloads/campaigns/117/forms/5;Definitive Zahlen;Einzelperson;Freiburg;Die Mitte;Kampagnenfinanzierung
de;118;1;campaign_financings;all;1;22.10.2023 Nationalratswahlen 2023;2023;campaign_financing;Juristische Personen oder Personengesellschaften;195;Die Mitte Kanton Solothurn, Solothurn;118;Unterstützte Kandidierende: 42 (namentliche Auflistung in untenstehender Meldung der Einnahmen vorhanden);Offenlegung der budgetierten Einnahmen;/api/frontend/latest/de/downloads/campaigns/118/forms/1;Budgetzahlen;Gruppe von Kandidierenden (namentliche Auflistung in untenstehender Meldung der Einnahmen vorhanden);Solothurn;Die Mitte;Kampagnenfinanzierung
de;118;5;campaign_financings;all;1;22.10.2023 Nationalratswahlen 2023;2023;campaign_financing;Juristische Personen oder Personengesellschaften;195;Die Mitte Kanton Solothurn, Solothurn;118;Unterstützte Kandidierende: 42 (namentliche Auflistung in untenstehender Meldung der Einnahmen vorhanden);Offenlegung der Schlussrechnung über die Einnahmen;/api/frontend/latest/de/downloads/campaigns/118/forms/5;Definitive Zahlen;Gruppe von Kandidierenden (namentliche Auflistung in untenstehender Meldung der Einnahmen vorhanden);Solothurn;Die Mitte;Kampagnenfinanzierung
de;118;6;campaign_financings;all;1;22.10.2023 Nationalratswahlen 2023;2023;campaign_financing;Juristische Personen oder Personengesellschaften;195;Die Mitte Kanton Solothurn, Solothurn;118;Unterstützte Kandidierende: 42 (namentliche Auflistung in untenstehender Meldung der Einnahmen vorhanden);Offenlegung von Zuwendungen über 15 000 Franken (Schlussrechnung);/api/frontend/latest/de/downloads/campaigns/118/forms/6;Definitive Zahlen;Gruppe von Kandidierenden (namentliche Auflistung in untenstehender Meldung der Einnahmen vorhanden);Solothurn;Die Mitte;Kampagnenfinanzierung
de;119;1;campaign_financings;all;1;22.10.2023 Nationalratswahlen 2023;2023;campaign_financing;Juristische Personen oder Personengesellschaften;71;GRÜNE Kanton Bern, Bern;119;Unterstützte Kandidierende: 24 (namentliche Auflistung in untenstehender Meldung der Einnahmen vorhanden);Offenlegung der budgetierten Einnahmen;/api/frontend/latest/de/downloads/campaigns/119/forms/1;Budgetzahlen;Gruppe von Kandidierenden (namentliche Auflistung in untenstehender Meldung der Einnahmen vorhanden);Bern;GRÜNE Schweiz;Kampagnenfinanzierung
de;119;2;campaign_financings;all;1;22.10.2023 Nationalratswahlen 2023;2023;campaign_financing;Juristische Personen oder Personengesellschaften;71;GRÜNE Kanton Bern, Bern;119;Unterstützte Kandidierende: 24 (namentliche Auflistung in untenstehender Meldung der Einnahmen vorhanden);Offenlegung von Zuwendungen über 15 000 Franken;/api/frontend/latest/de/downloads/campaigns/119/forms/2;Budgetzahlen;Gruppe von Kandidierenden (namentliche Auflistung in untenstehender Meldung der Einnahmen vorhanden);Bern;GRÜNE Schweiz;Kampagnenfinanzierung
de;119;5;campaign_financings;all;1;22.10.2023 Nationalratswahlen 2023;2023;campaign_financing;Juristische Personen oder Personengesellschaften;71;GRÜNE Kanton Bern, Bern;119;Unterstützte Kandidierende: 24 (namentliche Auflistung in untenstehender Meldung der Einnahmen vorhanden);Offenlegung der Schlussrechnung über die Einnahmen;/api/frontend/latest/de/downloads/campaigns/119/forms/5;Definitive Zahlen;Gruppe von Kandidierenden (namentliche Auflistung in untenstehender Meldung der Einnahmen vorhanden);Bern;GRÜNE Schweiz;Kampagnenfinanzierung
de;119;6;campaign_financings;all;1;22.10.2023 Nationalratswahlen 2023;2023;campaign_financing;Juristische Personen oder Personengesellschaften;71;GRÜNE Kanton Bern, Bern;119;Unterstützte Kandidierende: 24 (namentliche Auflistung in untenstehender Meldung der Einnahmen vorhanden);Offenlegung von Zuwendungen über 15 000 Franken (Schlussrechnung);/api/frontend/latest/de/downloads/campaigns/119/forms/6;Definitive Zahlen;Gruppe von Kandidierenden (namentliche Auflistung in untenstehender Meldung der Einnahmen vorhanden);Bern;GRÜNE Schweiz;Kampagnenfinanzierung
de;12;1;campaign_financings;all;1;22.10.2023 Nationalratswahlen 2023;2023;campaign_financing;Natürliche Personen;62;Borer-Mathys Barbara, Holziken;12;Borer-Mathys Barbara (Aargau, Schweizerische Volkspartei);Offenlegung der budgetierten Einnahmen;/api/frontend/latest/de/downloads/campaigns/12/forms/1;Budgetzahlen;Einzelperson;Aargau;Schweizerische Volkspartei;Kampagnenfinanzierung
de;12;5;campaign_financings;all;1;22.10.2023 Nationalratswahlen 2023;2023;campaign_financing;Natürliche Personen;62;Borer-Mathys Barbara, Holziken;12;Borer-Mathys Barbara (Aargau, Schweizerische Volkspartei);Offenlegung der Schlussrechnung über die Einnahmen;/api/frontend/latest/de/downloads/campaigns/12/forms/5;Definitive Zahlen;Einzelperson;Aargau;Schweizerische Volkspartei;Kampagnenfinanzierung
de;120;1;campaign_financings;all;1;22.10.2023 Nationalratswahlen 2023;2023;campaign_financing;Juristische Personen oder Personengesellschaften;26;Parti socialiste du Valais romand, Sion;120;Unterstützte Kandidierende: 8 (namentliche Auflistung in untenstehender Meldung der Einnahmen vorhanden);Offenlegung der budgetierten Einnahmen;/api/frontend/latest/de/downloads/campaigns/120/forms/1;Budgetzahlen;Gruppe von Kandidierenden (namentliche Auflistung in untenstehender Meldung der Einnahmen vorhanden);Wallis;Sozialdemokratische Partei der Schweiz;Kampagnenfinanzierung
de;120;5;campaign_financings;all;1;22.10.2023 Nationalratswahlen 2023;2023;campaign_financing;Juristische Personen oder Personengesellschaften;26;Parti socialiste du Valais romand, Sion;120;Unterstützte Kandidierende: 8 (namentliche Auflistung in untenstehender Meldung der Einnahmen vorhanden);Offenlegung der Schlussrechnung über die Einnahmen;/api/frontend/latest/de/downloads/campaigns/120/forms/5;Definitive Zahlen;Gruppe von Kandidierenden (namentliche Auflistung in untenstehender Meldung der Einnahmen vorhanden);Wallis;Sozialdemokratische Partei der Schweiz;Kampagnenfinanzierung
de;122;1;campaign_financings;all;1;22.10.2023 Nationalratswahlen 2023;2023;campaign_financing;Natürliche Personen;133;Steiner Adrian, Weggis;122;Steiner Adrian (Luzern, Die Mitte);Offenlegung der budgetierten Einnahmen;/api/frontend/latest/de/downloads/campaigns/122/forms/1;Budgetzahlen;Einzelperson;Luzern;Die Mitte;Kampagnenfinanzierung
de;122;5;campaign_financings;all;1;22.10.2023 Nationalratswahlen 2023;2023;campaign_financing;Natürliche Personen;133;Steiner Adrian, Weggis;122;Steiner Adrian (Luzern, Die Mitte);Offenlegung der Schlussrechnung über die Einnahmen;/api/frontend/latest/de/downloads/campaigns/122/forms/5;Definitive Zahlen;Einzelperson;Luzern;Die Mitte;Kampagnenfinanzierung
de;123;1;campaign_financings;all;1;22.10.2023 Nationalratswahlen 2023;2023;campaign_financing;Juristische Personen oder Personengesellschaften;130;Grünliberale Partei Kanton St. Gallen, Wil;123;Unterstützte Kandidierende: 12 (namentliche Auflistung in untenstehender Meldung der Einnahmen vorhanden);Offenlegung der budgetierten Einnahmen;/api/frontend/latest/de/downloads/campaigns/123/forms/1;Budgetzahlen;Gruppe von Kandidierenden (namentliche Auflistung in untenstehender Meldung der Einnahmen vorhanden);St. Gallen;Grünliberale Partei;Kampagnenfinanzierung
de;123;5;campaign_financings;all;1;22.10.2023 Nationalratswahlen 2023;2023;campaign_financing;Juristische Personen oder Personengesellschaften;130;Grünliberale Partei Kanton St. Gallen, Wil;123;Unterstützte Kandidierende: 12 (namentliche Auflistung in untenstehender Meldung der Einnahmen vorhanden);Offenlegung der Schlussrechnung über die Einnahmen;/api/frontend/latest/de/downloads/campaigns/123/forms/5;Definitive Zahlen;Gruppe von Kandidierenden (namentliche Auflistung in untenstehender Meldung der Einnahmen vorhanden);St. Gallen;Grünliberale Partei;Kampagnenfinanzierung
de;125;1;campaign_financings;all;1;22.10.2023 Nationalratswahlen 2023;2023;campaign_financing;Juristische Personen oder Personengesellschaften;145;Komitee Arno Grüter, Cham;125;Grüter Arno (Zug, FDP.Die Liberalen);Offenlegung der budgetierten Einnahmen;/api/frontend/latest/de/downloads/campaigns/125/forms/1;Budgetzahlen;Einzelperson;Zug;FDP.Die Liberalen;Kampagnenfinanzierung
de;125;5;campaign_financings;all;1;22.10.2023 Nationalratswahlen 2023;2023;campaign_financing;Juristische Personen oder Personengesellschaften;145;Komitee Arno Grüter, Cham;125;Grüter Arno (Zug, FDP.Die Liberalen);Offenlegung der Schlussrechnung über die Einnahmen;/api/frontend/latest/de/downloads/campaigns/125/forms/5;Definitive Zahlen;Einzelperson;Zug;FDP.Die Liberalen;Kampagnenfinanzierung
de;126;1;campaign_financings;all;1;22.10.2023 Nationalratswahlen 2023;2023;campaign_financing;Natürliche Personen;31;Riniker Maja, Suhr;126;Riniker Maja (Aargau, FDP.Die Liberalen);Offenlegung der budgetierten Einnahmen;/api/frontend/latest/de/downloads/campaigns/126/forms/1;Budgetzahlen;Einzelperson;Aargau;FDP.Die Liberalen;Kampagnenfinanzierung
de;126;5;campaign_financings;all;1;22.10.2023 Nationalratswahlen 2023;2023;campaign_financing;Natürliche Personen;31;Riniker Maja, Suhr;126;Riniker Maja (Aargau, FDP.Die Liberalen);Offenlegung der Schlussrechnung über die Einnahmen;/api/frontend/latest/de/downloads/campaigns/126/forms/5;Definitive Zahlen;Einzelperson;Aargau;FDP.Die Liberalen;Kampagnenfinanzierung
de;127;1;campaign_financings;all;1;22.10.2023 Nationalratswahlen 2023;2023;campaign_financing;Juristische Personen oder Personengesellschaften;29;Freisinnig-Demokratische Partei des Kantons St. Gallen, St. Gallen;127;Unterstützte Kandidierende: 12 (namentliche Auflistung in untenstehender Meldung der Einnahmen vorhanden);Offenlegung der budgetierten Einnahmen;/api/frontend/latest/de/downloads/campaigns/127/forms/1;Budgetzahlen;Gruppe von Kandidierenden (namentliche Auflistung in untenstehender Meldung der Einnahmen vorhanden);St. Gallen;FDP.Die Liberalen;Kampagnenfinanzierung
de;127;2;campaign_financings;all;1;22.10.2023 Nationalratswahlen 2023;2023;campaign_financing;Juristische Personen oder Personengesellschaften;29;Freisinnig-Demokratische Partei des Kantons St. Gallen, St. Gallen;127;Unterstützte Kandidierende: 12 (namentliche Auflistung in untenstehender Meldung der Einnahmen vorhanden);Offenlegung von Zuwendungen über 15 000 Franken;/api/frontend/latest/de/downloads/campaigns/127/forms/2;Budgetzahlen;Gruppe von Kandidierenden (namentliche Auflistung in untenstehender Meldung der Einnahmen vorhanden);St. Gallen;FDP.Die Liberalen;Kampagnenfinanzierung
de;127;5;campaign_financings;all;1;22.10.2023 Nationalratswahlen 2023;2023;campaign_financing;Juristische Personen oder Personengesellschaften;29;Freisinnig-Demokratische Partei des Kantons St. Gallen, St. Gallen;127;Unterstützte Kandidierende: 12 (namentliche Auflistung in untenstehender Meldung der Einnahmen vorhanden);Offenlegung der Schlussrechnung über die Einnahmen;/api/frontend/latest/de/downloads/campaigns/127/forms/5;Definitive Zahlen;Gruppe von Kandidierenden (namentliche Auflistung in untenstehender Meldung der Einnahmen vorhanden);St. Gallen;FDP.Die Liberalen;Kampagnenfinanzierung
de;127;6;campaign_financings;all;1;22.10.2023 Nationalratswahlen 2023;2023;campaign_financing;Juristische Personen oder Personengesellschaften;29;Freisinnig-Demokratische Partei des Kantons St. Gallen, St. Gallen;127;Unterstützte Kandidierende: 12 (namentliche Auflistung in untenstehender Meldung der Einnahmen vorhanden);Offenlegung von Zuwendungen über 15 000 Franken (Schlussrechnung);/api/frontend/latest/de/downloads/campaigns/127/forms/6;Definitive Zahlen;Gruppe von Kandidierenden (namentliche Auflistung in untenstehender Meldung der Einnahmen vorhanden);St. Gallen;FDP.Die Liberalen;Kampagnenfinanzierung
de;129;1;campaign_financings;all;1;22.10.2023 Nationalratswahlen 2023;2023;campaign_financing;Juristische Personen oder Personengesellschaften;214;Schweizerische Volkspartei Kanton Schwyz, Steinen;129;Unterstützte Kandidierende: 4 (namentliche Auflistung in untenstehender Meldung der Einnahmen vorhanden);Offenlegung der budgetierten Einnahmen;/api/frontend/latest/de/downloads/campaigns/129/forms/1;Budgetzahlen;Gruppe von Kandidierenden (namentliche Auflistung in untenstehender Meldung der Einnahmen vorhanden);Schwyz;Schweizerische Volkspartei;Kampagnenfinanzierung
de;129;5;campaign_financings;all;1;22.10.2023 Nationalratswahlen 2023;2023;campaign_financing;Juristische Personen oder Personengesellschaften;214;Schweizerische Volkspartei Kanton Schwyz, Steinen;129;Unterstützte Kandidierende: 4 (namentliche Auflistung in untenstehender Meldung der Einnahmen vorhanden);Offenlegung der Schlussrechnung über die Einnahmen;/api/frontend/latest/de/downloads/campaigns/129/forms/5;Definitive Zahlen;Gruppe von Kandidierenden (namentliche Auflistung in untenstehender Meldung der Einnahmen vorhanden);Schwyz;Schweizerische Volkspartei;Kampagnenfinanzierung
de;13;1;campaign_financings;all;1;22.10.2023 Nationalratswahlen 2023;2023;campaign_financing;Juristische Personen oder Personengesellschaften;63;Schweizerische Volkspartei Aargau, Staufen;13;Unterstützte Kandidierende: 16 (namentliche Auflistung in untenstehender Meldung der Einnahmen vorhanden);Offenlegung der budgetierten Einnahmen;/api/frontend/latest/de/downloads/campaigns/13/forms/1;Budgetzahlen;Gruppe von Kandidierenden (namentliche Auflistung in untenstehender Meldung der Einnahmen vorhanden);Aargau;Evangelische Volkspartei der Schweiz;Kampagnenfinanzierung
de;13;2;campaign_financings;all;1;22.10.2023 Nationalratswahlen 2023;2023;campaign_financing;Juristische Personen oder Personengesellschaften;63;Schweizerische Volkspartei Aargau, Staufen;13;Unterstützte Kandidierende: 16 (namentliche Auflistung in untenstehender Meldung der Einnahmen vorhanden);Offenlegung von Zuwendungen über 15 000 Franken;/api/frontend/latest/de/downloads/campaigns/13/forms/2;Budgetzahlen;Gruppe von Kandidierenden (namentliche Auflistung in untenstehender Meldung der Einnahmen vorhanden);Aargau;Evangelische Volkspartei der Schweiz;Kampagnenfinanzierung
de;13;5;campaign_financings;all;1;22.10.2023 Nationalratswahlen 2023;2023;campaign_financing;Juristische Personen oder Personengesellschaften;63;Schweizerische Volkspartei Aargau, Staufen;13;Unterstützte Kandidierende: 16 (namentliche Auflistung in untenstehender Meldung der Einnahmen vorhanden);Offenlegung der Schlussrechnung über die Einnahmen;/api/frontend/latest/de/downloads/campaigns/13/forms/5;Definitive Zahlen;Gruppe von Kandidierenden (namentliche Auflistung in untenstehender Meldung der Einnahmen vorhanden);Aargau;Evangelische Volkspartei der Schweiz;Kampagnenfinanzierung
de;13;6;campaign_financings;all;1;22.10.2023 Nationalratswahlen 2023;2023;campaign_financing;Juristische Personen oder Personengesellschaften;63;Schweizerische Volkspartei Aargau, Staufen;13;Unterstützte Kandidierende: 16 (namentliche Auflistung in untenstehender Meldung der Einnahmen vorhanden);Offenlegung von Zuwendungen über 15 000 Franken (Schlussrechnung);/api/frontend/latest/de/downloads/campaigns/13/forms/6;Definitive Zahlen;Gruppe von Kandidierenden (namentliche Auflistung in untenstehender Meldung der Einnahmen vorhanden);Aargau;Evangelische Volkspartei der Schweiz;Kampagnenfinanzierung
de;130;1;campaign_financings;all;1;22.10.2023 Nationalratswahlen 2023;2023;campaign_financing;Juristische Personen oder Personengesellschaften;200;FDP.Die Liberalen Aargau, Aarau;130;Unterstützte Kandidierende: 16 (namentliche Auflistung in untenstehender Meldung der Einnahmen vorhanden);Offenlegung der budgetierten Einnahmen;/api/frontend/latest/de/downloads/campaigns/130/forms/1;Budgetzahlen;Gruppe von Kandidierenden (namentliche Auflistung in untenstehender Meldung der Einnahmen vorhanden);Aargau;FDP.Die Liberalen;Kampagnenfinanzierung
de;130;2;campaign_financings;all;1;22.10.2023 Nationalratswahlen 2023;2023;campaign_financing;Juristische Personen oder Personengesellschaften;200;FDP.Die Liberalen Aargau, Aarau;130;Unterstützte Kandidierende: 16 (namentliche Auflistung in untenstehender Meldung der Einnahmen vorhanden);Offenlegung von Zuwendungen über 15 000 Franken;/api/frontend/latest/de/downloads/campaigns/130/forms/2;Budgetzahlen;Gruppe von Kandidierenden (namentliche Auflistung in untenstehender Meldung der Einnahmen vorhanden);Aargau;FDP.Die Liberalen;Kampagnenfinanzierung
de;130;5;campaign_financings;all;1;22.10.2023 Nationalratswahlen 2023;2023;campaign_financing;Juristische Personen oder Personengesellschaften;200;FDP.Die Liberalen Aargau, Aarau;130;Unterstützte Kandidierende: 16 (namentliche Auflistung in untenstehender Meldung der Einnahmen vorhanden);Offenlegung der Schlussrechnung über die Einnahmen;/api/frontend/latest/de/downloads/campaigns/130/forms/5;Definitive Zahlen;Gruppe von Kandidierenden (namentliche Auflistung in untenstehender Meldung der Einnahmen vorhanden);Aargau;FDP.Die Liberalen;Kampagnenfinanzierung
de;130;6;campaign_financings;all;1;22.10.2023 Nationalratswahlen 2023;2023;campaign_financing;Juristische Personen oder Personengesellschaften;200;FDP.Die Liberalen Aargau, Aarau;130;Unterstützte Kandidierende: 16 (namentliche Auflistung in untenstehender Meldung der Einnahmen vorhanden);Offenlegung von Zuwendungen über 15 000 Franken (Schlussrechnung);/api/frontend/latest/de/downloads/campaigns/130/forms/6;Definitive Zahlen;Gruppe von Kandidierenden (namentliche Auflistung in untenstehender Meldung der Einnahmen vorhanden);Aargau;FDP.Die Liberalen;Kampagnenfinanzierung
de;131;1;campaign_financings;all;1;22.10.2023 Nationalratswahlen 2023;2023;campaign_financing;Natürliche Personen;209;Albrecht Natacha, Miège;131;Albrecht Natacha (Wallis, FDP.Die Liberalen);Offenlegung der budgetierten Einnahmen;/api/frontend/latest/de/downloads/campaigns/131/forms/1;Budgetzahlen;Einzelperson;Wallis;FDP.Die Liberalen;Kampagnenfinanzierung
de;131;5;campaign_financings;all;1;22.10.2023 Nationalratswahlen 2023;2023;campaign_financing;Natürliche Personen;209;Albrecht Natacha, Miège;131;Albrecht Natacha (Wallis, FDP.Die Liberalen);Offenlegung der Schlussrechnung über die Einnahmen;/api/frontend/latest/de/downloads/campaigns/131/forms/5;Definitive Zahlen;Einzelperson;Wallis;FDP.Die Liberalen;Kampagnenfinanzierung
de;132;1;campaign_financings;all;1;22.10.2023 Nationalratswahlen 2023;2023;campaign_financing;Juristische Personen oder Personengesellschaften;192;Schweizerische Volkspartei Basel-Stadt, Basel;132;Unterstützte Kandidierende: 4 (namentliche Auflistung in untenstehender Meldung der Einnahmen vorhanden);Offenlegung der budgetierten Einnahmen;/api/frontend/latest/de/downloads/campaigns/132/forms/1;Budgetzahlen;Gruppe von Kandidierenden (namentliche Auflistung in untenstehender Meldung der Einnahmen vorhanden);Basel-Stadt;Schweizerische Volkspartei;Kampagnenfinanzierung
de;132;5;campaign_financings;all;1;22.10.2023 Nationalratswahlen 2023;2023;campaign_financing;Juristische Personen oder Personengesellschaften;192;Schweizerische Volkspartei Basel-Stadt, Basel;132;Unterstützte Kandidierende: 4 (namentliche Auflistung in untenstehender Meldung der Einnahmen vorhanden);Offenlegung der Schlussrechnung über die Einnahmen;/api/frontend/latest/de/downloads/campaigns/132/forms/5;Definitive Zahlen;Gruppe von Kandidierenden (namentliche Auflistung in untenstehender Meldung der Einnahmen vorhanden);Basel-Stadt;Schweizerische Volkspartei;Kampagnenfinanzierung
de;133;1;campaign_financings;all;1;22.10.2023 Nationalratswahlen 2023;2023;campaign_financing;Natürliche Personen;49;Berner Yannick, Aarau;133;Berner Yannick (Aargau, FDP.Die Liberalen);Offenlegung der budgetierten Einnahmen;/api/frontend/latest/de/downloads/campaigns/133/forms/1;Budgetzahlen;Einzelperson;Aargau;FDP.Die Liberalen;Kampagnenfinanzierung
de;133;5;campaign_financings;all;1;22.10.2023 Nationalratswahlen 2023;2023;campaign_financing;Natürliche Personen;49;Berner Yannick, Aarau;133;Berner Yannick (Aargau, FDP.Die Liberalen);Offenlegung der Schlussrechnung über die Einnahmen;/api/frontend/latest/de/downloads/campaigns/133/forms/5;Definitive Zahlen;Einzelperson;Aargau;FDP.Die Liberalen;Kampagnenfinanzierung
de;134;1;campaign_financings;all;1;22.10.2023 Nationalratswahlen 2023;2023;campaign_financing;Natürliche Personen;147;Strupler Manuel, Weinfelden;134;Strupler Manuel (Thurgau, Schweizerische Volkspartei);Offenlegung der budgetierten Einnahmen;/api/frontend/latest/de/downloads/campaigns/134/forms/1;Budgetzahlen;Einzelperson;Thurgau;Schweizerische Volkspartei;Kampagnenfinanzierung
de;134;5;campaign_financings;all;1;22.10.2023 Nationalratswahlen 2023;2023;campaign_financing;Natürliche Personen;147;Strupler Manuel, Weinfelden;134;Strupler Manuel (Thurgau, Schweizerische Volkspartei);Offenlegung der Schlussrechnung über die Einnahmen;/api/frontend/latest/de/downloads/campaigns/134/forms/5;Definitive Zahlen;Einzelperson;Thurgau;Schweizerische Volkspartei;Kampagnenfinanzierung
de;135;1;campaign_financings;all;1;22.10.2023 Nationalratswahlen 2023;2023;campaign_financing;Juristische Personen oder Personengesellschaften;205;Schweizerische Volkspartei des Kantons und Freistaates Zug, Zug;135;Unterstützte Kandidierende: 18 (namentliche Auflistung in untenstehender Meldung der Einnahmen vorhanden);Offenlegung der budgetierten Einnahmen;/api/frontend/latest/de/downloads/campaigns/135/forms/1;Budgetzahlen;Gruppe von Kandidierenden (namentliche Auflistung in untenstehender Meldung der Einnahmen vorhanden);Zug;Schweizerische Volkspartei;Kampagnenfinanzierung
de;135;2;campaign_financings;all;1;22.10.2023 Nationalratswahlen 2023;2023;campaign_financing;Juristische Personen oder Personengesellschaften;205;Schweizerische Volkspartei des Kantons und Freistaates Zug, Zug;135;Unterstützte Kandidierende: 18 (namentliche Auflistung in untenstehender Meldung der Einnahmen vorhanden);Offenlegung von Zuwendungen über 15 000 Franken;/api/frontend/latest/de/downloads/campaigns/135/forms/2;Budgetzahlen;Gruppe von Kandidierenden (namentliche Auflistung in untenstehender Meldung der Einnahmen vorhanden);Zug;Schweizerische Volkspartei;Kampagnenfinanzierung
de;135;5;campaign_financings;all;1;22.10.2023 Nationalratswahlen 2023;2023;campaign_financing;Juristische Personen oder Personengesellschaften;205;Schweizerische Volkspartei des Kantons und Freistaates Zug, Zug;135;Unterstützte Kandidierende: 18 (namentliche Auflistung in untenstehender Meldung der Einnahmen vorhanden);Offenlegung der Schlussrechnung über die Einnahmen;/api/frontend/latest/de/downloads/campaigns/135/forms/5;Definitive Zahlen;Gruppe von Kandidierenden (namentliche Auflistung in untenstehender Meldung der Einnahmen vorhanden);Zug;Schweizerische Volkspartei;Kampagnenfinanzierung
de;135;6;campaign_financings;all;1;22.10.2023 Nationalratswahlen 2023;2023;campaign_financing;Juristische Personen oder Personengesellschaften;205;Schweizerische Volkspartei des Kantons und Freistaates Zug, Zug;135;Unterstützte Kandidierende: 18 (namentliche Auflistung in untenstehender Meldung der Einnahmen vorhanden);Offenlegung von Zuwendungen über 15 000 Franken (Schlussrechnung);/api/frontend/latest/de/downloads/campaigns/135/forms/6;Definitive Zahlen;Gruppe von Kandidierenden (namentliche Auflistung in untenstehender Meldung der Einnahmen vorhanden);Zug;Schweizerische Volkspartei;Kampagnenfinanzierung
de;136;1;campaign_financings;all;1;22.10.2023 Nationalratswahlen 2023;2023;campaign_financing;Juristische Personen oder Personengesellschaften;196;Schweizerische Volkspartei des Kantons St. Gallen, St. Gallen;136;Unterstützte Kandidierende: 12 (namentliche Auflistung in untenstehender Meldung der Einnahmen vorhanden);Offenlegung der budgetierten Einnahmen;/api/frontend/latest/de/downloads/campaigns/136/forms/1;Budgetzahlen;Gruppe von Kandidierenden (namentliche Auflistung in untenstehender Meldung der Einnahmen vorhanden);St. Gallen;Schweizerische Volkspartei;Kampagnenfinanzierung
de;136;2;campaign_financings;all;1;22.10.2023 Nationalratswahlen 2023;2023;campaign_financing;Juristische Personen oder Personengesellschaften;196;Schweizerische Volkspartei des Kantons St. Gallen, St. Gallen;136;Unterstützte Kandidierende: 12 (namentliche Auflistung in untenstehender Meldung der Einnahmen vorhanden);Offenlegung von Zuwendungen über 15 000 Franken;/api/frontend/latest/de/downloads/campaigns/136/forms/2;Budgetzahlen;Gruppe von Kandidierenden (namentliche Auflistung in untenstehender Meldung der Einnahmen vorhanden);St. Gallen;Schweizerische Volkspartei;Kampagnenfinanzierung
de;136;5;campaign_financings;all;1;22.10.2023 Nationalratswahlen 2023;2023;campaign_financing;Juristische Personen oder Personengesellschaften;196;Schweizerische Volkspartei des Kantons St. Gallen, St. Gallen;136;Unterstützte Kandidierende: 12 (namentliche Auflistung in untenstehender Meldung der Einnahmen vorhanden);Offenlegung der Schlussrechnung über die Einnahmen;/api/frontend/latest/de/downloads/campaigns/136/forms/5;Definitive Zahlen;Gruppe von Kandidierenden (namentliche Auflistung in untenstehender Meldung der Einnahmen vorhanden);St. Gallen;Schweizerische Volkspartei;Kampagnenfinanzierung
de;136;6;campaign_financings;all;1;22.10.2023 Nationalratswahlen 2023;2023;campaign_financing;Juristische Personen oder Personengesellschaften;196;Schweizerische Volkspartei des Kantons St. Gallen, St. Gallen;136;Unterstützte Kandidierende: 12 (namentliche Auflistung in untenstehender Meldung der Einnahmen vorhanden);Offenlegung von Zuwendungen über 15 000 Franken (Schlussrechnung);/api/frontend/latest/de/downloads/campaigns/136/forms/6;Definitive Zahlen;Gruppe von Kandidierenden (namentliche Auflistung in untenstehender Meldung der Einnahmen vorhanden);St. Gallen;Schweizerische Volkspartei;Kampagnenfinanzierung
de;137;1;campaign_financings;all;1;22.10.2023 Nationalratswahlen 2023;2023;campaign_financing;Natürliche Personen;154;Sollberger Sandra, Liestal;137;Sollberger Sandra (Basel-Landschaft, Schweizerische Volkspartei);Offenlegung der budgetierten Einnahmen;/api/frontend/latest/de/downloads/campaigns/137/forms/1;Budgetzahlen;Einzelperson;Basel-Landschaft;Schweizerische Volkspartei;Kampagnenfinanzierung
de;138;1;campaign_financings;all;1;22.10.2023 Nationalratswahlen 2023;2023;campaign_financing;Juristische Personen oder Personengesellschaften;172;FDP.Die Liberalen Basel-Stadt, Basel;138;Unterstützte Kandidierende: 12 (namentliche Auflistung in untenstehender Meldung der Einnahmen vorhanden);Offenlegung der budgetierten Einnahmen;/api/frontend/latest/de/downloads/campaigns/138/forms/1;Budgetzahlen;Gruppe von Kandidierenden (namentliche Auflistung in untenstehender Meldung der Einnahmen vorhanden);Basel-Stadt;FDP.Die Liberalen;Kampagnenfinanzierung
de;138;5;campaign_financings;all;1;22.10.2023 Nationalratswahlen 2023;2023;campaign_financing;Juristische Personen oder Personengesellschaften;172;FDP.Die Liberalen Basel-Stadt, Basel;138;Unterstützte Kandidierende: 12 (namentliche Auflistung in untenstehender Meldung der Einnahmen vorhanden);Offenlegung der Schlussrechnung über die Einnahmen;/api/frontend/latest/de/downloads/campaigns/138/forms/5;Definitive Zahlen;Gruppe von Kandidierenden (namentliche Auflistung in untenstehender Meldung der Einnahmen vorhanden);Basel-Stadt;FDP.Die Liberalen;Kampagnenfinanzierung
de;139;1;campaign_financings;all;1;22.10.2023 Nationalratswahlen 2023;2023;campaign_financing;Juristische Personen oder Personengesellschaften;203;Klima-Allianz Schweiz, Genf;139;"Klimademo vom 30. September 2023; parteipolitisch neutral will die Klima-Allianz Schweiz die Bevölkerung und die Politik an die Notwendigkeit des raschen Handelns beim Klimaschutz erinnern (schweizweit, Unabhängig)";Offenlegung der budgetierten Einnahmen;/api/frontend/latest/de/downloads/campaigns/139/forms/1;Budgetzahlen;Gruppe von Kandidierenden (Einzelauflistung nicht möglich);schweizweit;Unabhängig;Kampagnenfinanzierung
de;139;2;campaign_financings;all;1;22.10.2023 Nationalratswahlen 2023;2023;campaign_financing;Juristische Personen oder Personengesellschaften;203;Klima-Allianz Schweiz, Genf;139;"Klimademo vom 30. September 2023; parteipolitisch neutral will die Klima-Allianz Schweiz die Bevölkerung und die Politik an die Notwendigkeit des raschen Handelns beim Klimaschutz erinnern (schweizweit, Unabhängig)";Offenlegung von Zuwendungen über 15 000 Franken;/api/frontend/latest/de/downloads/campaigns/139/forms/2;Budgetzahlen;Gruppe von Kandidierenden (Einzelauflistung nicht möglich);schweizweit;Unabhängig;Kampagnenfinanzierung
de;139;5;campaign_financings;all;1;22.10.2023 Nationalratswahlen 2023;2023;campaign_financing;Juristische Personen oder Personengesellschaften;203;Klima-Allianz Schweiz, Genf;139;"Klimademo vom 30. September 2023; parteipolitisch neutral will die Klima-Allianz Schweiz die Bevölkerung und die Politik an die Notwendigkeit des raschen Handelns beim Klimaschutz erinnern (schweizweit, Unabhängig)";Offenlegung der Schlussrechnung über die Einnahmen;/api/frontend/latest/de/downloads/campaigns/139/forms/5;Definitive Zahlen;Gruppe von Kandidierenden (Einzelauflistung nicht möglich);schweizweit;Unabhängig;Kampagnenfinanzierung
de;139;6;campaign_financings;all;1;22.10.2023 Nationalratswahlen 2023;2023;campaign_financing;Juristische Personen oder Personengesellschaften;203;Klima-Allianz Schweiz, Genf;139;"Klimademo vom 30. September 2023; parteipolitisch neutral will die Klima-Allianz Schweiz die Bevölkerung und die Politik an die Notwendigkeit des raschen Handelns beim Klimaschutz erinnern (schweizweit, Unabhängig)";Offenlegung von Zuwendungen über 15 000 Franken (Schlussrechnung);/api/frontend/latest/de/downloads/campaigns/139/forms/6;Definitive Zahlen;Gruppe von Kandidierenden (Einzelauflistung nicht möglich);schweizweit;Unabhängig;Kampagnenfinanzierung
de;14;1;campaign_financings;all;1;22.10.2023 Nationalratswahlen 2023;2023;campaign_financing;Juristische Personen oder Personengesellschaften;69;Kantonaler Gewerbeverband St. Gallen, St. Gallen;14;Unterstützte Kandidierende: 12 (namentliche Auflistung in untenstehender Meldung der Einnahmen vorhanden);Offenlegung der budgetierten Einnahmen;/api/frontend/latest/de/downloads/campaigns/14/forms/1;Budgetzahlen;Gruppe von Kandidierenden (namentliche Auflistung in untenstehender Meldung der Einnahmen vorhanden);St. Gallen;Die Mitte;Kampagnenfinanzierung
de;14;5;campaign_financings;all;1;22.10.2023 Nationalratswahlen 2023;2023;campaign_financing;Juristische Personen oder Personengesellschaften;69;Kantonaler Gewerbeverband St. Gallen, St. Gallen;14;Unterstützte Kandidierende: 12 (namentliche Auflistung in untenstehender Meldung der Einnahmen vorhanden);Offenlegung der Schlussrechnung über die Einnahmen;/api/frontend/latest/de/downloads/campaigns/14/forms/5;Definitive Zahlen;Gruppe von Kandidierenden (namentliche Auflistung in untenstehender Meldung der Einnahmen vorhanden);St. Gallen;Die Mitte;Kampagnenfinanzierung
de;140;1;campaign_financings;all;1;22.10.2023 Nationalratswahlen 2023;2023;campaign_financing;Juristische Personen oder Personengesellschaften;149;Schweizerische Volkspartei Ortspartei Udligenswil, Udligenswil;140;Ursprung Jasmin (Luzern, Schweizerische Volkspartei);Offenlegung der budgetierten Einnahmen;/api/frontend/latest/de/downloads/campaigns/140/forms/1;Budgetzahlen;Einzelperson;Luzern;Schweizerische Volkspartei;Kampagnenfinanzierung
de;140;2;campaign_financings;all;1;22.10.2023 Nationalratswahlen 2023;2023;campaign_financing;Juristische Personen oder Personengesellschaften;149;Schweizerische Volkspartei Ortspartei Udligenswil, Udligenswil;140;Ursprung Jasmin (Luzern, Schweizerische Volkspartei);Offenlegung von Zuwendungen über 15 000 Franken;/api/frontend/latest/de/downloads/campaigns/140/forms/2;Budgetzahlen;Einzelperson;Luzern;Schweizerische Volkspartei;Kampagnenfinanzierung
de;140;5;campaign_financings;all;1;22.10.2023 Nationalratswahlen 2023;2023;campaign_financing;Juristische Personen oder Personengesellschaften;149;Schweizerische Volkspartei Ortspartei Udligenswil, Udligenswil;140;Ursprung Jasmin (Luzern, Schweizerische Volkspartei);Offenlegung der Schlussrechnung über die Einnahmen;/api/frontend/latest/de/downloads/campaigns/140/forms/5;Definitive Zahlen;Einzelperson;Luzern;Schweizerische Volkspartei;Kampagnenfinanzierung
de;140;6;campaign_financings;all;1;22.10.2023 Nationalratswahlen 2023;2023;campaign_financing;Juristische Personen oder Personengesellschaften;149;Schweizerische Volkspartei Ortspartei Udligenswil, Udligenswil;140;Ursprung Jasmin (Luzern, Schweizerische Volkspartei);Offenlegung von Zuwendungen über 15 000 Franken (Schlussrechnung);/api/frontend/latest/de/downloads/campaigns/140/forms/6;Definitive Zahlen;Einzelperson;Luzern;Schweizerische Volkspartei;Kampagnenfinanzierung
de;141;1;campaign_financings;all;1;22.10.2023 Nationalratswahlen 2023;2023;campaign_financing;Juristische Personen oder Personengesellschaften;106;Schweizerische Volkspartei des Bezirkes Winterthur, Hünikon (Neftenbach);141;Unterstützte Kandidierende: 5 (namentliche Auflistung in untenstehender Meldung der Einnahmen vorhanden);Offenlegung der budgetierten Einnahmen;/api/frontend/latest/de/downloads/campaigns/141/forms/1;Budgetzahlen;Gruppe von Kandidierenden (namentliche Auflistung in untenstehender Meldung der Einnahmen vorhanden);Zürich;Schweizerische Volkspartei;Kampagnenfinanzierung
de;141;5;campaign_financings;all;1;22.10.2023 Nationalratswahlen 2023;2023;campaign_financing;Juristische Personen oder Personengesellschaften;106;Schweizerische Volkspartei des Bezirkes Winterthur, Hünikon (Neftenbach);141;Unterstützte Kandidierende: 5 (namentliche Auflistung in untenstehender Meldung der Einnahmen vorhanden);Offenlegung der Schlussrechnung über die Einnahmen;/api/frontend/latest/de/downloads/campaigns/141/forms/5;Definitive Zahlen;Gruppe von Kandidierenden (namentliche Auflistung in untenstehender Meldung der Einnahmen vorhanden);Zürich;Schweizerische Volkspartei;Kampagnenfinanzierung
de;141;6;campaign_financings;all;1;22.10.2023 Nationalratswahlen 2023;2023;campaign_financing;Juristische Personen oder Personengesellschaften;106;Schweizerische Volkspartei des Bezirkes Winterthur, Hünikon (Neftenbach);141;Unterstützte Kandidierende: 5 (namentliche Auflistung in untenstehender Meldung der Einnahmen vorhanden);Offenlegung von Zuwendungen über 15 000 Franken (Schlussrechnung);/api/frontend/latest/de/downloads/campaigns/141/forms/6;Definitive Zahlen;Gruppe von Kandidierenden (namentliche Auflistung in untenstehender Meldung der Einnahmen vorhanden);Zürich;Schweizerische Volkspartei;Kampagnenfinanzierung
de;142;1;campaign_financings;all;1;22.10.2023 Nationalratswahlen 2023;2023;campaign_financing;Natürliche Personen;182;Freiermuth Sabine, Zofingen;142;Freiermuth Sabina (Aargau, FDP.Die Liberalen);Offenlegung der budgetierten Einnahmen;/api/frontend/latest/de/downloads/campaigns/142/forms/1;Budgetzahlen;Einzelperson;Aargau;FDP.Die Liberalen;Kampagnenfinanzierung
de;142;5;campaign_financings;all;1;22.10.2023 Nationalratswahlen 2023;2023;campaign_financing;Natürliche Personen;182;Freiermuth Sabine, Zofingen;142;Freiermuth Sabina (Aargau, FDP.Die Liberalen);Offenlegung der Schlussrechnung über die Einnahmen;/api/frontend/latest/de/downloads/campaigns/142/forms/5;Definitive Zahlen;Einzelperson;Aargau;FDP.Die Liberalen;Kampagnenfinanzierung
de;143;1;campaign_financings;all;1;22.10.2023 Nationalratswahlen 2023;2023;campaign_financing;Juristische Personen oder Personengesellschaften;23;Grünliberale Partei Basel-Stadt, Riehen;143;Unterstützte Kandidierende: 28 (namentliche Auflistung in untenstehender Meldung der Einnahmen vorhanden);Offenlegung der budgetierten Einnahmen;/api/frontend/latest/de/downloads/campaigns/143/forms/1;Budgetzahlen;Gruppe von Kandidierenden (namentliche Auflistung in untenstehender Meldung der Einnahmen vorhanden);Basel-Stadt;Grünliberale Partei;Kampagnenfinanzierung
de;143;5;campaign_financings;all;1;22.10.2023 Nationalratswahlen 2023;2023;campaign_financing;Juristische Personen oder Personengesellschaften;23;Grünliberale Partei Basel-Stadt, Riehen;143;Unterstützte Kandidierende: 28 (namentliche Auflistung in untenstehender Meldung der Einnahmen vorhanden);Offenlegung der Schlussrechnung über die Einnahmen;/api/frontend/latest/de/downloads/campaigns/143/forms/5;Definitive Zahlen;Gruppe von Kandidierenden (namentliche Auflistung in untenstehender Meldung der Einnahmen vorhanden);Basel-Stadt;Grünliberale Partei;Kampagnenfinanzierung
de;144;1;campaign_financings;all;1;22.10.2023 Nationalratswahlen 2023;2023;campaign_financing;Juristische Personen oder Personengesellschaften;105;Schweizerische Volkspartei Oberwallis, Brig;144;Unterstützte Kandidierende: 17 (namentliche Auflistung in untenstehender Meldung der Einnahmen vorhanden);Offenlegung der budgetierten Einnahmen;/api/frontend/latest/de/downloads/campaigns/144/forms/1;Budgetzahlen;Gruppe von Kandidierenden (namentliche Auflistung in untenstehender Meldung der Einnahmen vorhanden);Wallis;Schweizerische Volkspartei;Kampagnenfinanzierung
de;144;2;campaign_financings;all;1;22.10.2023 Nationalratswahlen 2023;2023;campaign_financing;Juristische Personen oder Personengesellschaften;105;Schweizerische Volkspartei Oberwallis, Brig;144;Unterstützte Kandidierende: 17 (namentliche Auflistung in untenstehender Meldung der Einnahmen vorhanden);Offenlegung von Zuwendungen über 15 000 Franken;/api/frontend/latest/de/downloads/campaigns/144/forms/2;Budgetzahlen;Gruppe von Kandidierenden (namentliche Auflistung in untenstehender Meldung der Einnahmen vorhanden);Wallis;Schweizerische Volkspartei;Kampagnenfinanzierung
de;144;5;campaign_financings;all;1;22.10.2023 Nationalratswahlen 2023;2023;campaign_financing;Juristische Personen oder Personengesellschaften;105;Schweizerische Volkspartei Oberwallis, Brig;144;Unterstützte Kandidierende: 17 (namentliche Auflistung in untenstehender Meldung der Einnahmen vorhanden);Offenlegung der Schlussrechnung über die Einnahmen;/api/frontend/latest/de/downloads/campaigns/144/forms/5;Definitive Zahlen;Gruppe von Kandidierenden (namentliche Auflistung in untenstehender Meldung der Einnahmen vorhanden);Wallis;Schweizerische Volkspartei;Kampagnenfinanzierung
de;144;6;campaign_financings;all;1;22.10.2023 Nationalratswahlen 2023;2023;campaign_financing;Juristische Personen oder Personengesellschaften;105;Schweizerische Volkspartei Oberwallis, Brig;144;Unterstützte Kandidierende: 17 (namentliche Auflistung in untenstehender Meldung der Einnahmen vorhanden);Offenlegung von Zuwendungen über 15 000 Franken (Schlussrechnung);/api/frontend/latest/de/downloads/campaigns/144/forms/6;Definitive Zahlen;Gruppe von Kandidierenden (namentliche Auflistung in untenstehender Meldung der Einnahmen vorhanden);Wallis;Schweizerische Volkspartei;Kampagnenfinanzierung
de;145;1;campaign_financings;all;1;22.10.2023 Nationalratswahlen 2023;2023;campaign_financing;Juristische Personen oder Personengesellschaften;36;Sozialdemokratische Partei des Kantons Zürich, Zürich;145;Unterstützte Kandidierende: 37 (namentliche Auflistung in untenstehender Meldung der Einnahmen vorhanden);Offenlegung der budgetierten Einnahmen;/api/frontend/latest/de/downloads/campaigns/145/forms/1;Budgetzahlen;Gruppe von Kandidierenden (namentliche Auflistung in untenstehender Meldung der Einnahmen vorhanden);Zürich;Sozialdemokratische Partei der Schweiz;Kampagnenfinanzierung
de;145;2;campaign_financings;all;1;22.10.2023 Nationalratswahlen 2023;2023;campaign_financing;Juristische Personen oder Personengesellschaften;36;Sozialdemokratische Partei des Kantons Zürich, Zürich;145;Unterstützte Kandidierende: 37 (namentliche Auflistung in untenstehender Meldung der Einnahmen vorhanden);Offenlegung von Zuwendungen über 15 000 Franken;/api/frontend/latest/de/downloads/campaigns/145/forms/2;Budgetzahlen;Gruppe von Kandidierenden (namentliche Auflistung in untenstehender Meldung der Einnahmen vorhanden);Zürich;Sozialdemokratische Partei der Schweiz;Kampagnenfinanzierung
de;145;5;campaign_financings;all;1;22.10.2023 Nationalratswahlen 2023;2023;campaign_financing;Juristische Personen oder Personengesellschaften;36;Sozialdemokratische Partei des Kantons Zürich, Zürich;145;Unterstützte Kandidierende: 37 (namentliche Auflistung in untenstehender Meldung der Einnahmen vorhanden);Offenlegung der Schlussrechnung über die Einnahmen;/api/frontend/latest/de/downloads/campaigns/145/forms/5;Definitive Zahlen;Gruppe von Kandidierenden (namentliche Auflistung in untenstehender Meldung der Einnahmen vorhanden);Zürich;Sozialdemokratische Partei der Schweiz;Kampagnenfinanzierung
de;145;6;campaign_financings;all;1;22.10.2023 Nationalratswahlen 2023;2023;campaign_financing;Juristische Personen oder Personengesellschaften;36;Sozialdemokratische Partei des Kantons Zürich, Zürich;145;Unterstützte Kandidierende: 37 (namentliche Auflistung in untenstehender Meldung der Einnahmen vorhanden);Offenlegung von Zuwendungen über 15 000 Franken (Schlussrechnung);/api/frontend/latest/de/downloads/campaigns/145/forms/6;Definitive Zahlen;Gruppe von Kandidierenden (namentliche Auflistung in untenstehender Meldung der Einnahmen vorhanden);Zürich;Sozialdemokratische Partei der Schweiz;Kampagnenfinanzierung
de;146;1;campaign_financings;all;1;22.10.2023 Nationalratswahlen 2023;2023;campaign_financing;Juristische Personen oder Personengesellschaften;58;Parti vert'libéral genevois, Genève;146;Unterstützte Kandidierende: 43 (namentliche Auflistung in untenstehender Meldung der Einnahmen vorhanden);Offenlegung der budgetierten Einnahmen;/api/frontend/latest/de/downloads/campaigns/146/forms/1;Budgetzahlen;Gruppe von Kandidierenden (namentliche Auflistung in untenstehender Meldung der Einnahmen vorhanden);Genf;Grünliberale Partei;Kampagnenfinanzierung
de;146;5;campaign_financings;all;1;22.10.2023 Nationalratswahlen 2023;2023;campaign_financing;Juristische Personen oder Personengesellschaften;58;Parti vert'libéral genevois, Genève;146;Unterstützte Kandidierende: 43 (namentliche Auflistung in untenstehender Meldung der Einnahmen vorhanden);Offenlegung der Schlussrechnung über die Einnahmen;/api/frontend/latest/de/downloads/campaigns/146/forms/5;Definitive Zahlen;Gruppe von Kandidierenden (namentliche Auflistung in untenstehender Meldung der Einnahmen vorhanden);Genf;Grünliberale Partei;Kampagnenfinanzierung
de;147;1;campaign_financings;all;1;22.10.2023 Nationalratswahlen 2023;2023;campaign_financing;Juristische Personen oder Personengesellschaften;206;Le Centre Valais romand, Sion;147;Unterstützte Kandidierende: 6 (namentliche Auflistung in untenstehender Meldung der Einnahmen vorhanden);Offenlegung der budgetierten Einnahmen;/api/frontend/latest/de/downloads/campaigns/147/forms/1;Budgetzahlen;Gruppe von Kandidierenden (namentliche Auflistung in untenstehender Meldung der Einnahmen vorhanden);Wallis;Die Mitte;Kampagnenfinanzierung
de;147;5;campaign_financings;all;1;22.10.2023 Nationalratswahlen 2023;2023;campaign_financing;Juristische Personen oder Personengesellschaften;206;Le Centre Valais romand, Sion;147;Unterstützte Kandidierende: 6 (namentliche Auflistung in untenstehender Meldung der Einnahmen vorhanden);Offenlegung der Schlussrechnung über die Einnahmen;/api/frontend/latest/de/downloads/campaigns/147/forms/5;Definitive Zahlen;Gruppe von Kandidierenden (namentliche Auflistung in untenstehender Meldung der Einnahmen vorhanden);Wallis;Die Mitte;Kampagnenfinanzierung
de;149;1;campaign_financings;all;1;22.10.2023 Nationalratswahlen 2023;2023;campaign_financing;Juristische Personen oder Personengesellschaften;58;Parti vert'libéral genevois, Genève;149;Matter Michel (Genf, Grünliberale Partei);Offenlegung der budgetierten Einnahmen;/api/frontend/latest/de/downloads/campaigns/149/forms/1;Budgetzahlen;Einzelperson;Genf;Grünliberale Partei;Kampagnenfinanzierung
de;149;2;campaign_financings;all;1;22.10.2023 Nationalratswahlen 2023;2023;campaign_financing;Juristische Personen oder Personengesellschaften;58;Parti vert'libéral genevois, Genève;149;Matter Michel (Genf, Grünliberale Partei);Offenlegung von Zuwendungen über 15 000 Franken;/api/frontend/latest/de/downloads/campaigns/149/forms/2;Budgetzahlen;Einzelperson;Genf;Grünliberale Partei;Kampagnenfinanzierung
de;149;5;campaign_financings;all;1;22.10.2023 Nationalratswahlen 2023;2023;campaign_financing;Juristische Personen oder Personengesellschaften;58;Parti vert'libéral genevois, Genève;149;Matter Michel (Genf, Grünliberale Partei);Offenlegung der Schlussrechnung über die Einnahmen;/api/frontend/latest/de/downloads/campaigns/149/forms/5;Definitive Zahlen;Einzelperson;Genf;Grünliberale Partei;Kampagnenfinanzierung
de;149;6;campaign_financings;all;1;22.10.2023 Nationalratswahlen 2023;2023;campaign_financing;Juristische Personen oder Personengesellschaften;58;Parti vert'libéral genevois, Genève;149;Matter Michel (Genf, Grünliberale Partei);Offenlegung von Zuwendungen über 15 000 Franken (Schlussrechnung);/api/frontend/latest/de/downloads/campaigns/149/forms/6;Definitive Zahlen;Einzelperson;Genf;Grünliberale Partei;Kampagnenfinanzierung
de;150;1;campaign_financings;all;1;22.10.2023 Nationalratswahlen 2023;2023;campaign_financing;Juristische Personen oder Personengesellschaften;68;Parti socialiste genevois, Genève;150;Unterstützte Kandidierende: 12 (namentliche Auflistung in untenstehender Meldung der Einnahmen vorhanden);Offenlegung der budgetierten Einnahmen;/api/frontend/latest/de/downloads/campaigns/150/forms/1;Budgetzahlen;Gruppe von Kandidierenden (namentliche Auflistung in untenstehender Meldung der Einnahmen vorhanden);Genf;Sozialdemokratische Partei der Schweiz;Kampagnenfinanzierung
de;150;5;campaign_financings;all;1;22.10.2023 Nationalratswahlen 2023;2023;campaign_financing;Juristische Personen oder Personengesellschaften;68;Parti socialiste genevois, Genève;150;Unterstützte Kandidierende: 12 (namentliche Auflistung in untenstehender Meldung der Einnahmen vorhanden);Offenlegung der Schlussrechnung über die Einnahmen;/api/frontend/latest/de/downloads/campaigns/150/forms/5;Definitive Zahlen;Gruppe von Kandidierenden (namentliche Auflistung in untenstehender Meldung der Einnahmen vorhanden);Genf;Sozialdemokratische Partei der Schweiz;Kampagnenfinanzierung
de;151;1;campaign_financings;all;1;22.10.2023 Nationalratswahlen 2023;2023;campaign_financing;Juristische Personen oder Personengesellschaften;218;Jill Nussbaumer in den Nationalrat, Zug;151;Nussbaumer Jill (Zug, FDP.Die Liberalen);Offenlegung der budgetierten Einnahmen;/api/frontend/latest/de/downloads/campaigns/151/forms/1;Budgetzahlen;Einzelperson;Zug;FDP.Die Liberalen;Kampagnenfinanzierung
de;151;2;campaign_financings;all;1;22.10.2023 Nationalratswahlen 2023;2023;campaign_financing;Juristische Personen oder Personengesellschaften;218;Jill Nussbaumer in den Nationalrat, Zug;151;Nussbaumer Jill (Zug, FDP.Die Liberalen);Offenlegung von Zuwendungen über 15 000 Franken;/api/frontend/latest/de/downloads/campaigns/151/forms/2;Budgetzahlen;Einzelperson;Zug;FDP.Die Liberalen;Kampagnenfinanzierung
de;151;5;campaign_financings;all;1;22.10.2023 Nationalratswahlen 2023;2023;campaign_financing;Juristische Personen oder Personengesellschaften;218;Jill Nussbaumer in den Nationalrat, Zug;151;Nussbaumer Jill (Zug, FDP.Die Liberalen);Offenlegung der Schlussrechnung über die Einnahmen;/api/frontend/latest/de/downloads/campaigns/151/forms/5;Definitive Zahlen;Einzelperson;Zug;FDP.Die Liberalen;Kampagnenfinanzierung
de;152;1;campaign_financings;all;1;22.10.2023 Nationalratswahlen 2023;2023;campaign_financing;Juristische Personen oder Personengesellschaften;197;Union démocratique du centre du Canton de Vaud, Lausanne;152;Unterstützte Kandidierende: 38 (namentliche Auflistung in untenstehender Meldung der Einnahmen vorhanden);Offenlegung der budgetierten Einnahmen;/api/frontend/latest/de/downloads/campaigns/152/forms/1;Budgetzahlen;Gruppe von Kandidierenden (namentliche Auflistung in untenstehender Meldung der Einnahmen vorhanden);Waadt;Schweizerische Volkspartei;Kampagnenfinanzierung
de;152;5;campaign_financings;all;1;22.10.2023 Nationalratswahlen 2023;2023;campaign_financing;Juristische Personen oder Personengesellschaften;197;Union démocratique du centre du Canton de Vaud, Lausanne;152;Unterstützte Kandidierende: 38 (namentliche Auflistung in untenstehender Meldung der Einnahmen vorhanden);Offenlegung der Schlussrechnung über die Einnahmen;/api/frontend/latest/de/downloads/campaigns/152/forms/5;Definitive Zahlen;Gruppe von Kandidierenden (namentliche Auflistung in untenstehender Meldung der Einnahmen vorhanden);Waadt;Schweizerische Volkspartei;Kampagnenfinanzierung
de;153;1;campaign_financings;all;1;22.10.2023 Nationalratswahlen 2023;2023;campaign_financing;Juristische Personen oder Personengesellschaften;170;WWF Schweiz, Zürich;153;Wahlen 2023 - Umweltrating, Information und Mobilisierung (keine finanzielle Unterstützung von Parteien oder Kandidierenden) (schweizweit, Unabhängig);Offenlegung der budgetierten Einnahmen;/api/frontend/latest/de/downloads/campaigns/153/forms/1;Budgetzahlen;Gruppe von Kandidierenden (Einzelauflistung nicht möglich);schweizweit;Unabhängig;Kampagnenfinanzierung
de;153;2;campaign_financings;all;1;22.10.2023 Nationalratswahlen 2023;2023;campaign_financing;Juristische Personen oder Personengesellschaften;170;WWF Schweiz, Zürich;153;Wahlen 2023 - Umweltrating, Information und Mobilisierung (keine finanzielle Unterstützung von Parteien oder Kandidierenden) (schweizweit, Unabhängig);Offenlegung von Zuwendungen über 15 000 Franken;/api/frontend/latest/de/downloads/campaigns/153/forms/2;Budgetzahlen;Gruppe von Kandidierenden (Einzelauflistung nicht möglich);schweizweit;Unabhängig;Kampagnenfinanzierung
de;153;5;campaign_financings;all;1;22.10.2023 Nationalratswahlen 2023;2023;campaign_financing;Juristische Personen oder Personengesellschaften;170;WWF Schweiz, Zürich;153;Wahlen 2023 - Umweltrating, Information und Mobilisierung (keine finanzielle Unterstützung von Parteien oder Kandidierenden) (schweizweit, Unabhängig);Offenlegung der Schlussrechnung über die Einnahmen;/api/frontend/latest/de/downloads/campaigns/153/forms/5;Definitive Zahlen;Gruppe von Kandidierenden (Einzelauflistung nicht möglich);schweizweit;Unabhängig;Kampagnenfinanzierung
de;153;6;campaign_financings;all;1;22.10.2023 Nationalratswahlen 2023;2023;campaign_financing;Juristische Personen oder Personengesellschaften;170;WWF Schweiz, Zürich;153;Wahlen 2023 - Umweltrating, Information und Mobilisierung (keine finanzielle Unterstützung von Parteien oder Kandidierenden) (schweizweit, Unabhängig);Offenlegung von Zuwendungen über 15 000 Franken (Schlussrechnung);/api/frontend/latest/de/downloads/campaigns/153/forms/6;Definitive Zahlen;Gruppe von Kandidierenden (Einzelauflistung nicht möglich);schweizweit;Unabhängig;Kampagnenfinanzierung
de;155;1;campaign_financings;all;1;22.10.2023 Nationalratswahlen 2023;2023;campaign_financing;Natürliche Personen;199;Gartmann Walter, Mädris - Mels;155;Gartmann Walter (St. Gallen, Schweizerische Volkspartei);Offenlegung der budgetierten Einnahmen;/api/frontend/latest/de/downloads/campaigns/155/forms/1;Budgetzahlen;Einzelperson;St. Gallen;Schweizerische Volkspartei;Kampagnenfinanzierung
de;155;5;campaign_financings;all;1;22.10.2023 Nationalratswahlen 2023;2023;campaign_financing;Natürliche Personen;199;Gartmann Walter, Mädris - Mels;155;Gartmann Walter (St. Gallen, Schweizerische Volkspartei);Offenlegung der Schlussrechnung über die Einnahmen;/api/frontend/latest/de/downloads/campaigns/155/forms/5;Definitive Zahlen;Einzelperson;St. Gallen;Schweizerische Volkspartei;Kampagnenfinanzierung
de;156;1;campaign_financings;all;1;22.10.2023 Nationalratswahlen 2023;2023;campaign_financing;Juristische Personen oder Personengesellschaften;216;Junge Grüne Schweiz, Bern;156;Kandidierende Junge Grüne Schweiz (schweizweit, GRÜNE Schweiz);Offenlegung der budgetierten Einnahmen;/api/frontend/latest/de/downloads/campaigns/156/forms/1;Budgetzahlen;Gruppe von Kandidierenden (Einzelauflistung nicht möglich);schweizweit;GRÜNE Schweiz;Kampagnenfinanzierung
de;156;2;campaign_financings;all;1;22.10.2023 Nationalratswahlen 2023;2023;campaign_financing;Juristische Personen oder Personengesellschaften;216;Junge Grüne Schweiz, Bern;156;Kandidierende Junge Grüne Schweiz (schweizweit, GRÜNE Schweiz);Offenlegung von Zuwendungen über 15 000 Franken;/api/frontend/latest/de/downloads/campaigns/156/forms/2;Budgetzahlen;Gruppe von Kandidierenden (Einzelauflistung nicht möglich);schweizweit;GRÜNE Schweiz;Kampagnenfinanzierung
de;156;5;campaign_financings;all;1;22.10.2023 Nationalratswahlen 2023;2023;campaign_financing;Juristische Personen oder Personengesellschaften;216;Junge Grüne Schweiz, Bern;156;Kandidierende Junge Grüne Schweiz (schweizweit, GRÜNE Schweiz);Offenlegung der Schlussrechnung über die Einnahmen;/api/frontend/latest/de/downloads/campaigns/156/forms/5;Definitive Zahlen;Gruppe von Kandidierenden (Einzelauflistung nicht möglich);schweizweit;GRÜNE Schweiz;Kampagnenfinanzierung
de;156;6;campaign_financings;all;1;22.10.2023 Nationalratswahlen 2023;2023;campaign_financing;Juristische Personen oder Personengesellschaften;216;Junge Grüne Schweiz, Bern;156;Kandidierende Junge Grüne Schweiz (schweizweit, GRÜNE Schweiz);Offenlegung von Zuwendungen über 15 000 Franken (Schlussrechnung);/api/frontend/latest/de/downloads/campaigns/156/forms/6;Definitive Zahlen;Gruppe von Kandidierenden (Einzelauflistung nicht möglich);schweizweit;GRÜNE Schweiz;Kampagnenfinanzierung
de;157;1;campaign_financings;all;1;22.10.2023 Nationalratswahlen 2023;2023;campaign_financing;Juristische Personen oder Personengesellschaften;124;Parti vert'libéral vaudois, Pully;157;Unterstützte Kandidierende: 36 (namentliche Auflistung in untenstehender Meldung der Einnahmen vorhanden);Offenlegung der budgetierten Einnahmen;/api/frontend/latest/de/downloads/campaigns/157/forms/1;Budgetzahlen;Gruppe von Kandidierenden (namentliche Auflistung in untenstehender Meldung der Einnahmen vorhanden);Waadt;Grünliberale Partei;Kampagnenfinanzierung
de;157;5;campaign_financings;all;1;22.10.2023 Nationalratswahlen 2023;2023;campaign_financing;Juristische Personen oder Personengesellschaften;124;Parti vert'libéral vaudois, Pully;157;Unterstützte Kandidierende: 36 (namentliche Auflistung in untenstehender Meldung der Einnahmen vorhanden);Offenlegung der Schlussrechnung über die Einnahmen;/api/frontend/latest/de/downloads/campaigns/157/forms/5;Definitive Zahlen;Gruppe von Kandidierenden (namentliche Auflistung in untenstehender Meldung der Einnahmen vorhanden);Waadt;Grünliberale Partei;Kampagnenfinanzierung
de;158;1;campaign_financings;all;1;22.10.2023 Nationalratswahlen 2023;2023;campaign_financing;Juristische Personen oder Personengesellschaften;219;Evangelische Volkspartei der Schweiz, Bern;158;EVP Schweiz (schweizweit, Evangelische Volkspartei der Schweiz);Offenlegung der budgetierten Einnahmen;/api/frontend/latest/de/downloads/campaigns/158/forms/1;Budgetzahlen;Gruppe von Kandidierenden (Einzelauflistung nicht möglich);schweizweit;Evangelische Volkspartei der Schweiz;Kampagnenfinanzierung
de;158;5;campaign_financings;all;1;22.10.2023 Nationalratswahlen 2023;2023;campaign_financing;Juristische Personen oder Personengesellschaften;219;Evangelische Volkspartei der Schweiz, Bern;158;EVP Schweiz (schweizweit, Evangelische Volkspartei der Schweiz);Offenlegung der Schlussrechnung über die Einnahmen;/api/frontend/latest/de/downloads/campaigns/158/forms/5;Definitive Zahlen;Gruppe von Kandidierenden (Einzelauflistung nicht möglich);schweizweit;Evangelische Volkspartei der Schweiz;Kampagnenfinanzierung
de;161;1;campaign_financings;all;1;22.10.2023 Nationalratswahlen 2023;2023;campaign_financing;Juristische Personen oder Personengesellschaften;227;Sozialdemokratische Partei des Kantons Graubünden, Chur;161;Jon Pult, Franziska Preisig, Renate Rutishauser, Michal Hohl, Tobias Rettich (Graubünden, Sozialdemokratische Partei der Schweiz);Offenlegung der budgetierten Einnahmen;/api/frontend/latest/de/downloads/campaigns/161/forms/1;Budgetzahlen;Gruppe von Kandidierenden (Einzelauflistung nicht möglich);Graubünden;Sozialdemokratische Partei der Schweiz;Kampagnenfinanzierung
de;161;5;campaign_financings;all;1;22.10.2023 Nationalratswahlen 2023;2023;campaign_financing;Juristische Personen oder Personengesellschaften;227;Sozialdemokratische Partei des Kantons Graubünden, Chur;161;Jon Pult, Franziska Preisig, Renate Rutishauser, Michal Hohl, Tobias Rettich (Graubünden, Sozialdemokratische Partei der Schweiz);Offenlegung der Schlussrechnung über die Einnahmen;/api/frontend/latest/de/downloads/campaigns/161/forms/5;Definitive Zahlen;Gruppe von Kandidierenden (Einzelauflistung nicht möglich);Graubünden;Sozialdemokratische Partei der Schweiz;Kampagnenfinanzierung
de;162;1;campaign_financings;all;1;22.10.2023 Nationalratswahlen 2023;2023;campaign_financing;Natürliche Personen;143;Trummer Andrea, Glarus;162;Trummer Andrea (Glarus, Die Mitte);Offenlegung der budgetierten Einnahmen;/api/frontend/latest/de/downloads/campaigns/162/forms/1;Budgetzahlen;Einzelperson;Glarus;Die Mitte;Kampagnenfinanzierung
de;162;5;campaign_financings;all;1;22.10.2023 Nationalratswahlen 2023;2023;campaign_financing;Natürliche Personen;143;Trummer Andrea, Glarus;162;Trummer Andrea (Glarus, Die Mitte);Offenlegung der Schlussrechnung über die Einnahmen;/api/frontend/latest/de/downloads/campaigns/162/forms/5;Definitive Zahlen;Einzelperson;Glarus;Die Mitte;Kampagnenfinanzierung
de;163;1;campaign_financings;all;1;22.10.2023 Nationalratswahlen 2023;2023;campaign_financing;Juristische Personen oder Personengesellschaften;225;Grünliberale Kanton Thurgau, Frauenfeld;163;Unterstützte Kandidierende: 6 (namentliche Auflistung in untenstehender Meldung der Einnahmen vorhanden);Offenlegung der budgetierten Einnahmen;/api/frontend/latest/de/downloads/campaigns/163/forms/1;Budgetzahlen;Gruppe von Kandidierenden (namentliche Auflistung in untenstehender Meldung der Einnahmen vorhanden);Thurgau;Grünliberale Partei;Kampagnenfinanzierung
de;163;2;campaign_financings;all;1;22.10.2023 Nationalratswahlen 2023;2023;campaign_financing;Juristische Personen oder Personengesellschaften;225;Grünliberale Kanton Thurgau, Frauenfeld;163;Unterstützte Kandidierende: 6 (namentliche Auflistung in untenstehender Meldung der Einnahmen vorhanden);Offenlegung von Zuwendungen über 15 000 Franken;/api/frontend/latest/de/downloads/campaigns/163/forms/2;Budgetzahlen;Gruppe von Kandidierenden (namentliche Auflistung in untenstehender Meldung der Einnahmen vorhanden);Thurgau;Grünliberale Partei;Kampagnenfinanzierung
de;163;5;campaign_financings;all;1;22.10.2023 Nationalratswahlen 2023;2023;campaign_financing;Juristische Personen oder Personengesellschaften;225;Grünliberale Kanton Thurgau, Frauenfeld;163;Unterstützte Kandidierende: 6 (namentliche Auflistung in untenstehender Meldung der Einnahmen vorhanden);Offenlegung der Schlussrechnung über die Einnahmen;/api/frontend/latest/de/downloads/campaigns/163/forms/5;Definitive Zahlen;Gruppe von Kandidierenden (namentliche Auflistung in untenstehender Meldung der Einnahmen vorhanden);Thurgau;Grünliberale Partei;Kampagnenfinanzierung
de;163;6;campaign_financings;all;1;22.10.2023 Nationalratswahlen 2023;2023;campaign_financing;Juristische Personen oder Personengesellschaften;225;Grünliberale Kanton Thurgau, Frauenfeld;163;Unterstützte Kandidierende: 6 (namentliche Auflistung in untenstehender Meldung der Einnahmen vorhanden);Offenlegung von Zuwendungen über 15 000 Franken (Schlussrechnung);/api/frontend/latest/de/downloads/campaigns/163/forms/6;Definitive Zahlen;Gruppe von Kandidierenden (namentliche Auflistung in untenstehender Meldung der Einnahmen vorhanden);Thurgau;Grünliberale Partei;Kampagnenfinanzierung
de;164;1;campaign_financings;all;1;22.10.2023 Nationalratswahlen 2023;2023;campaign_financing;Natürliche Personen;211;Schläpfer Therese, Hagenbuch;164;Schläpfer Therese (Zürich, Schweizerische Volkspartei);Offenlegung der budgetierten Einnahmen;/api/frontend/latest/de/downloads/campaigns/164/forms/1;Budgetzahlen;Einzelperson;Zürich;Schweizerische Volkspartei;Kampagnenfinanzierung
de;164;5;campaign_financings;all;1;22.10.2023 Nationalratswahlen 2023;2023;campaign_financing;Natürliche Personen;211;Schläpfer Therese, Hagenbuch;164;Schläpfer Therese (Zürich, Schweizerische Volkspartei);Offenlegung der Schlussrechnung über die Einnahmen;/api/frontend/latest/de/downloads/campaigns/164/forms/5;Definitive Zahlen;Einzelperson;Zürich;Schweizerische Volkspartei;Kampagnenfinanzierung
de;165;1;campaign_financings;all;1;22.10.2023 Nationalratswahlen 2023;2023;campaign_financing;Natürliche Personen;208;Hässig Patrick, Zürich;165;Hässig Patrick (Zürich, Grünliberale Partei);Offenlegung der budgetierten Einnahmen;/api/frontend/latest/de/downloads/campaigns/165/forms/1;Budgetzahlen;Einzelperson;Zürich;Grünliberale Partei;Kampagnenfinanzierung
de;165;5;campaign_financings;all;1;22.10.2023 Nationalratswahlen 2023;2023;campaign_financing;Natürliche Personen;208;Hässig Patrick, Zürich;165;Hässig Patrick (Zürich, Grünliberale Partei);Offenlegung der Schlussrechnung über die Einnahmen;/api/frontend/latest/de/downloads/campaigns/165/forms/5;Definitive Zahlen;Einzelperson;Zürich;Grünliberale Partei;Kampagnenfinanzierung
de;166;1;campaign_financings;all;1;22.10.2023 Nationalratswahlen 2023;2023;campaign_financing;Juristische Personen oder Personengesellschaften;164;Schweizerische Bankiervereinigung (SwissBanking), Basel;166;Wahlkampfunterstützung für einen zukunftsfähigen Finanzplatz (FDP, SVP, die Mitte, Glp) (schweizweit, Übrige politische Parteien);Offenlegung der budgetierten Einnahmen;/api/frontend/latest/de/downloads/campaigns/166/forms/1;Budgetzahlen;Gruppe von Kandidierenden (Einzelauflistung nicht möglich);schweizweit;Übrige politische Parteien;Kampagnenfinanzierung
de;166;5;campaign_financings;all;1;22.10.2023 Nationalratswahlen 2023;2023;campaign_financing;Juristische Personen oder Personengesellschaften;164;Schweizerische Bankiervereinigung (SwissBanking), Basel;166;Wahlkampfunterstützung für einen zukunftsfähigen Finanzplatz (FDP, SVP, die Mitte, Glp) (schweizweit, Übrige politische Parteien);Offenlegung der Schlussrechnung über die Einnahmen;/api/frontend/latest/de/downloads/campaigns/166/forms/5;Definitive Zahlen;Gruppe von Kandidierenden (Einzelauflistung nicht möglich);schweizweit;Übrige politische Parteien;Kampagnenfinanzierung
de;167;1;campaign_financings;all;1;22.10.2023 Nationalratswahlen 2023;2023;campaign_financing;Juristische Personen oder Personengesellschaften;198;FDP.Die Liberalen Kanton Bern, Bern;167;Unterstützte Kandidierende: 24 (namentliche Auflistung in untenstehender Meldung der Einnahmen vorhanden);Offenlegung der budgetierten Einnahmen;/api/frontend/latest/de/downloads/campaigns/167/forms/1;Budgetzahlen;Gruppe von Kandidierenden (namentliche Auflistung in untenstehender Meldung der Einnahmen vorhanden);Bern;FDP.Die Liberalen;Kampagnenfinanzierung
de;167;2;campaign_financings;all;1;22.10.2023 Nationalratswahlen 2023;2023;campaign_financing;Juristische Personen oder Personengesellschaften;198;FDP.Die Liberalen Kanton Bern, Bern;167;Unterstützte Kandidierende: 24 (namentliche Auflistung in untenstehender Meldung der Einnahmen vorhanden);Offenlegung von Zuwendungen über 15 000 Franken;/api/frontend/latest/de/downloads/campaigns/167/forms/2;Budgetzahlen;Gruppe von Kandidierenden (namentliche Auflistung in untenstehender Meldung der Einnahmen vorhanden);Bern;FDP.Die Liberalen;Kampagnenfinanzierung
de;167;5;campaign_financings;all;1;22.10.2023 Nationalratswahlen 2023;2023;campaign_financing;Juristische Personen oder Personengesellschaften;198;FDP.Die Liberalen Kanton Bern, Bern;167;Unterstützte Kandidierende: 24 (namentliche Auflistung in untenstehender Meldung der Einnahmen vorhanden);Offenlegung der Schlussrechnung über die Einnahmen;/api/frontend/latest/de/downloads/campaigns/167/forms/5;Definitive Zahlen;Gruppe von Kandidierenden (namentliche Auflistung in untenstehender Meldung der Einnahmen vorhanden);Bern;FDP.Die Liberalen;Kampagnenfinanzierung
de;167;6;campaign_financings;all;1;22.10.2023 Nationalratswahlen 2023;2023;campaign_financing;Juristische Personen oder Personengesellschaften;198;FDP.Die Liberalen Kanton Bern, Bern;167;Unterstützte Kandidierende: 24 (namentliche Auflistung in untenstehender Meldung der Einnahmen vorhanden);Offenlegung von Zuwendungen über 15 000 Franken (Schlussrechnung);/api/frontend/latest/de/downloads/campaigns/167/forms/6;Definitive Zahlen;Gruppe von Kandidierenden (namentliche Auflistung in untenstehender Meldung der Einnahmen vorhanden);Bern;FDP.Die Liberalen;Kampagnenfinanzierung
de;169;1;campaign_financings;all;1;22.10.2023 Nationalratswahlen 2023;2023;campaign_financing;Juristische Personen oder Personengesellschaften;25;Sozialdemokratische Partei des Kantons Schwyz, Pfäffikon;169;Unterstützte Kandidierende: 28 (namentliche Auflistung in untenstehender Meldung der Einnahmen vorhanden);Offenlegung der budgetierten Einnahmen;/api/frontend/latest/de/downloads/campaigns/169/forms/1;Budgetzahlen;Gruppe von Kandidierenden (namentliche Auflistung in untenstehender Meldung der Einnahmen vorhanden);Schwyz;GRÜNE Schweiz;Kampagnenfinanzierung
de;169;5;campaign_financings;all;1;22.10.2023 Nationalratswahlen 2023;2023;campaign_financing;Juristische Personen oder Personengesellschaften;25;Sozialdemokratische Partei des Kantons Schwyz, Pfäffikon;169;Unterstützte Kandidierende: 28 (namentliche Auflistung in untenstehender Meldung der Einnahmen vorhanden);Offenlegung der Schlussrechnung über die Einnahmen;/api/frontend/latest/de/downloads/campaigns/169/forms/5;Definitive Zahlen;Gruppe von Kandidierenden (namentliche Auflistung in untenstehender Meldung der Einnahmen vorhanden);Schwyz;GRÜNE Schweiz;Kampagnenfinanzierung
de;17;1;campaign_financings;all;1;22.10.2023 Nationalratswahlen 2023;2023;campaign_financing;Natürliche Personen;81;Silberschmidt Andri, Zürich;17;Silberschmidt Andri (Zürich, FDP.Die Liberalen);Offenlegung der budgetierten Einnahmen;/api/frontend/latest/de/downloads/campaigns/17/forms/1;Budgetzahlen;Einzelperson;Zürich;FDP.Die Liberalen;Kampagnenfinanzierung
de;17;5;campaign_financings;all;1;22.10.2023 Nationalratswahlen 2023;2023;campaign_financing;Natürliche Personen;81;Silberschmidt Andri, Zürich;17;Silberschmidt Andri (Zürich, FDP.Die Liberalen);Offenlegung der Schlussrechnung über die Einnahmen;/api/frontend/latest/de/downloads/campaigns/17/forms/5;Definitive Zahlen;Einzelperson;Zürich;FDP.Die Liberalen;Kampagnenfinanzierung
de;170;1;campaign_financings;all;1;22.10.2023 Nationalratswahlen 2023;2023;campaign_financing;Juristische Personen oder Personengesellschaften;136;Grüne Baselland, Liestal;170;Unterstützte Kandidierende: 7 (namentliche Auflistung in untenstehender Meldung der Einnahmen vorhanden);Offenlegung der budgetierten Einnahmen;/api/frontend/latest/de/downloads/campaigns/170/forms/1;Budgetzahlen;Gruppe von Kandidierenden (namentliche Auflistung in untenstehender Meldung der Einnahmen vorhanden);Basel-Landschaft;GRÜNE Schweiz;Kampagnenfinanzierung
de;170;5;campaign_financings;all;1;22.10.2023 Nationalratswahlen 2023;2023;campaign_financing;Juristische Personen oder Personengesellschaften;136;Grüne Baselland, Liestal;170;Unterstützte Kandidierende: 7 (namentliche Auflistung in untenstehender Meldung der Einnahmen vorhanden);Offenlegung der Schlussrechnung über die Einnahmen;/api/frontend/latest/de/downloads/campaigns/170/forms/5;Definitive Zahlen;Gruppe von Kandidierenden (namentliche Auflistung in untenstehender Meldung der Einnahmen vorhanden);Basel-Landschaft;GRÜNE Schweiz;Kampagnenfinanzierung
de;171;1;campaign_financings;all;1;22.10.2023 Nationalratswahlen 2023;2023;campaign_financing;Juristische Personen oder Personengesellschaften;226;PLR.Les Libéraux-Radicaux du canton de Fribourg, Fribourg;171;Unterstützte Kandidierende: 8 (namentliche Auflistung in untenstehender Meldung der Einnahmen vorhanden);Offenlegung der budgetierten Einnahmen;/api/frontend/latest/de/downloads/campaigns/171/forms/1;Budgetzahlen;Gruppe von Kandidierenden (namentliche Auflistung in untenstehender Meldung der Einnahmen vorhanden);Freiburg;FDP.Die Liberalen;Kampagnenfinanzierung
de;171;5;campaign_financings;all;1;22.10.2023 Nationalratswahlen 2023;2023;campaign_financing;Juristische Personen oder Personengesellschaften;226;PLR.Les Libéraux-Radicaux du canton de Fribourg, Fribourg;171;Unterstützte Kandidierende: 8 (namentliche Auflistung in untenstehender Meldung der Einnahmen vorhanden);Offenlegung der Schlussrechnung über die Einnahmen;/api/frontend/latest/de/downloads/campaigns/171/forms/5;Definitive Zahlen;Gruppe von Kandidierenden (namentliche Auflistung in untenstehender Meldung der Einnahmen vorhanden);Freiburg;FDP.Die Liberalen;Kampagnenfinanzierung
de;172;1;campaign_financings;all;1;22.10.2023 Nationalratswahlen 2023;2023;campaign_financing;Juristische Personen oder Personengesellschaften;217;Umweltallianz, Zürich;172;Wahlen 2023 - Umweltrating, Information und Mobilisierung (keine finanzielle Unterstützung von Parteien oder Kandidierenden) (schweizweit, Unabhängig);Offenlegung der budgetierten Einnahmen;/api/frontend/latest/de/downloads/campaigns/172/forms/1;Budgetzahlen;Gruppe von Kandidierenden (Einzelauflistung nicht möglich);schweizweit;Unabhängig;Kampagnenfinanzierung
de;172;2;campaign_financings;all;1;22.10.2023 Nationalratswahlen 2023;2023;campaign_financing;Juristische Personen oder Personengesellschaften;217;Umweltallianz, Zürich;172;Wahlen 2023 - Umweltrating, Information und Mobilisierung (keine finanzielle Unterstützung von Parteien oder Kandidierenden) (schweizweit, Unabhängig);Offenlegung von Zuwendungen über 15 000 Franken;/api/frontend/latest/de/downloads/campaigns/172/forms/2;Budgetzahlen;Gruppe von Kandidierenden (Einzelauflistung nicht möglich);schweizweit;Unabhängig;Kampagnenfinanzierung
de;172;5;campaign_financings;all;1;22.10.2023 Nationalratswahlen 2023;2023;campaign_financing;Juristische Personen oder Personengesellschaften;217;Umweltallianz, Zürich;172;Wahlen 2023 - Umweltrating, Information und Mobilisierung (keine finanzielle Unterstützung von Parteien oder Kandidierenden) (schweizweit, Unabhängig);Offenlegung der Schlussrechnung über die Einnahmen;/api/frontend/latest/de/downloads/campaigns/172/forms/5;Definitive Zahlen;Gruppe von Kandidierenden (Einzelauflistung nicht möglich);schweizweit;Unabhängig;Kampagnenfinanzierung
de;172;6;campaign_financings;all;1;22.10.2023 Nationalratswahlen 2023;2023;campaign_financing;Juristische Personen oder Personengesellschaften;217;Umweltallianz, Zürich;172;Wahlen 2023 - Umweltrating, Information und Mobilisierung (keine finanzielle Unterstützung von Parteien oder Kandidierenden) (schweizweit, Unabhängig);Offenlegung von Zuwendungen über 15 000 Franken (Schlussrechnung);/api/frontend/latest/de/downloads/campaigns/172/forms/6;Definitive Zahlen;Gruppe von Kandidierenden (Einzelauflistung nicht möglich);schweizweit;Unabhängig;Kampagnenfinanzierung
de;173;1;campaign_financings;all;1;22.10.2023 Nationalratswahlen 2023;2023;campaign_financing;Juristische Personen oder Personengesellschaften;186;GRÜNE Kanton St. Gallen, St. Gallen;173;Unterstützte Kandidierende: 12 (namentliche Auflistung in untenstehender Meldung der Einnahmen vorhanden);Offenlegung der budgetierten Einnahmen;/api/frontend/latest/de/downloads/campaigns/173/forms/1;Budgetzahlen;Gruppe von Kandidierenden (namentliche Auflistung in untenstehender Meldung der Einnahmen vorhanden);St. Gallen;GRÜNE Schweiz;Kampagnenfinanzierung
de;173;5;campaign_financings;all;1;22.10.2023 Nationalratswahlen 2023;2023;campaign_financing;Juristische Personen oder Personengesellschaften;186;GRÜNE Kanton St. Gallen, St. Gallen;173;Unterstützte Kandidierende: 12 (namentliche Auflistung in untenstehender Meldung der Einnahmen vorhanden);Offenlegung der Schlussrechnung über die Einnahmen;/api/frontend/latest/de/downloads/campaigns/173/forms/5;Definitive Zahlen;Gruppe von Kandidierenden (namentliche Auflistung in untenstehender Meldung der Einnahmen vorhanden);St. Gallen;GRÜNE Schweiz;Kampagnenfinanzierung
de;174;1;campaign_financings;all;1;22.10.2023 Nationalratswahlen 2023;2023;campaign_financing;Juristische Personen oder Personengesellschaften;169;Unterstützungskomitee für Thomas Aeschi, Baar;174;Aeschi Thomas (Zug, Schweizerische Volkspartei);Offenlegung der budgetierten Einnahmen;/api/frontend/latest/de/downloads/campaigns/174/forms/1;Budgetzahlen;Einzelperson;Zug;Schweizerische Volkspartei;Kampagnenfinanzierung
de;174;5;campaign_financings;all;1;22.10.2023 Nationalratswahlen 2023;2023;campaign_financing;Juristische Personen oder Personengesellschaften;169;Unterstützungskomitee für Thomas Aeschi, Baar;174;Aeschi Thomas (Zug, Schweizerische Volkspartei);Offenlegung der Schlussrechnung über die Einnahmen;/api/frontend/latest/de/downloads/campaigns/174/forms/5;Definitive Zahlen;Einzelperson;Zug;Schweizerische Volkspartei;Kampagnenfinanzierung
de;175;1;campaign_financings;all;1;22.10.2023 Nationalratswahlen 2023;2023;campaign_financing;Natürliche Personen;241;Rueff-Frenkel Sonja, Zürich;175;Rueff-Frenkel Sonja (Zürich, FDP.Die Liberalen);Offenlegung der budgetierten Einnahmen;/api/frontend/latest/de/downloads/campaigns/175/forms/1;Budgetzahlen;Einzelperson;Zürich;FDP.Die Liberalen;Kampagnenfinanzierung
de;175;2;campaign_financings;all;1;22.10.2023 Nationalratswahlen 2023;2023;campaign_financing;Natürliche Personen;241;Rueff-Frenkel Sonja, Zürich;175;Rueff-Frenkel Sonja (Zürich, FDP.Die Liberalen);Offenlegung von Zuwendungen über 15 000 Franken;/api/frontend/latest/de/downloads/campaigns/175/forms/2;Budgetzahlen;Einzelperson;Zürich;FDP.Die Liberalen;Kampagnenfinanzierung
de;175;5;campaign_financings;all;1;22.10.2023 Nationalratswahlen 2023;2023;campaign_financing;Natürliche Personen;241;Rueff-Frenkel Sonja, Zürich;175;Rueff-Frenkel Sonja (Zürich, FDP.Die Liberalen);Offenlegung der Schlussrechnung über die Einnahmen;/api/frontend/latest/de/downloads/campaigns/175/forms/5;Definitive Zahlen;Einzelperson;Zürich;FDP.Die Liberalen;Kampagnenfinanzierung
de;175;6;campaign_financings;all;1;22.10.2023 Nationalratswahlen 2023;2023;campaign_financing;Natürliche Personen;241;Rueff-Frenkel Sonja, Zürich;175;Rueff-Frenkel Sonja (Zürich, FDP.Die Liberalen);Offenlegung von Zuwendungen über 15 000 Franken (Schlussrechnung);/api/frontend/latest/de/downloads/campaigns/175/forms/6;Definitive Zahlen;Einzelperson;Zürich;FDP.Die Liberalen;Kampagnenfinanzierung
de;176;1;campaign_financings;all;1;22.10.2023 Nationalratswahlen 2023;2023;campaign_financing;Juristische Personen oder Personengesellschaften;33;Grünliberale Partei Schweiz, Bern;176;Nationalratswahlen 2023 (schweizweit, Grünliberale Partei);Offenlegung der budgetierten Einnahmen;/api/frontend/latest/de/downloads/campaigns/176/forms/1;Budgetzahlen;Gruppe von Kandidierenden (Einzelauflistung nicht möglich);schweizweit;Grünliberale Partei;Kampagnenfinanzierung
de;176;2;campaign_financings;all;1;22.10.2023 Nationalratswahlen 2023;2023;campaign_financing;Juristische Personen oder Personengesellschaften;33;Grünliberale Partei Schweiz, Bern;176;Nationalratswahlen 2023 (schweizweit, Grünliberale Partei);Offenlegung von Zuwendungen über 15 000 Franken;/api/frontend/latest/de/downloads/campaigns/176/forms/2;Budgetzahlen;Gruppe von Kandidierenden (Einzelauflistung nicht möglich);schweizweit;Grünliberale Partei;Kampagnenfinanzierung
de;176;5;campaign_financings;all;1;22.10.2023 Nationalratswahlen 2023;2023;campaign_financing;Juristische Personen oder Personengesellschaften;33;Grünliberale Partei Schweiz, Bern;176;Nationalratswahlen 2023 (schweizweit, Grünliberale Partei);Offenlegung der Schlussrechnung über die Einnahmen;/api/frontend/latest/de/downloads/campaigns/176/forms/5;Definitive Zahlen;Gruppe von Kandidierenden (Einzelauflistung nicht möglich);schweizweit;Grünliberale Partei;Kampagnenfinanzierung
de;176;6;campaign_financings;all;1;22.10.2023 Nationalratswahlen 2023;2023;campaign_financing;Juristische Personen oder Personengesellschaften;33;Grünliberale Partei Schweiz, Bern;176;Nationalratswahlen 2023 (schweizweit, Grünliberale Partei);Offenlegung von Zuwendungen über 15 000 Franken (Schlussrechnung);/api/frontend/latest/de/downloads/campaigns/176/forms/6;Definitive Zahlen;Gruppe von Kandidierenden (Einzelauflistung nicht möglich);schweizweit;Grünliberale Partei;Kampagnenfinanzierung
de;177;1;campaign_financings;all;1;22.10.2023 Nationalratswahlen 2023;2023;campaign_financing;Juristische Personen oder Personengesellschaften;56;Association Nasrat Latif au Conseil national, Lausanne;177;Latif Nasrat (Waadt, FDP.Die Liberalen);Offenlegung der budgetierten Einnahmen;/api/frontend/latest/de/downloads/campaigns/177/forms/1;Budgetzahlen;Einzelperson;Waadt;FDP.Die Liberalen;Kampagnenfinanzierung
de;177;2;campaign_financings;all;1;22.10.2023 Nationalratswahlen 2023;2023;campaign_financing;Juristische Personen oder Personengesellschaften;56;Association Nasrat Latif au Conseil national, Lausanne;177;Latif Nasrat (Waadt, FDP.Die Liberalen);Offenlegung von Zuwendungen über 15 000 Franken;/api/frontend/latest/de/downloads/campaigns/177/forms/2;Budgetzahlen;Einzelperson;Waadt;FDP.Die Liberalen;Kampagnenfinanzierung
de;177;5;campaign_financings;all;1;22.10.2023 Nationalratswahlen 2023;2023;campaign_financing;Juristische Personen oder Personengesellschaften;56;Association Nasrat Latif au Conseil national, Lausanne;177;Latif Nasrat (Waadt, FDP.Die Liberalen);Offenlegung der Schlussrechnung über die Einnahmen;/api/frontend/latest/de/downloads/campaigns/177/forms/5;Definitive Zahlen;Einzelperson;Waadt;FDP.Die Liberalen;Kampagnenfinanzierung
de;177;6;campaign_financings;all;1;22.10.2023 Nationalratswahlen 2023;2023;campaign_financing;Juristische Personen oder Personengesellschaften;56;Association Nasrat Latif au Conseil national, Lausanne;177;Latif Nasrat (Waadt, FDP.Die Liberalen);Offenlegung von Zuwendungen über 15 000 Franken (Schlussrechnung);/api/frontend/latest/de/downloads/campaigns/177/forms/6;Definitive Zahlen;Einzelperson;Waadt;FDP.Die Liberalen;Kampagnenfinanzierung
de;178;1;campaign_financings;all;1;22.10.2023 Nationalratswahlen 2023;2023;campaign_financing;Juristische Personen oder Personengesellschaften;185;Comité EF 23 J. de Quattro, Lausanne;178;De Quattro Jacqueline (Waadt, FDP.Die Liberalen);Offenlegung der budgetierten Einnahmen;/api/frontend/latest/de/downloads/campaigns/178/forms/1;Budgetzahlen;Einzelperson;Waadt;FDP.Die Liberalen;Kampagnenfinanzierung
de;178;5;campaign_financings;all;1;22.10.2023 Nationalratswahlen 2023;2023;campaign_financing;Juristische Personen oder Personengesellschaften;185;Comité EF 23 J. de Quattro, Lausanne;178;De Quattro Jacqueline (Waadt, FDP.Die Liberalen);Offenlegung der Schlussrechnung über die Einnahmen;/api/frontend/latest/de/downloads/campaigns/178/forms/5;Definitive Zahlen;Einzelperson;Waadt;FDP.Die Liberalen;Kampagnenfinanzierung
de;179;1;campaign_financings;all;1;22.10.2023 Nationalratswahlen 2023;2023;campaign_financing;Juristische Personen oder Personengesellschaften;230;scienceindustries, Zürich;179;Wahlplattform 2023 (Zürich, Unabhängig);Offenlegung der budgetierten Einnahmen;/api/frontend/latest/de/downloads/campaigns/179/forms/1;Budgetzahlen;Gruppe von Kandidierenden (Einzelauflistung nicht möglich);Zürich;Unabhängig;Kampagnenfinanzierung
de;179;2;campaign_financings;all;1;22.10.2023 Nationalratswahlen 2023;2023;campaign_financing;Juristische Personen oder Personengesellschaften;230;scienceindustries, Zürich;179;Wahlplattform 2023 (Zürich, Unabhängig);Offenlegung von Zuwendungen über 15 000 Franken;/api/frontend/latest/de/downloads/campaigns/179/forms/2;Budgetzahlen;Gruppe von Kandidierenden (Einzelauflistung nicht möglich);Zürich;Unabhängig;Kampagnenfinanzierung
de;179;5;campaign_financings;all;1;22.10.2023 Nationalratswahlen 2023;2023;campaign_financing;Juristische Personen oder Personengesellschaften;230;scienceindustries, Zürich;179;Wahlplattform 2023 (Zürich, Unabhängig);Offenlegung der Schlussrechnung über die Einnahmen;/api/frontend/latest/de/downloads/campaigns/179/forms/5;Definitive Zahlen;Gruppe von Kandidierenden (Einzelauflistung nicht möglich);Zürich;Unabhängig;Kampagnenfinanzierung
de;179;6;campaign_financings;all;1;22.10.2023 Nationalratswahlen 2023;2023;campaign_financing;Juristische Personen oder Personengesellschaften;230;scienceindustries, Zürich;179;Wahlplattform 2023 (Zürich, Unabhängig);Offenlegung von Zuwendungen über 15 000 Franken (Schlussrechnung);/api/frontend/latest/de/downloads/campaigns/179/forms/6;Definitive Zahlen;Gruppe von Kandidierenden (Einzelauflistung nicht möglich);Zürich;Unabhängig;Kampagnenfinanzierung
de;18;1;campaign_financings;all;1;22.10.2023 Nationalratswahlen 2023;2023;campaign_financing;Juristische Personen oder Personengesellschaften;82;Grüne Kanton Luzern, Luzern;18;Unterstützte Kandidierende: 27 (namentliche Auflistung in untenstehender Meldung der Einnahmen vorhanden);Offenlegung der budgetierten Einnahmen;/api/frontend/latest/de/downloads/campaigns/18/forms/1;Budgetzahlen;Gruppe von Kandidierenden (namentliche Auflistung in untenstehender Meldung der Einnahmen vorhanden);Luzern;GRÜNE Schweiz;Kampagnenfinanzierung
de;18;2;campaign_financings;all;1;22.10.2023 Nationalratswahlen 2023;2023;campaign_financing;Juristische Personen oder Personengesellschaften;82;Grüne Kanton Luzern, Luzern;18;Unterstützte Kandidierende: 27 (namentliche Auflistung in untenstehender Meldung der Einnahmen vorhanden);Offenlegung von Zuwendungen über 15 000 Franken;/api/frontend/latest/de/downloads/campaigns/18/forms/2;Budgetzahlen;Gruppe von Kandidierenden (namentliche Auflistung in untenstehender Meldung der Einnahmen vorhanden);Luzern;GRÜNE Schweiz;Kampagnenfinanzierung
de;18;5;campaign_financings;all;1;22.10.2023 Nationalratswahlen 2023;2023;campaign_financing;Juristische Personen oder Personengesellschaften;82;Grüne Kanton Luzern, Luzern;18;Unterstützte Kandidierende: 27 (namentliche Auflistung in untenstehender Meldung der Einnahmen vorhanden);Offenlegung der Schlussrechnung über die Einnahmen;/api/frontend/latest/de/downloads/campaigns/18/forms/5;Definitive Zahlen;Gruppe von Kandidierenden (namentliche Auflistung in untenstehender Meldung der Einnahmen vorhanden);Luzern;GRÜNE Schweiz;Kampagnenfinanzierung
de;18;6;campaign_financings;all;1;22.10.2023 Nationalratswahlen 2023;2023;campaign_financing;Juristische Personen oder Personengesellschaften;82;Grüne Kanton Luzern, Luzern;18;Unterstützte Kandidierende: 27 (namentliche Auflistung in untenstehender Meldung der Einnahmen vorhanden);Offenlegung von Zuwendungen über 15 000 Franken (Schlussrechnung);/api/frontend/latest/de/downloads/campaigns/18/forms/6;Definitive Zahlen;Gruppe von Kandidierenden (namentliche Auflistung in untenstehender Meldung der Einnahmen vorhanden);Luzern;GRÜNE Schweiz;Kampagnenfinanzierung
de;180;1;campaign_financings;all;1;22.10.2023 Nationalratswahlen 2023;2023;campaign_financing;Natürliche Personen;210;Richner Simone, Bern;180;Richner Simone (Bern, FDP.Die Liberalen);Offenlegung der budgetierten Einnahmen;/api/frontend/latest/de/downloads/campaigns/180/forms/1;Budgetzahlen;Einzelperson;Bern;FDP.Die Liberalen;Kampagnenfinanzierung
de;180;2;campaign_financings;all;1;22.10.2023 Nationalratswahlen 2023;2023;campaign_financing;Natürliche Personen;210;Richner Simone, Bern;180;Richner Simone (Bern, FDP.Die Liberalen);Offenlegung von Zuwendungen über 15 000 Franken;/api/frontend/latest/de/downloads/campaigns/180/forms/2;Budgetzahlen;Einzelperson;Bern;FDP.Die Liberalen;Kampagnenfinanzierung
de;184;1;campaign_financings;all;1;22.10.2023 Nationalratswahlen 2023;2023;campaign_financing;Juristische Personen oder Personengesellschaften;135;Jungsozialist*innen Kanton Bern, Bern;184;Unterstützte Kandidierende: 24 (namentliche Auflistung in untenstehender Meldung der Einnahmen vorhanden);Offenlegung der budgetierten Einnahmen;/api/frontend/latest/de/downloads/campaigns/184/forms/1;Budgetzahlen;Gruppe von Kandidierenden (namentliche Auflistung in untenstehender Meldung der Einnahmen vorhanden);Bern;Sozialdemokratische Partei der Schweiz;Kampagnenfinanzierung
de;184;2;campaign_financings;all;1;22.10.2023 Nationalratswahlen 2023;2023;campaign_financing;Juristische Personen oder Personengesellschaften;135;Jungsozialist*innen Kanton Bern, Bern;184;Unterstützte Kandidierende: 24 (namentliche Auflistung in untenstehender Meldung der Einnahmen vorhanden);Offenlegung von Zuwendungen über 15 000 Franken;/api/frontend/latest/de/downloads/campaigns/184/forms/2;Budgetzahlen;Gruppe von Kandidierenden (namentliche Auflistung in untenstehender Meldung der Einnahmen vorhanden);Bern;Sozialdemokratische Partei der Schweiz;Kampagnenfinanzierung
de;184;5;campaign_financings;all;1;22.10.2023 Nationalratswahlen 2023;2023;campaign_financing;Juristische Personen oder Personengesellschaften;135;Jungsozialist*innen Kanton Bern, Bern;184;Unterstützte Kandidierende: 24 (namentliche Auflistung in untenstehender Meldung der Einnahmen vorhanden);Offenlegung der Schlussrechnung über die Einnahmen;/api/frontend/latest/de/downloads/campaigns/184/forms/5;Definitive Zahlen;Gruppe von Kandidierenden (namentliche Auflistung in untenstehender Meldung der Einnahmen vorhanden);Bern;Sozialdemokratische Partei der Schweiz;Kampagnenfinanzierung
de;184;6;campaign_financings;all;1;22.10.2023 Nationalratswahlen 2023;2023;campaign_financing;Juristische Personen oder Personengesellschaften;135;Jungsozialist*innen Kanton Bern, Bern;184;Unterstützte Kandidierende: 24 (namentliche Auflistung in untenstehender Meldung der Einnahmen vorhanden);Offenlegung von Zuwendungen über 15 000 Franken (Schlussrechnung);/api/frontend/latest/de/downloads/campaigns/184/forms/6;Definitive Zahlen;Gruppe von Kandidierenden (namentliche Auflistung in untenstehender Meldung der Einnahmen vorhanden);Bern;Sozialdemokratische Partei der Schweiz;Kampagnenfinanzierung
de;185;1;campaign_financings;all;1;22.10.2023 Nationalratswahlen 2023;2023;campaign_financing;Juristische Personen oder Personengesellschaften;67;Grünes Bündnis, Basel;185;Unterstützte Kandidierende: 9 (namentliche Auflistung in untenstehender Meldung der Einnahmen vorhanden);Offenlegung der budgetierten Einnahmen;/api/frontend/latest/de/downloads/campaigns/185/forms/1;Budgetzahlen;Gruppe von Kandidierenden (namentliche Auflistung in untenstehender Meldung der Einnahmen vorhanden);Basel-Stadt;GRÜNE Schweiz;Kampagnenfinanzierung
de;186;1;campaign_financings;all;1;22.10.2023 Nationalratswahlen 2023;2023;campaign_financing;Juristische Personen oder Personengesellschaften;67;Grünes Bündnis, Basel;186;Unterstützte Kandidierende: 4 (namentliche Auflistung in untenstehender Meldung der Einnahmen vorhanden);Offenlegung der budgetierten Einnahmen;/api/frontend/latest/de/downloads/campaigns/186/forms/1;Budgetzahlen;Gruppe von Kandidierenden (namentliche Auflistung in untenstehender Meldung der Einnahmen vorhanden);Basel-Stadt;GRÜNE Schweiz;Kampagnenfinanzierung
de;186;2;campaign_financings;all;1;22.10.2023 Nationalratswahlen 2023;2023;campaign_financing;Juristische Personen oder Personengesellschaften;67;Grünes Bündnis, Basel;186;Unterstützte Kandidierende: 4 (namentliche Auflistung in untenstehender Meldung der Einnahmen vorhanden);Offenlegung von Zuwendungen über 15 000 Franken;/api/frontend/latest/de/downloads/campaigns/186/forms/2;Budgetzahlen;Gruppe von Kandidierenden (namentliche Auflistung in untenstehender Meldung der Einnahmen vorhanden);Basel-Stadt;GRÜNE Schweiz;Kampagnenfinanzierung
de;186;5;campaign_financings;all;1;22.10.2023 Nationalratswahlen 2023;2023;campaign_financing;Juristische Personen oder Personengesellschaften;67;Grünes Bündnis, Basel;186;Unterstützte Kandidierende: 4 (namentliche Auflistung in untenstehender Meldung der Einnahmen vorhanden);Offenlegung der Schlussrechnung über die Einnahmen;/api/frontend/latest/de/downloads/campaigns/186/forms/5;Definitive Zahlen;Gruppe von Kandidierenden (namentliche Auflistung in untenstehender Meldung der Einnahmen vorhanden);Basel-Stadt;GRÜNE Schweiz;Kampagnenfinanzierung
de;186;6;campaign_financings;all;1;22.10.2023 Nationalratswahlen 2023;2023;campaign_financing;Juristische Personen oder Personengesellschaften;67;Grünes Bündnis, Basel;186;Unterstützte Kandidierende: 4 (namentliche Auflistung in untenstehender Meldung der Einnahmen vorhanden);Offenlegung von Zuwendungen über 15 000 Franken (Schlussrechnung);/api/frontend/latest/de/downloads/campaigns/186/forms/6;Definitive Zahlen;Gruppe von Kandidierenden (namentliche Auflistung in untenstehender Meldung der Einnahmen vorhanden);Basel-Stadt;GRÜNE Schweiz;Kampagnenfinanzierung
de;187;1;campaign_financings;all;1;22.10.2023 Nationalratswahlen 2023;2023;campaign_financing;Juristische Personen oder Personengesellschaften;189;Die GRÜNEN Freiburg, Freiburg;187;Unterstützte Kandidierende: 7 (namentliche Auflistung in untenstehender Meldung der Einnahmen vorhanden);Offenlegung der budgetierten Einnahmen;/api/frontend/latest/de/downloads/campaigns/187/forms/1;Budgetzahlen;Gruppe von Kandidierenden (namentliche Auflistung in untenstehender Meldung der Einnahmen vorhanden);Freiburg;GRÜNE Schweiz;Kampagnenfinanzierung
de;187;5;campaign_financings;all;1;22.10.2023 Nationalratswahlen 2023;2023;campaign_financing;Juristische Personen oder Personengesellschaften;189;Die GRÜNEN Freiburg, Freiburg;187;Unterstützte Kandidierende: 7 (namentliche Auflistung in untenstehender Meldung der Einnahmen vorhanden);Offenlegung der Schlussrechnung über die Einnahmen;/api/frontend/latest/de/downloads/campaigns/187/forms/5;Definitive Zahlen;Gruppe von Kandidierenden (namentliche Auflistung in untenstehender Meldung der Einnahmen vorhanden);Freiburg;GRÜNE Schweiz;Kampagnenfinanzierung
de;188;1;campaign_financings;all;1;22.10.2023 Nationalratswahlen 2023;2023;campaign_financing;Juristische Personen oder Personengesellschaften;228;Schweizerischer Gewerbeverband, Bern;188;Unterstützte Kandidierende: 19 (namentliche Auflistung in untenstehender Meldung der Einnahmen vorhanden);Offenlegung der budgetierten Einnahmen;/api/frontend/latest/de/downloads/campaigns/188/forms/1;Budgetzahlen;Gruppe von Kandidierenden (namentliche Auflistung in untenstehender Meldung der Einnahmen vorhanden);Aargau;Die Mitte;Kampagnenfinanzierung
de;188;5;campaign_financings;all;1;22.10.2023 Nationalratswahlen 2023;2023;campaign_financing;Juristische Personen oder Personengesellschaften;228;Schweizerischer Gewerbeverband, Bern;188;Unterstützte Kandidierende: 19 (namentliche Auflistung in untenstehender Meldung der Einnahmen vorhanden);Offenlegung der Schlussrechnung über die Einnahmen;/api/frontend/latest/de/downloads/campaigns/188/forms/5;Definitive Zahlen;Gruppe von Kandidierenden (namentliche Auflistung in untenstehender Meldung der Einnahmen vorhanden);Aargau;Die Mitte;Kampagnenfinanzierung
de;189;1;campaign_financings;all;1;22.10.2023 Nationalratswahlen 2023;2023;campaign_financing;Natürliche Personen;231;Gössi Petra, Küssnacht am Rigi;189;Gössi Petra (Schwyz, FDP.Die Liberalen);Offenlegung der budgetierten Einnahmen;/api/frontend/latest/de/downloads/campaigns/189/forms/1;Budgetzahlen;Einzelperson;Schwyz;FDP.Die Liberalen;Kampagnenfinanzierung
de;189;2;campaign_financings;all;1;22.10.2023 Nationalratswahlen 2023;2023;campaign_financing;Natürliche Personen;231;Gössi Petra, Küssnacht am Rigi;189;Gössi Petra (Schwyz, FDP.Die Liberalen);Offenlegung von Zuwendungen über 15 000 Franken;/api/frontend/latest/de/downloads/campaigns/189/forms/2;Budgetzahlen;Einzelperson;Schwyz;FDP.Die Liberalen;Kampagnenfinanzierung
de;19;1;campaign_financings;all;1;22.10.2023 Nationalratswahlen 2023;2023;campaign_financing;Juristische Personen oder Personengesellschaften;9;GRÜNE Schweiz, Bern;19;Nationalratswahlen (schweizweit, GRÜNE Schweiz);Offenlegung der budgetierten Einnahmen;/api/frontend/latest/de/downloads/campaigns/19/forms/1;Budgetzahlen;Gruppe von Kandidierenden (Einzelauflistung nicht möglich);schweizweit;GRÜNE Schweiz;Kampagnenfinanzierung
de;19;2;campaign_financings;all;1;22.10.2023 Nationalratswahlen 2023;2023;campaign_financing;Juristische Personen oder Personengesellschaften;9;GRÜNE Schweiz, Bern;19;Nationalratswahlen (schweizweit, GRÜNE Schweiz);Offenlegung von Zuwendungen über 15 000 Franken;/api/frontend/latest/de/downloads/campaigns/19/forms/2;Budgetzahlen;Gruppe von Kandidierenden (Einzelauflistung nicht möglich);schweizweit;GRÜNE Schweiz;Kampagnenfinanzierung
de;19;5;campaign_financings;all;1;22.10.2023 Nationalratswahlen 2023;2023;campaign_financing;Juristische Personen oder Personengesellschaften;9;GRÜNE Schweiz, Bern;19;Nationalratswahlen (schweizweit, GRÜNE Schweiz);Offenlegung der Schlussrechnung über die Einnahmen;/api/frontend/latest/de/downloads/campaigns/19/forms/5;Definitive Zahlen;Gruppe von Kandidierenden (Einzelauflistung nicht möglich);schweizweit;GRÜNE Schweiz;Kampagnenfinanzierung
de;19;6;campaign_financings;all;1;22.10.2023 Nationalratswahlen 2023;2023;campaign_financing;Juristische Personen oder Personengesellschaften;9;GRÜNE Schweiz, Bern;19;Nationalratswahlen (schweizweit, GRÜNE Schweiz);Offenlegung von Zuwendungen über 15 000 Franken (Schlussrechnung);/api/frontend/latest/de/downloads/campaigns/19/forms/6;Definitive Zahlen;Gruppe von Kandidierenden (Einzelauflistung nicht möglich);schweizweit;GRÜNE Schweiz;Kampagnenfinanzierung
de;190;1;campaign_financings;all;1;22.10.2023 Nationalratswahlen 2023;2023;campaign_financing;Natürliche Personen;223;Roth Pasquier Marie-France, Bulle;190;Roth Pasquier Marie-France (Freiburg, Die Mitte);Offenlegung der budgetierten Einnahmen;/api/frontend/latest/de/downloads/campaigns/190/forms/1;Budgetzahlen;Einzelperson;Freiburg;Die Mitte;Kampagnenfinanzierung
de;190;5;campaign_financings;all;1;22.10.2023 Nationalratswahlen 2023;2023;campaign_financing;Natürliche Personen;223;Roth Pasquier Marie-France, Bulle;190;Roth Pasquier Marie-France (Freiburg, Die Mitte);Offenlegung der Schlussrechnung über die Einnahmen;/api/frontend/latest/de/downloads/campaigns/190/forms/5;Definitive Zahlen;Einzelperson;Freiburg;Die Mitte;Kampagnenfinanzierung
de;191;1;campaign_financings;all;1;22.10.2023 Nationalratswahlen 2023;2023;campaign_financing;Natürliche Personen;201;Graber Michael, Brig;191;Graber Michael (Wallis, Schweizerische Volkspartei);Offenlegung der budgetierten Einnahmen;/api/frontend/latest/de/downloads/campaigns/191/forms/1;Budgetzahlen;Einzelperson;Wallis;Schweizerische Volkspartei;Kampagnenfinanzierung
de;191;5;campaign_financings;all;1;22.10.2023 Nationalratswahlen 2023;2023;campaign_financing;Natürliche Personen;201;Graber Michael, Brig;191;Graber Michael (Wallis, Schweizerische Volkspartei);Offenlegung der Schlussrechnung über die Einnahmen;/api/frontend/latest/de/downloads/campaigns/191/forms/5;Definitive Zahlen;Einzelperson;Wallis;Schweizerische Volkspartei;Kampagnenfinanzierung
de;192;1;campaign_financings;all;1;22.10.2023 Nationalratswahlen 2023;2023;campaign_financing;Juristische Personen oder Personengesellschaften;243;Die Mitte Freiburg, Freiburg;192;Unterstützte Kandidierende: 36 (namentliche Auflistung in untenstehender Meldung der Einnahmen vorhanden);Offenlegung der budgetierten Einnahmen;/api/frontend/latest/de/downloads/campaigns/192/forms/1;Budgetzahlen;Gruppe von Kandidierenden (namentliche Auflistung in untenstehender Meldung der Einnahmen vorhanden);Freiburg;Die Mitte;Kampagnenfinanzierung
de;192;5;campaign_financings;all;1;22.10.2023 Nationalratswahlen 2023;2023;campaign_financing;Juristische Personen oder Personengesellschaften;243;Die Mitte Freiburg, Freiburg;192;Unterstützte Kandidierende: 36 (namentliche Auflistung in untenstehender Meldung der Einnahmen vorhanden);Offenlegung der Schlussrechnung über die Einnahmen;/api/frontend/latest/de/downloads/campaigns/192/forms/5;Definitive Zahlen;Gruppe von Kandidierenden (namentliche Auflistung in untenstehender Meldung der Einnahmen vorhanden);Freiburg;Die Mitte;Kampagnenfinanzierung
de;192;6;campaign_financings;all;1;22.10.2023 Nationalratswahlen 2023;2023;campaign_financing;Juristische Personen oder Personengesellschaften;243;Die Mitte Freiburg, Freiburg;192;Unterstützte Kandidierende: 36 (namentliche Auflistung in untenstehender Meldung der Einnahmen vorhanden);Offenlegung von Zuwendungen über 15 000 Franken (Schlussrechnung);/api/frontend/latest/de/downloads/campaigns/192/forms/6;Definitive Zahlen;Gruppe von Kandidierenden (namentliche Auflistung in untenstehender Meldung der Einnahmen vorhanden);Freiburg;Die Mitte;Kampagnenfinanzierung
de;193;1;campaign_financings;all;1;22.10.2023 Nationalratswahlen 2023;2023;campaign_financing;Natürliche Personen;229;Arn Daniel, Muri;193;Arn Daniel (Bern, FDP.Die Liberalen);Offenlegung der budgetierten Einnahmen;/api/frontend/latest/de/downloads/campaigns/193/forms/1;Budgetzahlen;Einzelperson;Bern;FDP.Die Liberalen;Kampagnenfinanzierung
de;193;5;campaign_financings;all;1;22.10.2023 Nationalratswahlen 2023;2023;campaign_financing;Natürliche Personen;229;Arn Daniel, Muri;193;Arn Daniel (Bern, FDP.Die Liberalen);Offenlegung der Schlussrechnung über die Einnahmen;/api/frontend/latest/de/downloads/campaigns/193/forms/5;Definitive Zahlen;Einzelperson;Bern;FDP.Die Liberalen;Kampagnenfinanzierung
de;194;1;campaign_financings;all;1;22.10.2023 Nationalratswahlen 2023;2023;campaign_financing;Natürliche Personen;212;Hess-Oppliger Sandra, Nidau;194;Hess Sandra (Bern, FDP.Die Liberalen);Offenlegung der budgetierten Einnahmen;/api/frontend/latest/de/downloads/campaigns/194/forms/1;Budgetzahlen;Einzelperson;Bern;FDP.Die Liberalen;Kampagnenfinanzierung
de;194;5;campaign_financings;all;1;22.10.2023 Nationalratswahlen 2023;2023;campaign_financing;Natürliche Personen;212;Hess-Oppliger Sandra, Nidau;194;Hess Sandra (Bern, FDP.Die Liberalen);Offenlegung der Schlussrechnung über die Einnahmen;/api/frontend/latest/de/downloads/campaigns/194/forms/5;Definitive Zahlen;Einzelperson;Bern;FDP.Die Liberalen;Kampagnenfinanzierung
de;195;1;campaign_financings;all;1;22.10.2023 Nationalratswahlen 2023;2023;campaign_financing;Natürliche Personen;220;Kaufmann Pius, Escholzmatt-Marbach;195;Kaufmann Pius (Luzern, Die Mitte);Offenlegung der budgetierten Einnahmen;/api/frontend/latest/de/downloads/campaigns/195/forms/1;Budgetzahlen;Einzelperson;Luzern;Die Mitte;Kampagnenfinanzierung
de;195;5;campaign_financings;all;1;22.10.2023 Nationalratswahlen 2023;2023;campaign_financing;Natürliche Personen;220;Kaufmann Pius, Escholzmatt-Marbach;195;Kaufmann Pius (Luzern, Die Mitte);Offenlegung der Schlussrechnung über die Einnahmen;/api/frontend/latest/de/downloads/campaigns/195/forms/5;Definitive Zahlen;Einzelperson;Luzern;Die Mitte;Kampagnenfinanzierung
de;196;1;campaign_financings;all;1;22.10.2023 Nationalratswahlen 2023;2023;campaign_financing;Natürliche Personen;193;Prelicz-Huber Katharina, Zürich;196;Prelicz-Huber Katharina (Zürich, GRÜNE Schweiz);Offenlegung der budgetierten Einnahmen;/api/frontend/latest/de/downloads/campaigns/196/forms/1;Budgetzahlen;Einzelperson;Zürich;GRÜNE Schweiz;Kampagnenfinanzierung
de;196;2;campaign_financings;all;1;22.10.2023 Nationalratswahlen 2023;2023;campaign_financing;Natürliche Personen;193;Prelicz-Huber Katharina, Zürich;196;Prelicz-Huber Katharina (Zürich, GRÜNE Schweiz);Offenlegung von Zuwendungen über 15 000 Franken;/api/frontend/latest/de/downloads/campaigns/196/forms/2;Budgetzahlen;Einzelperson;Zürich;GRÜNE Schweiz;Kampagnenfinanzierung
de;196;5;campaign_financings;all;1;22.10.2023 Nationalratswahlen 2023;2023;campaign_financing;Natürliche Personen;193;Prelicz-Huber Katharina, Zürich;196;Prelicz-Huber Katharina (Zürich, GRÜNE Schweiz);Offenlegung der Schlussrechnung über die Einnahmen;/api/frontend/latest/de/downloads/campaigns/196/forms/5;Definitive Zahlen;Einzelperson;Zürich;GRÜNE Schweiz;Kampagnenfinanzierung
de;196;6;campaign_financings;all;1;22.10.2023 Nationalratswahlen 2023;2023;campaign_financing;Natürliche Personen;193;Prelicz-Huber Katharina, Zürich;196;Prelicz-Huber Katharina (Zürich, GRÜNE Schweiz);Offenlegung von Zuwendungen über 15 000 Franken (Schlussrechnung);/api/frontend/latest/de/downloads/campaigns/196/forms/6;Definitive Zahlen;Einzelperson;Zürich;GRÜNE Schweiz;Kampagnenfinanzierung
de;197;1;campaign_financings;all;1;22.10.2023 Nationalratswahlen 2023;2023;campaign_financing;Juristische Personen oder Personengesellschaften;139;Liberal-Demokratische Partei Basel-Stadt (LDP), Basel;197;Unterstützte Kandidierende: 4 (namentliche Auflistung in untenstehender Meldung der Einnahmen vorhanden);Offenlegung der budgetierten Einnahmen;/api/frontend/latest/de/downloads/campaigns/197/forms/1;Budgetzahlen;Gruppe von Kandidierenden (namentliche Auflistung in untenstehender Meldung der Einnahmen vorhanden);Basel-Stadt;FDP.Die Liberalen;Kampagnenfinanzierung
de;197;5;campaign_financings;all;1;22.10.2023 Nationalratswahlen 2023;2023;campaign_financing;Juristische Personen oder Personengesellschaften;139;Liberal-Demokratische Partei Basel-Stadt (LDP), Basel;197;Unterstützte Kandidierende: 4 (namentliche Auflistung in untenstehender Meldung der Einnahmen vorhanden);Offenlegung der Schlussrechnung über die Einnahmen;/api/frontend/latest/de/downloads/campaigns/197/forms/5;Definitive Zahlen;Gruppe von Kandidierenden (namentliche Auflistung in untenstehender Meldung der Einnahmen vorhanden);Basel-Stadt;FDP.Die Liberalen;Kampagnenfinanzierung
de;198;1;campaign_financings;all;1;22.10.2023 Nationalratswahlen 2023;2023;campaign_financing;Natürliche Personen;111;Brupbacher Trivigno Stefan, Zürich;198;Brupbacher Stefan (Zürich, FDP.Die Liberalen);Offenlegung der budgetierten Einnahmen;/api/frontend/latest/de/downloads/campaigns/198/forms/1;Budgetzahlen;Einzelperson;Zürich;FDP.Die Liberalen;Kampagnenfinanzierung
de;198;2;campaign_financings;all;1;22.10.2023 Nationalratswahlen 2023;2023;campaign_financing;Natürliche Personen;111;Brupbacher Trivigno Stefan, Zürich;198;Brupbacher Stefan (Zürich, FDP.Die Liberalen);Offenlegung von Zuwendungen über 15 000 Franken;/api/frontend/latest/de/downloads/campaigns/198/forms/2;Budgetzahlen;Einzelperson;Zürich;FDP.Die Liberalen;Kampagnenfinanzierung
de;198;5;campaign_financings;all;1;22.10.2023 Nationalratswahlen 2023;2023;campaign_financing;Natürliche Personen;111;Brupbacher Trivigno Stefan, Zürich;198;Brupbacher Stefan (Zürich, FDP.Die Liberalen);Offenlegung der Schlussrechnung über die Einnahmen;/api/frontend/latest/de/downloads/campaigns/198/forms/5;Definitive Zahlen;Einzelperson;Zürich;FDP.Die Liberalen;Kampagnenfinanzierung
de;198;6;campaign_financings;all;1;22.10.2023 Nationalratswahlen 2023;2023;campaign_financing;Natürliche Personen;111;Brupbacher Trivigno Stefan, Zürich;198;Brupbacher Stefan (Zürich, FDP.Die Liberalen);Offenlegung von Zuwendungen über 15 000 Franken (Schlussrechnung);/api/frontend/latest/de/downloads/campaigns/198/forms/6;Definitive Zahlen;Einzelperson;Zürich;FDP.Die Liberalen;Kampagnenfinanzierung
de;199;1;campaign_financings;all;1;22.10.2023 Nationalratswahlen 2023;2023;campaign_financing;Juristische Personen oder Personengesellschaften;174;Sozialdemokratische Partei des Kantons Thurgau, Frauenfeld;199;Unterstützte Kandidierende: 6 (namentliche Auflistung in untenstehender Meldung der Einnahmen vorhanden);Offenlegung der budgetierten Einnahmen;/api/frontend/latest/de/downloads/campaigns/199/forms/1;Budgetzahlen;Gruppe von Kandidierenden (namentliche Auflistung in untenstehender Meldung der Einnahmen vorhanden);Thurgau;Sozialdemokratische Partei der Schweiz;Kampagnenfinanzierung
de;199;5;campaign_financings;all;1;22.10.2023 Nationalratswahlen 2023;2023;campaign_financing;Juristische Personen oder Personengesellschaften;174;Sozialdemokratische Partei des Kantons Thurgau, Frauenfeld;199;Unterstützte Kandidierende: 6 (namentliche Auflistung in untenstehender Meldung der Einnahmen vorhanden);Offenlegung der Schlussrechnung über die Einnahmen;/api/frontend/latest/de/downloads/campaigns/199/forms/5;Definitive Zahlen;Gruppe von Kandidierenden (namentliche Auflistung in untenstehender Meldung der Einnahmen vorhanden);Thurgau;Sozialdemokratische Partei der Schweiz;Kampagnenfinanzierung
de;2;1;campaign_financings;all;1;22.10.2023 Nationalratswahlen 2023;2023;campaign_financing;Natürliche Personen;1;Paganini Nicolò, Abtwil;2;Paganini Nicolò (St. Gallen, Die Mitte);Offenlegung der budgetierten Einnahmen;/api/frontend/latest/de/downloads/campaigns/2/forms/1;Budgetzahlen;Einzelperson;St. Gallen;Die Mitte;Kampagnenfinanzierung
de;2;2;campaign_financings;all;1;22.10.2023 Nationalratswahlen 2023;2023;campaign_financing;Natürliche Personen;1;Paganini Nicolò, Abtwil;2;Paganini Nicolò (St. Gallen, Die Mitte);Offenlegung von Zuwendungen über 15 000 Franken;/api/frontend/latest/de/downloads/campaigns/2/forms/2;Budgetzahlen;Einzelperson;St. Gallen;Die Mitte;Kampagnenfinanzierung
de;2;5;campaign_financings;all;1;22.10.2023 Nationalratswahlen 2023;2023;campaign_financing;Natürliche Personen;1;Paganini Nicolò, Abtwil;2;Paganini Nicolò (St. Gallen, Die Mitte);Offenlegung der Schlussrechnung über die Einnahmen;/api/frontend/latest/de/downloads/campaigns/2/forms/5;Definitive Zahlen;Einzelperson;St. Gallen;Die Mitte;Kampagnenfinanzierung
de;20;1;campaign_financings;all;1;22.10.2023 Nationalratswahlen 2023;2023;campaign_financing;Natürliche Personen;4;Grüter Franz, Eich;20;Grüter Franz (Luzern, Schweizerische Volkspartei);Offenlegung der budgetierten Einnahmen;/api/frontend/latest/de/downloads/campaigns/20/forms/1;Budgetzahlen;Einzelperson;Luzern;Schweizerische Volkspartei;Kampagnenfinanzierung
de;20;5;campaign_financings;all;1;22.10.2023 Nationalratswahlen 2023;2023;campaign_financing;Natürliche Personen;4;Grüter Franz, Eich;20;Grüter Franz (Luzern, Schweizerische Volkspartei);Offenlegung der Schlussrechnung über die Einnahmen;/api/frontend/latest/de/downloads/campaigns/20/forms/5;Definitive Zahlen;Einzelperson;Luzern;Schweizerische Volkspartei;Kampagnenfinanzierung
de;20;6;campaign_financings;all;1;22.10.2023 Nationalratswahlen 2023;2023;campaign_financing;Natürliche Personen;4;Grüter Franz, Eich;20;Grüter Franz (Luzern, Schweizerische Volkspartei);Offenlegung von Zuwendungen über 15 000 Franken (Schlussrechnung);/api/frontend/latest/de/downloads/campaigns/20/forms/6;Definitive Zahlen;Einzelperson;Luzern;Schweizerische Volkspartei;Kampagnenfinanzierung
de;200;1;campaign_financings;all;1;22.10.2023 Nationalratswahlen 2023;2023;campaign_financing;Natürliche Personen;13;Farner Martin, Oberstammheim;200;Farner Martin (Zürich, FDP.Die Liberalen);Offenlegung der budgetierten Einnahmen;/api/frontend/latest/de/downloads/campaigns/200/forms/1;Budgetzahlen;Einzelperson;Zürich;FDP.Die Liberalen;Kampagnenfinanzierung
de;200;2;campaign_financings;all;1;22.10.2023 Nationalratswahlen 2023;2023;campaign_financing;Natürliche Personen;13;Farner Martin, Oberstammheim;200;Farner Martin (Zürich, FDP.Die Liberalen);Offenlegung von Zuwendungen über 15 000 Franken;/api/frontend/latest/de/downloads/campaigns/200/forms/2;Budgetzahlen;Einzelperson;Zürich;FDP.Die Liberalen;Kampagnenfinanzierung
de;200;5;campaign_financings;all;1;22.10.2023 Nationalratswahlen 2023;2023;campaign_financing;Natürliche Personen;13;Farner Martin, Oberstammheim;200;Farner Martin (Zürich, FDP.Die Liberalen);Offenlegung der Schlussrechnung über die Einnahmen;/api/frontend/latest/de/downloads/campaigns/200/forms/5;Definitive Zahlen;Einzelperson;Zürich;FDP.Die Liberalen;Kampagnenfinanzierung
de;200;6;campaign_financings;all;1;22.10.2023 Nationalratswahlen 2023;2023;campaign_financing;Natürliche Personen;13;Farner Martin, Oberstammheim;200;Farner Martin (Zürich, FDP.Die Liberalen);Offenlegung von Zuwendungen über 15 000 Franken (Schlussrechnung);/api/frontend/latest/de/downloads/campaigns/200/forms/6;Definitive Zahlen;Einzelperson;Zürich;FDP.Die Liberalen;Kampagnenfinanzierung
de;201;1;campaign_financings;all;1;22.10.2023 Nationalratswahlen 2023;2023;campaign_financing;Natürliche Personen;233;Portmann Hans-Peter, Rüschlikon;201;Portmann Hans-Peter (Zürich, FDP.Die Liberalen);Offenlegung der budgetierten Einnahmen;/api/frontend/latest/de/downloads/campaigns/201/forms/1;Budgetzahlen;Einzelperson;Zürich;FDP.Die Liberalen;Kampagnenfinanzierung
de;201;2;campaign_financings;all;1;22.10.2023 Nationalratswahlen 2023;2023;campaign_financing;Natürliche Personen;233;Portmann Hans-Peter, Rüschlikon;201;Portmann Hans-Peter (Zürich, FDP.Die Liberalen);Offenlegung von Zuwendungen über 15 000 Franken;/api/frontend/latest/de/downloads/campaigns/201/forms/2;Budgetzahlen;Einzelperson;Zürich;FDP.Die Liberalen;Kampagnenfinanzierung
de;201;5;campaign_financings;all;1;22.10.2023 Nationalratswahlen 2023;2023;campaign_financing;Natürliche Personen;233;Portmann Hans-Peter, Rüschlikon;201;Portmann Hans-Peter (Zürich, FDP.Die Liberalen);Offenlegung der Schlussrechnung über die Einnahmen;/api/frontend/latest/de/downloads/campaigns/201/forms/5;Definitive Zahlen;Einzelperson;Zürich;FDP.Die Liberalen;Kampagnenfinanzierung
de;201;6;campaign_financings;all;1;22.10.2023 Nationalratswahlen 2023;2023;campaign_financing;Natürliche Personen;233;Portmann Hans-Peter, Rüschlikon;201;Portmann Hans-Peter (Zürich, FDP.Die Liberalen);Offenlegung von Zuwendungen über 15 000 Franken (Schlussrechnung);/api/frontend/latest/de/downloads/campaigns/201/forms/6;Definitive Zahlen;Einzelperson;Zürich;FDP.Die Liberalen;Kampagnenfinanzierung
de;202;1;campaign_financings;all;1;22.10.2023 Nationalratswahlen 2023;2023;campaign_financing;Natürliche Personen;252;Burgherr Thomas, Wiliberg;202;Burgherr Thomas (Aargau, Schweizerische Volkspartei);Offenlegung der budgetierten Einnahmen;/api/frontend/latest/de/downloads/campaigns/202/forms/1;Budgetzahlen;Einzelperson;Aargau;Schweizerische Volkspartei;Kampagnenfinanzierung
de;202;5;campaign_financings;all;1;22.10.2023 Nationalratswahlen 2023;2023;campaign_financing;Natürliche Personen;252;Burgherr Thomas, Wiliberg;202;Burgherr Thomas (Aargau, Schweizerische Volkspartei);Offenlegung der Schlussrechnung über die Einnahmen;/api/frontend/latest/de/downloads/campaigns/202/forms/5;Definitive Zahlen;Einzelperson;Aargau;Schweizerische Volkspartei;Kampagnenfinanzierung
de;203;1;campaign_financings;all;1;22.10.2023 Nationalratswahlen 2023;2023;campaign_financing;Natürliche Personen;236;Roduit Benjamin, Saillon;203;Roduit Benjamin (Wallis, Die Mitte);Offenlegung der budgetierten Einnahmen;/api/frontend/latest/de/downloads/campaigns/203/forms/1;Budgetzahlen;Einzelperson;Wallis;Die Mitte;Kampagnenfinanzierung
de;203;5;campaign_financings;all;1;22.10.2023 Nationalratswahlen 2023;2023;campaign_financing;Natürliche Personen;236;Roduit Benjamin, Saillon;203;Roduit Benjamin (Wallis, Die Mitte);Offenlegung der Schlussrechnung über die Einnahmen;/api/frontend/latest/de/downloads/campaigns/203/forms/5;Definitive Zahlen;Einzelperson;Wallis;Die Mitte;Kampagnenfinanzierung
de;204;1;campaign_financings;all;1;22.10.2023 Nationalratswahlen 2023;2023;campaign_financing;Natürliche Personen;138;Broulis Pascal, Sainte-Croix;204;Broulis Pascal (Waadt, FDP.Die Liberalen);Offenlegung der budgetierten Einnahmen;/api/frontend/latest/de/downloads/campaigns/204/forms/1;Budgetzahlen;Einzelperson;Waadt;FDP.Die Liberalen;Kampagnenfinanzierung
de;204;2;campaign_financings;all;1;22.10.2023 Nationalratswahlen 2023;2023;campaign_financing;Natürliche Personen;138;Broulis Pascal, Sainte-Croix;204;Broulis Pascal (Waadt, FDP.Die Liberalen);Offenlegung von Zuwendungen über 15 000 Franken;/api/frontend/latest/de/downloads/campaigns/204/forms/2;Budgetzahlen;Einzelperson;Waadt;FDP.Die Liberalen;Kampagnenfinanzierung
de;205;1;campaign_financings;all;1;22.10.2023 Nationalratswahlen 2023;2023;campaign_financing;Juristische Personen oder Personengesellschaften;204;Le Centre du canton de Genève, Genève;205;Unterstützte Kandidierende: 31 (namentliche Auflistung in untenstehender Meldung der Einnahmen vorhanden);Offenlegung der budgetierten Einnahmen;/api/frontend/latest/de/downloads/campaigns/205/forms/1;Budgetzahlen;Gruppe von Kandidierenden (namentliche Auflistung in untenstehender Meldung der Einnahmen vorhanden);Genf;Die Mitte;Kampagnenfinanzierung
de;205;2;campaign_financings;all;1;22.10.2023 Nationalratswahlen 2023;2023;campaign_financing;Juristische Personen oder Personengesellschaften;204;Le Centre du canton de Genève, Genève;205;Unterstützte Kandidierende: 31 (namentliche Auflistung in untenstehender Meldung der Einnahmen vorhanden);Offenlegung von Zuwendungen über 15 000 Franken;/api/frontend/latest/de/downloads/campaigns/205/forms/2;Budgetzahlen;Gruppe von Kandidierenden (namentliche Auflistung in untenstehender Meldung der Einnahmen vorhanden);Genf;Die Mitte;Kampagnenfinanzierung
de;205;5;campaign_financings;all;1;22.10.2023 Nationalratswahlen 2023;2023;campaign_financing;Juristische Personen oder Personengesellschaften;204;Le Centre du canton de Genève, Genève;205;Unterstützte Kandidierende: 31 (namentliche Auflistung in untenstehender Meldung der Einnahmen vorhanden);Offenlegung der Schlussrechnung über die Einnahmen;/api/frontend/latest/de/downloads/campaigns/205/forms/5;Definitive Zahlen;Gruppe von Kandidierenden (namentliche Auflistung in untenstehender Meldung der Einnahmen vorhanden);Genf;Die Mitte;Kampagnenfinanzierung
de;205;6;campaign_financings;all;1;22.10.2023 Nationalratswahlen 2023;2023;campaign_financing;Juristische Personen oder Personengesellschaften;204;Le Centre du canton de Genève, Genève;205;Unterstützte Kandidierende: 31 (namentliche Auflistung in untenstehender Meldung der Einnahmen vorhanden);Offenlegung von Zuwendungen über 15 000 Franken (Schlussrechnung);/api/frontend/latest/de/downloads/campaigns/205/forms/6;Definitive Zahlen;Gruppe von Kandidierenden (namentliche Auflistung in untenstehender Meldung der Einnahmen vorhanden);Genf;Die Mitte;Kampagnenfinanzierung
de;206;1;campaign_financings;all;1;22.10.2023 Nationalratswahlen 2023;2023;campaign_financing;Juristische Personen oder Personengesellschaften;224;Alliance Vaudoise, Lausanne;206;Unterstützte Kandidierende: 2 (namentliche Auflistung in untenstehender Meldung der Einnahmen vorhanden);Offenlegung der budgetierten Einnahmen;/api/frontend/latest/de/downloads/campaigns/206/forms/1;Budgetzahlen;Gruppe von Kandidierenden (namentliche Auflistung in untenstehender Meldung der Einnahmen vorhanden);Waadt;FDP.Die Liberalen;Kampagnenfinanzierung
de;206;2;campaign_financings;all;1;22.10.2023 Nationalratswahlen 2023;2023;campaign_financing;Juristische Personen oder Personengesellschaften;224;Alliance Vaudoise, Lausanne;206;Unterstützte Kandidierende: 2 (namentliche Auflistung in untenstehender Meldung der Einnahmen vorhanden);Offenlegung von Zuwendungen über 15 000 Franken;/api/frontend/latest/de/downloads/campaigns/206/forms/2;Budgetzahlen;Gruppe von Kandidierenden (namentliche Auflistung in untenstehender Meldung der Einnahmen vorhanden);Waadt;FDP.Die Liberalen;Kampagnenfinanzierung
de;207;1;campaign_financings;all;1;22.10.2023 Nationalratswahlen 2023;2023;campaign_financing;Juristische Personen oder Personengesellschaften;250;FDP.Die Liberalen Baselland, Liestal;207;Unterstützte Kandidierende: 8 (namentliche Auflistung in untenstehender Meldung der Einnahmen vorhanden);Offenlegung der budgetierten Einnahmen;/api/frontend/latest/de/downloads/campaigns/207/forms/1;Budgetzahlen;Gruppe von Kandidierenden (namentliche Auflistung in untenstehender Meldung der Einnahmen vorhanden);Basel-Landschaft;FDP.Die Liberalen;Kampagnenfinanzierung
de;207;5;campaign_financings;all;1;22.10.2023 Nationalratswahlen 2023;2023;campaign_financing;Juristische Personen oder Personengesellschaften;250;FDP.Die Liberalen Baselland, Liestal;207;Unterstützte Kandidierende: 8 (namentliche Auflistung in untenstehender Meldung der Einnahmen vorhanden);Offenlegung der Schlussrechnung über die Einnahmen;/api/frontend/latest/de/downloads/campaigns/207/forms/5;Definitive Zahlen;Gruppe von Kandidierenden (namentliche Auflistung in untenstehender Meldung der Einnahmen vorhanden);Basel-Landschaft;FDP.Die Liberalen;Kampagnenfinanzierung
de;208;1;campaign_financings;all;1;22.10.2023 Nationalratswahlen 2023;2023;campaign_financing;Juristische Personen oder Personengesellschaften;254;Parti socialiste vaudois, Lausanne;208;Unterstützte Kandidierende: 19 (namentliche Auflistung in untenstehender Meldung der Einnahmen vorhanden);Offenlegung der budgetierten Einnahmen;/api/frontend/latest/de/downloads/campaigns/208/forms/1;Budgetzahlen;Gruppe von Kandidierenden (namentliche Auflistung in untenstehender Meldung der Einnahmen vorhanden);Waadt;Sozialdemokratische Partei der Schweiz;Kampagnenfinanzierung
de;208;5;campaign_financings;all;1;22.10.2023 Nationalratswahlen 2023;2023;campaign_financing;Juristische Personen oder Personengesellschaften;254;Parti socialiste vaudois, Lausanne;208;Unterstützte Kandidierende: 19 (namentliche Auflistung in untenstehender Meldung der Einnahmen vorhanden);Offenlegung der Schlussrechnung über die Einnahmen;/api/frontend/latest/de/downloads/campaigns/208/forms/5;Definitive Zahlen;Gruppe von Kandidierenden (namentliche Auflistung in untenstehender Meldung der Einnahmen vorhanden);Waadt;Sozialdemokratische Partei der Schweiz;Kampagnenfinanzierung
de;209;1;campaign_financings;all;1;22.10.2023 Nationalratswahlen 2023;2023;campaign_financing;Juristische Personen oder Personengesellschaften;126;Schweizerische Volkspartei Kanton Bern, Bern;209;Unterstützte Kandidierende: 24 (namentliche Auflistung in untenstehender Meldung der Einnahmen vorhanden);Offenlegung der budgetierten Einnahmen;/api/frontend/latest/de/downloads/campaigns/209/forms/1;Budgetzahlen;Gruppe von Kandidierenden (namentliche Auflistung in untenstehender Meldung der Einnahmen vorhanden);Bern;Schweizerische Volkspartei;Kampagnenfinanzierung
de;209;2;campaign_financings;all;1;22.10.2023 Nationalratswahlen 2023;2023;campaign_financing;Juristische Personen oder Personengesellschaften;126;Schweizerische Volkspartei Kanton Bern, Bern;209;Unterstützte Kandidierende: 24 (namentliche Auflistung in untenstehender Meldung der Einnahmen vorhanden);Offenlegung von Zuwendungen über 15 000 Franken;/api/frontend/latest/de/downloads/campaigns/209/forms/2;Budgetzahlen;Gruppe von Kandidierenden (namentliche Auflistung in untenstehender Meldung der Einnahmen vorhanden);Bern;Schweizerische Volkspartei;Kampagnenfinanzierung
de;209;5;campaign_financings;all;1;22.10.2023 Nationalratswahlen 2023;2023;campaign_financing;Juristische Personen oder Personengesellschaften;126;Schweizerische Volkspartei Kanton Bern, Bern;209;Unterstützte Kandidierende: 24 (namentliche Auflistung in untenstehender Meldung der Einnahmen vorhanden);Offenlegung der Schlussrechnung über die Einnahmen;/api/frontend/latest/de/downloads/campaigns/209/forms/5;Definitive Zahlen;Gruppe von Kandidierenden (namentliche Auflistung in untenstehender Meldung der Einnahmen vorhanden);Bern;Schweizerische Volkspartei;Kampagnenfinanzierung
de;209;6;campaign_financings;all;1;22.10.2023 Nationalratswahlen 2023;2023;campaign_financing;Juristische Personen oder Personengesellschaften;126;Schweizerische Volkspartei Kanton Bern, Bern;209;Unterstützte Kandidierende: 24 (namentliche Auflistung in untenstehender Meldung der Einnahmen vorhanden);Offenlegung von Zuwendungen über 15 000 Franken (Schlussrechnung);/api/frontend/latest/de/downloads/campaigns/209/forms/6;Definitive Zahlen;Gruppe von Kandidierenden (namentliche Auflistung in untenstehender Meldung der Einnahmen vorhanden);Bern;Schweizerische Volkspartei;Kampagnenfinanzierung
de;21;1;campaign_financings;all;1;22.10.2023 Nationalratswahlen 2023;2023;campaign_financing;Natürliche Personen;54;Farinelli Alex, Comano;21;Farinelli Alex (Tessin, FDP.Die Liberalen);Offenlegung der budgetierten Einnahmen;/api/frontend/latest/de/downloads/campaigns/21/forms/1;Budgetzahlen;Einzelperson;Tessin;FDP.Die Liberalen;Kampagnenfinanzierung
de;21;2;campaign_financings;all;1;22.10.2023 Nationalratswahlen 2023;2023;campaign_financing;Natürliche Personen;54;Farinelli Alex, Comano;21;Farinelli Alex (Tessin, FDP.Die Liberalen);Offenlegung von Zuwendungen über 15 000 Franken;/api/frontend/latest/de/downloads/campaigns/21/forms/2;Budgetzahlen;Einzelperson;Tessin;FDP.Die Liberalen;Kampagnenfinanzierung
de;21;5;campaign_financings;all;1;22.10.2023 Nationalratswahlen 2023;2023;campaign_financing;Natürliche Personen;54;Farinelli Alex, Comano;21;Farinelli Alex (Tessin, FDP.Die Liberalen);Offenlegung der Schlussrechnung über die Einnahmen;/api/frontend/latest/de/downloads/campaigns/21/forms/5;Definitive Zahlen;Einzelperson;Tessin;FDP.Die Liberalen;Kampagnenfinanzierung
de;21;6;campaign_financings;all;1;22.10.2023 Nationalratswahlen 2023;2023;campaign_financing;Natürliche Personen;54;Farinelli Alex, Comano;21;Farinelli Alex (Tessin, FDP.Die Liberalen);Offenlegung von Zuwendungen über 15 000 Franken (Schlussrechnung);/api/frontend/latest/de/downloads/campaigns/21/forms/6;Definitive Zahlen;Einzelperson;Tessin;FDP.Die Liberalen;Kampagnenfinanzierung
de;210;1;campaign_financings;all;1;22.10.2023 Nationalratswahlen 2023;2023;campaign_financing;Juristische Personen oder Personengesellschaften;38;Grünliberale Partei Kanton Aargau, Aarau;210;Unterstützte Kandidierende: 16 (namentliche Auflistung in untenstehender Meldung der Einnahmen vorhanden);Offenlegung der budgetierten Einnahmen;/api/frontend/latest/de/downloads/campaigns/210/forms/1;Budgetzahlen;Gruppe von Kandidierenden (namentliche Auflistung in untenstehender Meldung der Einnahmen vorhanden);Aargau;Grünliberale Partei;Kampagnenfinanzierung
de;210;5;campaign_financings;all;1;22.10.2023 Nationalratswahlen 2023;2023;campaign_financing;Juristische Personen oder Personengesellschaften;38;Grünliberale Partei Kanton Aargau, Aarau;210;Unterstützte Kandidierende: 16 (namentliche Auflistung in untenstehender Meldung der Einnahmen vorhanden);Offenlegung der Schlussrechnung über die Einnahmen;/api/frontend/latest/de/downloads/campaigns/210/forms/5;Definitive Zahlen;Gruppe von Kandidierenden (namentliche Auflistung in untenstehender Meldung der Einnahmen vorhanden);Aargau;Grünliberale Partei;Kampagnenfinanzierung
de;211;1;campaign_financings;all;1;22.10.2023 Nationalratswahlen 2023;2023;campaign_financing;Juristische Personen oder Personengesellschaften;255;Union Démocratique du Centre, Genève, Les Acacias;211;Unterstützte Kandidierende: 23 (namentliche Auflistung in untenstehender Meldung der Einnahmen vorhanden);Offenlegung der budgetierten Einnahmen;/api/frontend/latest/de/downloads/campaigns/211/forms/1;Budgetzahlen;Gruppe von Kandidierenden (namentliche Auflistung in untenstehender Meldung der Einnahmen vorhanden);Genf;Schweizerische Volkspartei;Kampagnenfinanzierung
de;211;2;campaign_financings;all;1;22.10.2023 Nationalratswahlen 2023;2023;campaign_financing;Juristische Personen oder Personengesellschaften;255;Union Démocratique du Centre, Genève, Les Acacias;211;Unterstützte Kandidierende: 23 (namentliche Auflistung in untenstehender Meldung der Einnahmen vorhanden);Offenlegung von Zuwendungen über 15 000 Franken;/api/frontend/latest/de/downloads/campaigns/211/forms/2;Budgetzahlen;Gruppe von Kandidierenden (namentliche Auflistung in untenstehender Meldung der Einnahmen vorhanden);Genf;Schweizerische Volkspartei;Kampagnenfinanzierung
de;211;5;campaign_financings;all;1;22.10.2023 Nationalratswahlen 2023;2023;campaign_financing;Juristische Personen oder Personengesellschaften;255;Union Démocratique du Centre, Genève, Les Acacias;211;Unterstützte Kandidierende: 23 (namentliche Auflistung in untenstehender Meldung der Einnahmen vorhanden);Offenlegung der Schlussrechnung über die Einnahmen;/api/frontend/latest/de/downloads/campaigns/211/forms/5;Definitive Zahlen;Gruppe von Kandidierenden (namentliche Auflistung in untenstehender Meldung der Einnahmen vorhanden);Genf;Schweizerische Volkspartei;Kampagnenfinanzierung
de;211;6;campaign_financings;all;1;22.10.2023 Nationalratswahlen 2023;2023;campaign_financing;Juristische Personen oder Personengesellschaften;255;Union Démocratique du Centre, Genève, Les Acacias;211;Unterstützte Kandidierende: 23 (namentliche Auflistung in untenstehender Meldung der Einnahmen vorhanden);Offenlegung von Zuwendungen über 15 000 Franken (Schlussrechnung);/api/frontend/latest/de/downloads/campaigns/211/forms/6;Definitive Zahlen;Gruppe von Kandidierenden (namentliche Auflistung in untenstehender Meldung der Einnahmen vorhanden);Genf;Schweizerische Volkspartei;Kampagnenfinanzierung
de;212;1;campaign_financings;all;1;22.10.2023 Nationalratswahlen 2023;2023;campaign_financing;Juristische Personen oder Personengesellschaften;260;Grüne Aargau, Aarau;212;Unterstützte Kandidierende: 47 (namentliche Auflistung in untenstehender Meldung der Einnahmen vorhanden);Offenlegung der budgetierten Einnahmen;/api/frontend/latest/de/downloads/campaigns/212/forms/1;Budgetzahlen;Gruppe von Kandidierenden (namentliche Auflistung in untenstehender Meldung der Einnahmen vorhanden);Aargau;GRÜNE Schweiz;Kampagnenfinanzierung
de;212;2;campaign_financings;all;1;22.10.2023 Nationalratswahlen 2023;2023;campaign_financing;Juristische Personen oder Personengesellschaften;260;Grüne Aargau, Aarau;212;Unterstützte Kandidierende: 47 (namentliche Auflistung in untenstehender Meldung der Einnahmen vorhanden);Offenlegung von Zuwendungen über 15 000 Franken;/api/frontend/latest/de/downloads/campaigns/212/forms/2;Budgetzahlen;Gruppe von Kandidierenden (namentliche Auflistung in untenstehender Meldung der Einnahmen vorhanden);Aargau;GRÜNE Schweiz;Kampagnenfinanzierung
de;212;5;campaign_financings;all;1;22.10.2023 Nationalratswahlen 2023;2023;campaign_financing;Juristische Personen oder Personengesellschaften;260;Grüne Aargau, Aarau;212;Unterstützte Kandidierende: 47 (namentliche Auflistung in untenstehender Meldung der Einnahmen vorhanden);Offenlegung der Schlussrechnung über die Einnahmen;/api/frontend/latest/de/downloads/campaigns/212/forms/5;Definitive Zahlen;Gruppe von Kandidierenden (namentliche Auflistung in untenstehender Meldung der Einnahmen vorhanden);Aargau;GRÜNE Schweiz;Kampagnenfinanzierung
de;213;1;campaign_financings;all;1;22.10.2023 Nationalratswahlen 2023;2023;campaign_financing;Natürliche Personen;181;Morel Paolo, Breganzona;213;Morel Paolo (Tessin, FDP.Die Liberalen);Offenlegung der budgetierten Einnahmen;/api/frontend/latest/de/downloads/campaigns/213/forms/1;Budgetzahlen;Einzelperson;Tessin;FDP.Die Liberalen;Kampagnenfinanzierung
de;213;5;campaign_financings;all;1;22.10.2023 Nationalratswahlen 2023;2023;campaign_financing;Natürliche Personen;181;Morel Paolo, Breganzona;213;Morel Paolo (Tessin, FDP.Die Liberalen);Offenlegung der Schlussrechnung über die Einnahmen;/api/frontend/latest/de/downloads/campaigns/213/forms/5;Definitive Zahlen;Einzelperson;Tessin;FDP.Die Liberalen;Kampagnenfinanzierung
de;214;1;campaign_financings;all;1;22.10.2023 Nationalratswahlen 2023;2023;campaign_financing;Juristische Personen oder Personengesellschaften;59;Die Mitte, Bern;214;Eidgenössische Wahlen 2023 (schweizweit, Die Mitte);Offenlegung der budgetierten Einnahmen;/api/frontend/latest/de/downloads/campaigns/214/forms/1;Budgetzahlen;Gruppe von Kandidierenden (Einzelauflistung nicht möglich);schweizweit;Die Mitte;Kampagnenfinanzierung
de;214;2;campaign_financings;all;1;22.10.2023 Nationalratswahlen 2023;2023;campaign_financing;Juristische Personen oder Personengesellschaften;59;Die Mitte, Bern;214;Eidgenössische Wahlen 2023 (schweizweit, Die Mitte);Offenlegung von Zuwendungen über 15 000 Franken;/api/frontend/latest/de/downloads/campaigns/214/forms/2;Budgetzahlen;Gruppe von Kandidierenden (Einzelauflistung nicht möglich);schweizweit;Die Mitte;Kampagnenfinanzierung
de;214;5;campaign_financings;all;1;22.10.2023 Nationalratswahlen 2023;2023;campaign_financing;Juristische Personen oder Personengesellschaften;59;Die Mitte, Bern;214;Eidgenössische Wahlen 2023 (schweizweit, Die Mitte);Offenlegung der Schlussrechnung über die Einnahmen;/api/frontend/latest/de/downloads/campaigns/214/forms/5;Definitive Zahlen;Gruppe von Kandidierenden (Einzelauflistung nicht möglich);schweizweit;Die Mitte;Kampagnenfinanzierung
de;214;6;campaign_financings;all;1;22.10.2023 Nationalratswahlen 2023;2023;campaign_financing;Juristische Personen oder Personengesellschaften;59;Die Mitte, Bern;214;Eidgenössische Wahlen 2023 (schweizweit, Die Mitte);Offenlegung von Zuwendungen über 15 000 Franken (Schlussrechnung);/api/frontend/latest/de/downloads/campaigns/214/forms/6;Definitive Zahlen;Gruppe von Kandidierenden (Einzelauflistung nicht möglich);schweizweit;Die Mitte;Kampagnenfinanzierung
de;215;1;campaign_financings;all;1;22.10.2023 Nationalratswahlen 2023;2023;campaign_financing;Natürliche Personen;248;Vincenz-Stauffacher Susanne, Abtwil;215;Vincenz-Stauffacher Susanne (St. Gallen, FDP.Die Liberalen);Offenlegung der budgetierten Einnahmen;/api/frontend/latest/de/downloads/campaigns/215/forms/1;Budgetzahlen;Einzelperson;St. Gallen;FDP.Die Liberalen;Kampagnenfinanzierung
de;215;5;campaign_financings;all;1;22.10.2023 Nationalratswahlen 2023;2023;campaign_financing;Natürliche Personen;248;Vincenz-Stauffacher Susanne, Abtwil;215;Vincenz-Stauffacher Susanne (St. Gallen, FDP.Die Liberalen);Offenlegung der Schlussrechnung über die Einnahmen;/api/frontend/latest/de/downloads/campaigns/215/forms/5;Definitive Zahlen;Einzelperson;St. Gallen;FDP.Die Liberalen;Kampagnenfinanzierung
de;217;1;campaign_financings;all;1;22.10.2023 Nationalratswahlen 2023;2023;campaign_financing;Juristische Personen oder Personengesellschaften;242;FDP.Die Liberalen Frauen Schweiz, St. Gallen;217;FDP Frauen Schweiz Nationalratswahlen 2023 (schweizweit, FDP.Die Liberalen);Offenlegung der budgetierten Einnahmen;/api/frontend/latest/de/downloads/campaigns/217/forms/1;Budgetzahlen;Gruppe von Kandidierenden (Einzelauflistung nicht möglich);schweizweit;FDP.Die Liberalen;Kampagnenfinanzierung
de;217;2;campaign_financings;all;1;22.10.2023 Nationalratswahlen 2023;2023;campaign_financing;Juristische Personen oder Personengesellschaften;242;FDP.Die Liberalen Frauen Schweiz, St. Gallen;217;FDP Frauen Schweiz Nationalratswahlen 2023 (schweizweit, FDP.Die Liberalen);Offenlegung von Zuwendungen über 15 000 Franken;/api/frontend/latest/de/downloads/campaigns/217/forms/2;Budgetzahlen;Gruppe von Kandidierenden (Einzelauflistung nicht möglich);schweizweit;FDP.Die Liberalen;Kampagnenfinanzierung
de;219;1;campaign_financings;all;1;22.10.2023 Nationalratswahlen 2023;2023;campaign_financing;Juristische Personen oder Personengesellschaften;271;Les Vert.e.s, mouvement écologiste vaudois, Lausanne;219;Unterstützte Kandidierende: 19 (namentliche Auflistung in untenstehender Meldung der Einnahmen vorhanden);Offenlegung der budgetierten Einnahmen;/api/frontend/latest/de/downloads/campaigns/219/forms/1;Budgetzahlen;Gruppe von Kandidierenden (namentliche Auflistung in untenstehender Meldung der Einnahmen vorhanden);Waadt;GRÜNE Schweiz;Kampagnenfinanzierung
de;219;2;campaign_financings;all;1;22.10.2023 Nationalratswahlen 2023;2023;campaign_financing;Juristische Personen oder Personengesellschaften;271;Les Vert.e.s, mouvement écologiste vaudois, Lausanne;219;Unterstützte Kandidierende: 19 (namentliche Auflistung in untenstehender Meldung der Einnahmen vorhanden);Offenlegung von Zuwendungen über 15 000 Franken;/api/frontend/latest/de/downloads/campaigns/219/forms/2;Budgetzahlen;Gruppe von Kandidierenden (namentliche Auflistung in untenstehender Meldung der Einnahmen vorhanden);Waadt;GRÜNE Schweiz;Kampagnenfinanzierung
de;219;5;campaign_financings;all;1;22.10.2023 Nationalratswahlen 2023;2023;campaign_financing;Juristische Personen oder Personengesellschaften;271;Les Vert.e.s, mouvement écologiste vaudois, Lausanne;219;Unterstützte Kandidierende: 19 (namentliche Auflistung in untenstehender Meldung der Einnahmen vorhanden);Offenlegung der Schlussrechnung über die Einnahmen;/api/frontend/latest/de/downloads/campaigns/219/forms/5;Definitive Zahlen;Gruppe von Kandidierenden (namentliche Auflistung in untenstehender Meldung der Einnahmen vorhanden);Waadt;GRÜNE Schweiz;Kampagnenfinanzierung
de;219;6;campaign_financings;all;1;22.10.2023 Nationalratswahlen 2023;2023;campaign_financing;Juristische Personen oder Personengesellschaften;271;Les Vert.e.s, mouvement écologiste vaudois, Lausanne;219;Unterstützte Kandidierende: 19 (namentliche Auflistung in untenstehender Meldung der Einnahmen vorhanden);Offenlegung von Zuwendungen über 15 000 Franken (Schlussrechnung);/api/frontend/latest/de/downloads/campaigns/219/forms/6;Definitive Zahlen;Gruppe von Kandidierenden (namentliche Auflistung in untenstehender Meldung der Einnahmen vorhanden);Waadt;GRÜNE Schweiz;Kampagnenfinanzierung
de;22;1;campaign_financings;all;1;22.10.2023 Nationalratswahlen 2023;2023;campaign_financing;Natürliche Personen;90;Walti Beat, Zollikon;22;Walti Beat (Zürich, FDP.Die Liberalen);Offenlegung der budgetierten Einnahmen;/api/frontend/latest/de/downloads/campaigns/22/forms/1;Budgetzahlen;Einzelperson;Zürich;FDP.Die Liberalen;Kampagnenfinanzierung
de;22;5;campaign_financings;all;1;22.10.2023 Nationalratswahlen 2023;2023;campaign_financing;Natürliche Personen;90;Walti Beat, Zollikon;22;Walti Beat (Zürich, FDP.Die Liberalen);Offenlegung der Schlussrechnung über die Einnahmen;/api/frontend/latest/de/downloads/campaigns/22/forms/5;Definitive Zahlen;Einzelperson;Zürich;FDP.Die Liberalen;Kampagnenfinanzierung
de;220;1;campaign_financings;all;1;22.10.2023 Nationalratswahlen 2023;2023;campaign_financing;Natürliche Personen;239;Züger Christoph, Niederbüren;220;Züger Christoph (St. Gallen, FDP.Die Liberalen);Offenlegung der budgetierten Einnahmen;/api/frontend/latest/de/downloads/campaigns/220/forms/1;Budgetzahlen;Einzelperson;St. Gallen;FDP.Die Liberalen;Kampagnenfinanzierung
de;220;5;campaign_financings;all;1;22.10.2023 Nationalratswahlen 2023;2023;campaign_financing;Natürliche Personen;239;Züger Christoph, Niederbüren;220;Züger Christoph (St. Gallen, FDP.Die Liberalen);Offenlegung der Schlussrechnung über die Einnahmen;/api/frontend/latest/de/downloads/campaigns/220/forms/5;Definitive Zahlen;Einzelperson;St. Gallen;FDP.Die Liberalen;Kampagnenfinanzierung
de;221;1;campaign_financings;all;1;22.10.2023 Nationalratswahlen 2023;2023;campaign_financing;Juristische Personen oder Personengesellschaften;240;Überparteiliches Unterstützungskomitee Domenik Ledergerber, Herrliberg;221;Ledergerber Domenik (Zürich, Schweizerische Volkspartei);Offenlegung der budgetierten Einnahmen;/api/frontend/latest/de/downloads/campaigns/221/forms/1;Budgetzahlen;Einzelperson;Zürich;Schweizerische Volkspartei;Kampagnenfinanzierung
de;221;5;campaign_financings;all;1;22.10.2023 Nationalratswahlen 2023;2023;campaign_financing;Juristische Personen oder Personengesellschaften;240;Überparteiliches Unterstützungskomitee Domenik Ledergerber, Herrliberg;221;Ledergerber Domenik (Zürich, Schweizerische Volkspartei);Offenlegung der Schlussrechnung über die Einnahmen;/api/frontend/latest/de/downloads/campaigns/221/forms/5;Definitive Zahlen;Einzelperson;Zürich;Schweizerische Volkspartei;Kampagnenfinanzierung
de;223;1;campaign_financings;all;1;22.10.2023 Nationalratswahlen 2023;2023;campaign_financing;Juristische Personen oder Personengesellschaften;256;FDP.Die Liberalen Zug, Zug;223;Unterstützte Kandidierende: 7 (namentliche Auflistung in untenstehender Meldung der Einnahmen vorhanden);Offenlegung der budgetierten Einnahmen;/api/frontend/latest/de/downloads/campaigns/223/forms/1;Budgetzahlen;Gruppe von Kandidierenden (namentliche Auflistung in untenstehender Meldung der Einnahmen vorhanden);Zug;FDP.Die Liberalen;Kampagnenfinanzierung
de;223;5;campaign_financings;all;1;22.10.2023 Nationalratswahlen 2023;2023;campaign_financing;Juristische Personen oder Personengesellschaften;256;FDP.Die Liberalen Zug, Zug;223;Unterstützte Kandidierende: 7 (namentliche Auflistung in untenstehender Meldung der Einnahmen vorhanden);Offenlegung der Schlussrechnung über die Einnahmen;/api/frontend/latest/de/downloads/campaigns/223/forms/5;Definitive Zahlen;Gruppe von Kandidierenden (namentliche Auflistung in untenstehender Meldung der Einnahmen vorhanden);Zug;FDP.Die Liberalen;Kampagnenfinanzierung
de;224;1;campaign_financings;all;1;22.10.2023 Nationalratswahlen 2023;2023;campaign_financing;Natürliche Personen;261;Forster Nicola, Zürich;224;Forster Nicola (Zürich, Grünliberale Partei);Offenlegung der budgetierten Einnahmen;/api/frontend/latest/de/downloads/campaigns/224/forms/1;Budgetzahlen;Einzelperson;Zürich;Grünliberale Partei;Kampagnenfinanzierung
de;224;5;campaign_financings;all;1;22.10.2023 Nationalratswahlen 2023;2023;campaign_financing;Natürliche Personen;261;Forster Nicola, Zürich;224;Forster Nicola (Zürich, Grünliberale Partei);Offenlegung der Schlussrechnung über die Einnahmen;/api/frontend/latest/de/downloads/campaigns/224/forms/5;Definitive Zahlen;Einzelperson;Zürich;Grünliberale Partei;Kampagnenfinanzierung
de;225;1;campaign_financings;all;1;22.10.2023 Nationalratswahlen 2023;2023;campaign_financing;Juristische Personen oder Personengesellschaften;114;Grünliberale Partei Kanton Freiburg, Morens;225;Unterstützte Kandidierende: 14 (namentliche Auflistung in untenstehender Meldung der Einnahmen vorhanden);Offenlegung der budgetierten Einnahmen;/api/frontend/latest/de/downloads/campaigns/225/forms/1;Budgetzahlen;Gruppe von Kandidierenden (namentliche Auflistung in untenstehender Meldung der Einnahmen vorhanden);Freiburg;Grünliberale Partei;Kampagnenfinanzierung
de;226;1;campaign_financings;all;1;22.10.2023 Nationalratswahlen 2023;2023;campaign_financing;Juristische Personen oder Personengesellschaften;96;Die Mitte Kanton Bern, Bern;226;Unterstützte Kandidierende: 24 (namentliche Auflistung in untenstehender Meldung der Einnahmen vorhanden);Offenlegung der budgetierten Einnahmen;/api/frontend/latest/de/downloads/campaigns/226/forms/1;Budgetzahlen;Gruppe von Kandidierenden (namentliche Auflistung in untenstehender Meldung der Einnahmen vorhanden);Bern;Die Mitte;Kampagnenfinanzierung
de;226;2;campaign_financings;all;1;22.10.2023 Nationalratswahlen 2023;2023;campaign_financing;Juristische Personen oder Personengesellschaften;96;Die Mitte Kanton Bern, Bern;226;Unterstützte Kandidierende: 24 (namentliche Auflistung in untenstehender Meldung der Einnahmen vorhanden);Offenlegung von Zuwendungen über 15 000 Franken;/api/frontend/latest/de/downloads/campaigns/226/forms/2;Budgetzahlen;Gruppe von Kandidierenden (namentliche Auflistung in untenstehender Meldung der Einnahmen vorhanden);Bern;Die Mitte;Kampagnenfinanzierung
de;226;5;campaign_financings;all;1;22.10.2023 Nationalratswahlen 2023;2023;campaign_financing;Juristische Personen oder Personengesellschaften;96;Die Mitte Kanton Bern, Bern;226;Unterstützte Kandidierende: 24 (namentliche Auflistung in untenstehender Meldung der Einnahmen vorhanden);Offenlegung der Schlussrechnung über die Einnahmen;/api/frontend/latest/de/downloads/campaigns/226/forms/5;Definitive Zahlen;Gruppe von Kandidierenden (namentliche Auflistung in untenstehender Meldung der Einnahmen vorhanden);Bern;Die Mitte;Kampagnenfinanzierung
de;226;6;campaign_financings;all;1;22.10.2023 Nationalratswahlen 2023;2023;campaign_financing;Juristische Personen oder Personengesellschaften;96;Die Mitte Kanton Bern, Bern;226;Unterstützte Kandidierende: 24 (namentliche Auflistung in untenstehender Meldung der Einnahmen vorhanden);Offenlegung von Zuwendungen über 15 000 Franken (Schlussrechnung);/api/frontend/latest/de/downloads/campaigns/226/forms/6;Definitive Zahlen;Gruppe von Kandidierenden (namentliche Auflistung in untenstehender Meldung der Einnahmen vorhanden);Bern;Die Mitte;Kampagnenfinanzierung
de;227;1;campaign_financings;all;1;22.10.2023 Nationalratswahlen 2023;2023;campaign_financing;Natürliche Personen;80;Schenker Saskia, Itingen;227;Schenker Saskia (Basel-Landschaft, FDP.Die Liberalen);Offenlegung der budgetierten Einnahmen;/api/frontend/latest/de/downloads/campaigns/227/forms/1;Budgetzahlen;Einzelperson;Basel-Landschaft;FDP.Die Liberalen;Kampagnenfinanzierung
de;227;2;campaign_financings;all;1;22.10.2023 Nationalratswahlen 2023;2023;campaign_financing;Natürliche Personen;80;Schenker Saskia, Itingen;227;Schenker Saskia (Basel-Landschaft, FDP.Die Liberalen);Offenlegung von Zuwendungen über 15 000 Franken;/api/frontend/latest/de/downloads/campaigns/227/forms/2;Budgetzahlen;Einzelperson;Basel-Landschaft;FDP.Die Liberalen;Kampagnenfinanzierung
de;227;5;campaign_financings;all;1;22.10.2023 Nationalratswahlen 2023;2023;campaign_financing;Natürliche Personen;80;Schenker Saskia, Itingen;227;Schenker Saskia (Basel-Landschaft, FDP.Die Liberalen);Offenlegung der Schlussrechnung über die Einnahmen;/api/frontend/latest/de/downloads/campaigns/227/forms/5;Definitive Zahlen;Einzelperson;Basel-Landschaft;FDP.Die Liberalen;Kampagnenfinanzierung
de;227;6;campaign_financings;all;1;22.10.2023 Nationalratswahlen 2023;2023;campaign_financing;Natürliche Personen;80;Schenker Saskia, Itingen;227;Schenker Saskia (Basel-Landschaft, FDP.Die Liberalen);Offenlegung von Zuwendungen über 15 000 Franken (Schlussrechnung);/api/frontend/latest/de/downloads/campaigns/227/forms/6;Definitive Zahlen;Einzelperson;Basel-Landschaft;FDP.Die Liberalen;Kampagnenfinanzierung
de;228;1;campaign_financings;all;1;22.10.2023 Nationalratswahlen 2023;2023;campaign_financing;Natürliche Personen;237;Müller Matthias, Zürich;228;Müller Matthias (Zürich, FDP.Die Liberalen);Offenlegung der budgetierten Einnahmen;/api/frontend/latest/de/downloads/campaigns/228/forms/1;Budgetzahlen;Einzelperson;Zürich;FDP.Die Liberalen;Kampagnenfinanzierung
de;228;5;campaign_financings;all;1;22.10.2023 Nationalratswahlen 2023;2023;campaign_financing;Natürliche Personen;237;Müller Matthias, Zürich;228;Müller Matthias (Zürich, FDP.Die Liberalen);Offenlegung der Schlussrechnung über die Einnahmen;/api/frontend/latest/de/downloads/campaigns/228/forms/5;Definitive Zahlen;Einzelperson;Zürich;FDP.Die Liberalen;Kampagnenfinanzierung
de;229;1;campaign_financings;all;1;22.10.2023 Nationalratswahlen 2023;2023;campaign_financing;Juristische Personen oder Personengesellschaften;258;Die Mitte Oberwallis, Brig;229;Unterstützte Kandidierende: 9 (namentliche Auflistung in untenstehender Meldung der Einnahmen vorhanden);Offenlegung der budgetierten Einnahmen;/api/frontend/latest/de/downloads/campaigns/229/forms/1;Budgetzahlen;Gruppe von Kandidierenden (namentliche Auflistung in untenstehender Meldung der Einnahmen vorhanden);Wallis;Die Mitte;Kampagnenfinanzierung
de;229;5;campaign_financings;all;1;22.10.2023 Nationalratswahlen 2023;2023;campaign_financing;Juristische Personen oder Personengesellschaften;258;Die Mitte Oberwallis, Brig;229;Unterstützte Kandidierende: 9 (namentliche Auflistung in untenstehender Meldung der Einnahmen vorhanden);Offenlegung der Schlussrechnung über die Einnahmen;/api/frontend/latest/de/downloads/campaigns/229/forms/5;Definitive Zahlen;Gruppe von Kandidierenden (namentliche Auflistung in untenstehender Meldung der Einnahmen vorhanden);Wallis;Die Mitte;Kampagnenfinanzierung
de;23;1;campaign_financings;all;1;22.10.2023 Nationalratswahlen 2023;2023;campaign_financing;Natürliche Personen;86;Avdili Përparim, Zürich;23;Avdili Përparim (Zürich, FDP.Die Liberalen);Offenlegung der budgetierten Einnahmen;/api/frontend/latest/de/downloads/campaigns/23/forms/1;Budgetzahlen;Einzelperson;Zürich;FDP.Die Liberalen;Kampagnenfinanzierung
de;23;5;campaign_financings;all;1;22.10.2023 Nationalratswahlen 2023;2023;campaign_financing;Natürliche Personen;86;Avdili Përparim, Zürich;23;Avdili Përparim (Zürich, FDP.Die Liberalen);Offenlegung der Schlussrechnung über die Einnahmen;/api/frontend/latest/de/downloads/campaigns/23/forms/5;Definitive Zahlen;Einzelperson;Zürich;FDP.Die Liberalen;Kampagnenfinanzierung
de;230;1;campaign_financings;all;1;22.10.2023 Nationalratswahlen 2023;2023;campaign_financing;Juristische Personen oder Personengesellschaften;45;FDP.Die Liberalen Kanton Schwyz, Gersau;230;Unterstützte Kandidierende: 4 (namentliche Auflistung in untenstehender Meldung der Einnahmen vorhanden);Offenlegung der budgetierten Einnahmen;/api/frontend/latest/de/downloads/campaigns/230/forms/1;Budgetzahlen;Gruppe von Kandidierenden (namentliche Auflistung in untenstehender Meldung der Einnahmen vorhanden);Schwyz;FDP.Die Liberalen;Kampagnenfinanzierung
de;230;2;campaign_financings;all;1;22.10.2023 Nationalratswahlen 2023;2023;campaign_financing;Juristische Personen oder Personengesellschaften;45;FDP.Die Liberalen Kanton Schwyz, Gersau;230;Unterstützte Kandidierende: 4 (namentliche Auflistung in untenstehender Meldung der Einnahmen vorhanden);Offenlegung von Zuwendungen über 15 000 Franken;/api/frontend/latest/de/downloads/campaigns/230/forms/2;Budgetzahlen;Gruppe von Kandidierenden (namentliche Auflistung in untenstehender Meldung der Einnahmen vorhanden);Schwyz;FDP.Die Liberalen;Kampagnenfinanzierung
de;230;5;campaign_financings;all;1;22.10.2023 Nationalratswahlen 2023;2023;campaign_financing;Juristische Personen oder Personengesellschaften;45;FDP.Die Liberalen Kanton Schwyz, Gersau;230;Unterstützte Kandidierende: 4 (namentliche Auflistung in untenstehender Meldung der Einnahmen vorhanden);Offenlegung der Schlussrechnung über die Einnahmen;/api/frontend/latest/de/downloads/campaigns/230/forms/5;Definitive Zahlen;Gruppe von Kandidierenden (namentliche Auflistung in untenstehender Meldung der Einnahmen vorhanden);Schwyz;FDP.Die Liberalen;Kampagnenfinanzierung
de;230;6;campaign_financings;all;1;22.10.2023 Nationalratswahlen 2023;2023;campaign_financing;Juristische Personen oder Personengesellschaften;45;FDP.Die Liberalen Kanton Schwyz, Gersau;230;Unterstützte Kandidierende: 4 (namentliche Auflistung in untenstehender Meldung der Einnahmen vorhanden);Offenlegung von Zuwendungen über 15 000 Franken (Schlussrechnung);/api/frontend/latest/de/downloads/campaigns/230/forms/6;Definitive Zahlen;Gruppe von Kandidierenden (namentliche Auflistung in untenstehender Meldung der Einnahmen vorhanden);Schwyz;FDP.Die Liberalen;Kampagnenfinanzierung
de;231;1;campaign_financings;all;1;22.10.2023 Nationalratswahlen 2023;2023;campaign_financing;Natürliche Personen;264;Kamerzin Sidney, Sierre;231;Kamerzin Sidney (Wallis, Die Mitte);Offenlegung der budgetierten Einnahmen;/api/frontend/latest/de/downloads/campaigns/231/forms/1;Budgetzahlen;Einzelperson;Wallis;Die Mitte;Kampagnenfinanzierung
de;231;5;campaign_financings;all;1;22.10.2023 Nationalratswahlen 2023;2023;campaign_financing;Natürliche Personen;264;Kamerzin Sidney, Sierre;231;Kamerzin Sidney (Wallis, Die Mitte);Offenlegung der Schlussrechnung über die Einnahmen;/api/frontend/latest/de/downloads/campaigns/231/forms/5;Definitive Zahlen;Einzelperson;Wallis;Die Mitte;Kampagnenfinanzierung
de;232;1;campaign_financings;all;1;22.10.2023 Nationalratswahlen 2023;2023;campaign_financing;Juristische Personen oder Personengesellschaften;267;FDP.Die Liberalen Kanton Schaffhausen, Schaffhausen;232;Unterstützte Kandidierende: 8 (namentliche Auflistung in untenstehender Meldung der Einnahmen vorhanden);Offenlegung der budgetierten Einnahmen;/api/frontend/latest/de/downloads/campaigns/232/forms/1;Budgetzahlen;Gruppe von Kandidierenden (namentliche Auflistung in untenstehender Meldung der Einnahmen vorhanden);Schaffhausen;FDP.Die Liberalen;Kampagnenfinanzierung
de;232;5;campaign_financings;all;1;22.10.2023 Nationalratswahlen 2023;2023;campaign_financing;Juristische Personen oder Personengesellschaften;267;FDP.Die Liberalen Kanton Schaffhausen, Schaffhausen;232;Unterstützte Kandidierende: 8 (namentliche Auflistung in untenstehender Meldung der Einnahmen vorhanden);Offenlegung der Schlussrechnung über die Einnahmen;/api/frontend/latest/de/downloads/campaigns/232/forms/5;Definitive Zahlen;Gruppe von Kandidierenden (namentliche Auflistung in untenstehender Meldung der Einnahmen vorhanden);Schaffhausen;FDP.Die Liberalen;Kampagnenfinanzierung
de;233;1;campaign_financings;all;1;22.10.2023 Nationalratswahlen 2023;2023;campaign_financing;Juristische Personen oder Personengesellschaften;253;Hauseigentümerverband Region Winterthur, Winterthur;233;Unterstützte Kandidierende: 17 (namentliche Auflistung in untenstehender Meldung der Einnahmen vorhanden);Offenlegung der budgetierten Einnahmen;/api/frontend/latest/de/downloads/campaigns/233/forms/1;Budgetzahlen;Gruppe von Kandidierenden (namentliche Auflistung in untenstehender Meldung der Einnahmen vorhanden);Zürich;Die Mitte;Kampagnenfinanzierung
de;233;5;campaign_financings;all;1;22.10.2023 Nationalratswahlen 2023;2023;campaign_financing;Juristische Personen oder Personengesellschaften;253;Hauseigentümerverband Region Winterthur, Winterthur;233;Unterstützte Kandidierende: 17 (namentliche Auflistung in untenstehender Meldung der Einnahmen vorhanden);Offenlegung der Schlussrechnung über die Einnahmen;/api/frontend/latest/de/downloads/campaigns/233/forms/5;Definitive Zahlen;Gruppe von Kandidierenden (namentliche Auflistung in untenstehender Meldung der Einnahmen vorhanden);Zürich;Die Mitte;Kampagnenfinanzierung
de;234;1;campaign_financings;all;1;22.10.2023 Nationalratswahlen 2023;2023;campaign_financing;Natürliche Personen;128;Viscardi Giovanna, Pregassona;234;viscardi giovanna (Tessin, FDP.Die Liberalen);Offenlegung der budgetierten Einnahmen;/api/frontend/latest/de/downloads/campaigns/234/forms/1;Budgetzahlen;Einzelperson;Tessin;FDP.Die Liberalen;Kampagnenfinanzierung
de;234;5;campaign_financings;all;1;22.10.2023 Nationalratswahlen 2023;2023;campaign_financing;Natürliche Personen;128;Viscardi Giovanna, Pregassona;234;viscardi giovanna (Tessin, FDP.Die Liberalen);Offenlegung der Schlussrechnung über die Einnahmen;/api/frontend/latest/de/downloads/campaigns/234/forms/5;Definitive Zahlen;Einzelperson;Tessin;FDP.Die Liberalen;Kampagnenfinanzierung
de;235;1;campaign_financings;all;1;22.10.2023 Nationalratswahlen 2023;2023;campaign_financing;Juristische Personen oder Personengesellschaften;263;Schweizer Bauernverband (SBV), Brugg;235;Mobilisierung für bäuerliche Kandidatinnen und Kandidaten (schweizweit, Unabhängig);Offenlegung der budgetierten Einnahmen;/api/frontend/latest/de/downloads/campaigns/235/forms/1;Budgetzahlen;Gruppe von Kandidierenden (Einzelauflistung nicht möglich);schweizweit;Unabhängig;Kampagnenfinanzierung
de;235;5;campaign_financings;all;1;22.10.2023 Nationalratswahlen 2023;2023;campaign_financing;Juristische Personen oder Personengesellschaften;263;Schweizer Bauernverband (SBV), Brugg;235;Mobilisierung für bäuerliche Kandidatinnen und Kandidaten (schweizweit, Unabhängig);Offenlegung der Schlussrechnung über die Einnahmen;/api/frontend/latest/de/downloads/campaigns/235/forms/5;Definitive Zahlen;Gruppe von Kandidierenden (Einzelauflistung nicht möglich);schweizweit;Unabhängig;Kampagnenfinanzierung
de;236;1;campaign_financings;all;1;22.10.2023 Nationalratswahlen 2023;2023;campaign_financing;Juristische Personen oder Personengesellschaften;283;Campagne commune Alexandre Berthoud, Thierry Amy, Carlos Bujard, Neyruz-sur-Moudon;236;Unterstützte Kandidierende: 3 (namentliche Auflistung in untenstehender Meldung der Einnahmen vorhanden);Offenlegung der budgetierten Einnahmen;/api/frontend/latest/de/downloads/campaigns/236/forms/1;Budgetzahlen;Gruppe von Kandidierenden (namentliche Auflistung in untenstehender Meldung der Einnahmen vorhanden);Waadt;FDP.Die Liberalen;Kampagnenfinanzierung
de;236;5;campaign_financings;all;1;22.10.2023 Nationalratswahlen 2023;2023;campaign_financing;Juristische Personen oder Personengesellschaften;283;Campagne commune Alexandre Berthoud, Thierry Amy, Carlos Bujard, Neyruz-sur-Moudon;236;Unterstützte Kandidierende: 3 (namentliche Auflistung in untenstehender Meldung der Einnahmen vorhanden);Offenlegung der Schlussrechnung über die Einnahmen;/api/frontend/latest/de/downloads/campaigns/236/forms/5;Definitive Zahlen;Gruppe von Kandidierenden (namentliche Auflistung in untenstehender Meldung der Einnahmen vorhanden);Waadt;FDP.Die Liberalen;Kampagnenfinanzierung
de;236;6;campaign_financings;all;1;22.10.2023 Nationalratswahlen 2023;2023;campaign_financing;Juristische Personen oder Personengesellschaften;283;Campagne commune Alexandre Berthoud, Thierry Amy, Carlos Bujard, Neyruz-sur-Moudon;236;Unterstützte Kandidierende: 3 (namentliche Auflistung in untenstehender Meldung der Einnahmen vorhanden);Offenlegung von Zuwendungen über 15 000 Franken (Schlussrechnung);/api/frontend/latest/de/downloads/campaigns/236/forms/6;Definitive Zahlen;Gruppe von Kandidierenden (namentliche Auflistung in untenstehender Meldung der Einnahmen vorhanden);Waadt;FDP.Die Liberalen;Kampagnenfinanzierung
de;237;1;campaign_financings;all;1;22.10.2023 Nationalratswahlen 2023;2023;campaign_financing;Juristische Personen oder Personengesellschaften;280;Parti socialiste fribourgeois, Fribourg;237;Unterstützte Kandidierende: 7 (namentliche Auflistung in untenstehender Meldung der Einnahmen vorhanden);Offenlegung der budgetierten Einnahmen;/api/frontend/latest/de/downloads/campaigns/237/forms/1;Budgetzahlen;Gruppe von Kandidierenden (namentliche Auflistung in untenstehender Meldung der Einnahmen vorhanden);Freiburg;Sozialdemokratische Partei der Schweiz;Kampagnenfinanzierung
de;237;5;campaign_financings;all;1;22.10.2023 Nationalratswahlen 2023;2023;campaign_financing;Juristische Personen oder Personengesellschaften;280;Parti socialiste fribourgeois, Fribourg;237;Unterstützte Kandidierende: 7 (namentliche Auflistung in untenstehender Meldung der Einnahmen vorhanden);Offenlegung der Schlussrechnung über die Einnahmen;/api/frontend/latest/de/downloads/campaigns/237/forms/5;Definitive Zahlen;Gruppe von Kandidierenden (namentliche Auflistung in untenstehender Meldung der Einnahmen vorhanden);Freiburg;Sozialdemokratische Partei der Schweiz;Kampagnenfinanzierung
de;238;1;campaign_financings;all;1;22.10.2023 Nationalratswahlen 2023;2023;campaign_financing;Natürliche Personen;284;Imark Christian, Fehren;238;Imark Christian (Solothurn, Schweizerische Volkspartei);Offenlegung der budgetierten Einnahmen;/api/frontend/latest/de/downloads/campaigns/238/forms/1;Budgetzahlen;Einzelperson;Solothurn;Schweizerische Volkspartei;Kampagnenfinanzierung
de;239;1;campaign_financings;all;1;22.10.2023 Nationalratswahlen 2023;2023;campaign_financing;Juristische Personen oder Personengesellschaften;39;Die Mitte Kanton Zürich, Zürich;239;Unterstützte Kandidierende: 36 (namentliche Auflistung in untenstehender Meldung der Einnahmen vorhanden);Offenlegung der budgetierten Einnahmen;/api/frontend/latest/de/downloads/campaigns/239/forms/1;Budgetzahlen;Gruppe von Kandidierenden (namentliche Auflistung in untenstehender Meldung der Einnahmen vorhanden);Zürich;Die Mitte;Kampagnenfinanzierung
de;239;2;campaign_financings;all;1;22.10.2023 Nationalratswahlen 2023;2023;campaign_financing;Juristische Personen oder Personengesellschaften;39;Die Mitte Kanton Zürich, Zürich;239;Unterstützte Kandidierende: 36 (namentliche Auflistung in untenstehender Meldung der Einnahmen vorhanden);Offenlegung von Zuwendungen über 15 000 Franken;/api/frontend/latest/de/downloads/campaigns/239/forms/2;Budgetzahlen;Gruppe von Kandidierenden (namentliche Auflistung in untenstehender Meldung der Einnahmen vorhanden);Zürich;Die Mitte;Kampagnenfinanzierung
de;239;5;campaign_financings;all;1;22.10.2023 Nationalratswahlen 2023;2023;campaign_financing;Juristische Personen oder Personengesellschaften;39;Die Mitte Kanton Zürich, Zürich;239;Unterstützte Kandidierende: 36 (namentliche Auflistung in untenstehender Meldung der Einnahmen vorhanden);Offenlegung der Schlussrechnung über die Einnahmen;/api/frontend/latest/de/downloads/campaigns/239/forms/5;Definitive Zahlen;Gruppe von Kandidierenden (namentliche Auflistung in untenstehender Meldung der Einnahmen vorhanden);Zürich;Die Mitte;Kampagnenfinanzierung
de;239;6;campaign_financings;all;1;22.10.2023 Nationalratswahlen 2023;2023;campaign_financing;Juristische Personen oder Personengesellschaften;39;Die Mitte Kanton Zürich, Zürich;239;Unterstützte Kandidierende: 36 (namentliche Auflistung in untenstehender Meldung der Einnahmen vorhanden);Offenlegung von Zuwendungen über 15 000 Franken (Schlussrechnung);/api/frontend/latest/de/downloads/campaigns/239/forms/6;Definitive Zahlen;Gruppe von Kandidierenden (namentliche Auflistung in untenstehender Meldung der Einnahmen vorhanden);Zürich;Die Mitte;Kampagnenfinanzierung
de;24;1;campaign_financings;all;1;22.10.2023 Nationalratswahlen 2023;2023;campaign_financing;Juristische Personen oder Personengesellschaften;93;Jungsozialist*innen Schweiz, Bern;24;Nationale Wahlen 2023 JUSO Schweiz (schweizweit, Sozialdemokratische Partei der Schweiz);Offenlegung der budgetierten Einnahmen;/api/frontend/latest/de/downloads/campaigns/24/forms/1;Budgetzahlen;Gruppe von Kandidierenden (Einzelauflistung nicht möglich);schweizweit;Sozialdemokratische Partei der Schweiz;Kampagnenfinanzierung
de;24;5;campaign_financings;all;1;22.10.2023 Nationalratswahlen 2023;2023;campaign_financing;Juristische Personen oder Personengesellschaften;93;Jungsozialist*innen Schweiz, Bern;24;Nationale Wahlen 2023 JUSO Schweiz (schweizweit, Sozialdemokratische Partei der Schweiz);Offenlegung der Schlussrechnung über die Einnahmen;/api/frontend/latest/de/downloads/campaigns/24/forms/5;Definitive Zahlen;Gruppe von Kandidierenden (Einzelauflistung nicht möglich);schweizweit;Sozialdemokratische Partei der Schweiz;Kampagnenfinanzierung
de;240;1;campaign_financings;all;1;22.10.2023 Nationalratswahlen 2023;2023;campaign_financing;Juristische Personen oder Personengesellschaften;73;Arbeitsgemeinschaft Wirtschaft und Gesellschaft des Kantons Zürich (AWG), Zürich;240;Unterstützte Kandidierende: 36 (namentliche Auflistung in untenstehender Meldung der Einnahmen vorhanden);Offenlegung der budgetierten Einnahmen;/api/frontend/latest/de/downloads/campaigns/240/forms/1;Budgetzahlen;Gruppe von Kandidierenden (namentliche Auflistung in untenstehender Meldung der Einnahmen vorhanden);Zürich;Die Mitte;Kampagnenfinanzierung
de;240;2;campaign_financings;all;1;22.10.2023 Nationalratswahlen 2023;2023;campaign_financing;Juristische Personen oder Personengesellschaften;73;Arbeitsgemeinschaft Wirtschaft und Gesellschaft des Kantons Zürich (AWG), Zürich;240;Unterstützte Kandidierende: 36 (namentliche Auflistung in untenstehender Meldung der Einnahmen vorhanden);Offenlegung von Zuwendungen über 15 000 Franken;/api/frontend/latest/de/downloads/campaigns/240/forms/2;Budgetzahlen;Gruppe von Kandidierenden (namentliche Auflistung in untenstehender Meldung der Einnahmen vorhanden);Zürich;Die Mitte;Kampagnenfinanzierung
de;240;5;campaign_financings;all;1;22.10.2023 Nationalratswahlen 2023;2023;campaign_financing;Juristische Personen oder Personengesellschaften;73;Arbeitsgemeinschaft Wirtschaft und Gesellschaft des Kantons Zürich (AWG), Zürich;240;Unterstützte Kandidierende: 36 (namentliche Auflistung in untenstehender Meldung der Einnahmen vorhanden);Offenlegung der Schlussrechnung über die Einnahmen;/api/frontend/latest/de/downloads/campaigns/240/forms/5;Definitive Zahlen;Gruppe von Kandidierenden (namentliche Auflistung in untenstehender Meldung der Einnahmen vorhanden);Zürich;Die Mitte;Kampagnenfinanzierung
de;240;6;campaign_financings;all;1;22.10.2023 Nationalratswahlen 2023;2023;campaign_financing;Juristische Personen oder Personengesellschaften;73;Arbeitsgemeinschaft Wirtschaft und Gesellschaft des Kantons Zürich (AWG), Zürich;240;Unterstützte Kandidierende: 36 (namentliche Auflistung in untenstehender Meldung der Einnahmen vorhanden);Offenlegung von Zuwendungen über 15 000 Franken (Schlussrechnung);/api/frontend/latest/de/downloads/campaigns/240/forms/6;Definitive Zahlen;Gruppe von Kandidierenden (namentliche Auflistung in untenstehender Meldung der Einnahmen vorhanden);Zürich;Die Mitte;Kampagnenfinanzierung
de;241;1;campaign_financings;all;1;22.10.2023 Nationalratswahlen 2023;2023;campaign_financing;Natürliche Personen;127;Tuena Mauro, Zürich;241;Tuena Mauro (Zürich, Schweizerische Volkspartei);Offenlegung der budgetierten Einnahmen;/api/frontend/latest/de/downloads/campaigns/241/forms/1;Budgetzahlen;Einzelperson;Zürich;Schweizerische Volkspartei;Kampagnenfinanzierung
de;241;5;campaign_financings;all;1;22.10.2023 Nationalratswahlen 2023;2023;campaign_financing;Natürliche Personen;127;Tuena Mauro, Zürich;241;Tuena Mauro (Zürich, Schweizerische Volkspartei);Offenlegung der Schlussrechnung über die Einnahmen;/api/frontend/latest/de/downloads/campaigns/241/forms/5;Definitive Zahlen;Einzelperson;Zürich;Schweizerische Volkspartei;Kampagnenfinanzierung
de;242;1;campaign_financings;all;1;22.10.2023 Nationalratswahlen 2023;2023;campaign_financing;Juristische Personen oder Personengesellschaften;282;Schweizerische Volkspartei des Kantons Solothurn, Fehren;242;Unterstützte Kandidierende: 24 (namentliche Auflistung in untenstehender Meldung der Einnahmen vorhanden);Offenlegung der budgetierten Einnahmen;/api/frontend/latest/de/downloads/campaigns/242/forms/1;Budgetzahlen;Gruppe von Kandidierenden (namentliche Auflistung in untenstehender Meldung der Einnahmen vorhanden);Solothurn;Schweizerische Volkspartei;Kampagnenfinanzierung
de;242;5;campaign_financings;all;1;22.10.2023 Nationalratswahlen 2023;2023;campaign_financing;Juristische Personen oder Personengesellschaften;282;Schweizerische Volkspartei des Kantons Solothurn, Fehren;242;Unterstützte Kandidierende: 24 (namentliche Auflistung in untenstehender Meldung der Einnahmen vorhanden);Offenlegung der Schlussrechnung über die Einnahmen;/api/frontend/latest/de/downloads/campaigns/242/forms/5;Definitive Zahlen;Gruppe von Kandidierenden (namentliche Auflistung in untenstehender Meldung der Einnahmen vorhanden);Solothurn;Schweizerische Volkspartei;Kampagnenfinanzierung
de;243;1;campaign_financings;all;1;22.10.2023 Nationalratswahlen 2023;2023;campaign_financing;Juristische Personen oder Personengesellschaften;259;Eidgenössisch-Demokratische Union (EDU) Kanton Zürich, Winterthur;243;Unterstützte Kandidierende: 36 (namentliche Auflistung in untenstehender Meldung der Einnahmen vorhanden);Offenlegung der budgetierten Einnahmen;/api/frontend/latest/de/downloads/campaigns/243/forms/1;Budgetzahlen;Gruppe von Kandidierenden (namentliche Auflistung in untenstehender Meldung der Einnahmen vorhanden);Zürich;Eidgenössisch-Demokratische Union;Kampagnenfinanzierung
de;243;2;campaign_financings;all;1;22.10.2023 Nationalratswahlen 2023;2023;campaign_financing;Juristische Personen oder Personengesellschaften;259;Eidgenössisch-Demokratische Union (EDU) Kanton Zürich, Winterthur;243;Unterstützte Kandidierende: 36 (namentliche Auflistung in untenstehender Meldung der Einnahmen vorhanden);Offenlegung von Zuwendungen über 15 000 Franken;/api/frontend/latest/de/downloads/campaigns/243/forms/2;Budgetzahlen;Gruppe von Kandidierenden (namentliche Auflistung in untenstehender Meldung der Einnahmen vorhanden);Zürich;Eidgenössisch-Demokratische Union;Kampagnenfinanzierung
de;243;5;campaign_financings;all;1;22.10.2023 Nationalratswahlen 2023;2023;campaign_financing;Juristische Personen oder Personengesellschaften;259;Eidgenössisch-Demokratische Union (EDU) Kanton Zürich, Winterthur;243;Unterstützte Kandidierende: 36 (namentliche Auflistung in untenstehender Meldung der Einnahmen vorhanden);Offenlegung der Schlussrechnung über die Einnahmen;/api/frontend/latest/de/downloads/campaigns/243/forms/5;Definitive Zahlen;Gruppe von Kandidierenden (namentliche Auflistung in untenstehender Meldung der Einnahmen vorhanden);Zürich;Eidgenössisch-Demokratische Union;Kampagnenfinanzierung
de;243;6;campaign_financings;all;1;22.10.2023 Nationalratswahlen 2023;2023;campaign_financing;Juristische Personen oder Personengesellschaften;259;Eidgenössisch-Demokratische Union (EDU) Kanton Zürich, Winterthur;243;Unterstützte Kandidierende: 36 (namentliche Auflistung in untenstehender Meldung der Einnahmen vorhanden);Offenlegung von Zuwendungen über 15 000 Franken (Schlussrechnung);/api/frontend/latest/de/downloads/campaigns/243/forms/6;Definitive Zahlen;Gruppe von Kandidierenden (namentliche Auflistung in untenstehender Meldung der Einnahmen vorhanden);Zürich;Eidgenössisch-Demokratische Union;Kampagnenfinanzierung
de;244;1;campaign_financings;all;1;22.10.2023 Nationalratswahlen 2023;2023;campaign_financing;Juristische Personen oder Personengesellschaften;265;Kris nach Bern, Frauenfeld;244;Vietze Kristiane (Thurgau, FDP.Die Liberalen);Offenlegung der budgetierten Einnahmen;/api/frontend/latest/de/downloads/campaigns/244/forms/1;Budgetzahlen;Einzelperson;Thurgau;FDP.Die Liberalen;Kampagnenfinanzierung
de;244;2;campaign_financings;all;1;22.10.2023 Nationalratswahlen 2023;2023;campaign_financing;Juristische Personen oder Personengesellschaften;265;Kris nach Bern, Frauenfeld;244;Vietze Kristiane (Thurgau, FDP.Die Liberalen);Offenlegung von Zuwendungen über 15 000 Franken;/api/frontend/latest/de/downloads/campaigns/244/forms/2;Budgetzahlen;Einzelperson;Thurgau;FDP.Die Liberalen;Kampagnenfinanzierung
de;244;5;campaign_financings;all;1;22.10.2023 Nationalratswahlen 2023;2023;campaign_financing;Juristische Personen oder Personengesellschaften;265;Kris nach Bern, Frauenfeld;244;Vietze Kristiane (Thurgau, FDP.Die Liberalen);Offenlegung der Schlussrechnung über die Einnahmen;/api/frontend/latest/de/downloads/campaigns/244/forms/5;Definitive Zahlen;Einzelperson;Thurgau;FDP.Die Liberalen;Kampagnenfinanzierung
de;244;6;campaign_financings;all;1;22.10.2023 Nationalratswahlen 2023;2023;campaign_financing;Juristische Personen oder Personengesellschaften;265;Kris nach Bern, Frauenfeld;244;Vietze Kristiane (Thurgau, FDP.Die Liberalen);Offenlegung von Zuwendungen über 15 000 Franken (Schlussrechnung);/api/frontend/latest/de/downloads/campaigns/244/forms/6;Definitive Zahlen;Einzelperson;Thurgau;FDP.Die Liberalen;Kampagnenfinanzierung
de;245;1;campaign_financings;all;1;22.10.2023 Nationalratswahlen 2023;2023;campaign_financing;Natürliche Personen;244;Kutter Philipp, Wädenswil;245;Philipp Kutter (Zürich, Die Mitte);Offenlegung der budgetierten Einnahmen;/api/frontend/latest/de/downloads/campaigns/245/forms/1;Budgetzahlen;Einzelperson;Zürich;Die Mitte;Kampagnenfinanzierung
de;245;5;campaign_financings;all;1;22.10.2023 Nationalratswahlen 2023;2023;campaign_financing;Natürliche Personen;244;Kutter Philipp, Wädenswil;245;Philipp Kutter (Zürich, Die Mitte);Offenlegung der Schlussrechnung über die Einnahmen;/api/frontend/latest/de/downloads/campaigns/245/forms/5;Definitive Zahlen;Einzelperson;Zürich;Die Mitte;Kampagnenfinanzierung
de;246;1;campaign_financings;all;1;22.10.2023 Nationalratswahlen 2023;2023;campaign_financing;Natürliche Personen;273;Ender Josef, Ibach;246;Ender Josef (Schwyz, Unabhängig);Offenlegung der budgetierten Einnahmen;/api/frontend/latest/de/downloads/campaigns/246/forms/1;Budgetzahlen;Einzelperson;Schwyz;Unabhängig;Kampagnenfinanzierung
de;246;5;campaign_financings;all;1;22.10.2023 Nationalratswahlen 2023;2023;campaign_financing;Natürliche Personen;273;Ender Josef, Ibach;246;Ender Josef (Schwyz, Unabhängig);Offenlegung der Schlussrechnung über die Einnahmen;/api/frontend/latest/de/downloads/campaigns/246/forms/5;Definitive Zahlen;Einzelperson;Schwyz;Unabhängig;Kampagnenfinanzierung
de;247;1;campaign_financings;all;1;22.10.2023 Nationalratswahlen 2023;2023;campaign_financing;Natürliche Personen;251;Hess Erich, Bern;247;Hess Erich (Bern, Schweizerische Volkspartei);Offenlegung der budgetierten Einnahmen;/api/frontend/latest/de/downloads/campaigns/247/forms/1;Budgetzahlen;Einzelperson;Bern;Schweizerische Volkspartei;Kampagnenfinanzierung
de;247;5;campaign_financings;all;1;22.10.2023 Nationalratswahlen 2023;2023;campaign_financing;Natürliche Personen;251;Hess Erich, Bern;247;Hess Erich (Bern, Schweizerische Volkspartei);Offenlegung der Schlussrechnung über die Einnahmen;/api/frontend/latest/de/downloads/campaigns/247/forms/5;Definitive Zahlen;Einzelperson;Bern;Schweizerische Volkspartei;Kampagnenfinanzierung
de;248;1;campaign_financings;all;1;22.10.2023 Nationalratswahlen 2023;2023;campaign_financing;Juristische Personen oder Personengesellschaften;269;Evangelische Volkspartei (EVP) des Kantons Zürich, Zürich;248;Unterstützte Kandidierende: 36 (namentliche Auflistung in untenstehender Meldung der Einnahmen vorhanden);Offenlegung der budgetierten Einnahmen;/api/frontend/latest/de/downloads/campaigns/248/forms/1;Budgetzahlen;Gruppe von Kandidierenden (namentliche Auflistung in untenstehender Meldung der Einnahmen vorhanden);Zürich;Evangelische Volkspartei der Schweiz;Kampagnenfinanzierung
de;248;2;campaign_financings;all;1;22.10.2023 Nationalratswahlen 2023;2023;campaign_financing;Juristische Personen oder Personengesellschaften;269;Evangelische Volkspartei (EVP) des Kantons Zürich, Zürich;248;Unterstützte Kandidierende: 36 (namentliche Auflistung in untenstehender Meldung der Einnahmen vorhanden);Offenlegung von Zuwendungen über 15 000 Franken;/api/frontend/latest/de/downloads/campaigns/248/forms/2;Budgetzahlen;Gruppe von Kandidierenden (namentliche Auflistung in untenstehender Meldung der Einnahmen vorhanden);Zürich;Evangelische Volkspartei der Schweiz;Kampagnenfinanzierung
de;248;5;campaign_financings;all;1;22.10.2023 Nationalratswahlen 2023;2023;campaign_financing;Juristische Personen oder Personengesellschaften;269;Evangelische Volkspartei (EVP) des Kantons Zürich, Zürich;248;Unterstützte Kandidierende: 36 (namentliche Auflistung in untenstehender Meldung der Einnahmen vorhanden);Offenlegung der Schlussrechnung über die Einnahmen;/api/frontend/latest/de/downloads/campaigns/248/forms/5;Definitive Zahlen;Gruppe von Kandidierenden (namentliche Auflistung in untenstehender Meldung der Einnahmen vorhanden);Zürich;Evangelische Volkspartei der Schweiz;Kampagnenfinanzierung
de;248;6;campaign_financings;all;1;22.10.2023 Nationalratswahlen 2023;2023;campaign_financing;Juristische Personen oder Personengesellschaften;269;Evangelische Volkspartei (EVP) des Kantons Zürich, Zürich;248;Unterstützte Kandidierende: 36 (namentliche Auflistung in untenstehender Meldung der Einnahmen vorhanden);Offenlegung von Zuwendungen über 15 000 Franken (Schlussrechnung);/api/frontend/latest/de/downloads/campaigns/248/forms/6;Definitive Zahlen;Gruppe von Kandidierenden (namentliche Auflistung in untenstehender Meldung der Einnahmen vorhanden);Zürich;Evangelische Volkspartei der Schweiz;Kampagnenfinanzierung
de;249;1;campaign_financings;all;1;22.10.2023 Nationalratswahlen 2023;2023;campaign_financing;Natürliche Personen;285;Denoth Marco, Zürich;249;Denoth Marco (Zürich, Sozialdemokratische Partei der Schweiz);Offenlegung der budgetierten Einnahmen;/api/frontend/latest/de/downloads/campaigns/249/forms/1;Budgetzahlen;Einzelperson;Zürich;Sozialdemokratische Partei der Schweiz;Kampagnenfinanzierung
de;25;1;campaign_financings;all;1;22.10.2023 Nationalratswahlen 2023;2023;campaign_financing;Natürliche Personen;98;Rogenmoser Romaine, Bülach;25;Rogenmoser Romaine (Zürich, Schweizerische Volkspartei);Offenlegung der budgetierten Einnahmen;/api/frontend/latest/de/downloads/campaigns/25/forms/1;Budgetzahlen;Einzelperson;Zürich;Schweizerische Volkspartei;Kampagnenfinanzierung
de;25;5;campaign_financings;all;1;22.10.2023 Nationalratswahlen 2023;2023;campaign_financing;Natürliche Personen;98;Rogenmoser Romaine, Bülach;25;Rogenmoser Romaine (Zürich, Schweizerische Volkspartei);Offenlegung der Schlussrechnung über die Einnahmen;/api/frontend/latest/de/downloads/campaigns/25/forms/5;Definitive Zahlen;Einzelperson;Zürich;Schweizerische Volkspartei;Kampagnenfinanzierung
de;250;1;campaign_financings;all;1;22.10.2023 Nationalratswahlen 2023;2023;campaign_financing;Juristische Personen oder Personengesellschaften;287;Verdi del Cantone Ticino, Bellinzona;250;Maurizio Barro, Gianna Bonina, Serena Britos, Greta Gysin, Pietro Majno-Hurst, Marco Noi, Josef Savary-Borioli, Rocco Vitale (Tessin, GRÜNE Schweiz);Offenlegung der budgetierten Einnahmen;/api/frontend/latest/de/downloads/campaigns/250/forms/1;Budgetzahlen;Gruppe von Kandidierenden (Einzelauflistung nicht möglich);Tessin;GRÜNE Schweiz;Kampagnenfinanzierung
de;250;2;campaign_financings;all;1;22.10.2023 Nationalratswahlen 2023;2023;campaign_financing;Juristische Personen oder Personengesellschaften;287;Verdi del Cantone Ticino, Bellinzona;250;Maurizio Barro, Gianna Bonina, Serena Britos, Greta Gysin, Pietro Majno-Hurst, Marco Noi, Josef Savary-Borioli, Rocco Vitale (Tessin, GRÜNE Schweiz);Offenlegung von Zuwendungen über 15 000 Franken;/api/frontend/latest/de/downloads/campaigns/250/forms/2;Budgetzahlen;Gruppe von Kandidierenden (Einzelauflistung nicht möglich);Tessin;GRÜNE Schweiz;Kampagnenfinanzierung
de;250;5;campaign_financings;all;1;22.10.2023 Nationalratswahlen 2023;2023;campaign_financing;Juristische Personen oder Personengesellschaften;287;Verdi del Cantone Ticino, Bellinzona;250;Maurizio Barro, Gianna Bonina, Serena Britos, Greta Gysin, Pietro Majno-Hurst, Marco Noi, Josef Savary-Borioli, Rocco Vitale (Tessin, GRÜNE Schweiz);Offenlegung der Schlussrechnung über die Einnahmen;/api/frontend/latest/de/downloads/campaigns/250/forms/5;Definitive Zahlen;Gruppe von Kandidierenden (Einzelauflistung nicht möglich);Tessin;GRÜNE Schweiz;Kampagnenfinanzierung
de;250;6;campaign_financings;all;1;22.10.2023 Nationalratswahlen 2023;2023;campaign_financing;Juristische Personen oder Personengesellschaften;287;Verdi del Cantone Ticino, Bellinzona;250;Maurizio Barro, Gianna Bonina, Serena Britos, Greta Gysin, Pietro Majno-Hurst, Marco Noi, Josef Savary-Borioli, Rocco Vitale (Tessin, GRÜNE Schweiz);Offenlegung von Zuwendungen über 15 000 Franken (Schlussrechnung);/api/frontend/latest/de/downloads/campaigns/250/forms/6;Definitive Zahlen;Gruppe von Kandidierenden (Einzelauflistung nicht möglich);Tessin;GRÜNE Schweiz;Kampagnenfinanzierung
de;251;1;campaign_financings;all;1;22.10.2023 Nationalratswahlen 2023;2023;campaign_financing;Juristische Personen oder Personengesellschaften;289;"Comité de soutien ""Daniel Ruch au Conseil national"", Trey";251;Daniel Ruch (Waadt, FDP.Die Liberalen);Offenlegung der budgetierten Einnahmen;/api/frontend/latest/de/downloads/campaigns/251/forms/1;Budgetzahlen;Einzelperson;Waadt;FDP.Die Liberalen;Kampagnenfinanzierung
de;251;5;campaign_financings;all;1;22.10.2023 Nationalratswahlen 2023;2023;campaign_financing;Juristische Personen oder Personengesellschaften;289;"Comité de soutien ""Daniel Ruch au Conseil national"", Trey";251;Daniel Ruch (Waadt, FDP.Die Liberalen);Offenlegung der Schlussrechnung über die Einnahmen;/api/frontend/latest/de/downloads/campaigns/251/forms/5;Definitive Zahlen;Einzelperson;Waadt;FDP.Die Liberalen;Kampagnenfinanzierung
de;252;1;campaign_financings;all;1;22.10.2023 Nationalratswahlen 2023;2023;campaign_financing;Natürliche Personen;221;Schilliger Peter, Udligenswil;252;Schilliger Peter (Luzern, FDP.Die Liberalen);Offenlegung der budgetierten Einnahmen;/api/frontend/latest/de/downloads/campaigns/252/forms/1;Budgetzahlen;Einzelperson;Luzern;FDP.Die Liberalen;Kampagnenfinanzierung
de;252;2;campaign_financings;all;1;22.10.2023 Nationalratswahlen 2023;2023;campaign_financing;Natürliche Personen;221;Schilliger Peter, Udligenswil;252;Schilliger Peter (Luzern, FDP.Die Liberalen);Offenlegung von Zuwendungen über 15 000 Franken;/api/frontend/latest/de/downloads/campaigns/252/forms/2;Budgetzahlen;Einzelperson;Luzern;FDP.Die Liberalen;Kampagnenfinanzierung
de;252;5;campaign_financings;all;1;22.10.2023 Nationalratswahlen 2023;2023;campaign_financing;Natürliche Personen;221;Schilliger Peter, Udligenswil;252;Schilliger Peter (Luzern, FDP.Die Liberalen);Offenlegung der Schlussrechnung über die Einnahmen;/api/frontend/latest/de/downloads/campaigns/252/forms/5;Definitive Zahlen;Einzelperson;Luzern;FDP.Die Liberalen;Kampagnenfinanzierung
de;252;6;campaign_financings;all;1;22.10.2023 Nationalratswahlen 2023;2023;campaign_financing;Natürliche Personen;221;Schilliger Peter, Udligenswil;252;Schilliger Peter (Luzern, FDP.Die Liberalen);Offenlegung von Zuwendungen über 15 000 Franken (Schlussrechnung);/api/frontend/latest/de/downloads/campaigns/252/forms/6;Definitive Zahlen;Einzelperson;Luzern;FDP.Die Liberalen;Kampagnenfinanzierung
de;253;1;campaign_financings;all;1;22.10.2023 Nationalratswahlen 2023;2023;campaign_financing;Juristische Personen oder Personengesellschaften;266;Sozialdemokratische Partei des Kantons Schaffhausen, Schaffhausen;253;Unterstützte Kandidierende: 2 (namentliche Auflistung in untenstehender Meldung der Einnahmen vorhanden);Offenlegung der budgetierten Einnahmen;/api/frontend/latest/de/downloads/campaigns/253/forms/1;Budgetzahlen;Gruppe von Kandidierenden (namentliche Auflistung in untenstehender Meldung der Einnahmen vorhanden);Schaffhausen;Sozialdemokratische Partei der Schweiz;Kampagnenfinanzierung
de;253;5;campaign_financings;all;1;22.10.2023 Nationalratswahlen 2023;2023;campaign_financing;Juristische Personen oder Personengesellschaften;266;Sozialdemokratische Partei des Kantons Schaffhausen, Schaffhausen;253;Unterstützte Kandidierende: 2 (namentliche Auflistung in untenstehender Meldung der Einnahmen vorhanden);Offenlegung der Schlussrechnung über die Einnahmen;/api/frontend/latest/de/downloads/campaigns/253/forms/5;Definitive Zahlen;Gruppe von Kandidierenden (namentliche Auflistung in untenstehender Meldung der Einnahmen vorhanden);Schaffhausen;Sozialdemokratische Partei der Schweiz;Kampagnenfinanzierung
de;254;1;campaign_financings;all;1;22.10.2023 Nationalratswahlen 2023;2023;campaign_financing;Juristische Personen oder Personengesellschaften;234;Sozialdemokratische Partei des Kantons St. Gallen, St. Gallen;254;Unterstützte Kandidierende: 24 (namentliche Auflistung in untenstehender Meldung der Einnahmen vorhanden);Offenlegung der budgetierten Einnahmen;/api/frontend/latest/de/downloads/campaigns/254/forms/1;Budgetzahlen;Gruppe von Kandidierenden (namentliche Auflistung in untenstehender Meldung der Einnahmen vorhanden);St. Gallen;Sozialdemokratische Partei der Schweiz;Kampagnenfinanzierung
de;254;5;campaign_financings;all;1;22.10.2023 Nationalratswahlen 2023;2023;campaign_financing;Juristische Personen oder Personengesellschaften;234;Sozialdemokratische Partei des Kantons St. Gallen, St. Gallen;254;Unterstützte Kandidierende: 24 (namentliche Auflistung in untenstehender Meldung der Einnahmen vorhanden);Offenlegung der Schlussrechnung über die Einnahmen;/api/frontend/latest/de/downloads/campaigns/254/forms/5;Definitive Zahlen;Gruppe von Kandidierenden (namentliche Auflistung in untenstehender Meldung der Einnahmen vorhanden);St. Gallen;Sozialdemokratische Partei der Schweiz;Kampagnenfinanzierung
de;255;1;campaign_financings;all;1;22.10.2023 Nationalratswahlen 2023;2023;campaign_financing;Juristische Personen oder Personengesellschaften;202;Die Mitte Graubünden, Chur;255;Unterstützte Kandidierende: 10 (namentliche Auflistung in untenstehender Meldung der Einnahmen vorhanden);Offenlegung der budgetierten Einnahmen;/api/frontend/latest/de/downloads/campaigns/255/forms/1;Budgetzahlen;Gruppe von Kandidierenden (namentliche Auflistung in untenstehender Meldung der Einnahmen vorhanden);Graubünden;Die Mitte;Kampagnenfinanzierung
de;255;2;campaign_financings;all;1;22.10.2023 Nationalratswahlen 2023;2023;campaign_financing;Juristische Personen oder Personengesellschaften;202;Die Mitte Graubünden, Chur;255;Unterstützte Kandidierende: 10 (namentliche Auflistung in untenstehender Meldung der Einnahmen vorhanden);Offenlegung von Zuwendungen über 15 000 Franken;/api/frontend/latest/de/downloads/campaigns/255/forms/2;Budgetzahlen;Gruppe von Kandidierenden (namentliche Auflistung in untenstehender Meldung der Einnahmen vorhanden);Graubünden;Die Mitte;Kampagnenfinanzierung
de;255;5;campaign_financings;all;1;22.10.2023 Nationalratswahlen 2023;2023;campaign_financing;Juristische Personen oder Personengesellschaften;202;Die Mitte Graubünden, Chur;255;Unterstützte Kandidierende: 10 (namentliche Auflistung in untenstehender Meldung der Einnahmen vorhanden);Offenlegung der Schlussrechnung über die Einnahmen;/api/frontend/latest/de/downloads/campaigns/255/forms/5;Definitive Zahlen;Gruppe von Kandidierenden (namentliche Auflistung in untenstehender Meldung der Einnahmen vorhanden);Graubünden;Die Mitte;Kampagnenfinanzierung
de;255;6;campaign_financings;all;1;22.10.2023 Nationalratswahlen 2023;2023;campaign_financing;Juristische Personen oder Personengesellschaften;202;Die Mitte Graubünden, Chur;255;Unterstützte Kandidierende: 10 (namentliche Auflistung in untenstehender Meldung der Einnahmen vorhanden);Offenlegung von Zuwendungen über 15 000 Franken (Schlussrechnung);/api/frontend/latest/de/downloads/campaigns/255/forms/6;Definitive Zahlen;Gruppe von Kandidierenden (namentliche Auflistung in untenstehender Meldung der Einnahmen vorhanden);Graubünden;Die Mitte;Kampagnenfinanzierung
de;257;1;campaign_financings;all;1;22.10.2023 Nationalratswahlen 2023;2023;campaign_financing;Juristische Personen oder Personengesellschaften;215;EG Ankli, Bartholdi & Thalmann, Breitenbach;257;Unterstützte Kandidierende: 3 (namentliche Auflistung in untenstehender Meldung der Einnahmen vorhanden);Offenlegung der budgetierten Einnahmen;/api/frontend/latest/de/downloads/campaigns/257/forms/1;Budgetzahlen;Gruppe von Kandidierenden (namentliche Auflistung in untenstehender Meldung der Einnahmen vorhanden);Solothurn;FDP.Die Liberalen;Kampagnenfinanzierung
de;257;2;campaign_financings;all;1;22.10.2023 Nationalratswahlen 2023;2023;campaign_financing;Juristische Personen oder Personengesellschaften;215;EG Ankli, Bartholdi & Thalmann, Breitenbach;257;Unterstützte Kandidierende: 3 (namentliche Auflistung in untenstehender Meldung der Einnahmen vorhanden);Offenlegung von Zuwendungen über 15 000 Franken;/api/frontend/latest/de/downloads/campaigns/257/forms/2;Budgetzahlen;Gruppe von Kandidierenden (namentliche Auflistung in untenstehender Meldung der Einnahmen vorhanden);Solothurn;FDP.Die Liberalen;Kampagnenfinanzierung
de;257;5;campaign_financings;all;1;22.10.2023 Nationalratswahlen 2023;2023;campaign_financing;Juristische Personen oder Personengesellschaften;215;EG Ankli, Bartholdi & Thalmann, Breitenbach;257;Unterstützte Kandidierende: 3 (namentliche Auflistung in untenstehender Meldung der Einnahmen vorhanden);Offenlegung der Schlussrechnung über die Einnahmen;/api/frontend/latest/de/downloads/campaigns/257/forms/5;Definitive Zahlen;Gruppe von Kandidierenden (namentliche Auflistung in untenstehender Meldung der Einnahmen vorhanden);Solothurn;FDP.Die Liberalen;Kampagnenfinanzierung
de;257;6;campaign_financings;all;1;22.10.2023 Nationalratswahlen 2023;2023;campaign_financing;Juristische Personen oder Personengesellschaften;215;EG Ankli, Bartholdi & Thalmann, Breitenbach;257;Unterstützte Kandidierende: 3 (namentliche Auflistung in untenstehender Meldung der Einnahmen vorhanden);Offenlegung von Zuwendungen über 15 000 Franken (Schlussrechnung);/api/frontend/latest/de/downloads/campaigns/257/forms/6;Definitive Zahlen;Gruppe von Kandidierenden (namentliche Auflistung in untenstehender Meldung der Einnahmen vorhanden);Solothurn;FDP.Die Liberalen;Kampagnenfinanzierung
de;258;1;campaign_financings;all;1;22.10.2023 Nationalratswahlen 2023;2023;campaign_financing;Natürliche Personen;276;Müller Leo, Ruswil;258;Müller Leo (Luzern, Die Mitte);Offenlegung der budgetierten Einnahmen;/api/frontend/latest/de/downloads/campaigns/258/forms/1;Budgetzahlen;Einzelperson;Luzern;Die Mitte;Kampagnenfinanzierung
de;258;2;campaign_financings;all;1;22.10.2023 Nationalratswahlen 2023;2023;campaign_financing;Natürliche Personen;276;Müller Leo, Ruswil;258;Müller Leo (Luzern, Die Mitte);Offenlegung von Zuwendungen über 15 000 Franken;/api/frontend/latest/de/downloads/campaigns/258/forms/2;Budgetzahlen;Einzelperson;Luzern;Die Mitte;Kampagnenfinanzierung
de;258;5;campaign_financings;all;1;22.10.2023 Nationalratswahlen 2023;2023;campaign_financing;Natürliche Personen;276;Müller Leo, Ruswil;258;Müller Leo (Luzern, Die Mitte);Offenlegung der Schlussrechnung über die Einnahmen;/api/frontend/latest/de/downloads/campaigns/258/forms/5;Definitive Zahlen;Einzelperson;Luzern;Die Mitte;Kampagnenfinanzierung
de;258;6;campaign_financings;all;1;22.10.2023 Nationalratswahlen 2023;2023;campaign_financing;Natürliche Personen;276;Müller Leo, Ruswil;258;Müller Leo (Luzern, Die Mitte);Offenlegung von Zuwendungen über 15 000 Franken (Schlussrechnung);/api/frontend/latest/de/downloads/campaigns/258/forms/6;Definitive Zahlen;Einzelperson;Luzern;Die Mitte;Kampagnenfinanzierung
de;259;1;campaign_financings;all;1;22.10.2023 Nationalratswahlen 2023;2023;campaign_financing;Juristische Personen oder Personengesellschaften;165;Grüne Kanton Solothurn, Solothurn;259;Unterstützte Kandidierende: 18 (namentliche Auflistung in untenstehender Meldung der Einnahmen vorhanden);Offenlegung der budgetierten Einnahmen;/api/frontend/latest/de/downloads/campaigns/259/forms/1;Budgetzahlen;Gruppe von Kandidierenden (namentliche Auflistung in untenstehender Meldung der Einnahmen vorhanden);Solothurn;GRÜNE Schweiz;Kampagnenfinanzierung
de;259;2;campaign_financings;all;1;22.10.2023 Nationalratswahlen 2023;2023;campaign_financing;Juristische Personen oder Personengesellschaften;165;Grüne Kanton Solothurn, Solothurn;259;Unterstützte Kandidierende: 18 (namentliche Auflistung in untenstehender Meldung der Einnahmen vorhanden);Offenlegung von Zuwendungen über 15 000 Franken;/api/frontend/latest/de/downloads/campaigns/259/forms/2;Budgetzahlen;Gruppe von Kandidierenden (namentliche Auflistung in untenstehender Meldung der Einnahmen vorhanden);Solothurn;GRÜNE Schweiz;Kampagnenfinanzierung
de;259;5;campaign_financings;all;1;22.10.2023 Nationalratswahlen 2023;2023;campaign_financing;Juristische Personen oder Personengesellschaften;165;Grüne Kanton Solothurn, Solothurn;259;Unterstützte Kandidierende: 18 (namentliche Auflistung in untenstehender Meldung der Einnahmen vorhanden);Offenlegung der Schlussrechnung über die Einnahmen;/api/frontend/latest/de/downloads/campaigns/259/forms/5;Definitive Zahlen;Gruppe von Kandidierenden (namentliche Auflistung in untenstehender Meldung der Einnahmen vorhanden);Solothurn;GRÜNE Schweiz;Kampagnenfinanzierung
de;259;6;campaign_financings;all;1;22.10.2023 Nationalratswahlen 2023;2023;campaign_financing;Juristische Personen oder Personengesellschaften;165;Grüne Kanton Solothurn, Solothurn;259;Unterstützte Kandidierende: 18 (namentliche Auflistung in untenstehender Meldung der Einnahmen vorhanden);Offenlegung von Zuwendungen über 15 000 Franken (Schlussrechnung);/api/frontend/latest/de/downloads/campaigns/259/forms/6;Definitive Zahlen;Gruppe von Kandidierenden (namentliche Auflistung in untenstehender Meldung der Einnahmen vorhanden);Solothurn;GRÜNE Schweiz;Kampagnenfinanzierung
de;26;1;campaign_financings;all;1;22.10.2023 Nationalratswahlen 2023;2023;campaign_financing;Juristische Personen oder Personengesellschaften;99;Die Mitte Aargau, Aarau;26;Unterstützte Kandidierende: 16 (namentliche Auflistung in untenstehender Meldung der Einnahmen vorhanden);Offenlegung der budgetierten Einnahmen;/api/frontend/latest/de/downloads/campaigns/26/forms/1;Budgetzahlen;Gruppe von Kandidierenden (namentliche Auflistung in untenstehender Meldung der Einnahmen vorhanden);Aargau;Die Mitte;Kampagnenfinanzierung
de;26;5;campaign_financings;all;1;22.10.2023 Nationalratswahlen 2023;2023;campaign_financing;Juristische Personen oder Personengesellschaften;99;Die Mitte Aargau, Aarau;26;Unterstützte Kandidierende: 16 (namentliche Auflistung in untenstehender Meldung der Einnahmen vorhanden);Offenlegung der Schlussrechnung über die Einnahmen;/api/frontend/latest/de/downloads/campaigns/26/forms/5;Definitive Zahlen;Gruppe von Kandidierenden (namentliche Auflistung in untenstehender Meldung der Einnahmen vorhanden);Aargau;Die Mitte;Kampagnenfinanzierung
de;260;1;campaign_financings;all;1;22.10.2023 Nationalratswahlen 2023;2023;campaign_financing;Juristische Personen oder Personengesellschaften;290;AL - Alternative Liste, Zürich;260;Unterstützte Kandidierende: 36 (namentliche Auflistung in untenstehender Meldung der Einnahmen vorhanden);Offenlegung der budgetierten Einnahmen;/api/frontend/latest/de/downloads/campaigns/260/forms/1;Budgetzahlen;Gruppe von Kandidierenden (namentliche Auflistung in untenstehender Meldung der Einnahmen vorhanden);Zürich;Übrige politische Parteien;Kampagnenfinanzierung
de;260;5;campaign_financings;all;1;22.10.2023 Nationalratswahlen 2023;2023;campaign_financing;Juristische Personen oder Personengesellschaften;290;AL - Alternative Liste, Zürich;260;Unterstützte Kandidierende: 36 (namentliche Auflistung in untenstehender Meldung der Einnahmen vorhanden);Offenlegung der Schlussrechnung über die Einnahmen;/api/frontend/latest/de/downloads/campaigns/260/forms/5;Definitive Zahlen;Gruppe von Kandidierenden (namentliche Auflistung in untenstehender Meldung der Einnahmen vorhanden);Zürich;Übrige politische Parteien;Kampagnenfinanzierung
de;261;1;campaign_financings;all;1;22.10.2023 Nationalratswahlen 2023;2023;campaign_financing;Natürliche Personen;274;Bourgeois Yasmine, Zürich;261;Bourgeois Yasmine  (Zürich, FDP.Die Liberalen);Offenlegung der budgetierten Einnahmen;/api/frontend/latest/de/downloads/campaigns/261/forms/1;Budgetzahlen;Einzelperson;Zürich;FDP.Die Liberalen;Kampagnenfinanzierung
de;261;2;campaign_financings;all;1;22.10.2023 Nationalratswahlen 2023;2023;campaign_financing;Natürliche Personen;274;Bourgeois Yasmine, Zürich;261;Bourgeois Yasmine  (Zürich, FDP.Die Liberalen);Offenlegung von Zuwendungen über 15 000 Franken;/api/frontend/latest/de/downloads/campaigns/261/forms/2;Budgetzahlen;Einzelperson;Zürich;FDP.Die Liberalen;Kampagnenfinanzierung
de;262;1;campaign_financings;all;1;22.10.2023 Nationalratswahlen 2023;2023;campaign_financing;Juristische Personen oder Personengesellschaften;270;PLR.Les Libéraux-Radicaux de ROMANEL/JOUXTENS-MEZERY/CHESEAUX, Romanel;262;Unterstützte Kandidierende: 2 (namentliche Auflistung in untenstehender Meldung der Einnahmen vorhanden);Offenlegung der budgetierten Einnahmen;/api/frontend/latest/de/downloads/campaigns/262/forms/1;Budgetzahlen;Gruppe von Kandidierenden (namentliche Auflistung in untenstehender Meldung der Einnahmen vorhanden);Waadt;FDP.Die Liberalen;Kampagnenfinanzierung
de;262;5;campaign_financings;all;1;22.10.2023 Nationalratswahlen 2023;2023;campaign_financing;Juristische Personen oder Personengesellschaften;270;PLR.Les Libéraux-Radicaux de ROMANEL/JOUXTENS-MEZERY/CHESEAUX, Romanel;262;Unterstützte Kandidierende: 2 (namentliche Auflistung in untenstehender Meldung der Einnahmen vorhanden);Offenlegung der Schlussrechnung über die Einnahmen;/api/frontend/latest/de/downloads/campaigns/262/forms/5;Definitive Zahlen;Gruppe von Kandidierenden (namentliche Auflistung in untenstehender Meldung der Einnahmen vorhanden);Waadt;FDP.Die Liberalen;Kampagnenfinanzierung
de;263;1;campaign_financings;all;1;22.10.2023 Nationalratswahlen 2023;2023;campaign_financing;Juristische Personen oder Personengesellschaften;288;Grüne Kanton Zürich, Zürich;263;Unterstützte Kandidierende: 36 (namentliche Auflistung in untenstehender Meldung der Einnahmen vorhanden);Offenlegung der budgetierten Einnahmen;/api/frontend/latest/de/downloads/campaigns/263/forms/1;Budgetzahlen;Gruppe von Kandidierenden (namentliche Auflistung in untenstehender Meldung der Einnahmen vorhanden);Zürich;GRÜNE Schweiz;Kampagnenfinanzierung
de;263;2;campaign_financings;all;1;22.10.2023 Nationalratswahlen 2023;2023;campaign_financing;Juristische Personen oder Personengesellschaften;288;Grüne Kanton Zürich, Zürich;263;Unterstützte Kandidierende: 36 (namentliche Auflistung in untenstehender Meldung der Einnahmen vorhanden);Offenlegung von Zuwendungen über 15 000 Franken;/api/frontend/latest/de/downloads/campaigns/263/forms/2;Budgetzahlen;Gruppe von Kandidierenden (namentliche Auflistung in untenstehender Meldung der Einnahmen vorhanden);Zürich;GRÜNE Schweiz;Kampagnenfinanzierung
de;263;5;campaign_financings;all;1;22.10.2023 Nationalratswahlen 2023;2023;campaign_financing;Juristische Personen oder Personengesellschaften;288;Grüne Kanton Zürich, Zürich;263;Unterstützte Kandidierende: 36 (namentliche Auflistung in untenstehender Meldung der Einnahmen vorhanden);Offenlegung der Schlussrechnung über die Einnahmen;/api/frontend/latest/de/downloads/campaigns/263/forms/5;Definitive Zahlen;Gruppe von Kandidierenden (namentliche Auflistung in untenstehender Meldung der Einnahmen vorhanden);Zürich;GRÜNE Schweiz;Kampagnenfinanzierung
de;263;6;campaign_financings;all;1;22.10.2023 Nationalratswahlen 2023;2023;campaign_financing;Juristische Personen oder Personengesellschaften;288;Grüne Kanton Zürich, Zürich;263;Unterstützte Kandidierende: 36 (namentliche Auflistung in untenstehender Meldung der Einnahmen vorhanden);Offenlegung von Zuwendungen über 15 000 Franken (Schlussrechnung);/api/frontend/latest/de/downloads/campaigns/263/forms/6;Definitive Zahlen;Gruppe von Kandidierenden (namentliche Auflistung in untenstehender Meldung der Einnahmen vorhanden);Zürich;GRÜNE Schweiz;Kampagnenfinanzierung
de;264;1;campaign_financings;all;1;22.10.2023 Nationalratswahlen 2023;2023;campaign_financing;Juristische Personen oder Personengesellschaften;286;Schweizerische Volkspartei des Kantons Schaffhausen, Schaffhausen;264;Unterstützte Kandidierende: 2 (namentliche Auflistung in untenstehender Meldung der Einnahmen vorhanden);Offenlegung der budgetierten Einnahmen;/api/frontend/latest/de/downloads/campaigns/264/forms/1;Budgetzahlen;Gruppe von Kandidierenden (namentliche Auflistung in untenstehender Meldung der Einnahmen vorhanden);Schaffhausen;Schweizerische Volkspartei;Kampagnenfinanzierung
de;264;5;campaign_financings;all;1;22.10.2023 Nationalratswahlen 2023;2023;campaign_financing;Juristische Personen oder Personengesellschaften;286;Schweizerische Volkspartei des Kantons Schaffhausen, Schaffhausen;264;Unterstützte Kandidierende: 2 (namentliche Auflistung in untenstehender Meldung der Einnahmen vorhanden);Offenlegung der Schlussrechnung über die Einnahmen;/api/frontend/latest/de/downloads/campaigns/264/forms/5;Definitive Zahlen;Gruppe von Kandidierenden (namentliche Auflistung in untenstehender Meldung der Einnahmen vorhanden);Schaffhausen;Schweizerische Volkspartei;Kampagnenfinanzierung
de;265;1;campaign_financings;all;1;22.10.2023 Nationalratswahlen 2023;2023;campaign_financing;Juristische Personen oder Personengesellschaften;232;Die Mitte Thurgau, Stettfurt;265;Unterstützte Kandidierende: 7 (namentliche Auflistung in untenstehender Meldung der Einnahmen vorhanden);Offenlegung der budgetierten Einnahmen;/api/frontend/latest/de/downloads/campaigns/265/forms/1;Budgetzahlen;Gruppe von Kandidierenden (namentliche Auflistung in untenstehender Meldung der Einnahmen vorhanden);Thurgau;Die Mitte;Kampagnenfinanzierung
de;265;5;campaign_financings;all;1;22.10.2023 Nationalratswahlen 2023;2023;campaign_financing;Juristische Personen oder Personengesellschaften;232;Die Mitte Thurgau, Stettfurt;265;Unterstützte Kandidierende: 7 (namentliche Auflistung in untenstehender Meldung der Einnahmen vorhanden);Offenlegung der Schlussrechnung über die Einnahmen;/api/frontend/latest/de/downloads/campaigns/265/forms/5;Definitive Zahlen;Gruppe von Kandidierenden (namentliche Auflistung in untenstehender Meldung der Einnahmen vorhanden);Thurgau;Die Mitte;Kampagnenfinanzierung
de;266;1;campaign_financings;all;1;22.10.2023 Nationalratswahlen 2023;2023;campaign_financing;Natürliche Personen;207;Glättli Balthasar, Zürich;266;Glättli Balthasar (Zürich, GRÜNE Schweiz);Offenlegung der budgetierten Einnahmen;/api/frontend/latest/de/downloads/campaigns/266/forms/1;Budgetzahlen;Einzelperson;Zürich;GRÜNE Schweiz;Kampagnenfinanzierung
de;266;5;campaign_financings;all;1;22.10.2023 Nationalratswahlen 2023;2023;campaign_financing;Natürliche Personen;207;Glättli Balthasar, Zürich;266;Glättli Balthasar (Zürich, GRÜNE Schweiz);Offenlegung der Schlussrechnung über die Einnahmen;/api/frontend/latest/de/downloads/campaigns/266/forms/5;Definitive Zahlen;Einzelperson;Zürich;GRÜNE Schweiz;Kampagnenfinanzierung
de;267;1;campaign_financings;all;1;22.10.2023 Nationalratswahlen 2023;2023;campaign_financing;Juristische Personen oder Personengesellschaften;148;FDP.Die Liberalen Thurgau, Güttingen;267;Unterstützte Kandidierende: 6 (namentliche Auflistung in untenstehender Meldung der Einnahmen vorhanden);Offenlegung der budgetierten Einnahmen;/api/frontend/latest/de/downloads/campaigns/267/forms/1;Budgetzahlen;Gruppe von Kandidierenden (namentliche Auflistung in untenstehender Meldung der Einnahmen vorhanden);Thurgau;FDP.Die Liberalen;Kampagnenfinanzierung
de;267;5;campaign_financings;all;1;22.10.2023 Nationalratswahlen 2023;2023;campaign_financing;Juristische Personen oder Personengesellschaften;148;FDP.Die Liberalen Thurgau, Güttingen;267;Unterstützte Kandidierende: 6 (namentliche Auflistung in untenstehender Meldung der Einnahmen vorhanden);Offenlegung der Schlussrechnung über die Einnahmen;/api/frontend/latest/de/downloads/campaigns/267/forms/5;Definitive Zahlen;Gruppe von Kandidierenden (namentliche Auflistung in untenstehender Meldung der Einnahmen vorhanden);Thurgau;FDP.Die Liberalen;Kampagnenfinanzierung
de;268;1;campaign_financings;all;1;22.10.2023 Nationalratswahlen 2023;2023;campaign_financing;Juristische Personen oder Personengesellschaften;268;Mouvement Citoyens Genevois, Genève;268;Unterstützte Kandidierende: 24 (namentliche Auflistung in untenstehender Meldung der Einnahmen vorhanden);Offenlegung der budgetierten Einnahmen;/api/frontend/latest/de/downloads/campaigns/268/forms/1;Budgetzahlen;Gruppe von Kandidierenden (namentliche Auflistung in untenstehender Meldung der Einnahmen vorhanden);Genf;Übrige politische Parteien;Kampagnenfinanzierung
de;268;5;campaign_financings;all;1;22.10.2023 Nationalratswahlen 2023;2023;campaign_financing;Juristische Personen oder Personengesellschaften;268;Mouvement Citoyens Genevois, Genève;268;Unterstützte Kandidierende: 24 (namentliche Auflistung in untenstehender Meldung der Einnahmen vorhanden);Offenlegung der Schlussrechnung über die Einnahmen;/api/frontend/latest/de/downloads/campaigns/268/forms/5;Definitive Zahlen;Gruppe von Kandidierenden (namentliche Auflistung in untenstehender Meldung der Einnahmen vorhanden);Genf;Übrige politische Parteien;Kampagnenfinanzierung
de;27;5;campaign_financings;all;1;22.10.2023 Nationalratswahlen 2023;2023;campaign_financing;Natürliche Personen;5;Thalmann-Bieri Vroni, Flühli;27;Thalmann-Bieri Vroni (Luzern, Schweizerische Volkspartei);Offenlegung der Schlussrechnung über die Einnahmen;/api/frontend/latest/de/downloads/campaigns/27/forms/5;Definitive Zahlen;Einzelperson;Luzern;Schweizerische Volkspartei;Kampagnenfinanzierung
de;270;1;campaign_financings;all;1;22.10.2023 Nationalratswahlen 2023;2023;campaign_financing;Juristische Personen oder Personengesellschaften;300;Schweizerische Volkspartei des Kantons Freiburg, Semsales;270;Unterstützte Kandidierende: 7 (namentliche Auflistung in untenstehender Meldung der Einnahmen vorhanden);Offenlegung der budgetierten Einnahmen;/api/frontend/latest/de/downloads/campaigns/270/forms/1;Budgetzahlen;Gruppe von Kandidierenden (namentliche Auflistung in untenstehender Meldung der Einnahmen vorhanden);Freiburg;Schweizerische Volkspartei;Kampagnenfinanzierung
de;270;5;campaign_financings;all;1;22.10.2023 Nationalratswahlen 2023;2023;campaign_financing;Juristische Personen oder Personengesellschaften;300;Schweizerische Volkspartei des Kantons Freiburg, Semsales;270;Unterstützte Kandidierende: 7 (namentliche Auflistung in untenstehender Meldung der Einnahmen vorhanden);Offenlegung der Schlussrechnung über die Einnahmen;/api/frontend/latest/de/downloads/campaigns/270/forms/5;Definitive Zahlen;Gruppe von Kandidierenden (namentliche Auflistung in untenstehender Meldung der Einnahmen vorhanden);Freiburg;Schweizerische Volkspartei;Kampagnenfinanzierung
de;272;1;campaign_financings;all;1;22.10.2023 Nationalratswahlen 2023;2023;campaign_financing;Natürliche Personen;295;Scognamiglio Donato, Teufen ZH;272;Scognamiglio Flavio (Zürich, Evangelische Volkspartei der Schweiz);Offenlegung der budgetierten Einnahmen;/api/frontend/latest/de/downloads/campaigns/272/forms/1;Budgetzahlen;Einzelperson;Zürich;Evangelische Volkspartei der Schweiz;Kampagnenfinanzierung
de;272;5;campaign_financings;all;1;22.10.2023 Nationalratswahlen 2023;2023;campaign_financing;Natürliche Personen;295;Scognamiglio Donato, Teufen ZH;272;Scognamiglio Flavio (Zürich, Evangelische Volkspartei der Schweiz);Offenlegung der Schlussrechnung über die Einnahmen;/api/frontend/latest/de/downloads/campaigns/272/forms/5;Definitive Zahlen;Einzelperson;Zürich;Evangelische Volkspartei der Schweiz;Kampagnenfinanzierung
de;273;1;campaign_financings;all;1;22.10.2023 Nationalratswahlen 2023;2023;campaign_financing;Juristische Personen oder Personengesellschaften;301;Union Démocratique du Centre Neuchâtel, Noiraigue;273;Unterstützte Kandidierende: 8 (namentliche Auflistung in untenstehender Meldung der Einnahmen vorhanden);Offenlegung der budgetierten Einnahmen;/api/frontend/latest/de/downloads/campaigns/273/forms/1;Budgetzahlen;Gruppe von Kandidierenden (namentliche Auflistung in untenstehender Meldung der Einnahmen vorhanden);Neuenburg;Schweizerische Volkspartei;Kampagnenfinanzierung
de;273;5;campaign_financings;all;1;22.10.2023 Nationalratswahlen 2023;2023;campaign_financing;Juristische Personen oder Personengesellschaften;301;Union Démocratique du Centre Neuchâtel, Noiraigue;273;Unterstützte Kandidierende: 8 (namentliche Auflistung in untenstehender Meldung der Einnahmen vorhanden);Offenlegung der Schlussrechnung über die Einnahmen;/api/frontend/latest/de/downloads/campaigns/273/forms/5;Definitive Zahlen;Gruppe von Kandidierenden (namentliche Auflistung in untenstehender Meldung der Einnahmen vorhanden);Neuenburg;Schweizerische Volkspartei;Kampagnenfinanzierung
de;274;1;campaign_financings;all;1;22.10.2023 Nationalratswahlen 2023;2023;campaign_financing;Juristische Personen oder Personengesellschaften;257;Grünliberale Partei des Kantons Bern, Bern;274;Unterstützte Kandidierende: 24 (namentliche Auflistung in untenstehender Meldung der Einnahmen vorhanden);Offenlegung der budgetierten Einnahmen;/api/frontend/latest/de/downloads/campaigns/274/forms/1;Budgetzahlen;Gruppe von Kandidierenden (namentliche Auflistung in untenstehender Meldung der Einnahmen vorhanden);Bern;Grünliberale Partei;Kampagnenfinanzierung
de;274;5;campaign_financings;all;1;22.10.2023 Nationalratswahlen 2023;2023;campaign_financing;Juristische Personen oder Personengesellschaften;257;Grünliberale Partei des Kantons Bern, Bern;274;Unterstützte Kandidierende: 24 (namentliche Auflistung in untenstehender Meldung der Einnahmen vorhanden);Offenlegung der Schlussrechnung über die Einnahmen;/api/frontend/latest/de/downloads/campaigns/274/forms/5;Definitive Zahlen;Gruppe von Kandidierenden (namentliche Auflistung in untenstehender Meldung der Einnahmen vorhanden);Bern;Grünliberale Partei;Kampagnenfinanzierung
de;274;6;campaign_financings;all;1;22.10.2023 Nationalratswahlen 2023;2023;campaign_financing;Juristische Personen oder Personengesellschaften;257;Grünliberale Partei des Kantons Bern, Bern;274;Unterstützte Kandidierende: 24 (namentliche Auflistung in untenstehender Meldung der Einnahmen vorhanden);Offenlegung von Zuwendungen über 15 000 Franken (Schlussrechnung);/api/frontend/latest/de/downloads/campaigns/274/forms/6;Definitive Zahlen;Gruppe von Kandidierenden (namentliche Auflistung in untenstehender Meldung der Einnahmen vorhanden);Bern;Grünliberale Partei;Kampagnenfinanzierung
de;275;1;campaign_financings;all;1;22.10.2023 Nationalratswahlen 2023;2023;campaign_financing;Juristische Personen oder Personengesellschaften;302;PLR.Les Libéraux-Radicaux Valais, Sion;275;Unterstützte Kandidierende: 7 (namentliche Auflistung in untenstehender Meldung der Einnahmen vorhanden);Offenlegung der budgetierten Einnahmen;/api/frontend/latest/de/downloads/campaigns/275/forms/1;Budgetzahlen;Gruppe von Kandidierenden (namentliche Auflistung in untenstehender Meldung der Einnahmen vorhanden);Wallis;FDP.Die Liberalen;Kampagnenfinanzierung
de;275;5;campaign_financings;all;1;22.10.2023 Nationalratswahlen 2023;2023;campaign_financing;Juristische Personen oder Personengesellschaften;302;PLR.Les Libéraux-Radicaux Valais, Sion;275;Unterstützte Kandidierende: 7 (namentliche Auflistung in untenstehender Meldung der Einnahmen vorhanden);Offenlegung der Schlussrechnung über die Einnahmen;/api/frontend/latest/de/downloads/campaigns/275/forms/5;Definitive Zahlen;Gruppe von Kandidierenden (namentliche Auflistung in untenstehender Meldung der Einnahmen vorhanden);Wallis;FDP.Die Liberalen;Kampagnenfinanzierung
de;276;1;campaign_financings;all;1;22.10.2023 Nationalratswahlen 2023;2023;campaign_financing;Natürliche Personen;294;Schneider-Schneiter Elisabeth, Biel-Benken;276;SCHNEIDERSCHNEITER Elisabeth (Basel-Landschaft, Die Mitte);Offenlegung der budgetierten Einnahmen;/api/frontend/latest/de/downloads/campaigns/276/forms/1;Budgetzahlen;Einzelperson;Basel-Landschaft;Die Mitte;Kampagnenfinanzierung
de;276;5;campaign_financings;all;1;22.10.2023 Nationalratswahlen 2023;2023;campaign_financing;Natürliche Personen;294;Schneider-Schneiter Elisabeth, Biel-Benken;276;SCHNEIDERSCHNEITER Elisabeth (Basel-Landschaft, Die Mitte);Offenlegung der Schlussrechnung über die Einnahmen;/api/frontend/latest/de/downloads/campaigns/276/forms/5;Definitive Zahlen;Einzelperson;Basel-Landschaft;Die Mitte;Kampagnenfinanzierung
de;277;2;campaign_financings;all;1;22.10.2023 Nationalratswahlen 2023;2023;campaign_financing;Natürliche Personen;294;Schneider-Schneiter Elisabeth, Biel-Benken;277;SCHNEIDERSCHNEITER Elisabeth (Basel-Landschaft, Die Mitte);Offenlegung von Zuwendungen über 15 000 Franken;/api/frontend/latest/de/downloads/campaigns/277/forms/2;Budgetzahlen;Einzelperson;Basel-Landschaft;Die Mitte;Kampagnenfinanzierung
de;277;6;campaign_financings;all;1;22.10.2023 Nationalratswahlen 2023;2023;campaign_financing;Natürliche Personen;294;Schneider-Schneiter Elisabeth, Biel-Benken;277;SCHNEIDERSCHNEITER Elisabeth (Basel-Landschaft, Die Mitte);Offenlegung von Zuwendungen über 15 000 Franken (Schlussrechnung);/api/frontend/latest/de/downloads/campaigns/277/forms/6;Definitive Zahlen;Einzelperson;Basel-Landschaft;Die Mitte;Kampagnenfinanzierung
de;278;1;campaign_financings;all;1;22.10.2023 Nationalratswahlen 2023;2023;campaign_financing;Juristische Personen oder Personengesellschaften;235;Jungfreisinnige Schweiz, Bern;278;Nationalratswahlen 2023 (schweizweit, FDP.Die Liberalen);Offenlegung der budgetierten Einnahmen;/api/frontend/latest/de/downloads/campaigns/278/forms/1;Budgetzahlen;Gruppe von Kandidierenden (Einzelauflistung nicht möglich);schweizweit;FDP.Die Liberalen;Kampagnenfinanzierung
de;278;5;campaign_financings;all;1;22.10.2023 Nationalratswahlen 2023;2023;campaign_financing;Juristische Personen oder Personengesellschaften;235;Jungfreisinnige Schweiz, Bern;278;Nationalratswahlen 2023 (schweizweit, FDP.Die Liberalen);Offenlegung der Schlussrechnung über die Einnahmen;/api/frontend/latest/de/downloads/campaigns/278/forms/5;Definitive Zahlen;Gruppe von Kandidierenden (Einzelauflistung nicht möglich);schweizweit;FDP.Die Liberalen;Kampagnenfinanzierung
de;279;1;campaign_financings;all;1;22.10.2023 Nationalratswahlen 2023;2023;campaign_financing;Natürliche Personen;297;Weber Koppenburg Céline, La Rippe;279;Weber Céline (Waadt, Grünliberale Partei);Offenlegung der budgetierten Einnahmen;/api/frontend/latest/de/downloads/campaigns/279/forms/1;Budgetzahlen;Einzelperson;Waadt;Grünliberale Partei;Kampagnenfinanzierung
de;28;1;campaign_financings;all;1;22.10.2023 Nationalratswahlen 2023;2023;campaign_financing;Natürliche Personen;101;Brodard Claude, Le Mouret;28;Brodard Claude (Freiburg, FDP.Die Liberalen);Offenlegung der budgetierten Einnahmen;/api/frontend/latest/de/downloads/campaigns/28/forms/1;Budgetzahlen;Einzelperson;Freiburg;FDP.Die Liberalen;Kampagnenfinanzierung
de;28;5;campaign_financings;all;1;22.10.2023 Nationalratswahlen 2023;2023;campaign_financing;Natürliche Personen;101;Brodard Claude, Le Mouret;28;Brodard Claude (Freiburg, FDP.Die Liberalen);Offenlegung der Schlussrechnung über die Einnahmen;/api/frontend/latest/de/downloads/campaigns/28/forms/5;Definitive Zahlen;Einzelperson;Freiburg;FDP.Die Liberalen;Kampagnenfinanzierung
de;280;1;campaign_financings;all;1;22.10.2023 Nationalratswahlen 2023;2023;campaign_financing;Natürliche Personen;238;Carrel-Dahinden Thierry, Vitznau;280;Carrel Thierry (Luzern, FDP.Die Liberalen);Offenlegung der budgetierten Einnahmen;/api/frontend/latest/de/downloads/campaigns/280/forms/1;Budgetzahlen;Einzelperson;Luzern;FDP.Die Liberalen;Kampagnenfinanzierung
de;280;5;campaign_financings;all;1;22.10.2023 Nationalratswahlen 2023;2023;campaign_financing;Natürliche Personen;238;Carrel-Dahinden Thierry, Vitznau;280;Carrel Thierry (Luzern, FDP.Die Liberalen);Offenlegung der Schlussrechnung über die Einnahmen;/api/frontend/latest/de/downloads/campaigns/280/forms/5;Definitive Zahlen;Einzelperson;Luzern;FDP.Die Liberalen;Kampagnenfinanzierung
de;281;1;campaign_financings;all;1;22.10.2023 Nationalratswahlen 2023;2023;campaign_financing;Natürliche Personen;305;Bachmann-Roth Christina, Lenzburg;281;Bachmann-Roth Christina (Aargau, Die Mitte);Offenlegung der budgetierten Einnahmen;/api/frontend/latest/de/downloads/campaigns/281/forms/1;Budgetzahlen;Einzelperson;Aargau;Die Mitte;Kampagnenfinanzierung
de;281;5;campaign_financings;all;1;22.10.2023 Nationalratswahlen 2023;2023;campaign_financing;Natürliche Personen;305;Bachmann-Roth Christina, Lenzburg;281;Bachmann-Roth Christina (Aargau, Die Mitte);Offenlegung der Schlussrechnung über die Einnahmen;/api/frontend/latest/de/downloads/campaigns/281/forms/5;Definitive Zahlen;Einzelperson;Aargau;Die Mitte;Kampagnenfinanzierung
de;282;1;campaign_financings;all;1;22.10.2023 Nationalratswahlen 2023;2023;campaign_financing;Natürliche Personen;308;Wandfluh Ernst-Peter, Kandergrund;282;Wandfluh Ernst (Bern, Schweizerische Volkspartei);Offenlegung der budgetierten Einnahmen;/api/frontend/latest/de/downloads/campaigns/282/forms/1;Budgetzahlen;Einzelperson;Bern;Schweizerische Volkspartei;Kampagnenfinanzierung
de;282;5;campaign_financings;all;1;22.10.2023 Nationalratswahlen 2023;2023;campaign_financing;Natürliche Personen;308;Wandfluh Ernst-Peter, Kandergrund;282;Wandfluh Ernst (Bern, Schweizerische Volkspartei);Offenlegung der Schlussrechnung über die Einnahmen;/api/frontend/latest/de/downloads/campaigns/282/forms/5;Definitive Zahlen;Einzelperson;Bern;Schweizerische Volkspartei;Kampagnenfinanzierung
de;284;1;campaign_financings;all;1;22.10.2023 Nationalratswahlen 2023;2023;campaign_financing;Natürliche Personen;309;Spielmann Markus, Starrkirch-Wil;284;Spielmann Markus (Solothurn, FDP.Die Liberalen);Offenlegung der budgetierten Einnahmen;/api/frontend/latest/de/downloads/campaigns/284/forms/1;Budgetzahlen;Einzelperson;Solothurn;FDP.Die Liberalen;Kampagnenfinanzierung
de;284;2;campaign_financings;all;1;22.10.2023 Nationalratswahlen 2023;2023;campaign_financing;Natürliche Personen;309;Spielmann Markus, Starrkirch-Wil;284;Spielmann Markus (Solothurn, FDP.Die Liberalen);Offenlegung von Zuwendungen über 15 000 Franken;/api/frontend/latest/de/downloads/campaigns/284/forms/2;Budgetzahlen;Einzelperson;Solothurn;FDP.Die Liberalen;Kampagnenfinanzierung
de;284;5;campaign_financings;all;1;22.10.2023 Nationalratswahlen 2023;2023;campaign_financing;Natürliche Personen;309;Spielmann Markus, Starrkirch-Wil;284;Spielmann Markus (Solothurn, FDP.Die Liberalen);Offenlegung der Schlussrechnung über die Einnahmen;/api/frontend/latest/de/downloads/campaigns/284/forms/5;Definitive Zahlen;Einzelperson;Solothurn;FDP.Die Liberalen;Kampagnenfinanzierung
de;284;6;campaign_financings;all;1;22.10.2023 Nationalratswahlen 2023;2023;campaign_financing;Natürliche Personen;309;Spielmann Markus, Starrkirch-Wil;284;Spielmann Markus (Solothurn, FDP.Die Liberalen);Offenlegung von Zuwendungen über 15 000 Franken (Schlussrechnung);/api/frontend/latest/de/downloads/campaigns/284/forms/6;Definitive Zahlen;Einzelperson;Solothurn;FDP.Die Liberalen;Kampagnenfinanzierung
de;285;1;campaign_financings;all;1;22.10.2023 Nationalratswahlen 2023;2023;campaign_financing;Natürliche Personen;275;Theiler Jacqueline, Luzern;285;Theiler Jacqueline (Luzern, FDP.Die Liberalen);Offenlegung der budgetierten Einnahmen;/api/frontend/latest/de/downloads/campaigns/285/forms/1;Budgetzahlen;Einzelperson;Luzern;FDP.Die Liberalen;Kampagnenfinanzierung
de;285;5;campaign_financings;all;1;22.10.2023 Nationalratswahlen 2023;2023;campaign_financing;Natürliche Personen;275;Theiler Jacqueline, Luzern;285;Theiler Jacqueline (Luzern, FDP.Die Liberalen);Offenlegung der Schlussrechnung über die Einnahmen;/api/frontend/latest/de/downloads/campaigns/285/forms/5;Definitive Zahlen;Einzelperson;Luzern;FDP.Die Liberalen;Kampagnenfinanzierung
de;287;1;campaign_financings;all;1;22.10.2023 Nationalratswahlen 2023;2023;campaign_financing;Juristische Personen oder Personengesellschaften;291;Die Mitte Schwyz, Schwyz;287;Unterstützte Kandidierende: 5 (namentliche Auflistung in untenstehender Meldung der Einnahmen vorhanden);Offenlegung der budgetierten Einnahmen;/api/frontend/latest/de/downloads/campaigns/287/forms/1;Budgetzahlen;Gruppe von Kandidierenden (namentliche Auflistung in untenstehender Meldung der Einnahmen vorhanden);Schwyz;Die Mitte;Kampagnenfinanzierung
de;287;2;campaign_financings;all;1;22.10.2023 Nationalratswahlen 2023;2023;campaign_financing;Juristische Personen oder Personengesellschaften;291;Die Mitte Schwyz, Schwyz;287;Unterstützte Kandidierende: 5 (namentliche Auflistung in untenstehender Meldung der Einnahmen vorhanden);Offenlegung von Zuwendungen über 15 000 Franken;/api/frontend/latest/de/downloads/campaigns/287/forms/2;Budgetzahlen;Gruppe von Kandidierenden (namentliche Auflistung in untenstehender Meldung der Einnahmen vorhanden);Schwyz;Die Mitte;Kampagnenfinanzierung
de;287;5;campaign_financings;all;1;22.10.2023 Nationalratswahlen 2023;2023;campaign_financing;Juristische Personen oder Personengesellschaften;291;Die Mitte Schwyz, Schwyz;287;Unterstützte Kandidierende: 5 (namentliche Auflistung in untenstehender Meldung der Einnahmen vorhanden);Offenlegung der Schlussrechnung über die Einnahmen;/api/frontend/latest/de/downloads/campaigns/287/forms/5;Definitive Zahlen;Gruppe von Kandidierenden (namentliche Auflistung in untenstehender Meldung der Einnahmen vorhanden);Schwyz;Die Mitte;Kampagnenfinanzierung
de;287;6;campaign_financings;all;1;22.10.2023 Nationalratswahlen 2023;2023;campaign_financing;Juristische Personen oder Personengesellschaften;291;Die Mitte Schwyz, Schwyz;287;Unterstützte Kandidierende: 5 (namentliche Auflistung in untenstehender Meldung der Einnahmen vorhanden);Offenlegung von Zuwendungen über 15 000 Franken (Schlussrechnung);/api/frontend/latest/de/downloads/campaigns/287/forms/6;Definitive Zahlen;Gruppe von Kandidierenden (namentliche Auflistung in untenstehender Meldung der Einnahmen vorhanden);Schwyz;Die Mitte;Kampagnenfinanzierung
de;29;1;campaign_financings;all;1;22.10.2023 Nationalratswahlen 2023;2023;campaign_financing;Juristische Personen oder Personengesellschaften;18;Sozialdemokratische Partei des Kantons Solothurn, Solothurn;29;Unterstützte Kandidierende: 12 (namentliche Auflistung in untenstehender Meldung der Einnahmen vorhanden);Offenlegung der budgetierten Einnahmen;/api/frontend/latest/de/downloads/campaigns/29/forms/1;Budgetzahlen;Gruppe von Kandidierenden (namentliche Auflistung in untenstehender Meldung der Einnahmen vorhanden);Solothurn;Sozialdemokratische Partei der Schweiz;Kampagnenfinanzierung
de;29;5;campaign_financings;all;1;22.10.2023 Nationalratswahlen 2023;2023;campaign_financing;Juristische Personen oder Personengesellschaften;18;Sozialdemokratische Partei des Kantons Solothurn, Solothurn;29;Unterstützte Kandidierende: 12 (namentliche Auflistung in untenstehender Meldung der Einnahmen vorhanden);Offenlegung der Schlussrechnung über die Einnahmen;/api/frontend/latest/de/downloads/campaigns/29/forms/5;Definitive Zahlen;Gruppe von Kandidierenden (namentliche Auflistung in untenstehender Meldung der Einnahmen vorhanden);Solothurn;Sozialdemokratische Partei der Schweiz;Kampagnenfinanzierung
de;290;1;campaign_financings;all;1;22.10.2023 Nationalratswahlen 2023;2023;campaign_financing;Juristische Personen oder Personengesellschaften;314;Grünliberale Partei Kanton Schwyz, Schwyz;290;Unterstützte Kandidierende: 12 (namentliche Auflistung in untenstehender Meldung der Einnahmen vorhanden);Offenlegung der budgetierten Einnahmen;/api/frontend/latest/de/downloads/campaigns/290/forms/1;Budgetzahlen;Gruppe von Kandidierenden (namentliche Auflistung in untenstehender Meldung der Einnahmen vorhanden);Schwyz;Grünliberale Partei;Kampagnenfinanzierung
de;290;5;campaign_financings;all;1;22.10.2023 Nationalratswahlen 2023;2023;campaign_financing;Juristische Personen oder Personengesellschaften;314;Grünliberale Partei Kanton Schwyz, Schwyz;290;Unterstützte Kandidierende: 12 (namentliche Auflistung in untenstehender Meldung der Einnahmen vorhanden);Offenlegung der Schlussrechnung über die Einnahmen;/api/frontend/latest/de/downloads/campaigns/290/forms/5;Definitive Zahlen;Gruppe von Kandidierenden (namentliche Auflistung in untenstehender Meldung der Einnahmen vorhanden);Schwyz;Grünliberale Partei;Kampagnenfinanzierung
de;292;1;campaign_financings;all;1;22.10.2023 Nationalratswahlen 2023;2023;campaign_financing;Juristische Personen oder Personengesellschaften;313;"Überparteiliches Komitee ""KR Paul Mayer in den Nationalrat"", Marthalen";292;Mayer Paul (Zürich, Schweizerische Volkspartei);Offenlegung der budgetierten Einnahmen;/api/frontend/latest/de/downloads/campaigns/292/forms/1;Budgetzahlen;Einzelperson;Zürich;Schweizerische Volkspartei;Kampagnenfinanzierung
de;292;2;campaign_financings;all;1;22.10.2023 Nationalratswahlen 2023;2023;campaign_financing;Juristische Personen oder Personengesellschaften;313;"Überparteiliches Komitee ""KR Paul Mayer in den Nationalrat"", Marthalen";292;Mayer Paul (Zürich, Schweizerische Volkspartei);Offenlegung von Zuwendungen über 15 000 Franken;/api/frontend/latest/de/downloads/campaigns/292/forms/2;Budgetzahlen;Einzelperson;Zürich;Schweizerische Volkspartei;Kampagnenfinanzierung
de;292;5;campaign_financings;all;1;22.10.2023 Nationalratswahlen 2023;2023;campaign_financing;Juristische Personen oder Personengesellschaften;313;"Überparteiliches Komitee ""KR Paul Mayer in den Nationalrat"", Marthalen";292;Mayer Paul (Zürich, Schweizerische Volkspartei);Offenlegung der Schlussrechnung über die Einnahmen;/api/frontend/latest/de/downloads/campaigns/292/forms/5;Definitive Zahlen;Einzelperson;Zürich;Schweizerische Volkspartei;Kampagnenfinanzierung
de;292;6;campaign_financings;all;1;22.10.2023 Nationalratswahlen 2023;2023;campaign_financing;Juristische Personen oder Personengesellschaften;313;"Überparteiliches Komitee ""KR Paul Mayer in den Nationalrat"", Marthalen";292;Mayer Paul (Zürich, Schweizerische Volkspartei);Offenlegung von Zuwendungen über 15 000 Franken (Schlussrechnung);/api/frontend/latest/de/downloads/campaigns/292/forms/6;Definitive Zahlen;Einzelperson;Zürich;Schweizerische Volkspartei;Kampagnenfinanzierung
de;293;1;campaign_financings;all;1;22.10.2023 Nationalratswahlen 2023;2023;campaign_financing;Natürliche Personen;312;Rüegsegger Hans Jörg, Riggisberg;293;Rüegsegger Hans Jörg (Bern, Schweizerische Volkspartei);Offenlegung der budgetierten Einnahmen;/api/frontend/latest/de/downloads/campaigns/293/forms/1;Budgetzahlen;Einzelperson;Bern;Schweizerische Volkspartei;Kampagnenfinanzierung
de;293;5;campaign_financings;all;1;22.10.2023 Nationalratswahlen 2023;2023;campaign_financing;Natürliche Personen;312;Rüegsegger Hans Jörg, Riggisberg;293;Rüegsegger Hans Jörg (Bern, Schweizerische Volkspartei);Offenlegung der Schlussrechnung über die Einnahmen;/api/frontend/latest/de/downloads/campaigns/293/forms/5;Definitive Zahlen;Einzelperson;Bern;Schweizerische Volkspartei;Kampagnenfinanzierung
de;294;1;campaign_financings;all;1;22.10.2023 Nationalratswahlen 2023;2023;campaign_financing;Natürliche Personen;303;Meier Thomas, Schenkon;294;Meier Thomas (Luzern, FDP.Die Liberalen);Offenlegung der budgetierten Einnahmen;/api/frontend/latest/de/downloads/campaigns/294/forms/1;Budgetzahlen;Einzelperson;Luzern;FDP.Die Liberalen;Kampagnenfinanzierung
de;294;2;campaign_financings;all;1;22.10.2023 Nationalratswahlen 2023;2023;campaign_financing;Natürliche Personen;303;Meier Thomas, Schenkon;294;Meier Thomas (Luzern, FDP.Die Liberalen);Offenlegung von Zuwendungen über 15 000 Franken;/api/frontend/latest/de/downloads/campaigns/294/forms/2;Budgetzahlen;Einzelperson;Luzern;FDP.Die Liberalen;Kampagnenfinanzierung
de;294;5;campaign_financings;all;1;22.10.2023 Nationalratswahlen 2023;2023;campaign_financing;Natürliche Personen;303;Meier Thomas, Schenkon;294;Meier Thomas (Luzern, FDP.Die Liberalen);Offenlegung der Schlussrechnung über die Einnahmen;/api/frontend/latest/de/downloads/campaigns/294/forms/5;Definitive Zahlen;Einzelperson;Luzern;FDP.Die Liberalen;Kampagnenfinanzierung
de;294;6;campaign_financings;all;1;22.10.2023 Nationalratswahlen 2023;2023;campaign_financing;Natürliche Personen;303;Meier Thomas, Schenkon;294;Meier Thomas (Luzern, FDP.Die Liberalen);Offenlegung von Zuwendungen über 15 000 Franken (Schlussrechnung);/api/frontend/latest/de/downloads/campaigns/294/forms/6;Definitive Zahlen;Einzelperson;Luzern;FDP.Die Liberalen;Kampagnenfinanzierung
de;295;1;campaign_financings;all;1;22.10.2023 Nationalratswahlen 2023;2023;campaign_financing;Natürliche Personen;304;Bigler Hans-Ulrich, Affoltern am Albis;295;Bigler Hans-Ulrich (Zürich, Schweizerische Volkspartei);Offenlegung der budgetierten Einnahmen;/api/frontend/latest/de/downloads/campaigns/295/forms/1;Budgetzahlen;Einzelperson;Zürich;Schweizerische Volkspartei;Kampagnenfinanzierung
de;295;2;campaign_financings;all;1;22.10.2023 Nationalratswahlen 2023;2023;campaign_financing;Natürliche Personen;304;Bigler Hans-Ulrich, Affoltern am Albis;295;Bigler Hans-Ulrich (Zürich, Schweizerische Volkspartei);Offenlegung von Zuwendungen über 15 000 Franken;/api/frontend/latest/de/downloads/campaigns/295/forms/2;Budgetzahlen;Einzelperson;Zürich;Schweizerische Volkspartei;Kampagnenfinanzierung
de;295;5;campaign_financings;all;1;22.10.2023 Nationalratswahlen 2023;2023;campaign_financing;Natürliche Personen;304;Bigler Hans-Ulrich, Affoltern am Albis;295;Bigler Hans-Ulrich (Zürich, Schweizerische Volkspartei);Offenlegung der Schlussrechnung über die Einnahmen;/api/frontend/latest/de/downloads/campaigns/295/forms/5;Definitive Zahlen;Einzelperson;Zürich;Schweizerische Volkspartei;Kampagnenfinanzierung
de;295;6;campaign_financings;all;1;22.10.2023 Nationalratswahlen 2023;2023;campaign_financing;Natürliche Personen;304;Bigler Hans-Ulrich, Affoltern am Albis;295;Bigler Hans-Ulrich (Zürich, Schweizerische Volkspartei);Offenlegung von Zuwendungen über 15 000 Franken (Schlussrechnung);/api/frontend/latest/de/downloads/campaigns/295/forms/6;Definitive Zahlen;Einzelperson;Zürich;Schweizerische Volkspartei;Kampagnenfinanzierung
de;297;1;campaign_financings;all;1;22.10.2023 Nationalratswahlen 2023;2023;campaign_financing;Juristische Personen oder Personengesellschaften;292;NR-Kandidat Beat Bösiger, Niederbipp;297;Bösiger Beat (Bern, Schweizerische Volkspartei);Offenlegung der budgetierten Einnahmen;/api/frontend/latest/de/downloads/campaigns/297/forms/1;Budgetzahlen;Einzelperson;Bern;Schweizerische Volkspartei;Kampagnenfinanzierung
de;297;2;campaign_financings;all;1;22.10.2023 Nationalratswahlen 2023;2023;campaign_financing;Juristische Personen oder Personengesellschaften;292;NR-Kandidat Beat Bösiger, Niederbipp;297;Bösiger Beat (Bern, Schweizerische Volkspartei);Offenlegung von Zuwendungen über 15 000 Franken;/api/frontend/latest/de/downloads/campaigns/297/forms/2;Budgetzahlen;Einzelperson;Bern;Schweizerische Volkspartei;Kampagnenfinanzierung
de;297;5;campaign_financings;all;1;22.10.2023 Nationalratswahlen 2023;2023;campaign_financing;Juristische Personen oder Personengesellschaften;292;NR-Kandidat Beat Bösiger, Niederbipp;297;Bösiger Beat (Bern, Schweizerische Volkspartei);Offenlegung der Schlussrechnung über die Einnahmen;/api/frontend/latest/de/downloads/campaigns/297/forms/5;Definitive Zahlen;Einzelperson;Bern;Schweizerische Volkspartei;Kampagnenfinanzierung
de;297;6;campaign_financings;all;1;22.10.2023 Nationalratswahlen 2023;2023;campaign_financing;Juristische Personen oder Personengesellschaften;292;NR-Kandidat Beat Bösiger, Niederbipp;297;Bösiger Beat (Bern, Schweizerische Volkspartei);Offenlegung von Zuwendungen über 15 000 Franken (Schlussrechnung);/api/frontend/latest/de/downloads/campaigns/297/forms/6;Definitive Zahlen;Einzelperson;Bern;Schweizerische Volkspartei;Kampagnenfinanzierung
de;298;1;campaign_financings;all;1;22.10.2023 Nationalratswahlen 2023;2023;campaign_financing;Natürliche Personen;310;Mettler Melanie, Bern;298;Mettler Melanie (Bern, Grünliberale Partei);Offenlegung der budgetierten Einnahmen;/api/frontend/latest/de/downloads/campaigns/298/forms/1;Budgetzahlen;Einzelperson;Bern;Grünliberale Partei;Kampagnenfinanzierung
de;298;5;campaign_financings;all;1;22.10.2023 Nationalratswahlen 2023;2023;campaign_financing;Natürliche Personen;310;Mettler Melanie, Bern;298;Mettler Melanie (Bern, Grünliberale Partei);Offenlegung der Schlussrechnung über die Einnahmen;/api/frontend/latest/de/downloads/campaigns/298/forms/5;Definitive Zahlen;Einzelperson;Bern;Grünliberale Partei;Kampagnenfinanzierung
de;299;1;campaign_financings;all;1;22.10.2023 Nationalratswahlen 2023;2023;campaign_financing;Juristische Personen oder Personengesellschaften;278;Eidgenössisch-Demokratische Union des Kantons Bern, Münsingen;299;Unterstützte Kandidierende: 24 (namentliche Auflistung in untenstehender Meldung der Einnahmen vorhanden);Offenlegung der budgetierten Einnahmen;/api/frontend/latest/de/downloads/campaigns/299/forms/1;Budgetzahlen;Gruppe von Kandidierenden (namentliche Auflistung in untenstehender Meldung der Einnahmen vorhanden);Bern;Eidgenössisch-Demokratische Union;Kampagnenfinanzierung
de;299;2;campaign_financings;all;1;22.10.2023 Nationalratswahlen 2023;2023;campaign_financing;Juristische Personen oder Personengesellschaften;278;Eidgenössisch-Demokratische Union des Kantons Bern, Münsingen;299;Unterstützte Kandidierende: 24 (namentliche Auflistung in untenstehender Meldung der Einnahmen vorhanden);Offenlegung von Zuwendungen über 15 000 Franken;/api/frontend/latest/de/downloads/campaigns/299/forms/2;Budgetzahlen;Gruppe von Kandidierenden (namentliche Auflistung in untenstehender Meldung der Einnahmen vorhanden);Bern;Eidgenössisch-Demokratische Union;Kampagnenfinanzierung
de;299;5;campaign_financings;all;1;22.10.2023 Nationalratswahlen 2023;2023;campaign_financing;Juristische Personen oder Personengesellschaften;278;Eidgenössisch-Demokratische Union des Kantons Bern, Münsingen;299;Unterstützte Kandidierende: 24 (namentliche Auflistung in untenstehender Meldung der Einnahmen vorhanden);Offenlegung der Schlussrechnung über die Einnahmen;/api/frontend/latest/de/downloads/campaigns/299/forms/5;Definitive Zahlen;Gruppe von Kandidierenden (namentliche Auflistung in untenstehender Meldung der Einnahmen vorhanden);Bern;Eidgenössisch-Demokratische Union;Kampagnenfinanzierung
de;299;6;campaign_financings;all;1;22.10.2023 Nationalratswahlen 2023;2023;campaign_financing;Juristische Personen oder Personengesellschaften;278;Eidgenössisch-Demokratische Union des Kantons Bern, Münsingen;299;Unterstützte Kandidierende: 24 (namentliche Auflistung in untenstehender Meldung der Einnahmen vorhanden);Offenlegung von Zuwendungen über 15 000 Franken (Schlussrechnung);/api/frontend/latest/de/downloads/campaigns/299/forms/6;Definitive Zahlen;Gruppe von Kandidierenden (namentliche Auflistung in untenstehender Meldung der Einnahmen vorhanden);Bern;Eidgenössisch-Demokratische Union;Kampagnenfinanzierung
de;3;1;campaign_financings;all;1;22.10.2023 Nationalratswahlen 2023;2023;campaign_financing;Juristische Personen oder Personengesellschaften;30;Thurgauer Gewerbeverband, Weinfelden;3;Unterstützte Kandidierende: 15 (namentliche Auflistung in untenstehender Meldung der Einnahmen vorhanden);Offenlegung der budgetierten Einnahmen;/api/frontend/latest/de/downloads/campaigns/3/forms/1;Budgetzahlen;Gruppe von Kandidierenden (namentliche Auflistung in untenstehender Meldung der Einnahmen vorhanden);Thurgau;Die Mitte;Kampagnenfinanzierung
de;3;5;campaign_financings;all;1;22.10.2023 Nationalratswahlen 2023;2023;campaign_financing;Juristische Personen oder Personengesellschaften;30;Thurgauer Gewerbeverband, Weinfelden;3;Unterstützte Kandidierende: 15 (namentliche Auflistung in untenstehender Meldung der Einnahmen vorhanden);Offenlegung der Schlussrechnung über die Einnahmen;/api/frontend/latest/de/downloads/campaigns/3/forms/5;Definitive Zahlen;Gruppe von Kandidierenden (namentliche Auflistung in untenstehender Meldung der Einnahmen vorhanden);Thurgau;Die Mitte;Kampagnenfinanzierung
de;30;1;campaign_financings;all;1;22.10.2023 Nationalratswahlen 2023;2023;campaign_financing;Juristische Personen oder Personengesellschaften;18;Sozialdemokratische Partei des Kantons Solothurn, Solothurn;30;Roth Franziska (SR-Kampagne) (Solothurn, Sozialdemokratische Partei der Schweiz);Offenlegung der budgetierten Einnahmen;/api/frontend/latest/de/downloads/campaigns/30/forms/1;Budgetzahlen;Einzelperson;Solothurn;Sozialdemokratische Partei der Schweiz;Kampagnenfinanzierung
de;30;2;campaign_financings;all;1;22.10.2023 Nationalratswahlen 2023;2023;campaign_financing;Juristische Personen oder Personengesellschaften;18;Sozialdemokratische Partei des Kantons Solothurn, Solothurn;30;Roth Franziska (SR-Kampagne) (Solothurn, Sozialdemokratische Partei der Schweiz);Offenlegung von Zuwendungen über 15 000 Franken;/api/frontend/latest/de/downloads/campaigns/30/forms/2;Budgetzahlen;Einzelperson;Solothurn;Sozialdemokratische Partei der Schweiz;Kampagnenfinanzierung
de;300;1;campaign_financings;all;1;22.10.2023 Nationalratswahlen 2023;2023;campaign_financing;Juristische Personen oder Personengesellschaften;299;Parti socialiste jurassien, Delémont;300;Unterstützte Kandidierende: 4 (namentliche Auflistung in untenstehender Meldung der Einnahmen vorhanden);Offenlegung der budgetierten Einnahmen;/api/frontend/latest/de/downloads/campaigns/300/forms/1;Budgetzahlen;Gruppe von Kandidierenden (namentliche Auflistung in untenstehender Meldung der Einnahmen vorhanden);Jura;Sozialdemokratische Partei der Schweiz;Kampagnenfinanzierung
de;300;5;campaign_financings;all;1;22.10.2023 Nationalratswahlen 2023;2023;campaign_financing;Juristische Personen oder Personengesellschaften;299;Parti socialiste jurassien, Delémont;300;Unterstützte Kandidierende: 4 (namentliche Auflistung in untenstehender Meldung der Einnahmen vorhanden);Offenlegung der Schlussrechnung über die Einnahmen;/api/frontend/latest/de/downloads/campaigns/300/forms/5;Definitive Zahlen;Gruppe von Kandidierenden (namentliche Auflistung in untenstehender Meldung der Einnahmen vorhanden);Jura;Sozialdemokratische Partei der Schweiz;Kampagnenfinanzierung
de;302;1;campaign_financings;all;1;22.10.2023 Nationalratswahlen 2023;2023;campaign_financing;Juristische Personen oder Personengesellschaften;311;HEV Kanton Zürich, Zürich;302;Unterstützte Kandidierende: 48 (namentliche Auflistung in untenstehender Meldung der Einnahmen vorhanden);Offenlegung der budgetierten Einnahmen;/api/frontend/latest/de/downloads/campaigns/302/forms/1;Budgetzahlen;Gruppe von Kandidierenden (namentliche Auflistung in untenstehender Meldung der Einnahmen vorhanden);Zürich;Die Mitte;Kampagnenfinanzierung
de;302;5;campaign_financings;all;1;22.10.2023 Nationalratswahlen 2023;2023;campaign_financing;Juristische Personen oder Personengesellschaften;311;HEV Kanton Zürich, Zürich;302;Unterstützte Kandidierende: 48 (namentliche Auflistung in untenstehender Meldung der Einnahmen vorhanden);Offenlegung der Schlussrechnung über die Einnahmen;/api/frontend/latest/de/downloads/campaigns/302/forms/5;Definitive Zahlen;Gruppe von Kandidierenden (namentliche Auflistung in untenstehender Meldung der Einnahmen vorhanden);Zürich;Die Mitte;Kampagnenfinanzierung
de;303;1;campaign_financings;all;1;22.10.2023 Nationalratswahlen 2023;2023;campaign_financing;Natürliche Personen;319;Dätwyler Martin, Laufen;303;Dätwyler Martin (Basel-Landschaft, FDP.Die Liberalen);Offenlegung der budgetierten Einnahmen;/api/frontend/latest/de/downloads/campaigns/303/forms/1;Budgetzahlen;Einzelperson;Basel-Landschaft;FDP.Die Liberalen;Kampagnenfinanzierung
de;303;2;campaign_financings;all;1;22.10.2023 Nationalratswahlen 2023;2023;campaign_financing;Natürliche Personen;319;Dätwyler Martin, Laufen;303;Dätwyler Martin (Basel-Landschaft, FDP.Die Liberalen);Offenlegung von Zuwendungen über 15 000 Franken;/api/frontend/latest/de/downloads/campaigns/303/forms/2;Budgetzahlen;Einzelperson;Basel-Landschaft;FDP.Die Liberalen;Kampagnenfinanzierung
de;303;5;campaign_financings;all;1;22.10.2023 Nationalratswahlen 2023;2023;campaign_financing;Natürliche Personen;319;Dätwyler Martin, Laufen;303;Dätwyler Martin (Basel-Landschaft, FDP.Die Liberalen);Offenlegung der Schlussrechnung über die Einnahmen;/api/frontend/latest/de/downloads/campaigns/303/forms/5;Definitive Zahlen;Einzelperson;Basel-Landschaft;FDP.Die Liberalen;Kampagnenfinanzierung
de;303;6;campaign_financings;all;1;22.10.2023 Nationalratswahlen 2023;2023;campaign_financing;Natürliche Personen;319;Dätwyler Martin, Laufen;303;Dätwyler Martin (Basel-Landschaft, FDP.Die Liberalen);Offenlegung von Zuwendungen über 15 000 Franken (Schlussrechnung);/api/frontend/latest/de/downloads/campaigns/303/forms/6;Definitive Zahlen;Einzelperson;Basel-Landschaft;FDP.Die Liberalen;Kampagnenfinanzierung
de;304;1;campaign_financings;all;1;22.10.2023 Nationalratswahlen 2023;2023;campaign_financing;Juristische Personen oder Personengesellschaften;329;MASS-VOLL!, Zürich;304;Nationalratswahlen MASS-VOLL! (schweizweit, Übrige politische Parteien);Offenlegung der budgetierten Einnahmen;/api/frontend/latest/de/downloads/campaigns/304/forms/1;Budgetzahlen;Gruppe von Kandidierenden (Einzelauflistung nicht möglich);schweizweit;Übrige politische Parteien;Kampagnenfinanzierung
de;304;5;campaign_financings;all;1;22.10.2023 Nationalratswahlen 2023;2023;campaign_financing;Juristische Personen oder Personengesellschaften;329;MASS-VOLL!, Zürich;304;Nationalratswahlen MASS-VOLL! (schweizweit, Übrige politische Parteien);Offenlegung der Schlussrechnung über die Einnahmen;/api/frontend/latest/de/downloads/campaigns/304/forms/5;Definitive Zahlen;Gruppe von Kandidierenden (Einzelauflistung nicht möglich);schweizweit;Übrige politische Parteien;Kampagnenfinanzierung
de;305;1;campaign_financings;all;1;22.10.2023 Nationalratswahlen 2023;2023;campaign_financing;Juristische Personen oder Personengesellschaften;324;Piratenpartei Zürich, Zürich;305;Unterstützte Kandidierende: 18 (namentliche Auflistung in untenstehender Meldung der Einnahmen vorhanden);Offenlegung der budgetierten Einnahmen;/api/frontend/latest/de/downloads/campaigns/305/forms/1;Budgetzahlen;Gruppe von Kandidierenden (namentliche Auflistung in untenstehender Meldung der Einnahmen vorhanden);Aargau;Übrige politische Parteien;Kampagnenfinanzierung
de;305;2;campaign_financings;all;1;22.10.2023 Nationalratswahlen 2023;2023;campaign_financing;Juristische Personen oder Personengesellschaften;324;Piratenpartei Zürich, Zürich;305;Unterstützte Kandidierende: 18 (namentliche Auflistung in untenstehender Meldung der Einnahmen vorhanden);Offenlegung von Zuwendungen über 15 000 Franken;/api/frontend/latest/de/downloads/campaigns/305/forms/2;Budgetzahlen;Gruppe von Kandidierenden (namentliche Auflistung in untenstehender Meldung der Einnahmen vorhanden);Aargau;Übrige politische Parteien;Kampagnenfinanzierung
de;305;5;campaign_financings;all;1;22.10.2023 Nationalratswahlen 2023;2023;campaign_financing;Juristische Personen oder Personengesellschaften;324;Piratenpartei Zürich, Zürich;305;Unterstützte Kandidierende: 18 (namentliche Auflistung in untenstehender Meldung der Einnahmen vorhanden);Offenlegung der Schlussrechnung über die Einnahmen;/api/frontend/latest/de/downloads/campaigns/305/forms/5;Definitive Zahlen;Gruppe von Kandidierenden (namentliche Auflistung in untenstehender Meldung der Einnahmen vorhanden);Aargau;Übrige politische Parteien;Kampagnenfinanzierung
de;305;6;campaign_financings;all;1;22.10.2023 Nationalratswahlen 2023;2023;campaign_financing;Juristische Personen oder Personengesellschaften;324;Piratenpartei Zürich, Zürich;305;Unterstützte Kandidierende: 18 (namentliche Auflistung in untenstehender Meldung der Einnahmen vorhanden);Offenlegung von Zuwendungen über 15 000 Franken (Schlussrechnung);/api/frontend/latest/de/downloads/campaigns/305/forms/6;Definitive Zahlen;Gruppe von Kandidierenden (namentliche Auflistung in untenstehender Meldung der Einnahmen vorhanden);Aargau;Übrige politische Parteien;Kampagnenfinanzierung
de;306;1;campaign_financings;all;1;22.10.2023 Nationalratswahlen 2023;2023;campaign_financing;Juristische Personen oder Personengesellschaften;14;neo - Die sozialliberale Mitte, Glis;306;Unterstützte Kandidierende: 17 (namentliche Auflistung in untenstehender Meldung der Einnahmen vorhanden);Offenlegung der budgetierten Einnahmen;/api/frontend/latest/de/downloads/campaigns/306/forms/1;Budgetzahlen;Gruppe von Kandidierenden (namentliche Auflistung in untenstehender Meldung der Einnahmen vorhanden);Wallis;Die Mitte;Kampagnenfinanzierung
de;306;5;campaign_financings;all;1;22.10.2023 Nationalratswahlen 2023;2023;campaign_financing;Juristische Personen oder Personengesellschaften;14;neo - Die sozialliberale Mitte, Glis;306;Unterstützte Kandidierende: 17 (namentliche Auflistung in untenstehender Meldung der Einnahmen vorhanden);Offenlegung der Schlussrechnung über die Einnahmen;/api/frontend/latest/de/downloads/campaigns/306/forms/5;Definitive Zahlen;Gruppe von Kandidierenden (namentliche Auflistung in untenstehender Meldung der Einnahmen vorhanden);Wallis;Die Mitte;Kampagnenfinanzierung
de;307;1;campaign_financings;all;1;22.10.2023 Nationalratswahlen 2023;2023;campaign_financing;Natürliche Personen;315;Michel Simon, Solothurn;307;Michel Simon (Solothurn, FDP.Die Liberalen);Offenlegung der budgetierten Einnahmen;/api/frontend/latest/de/downloads/campaigns/307/forms/1;Budgetzahlen;Einzelperson;Solothurn;FDP.Die Liberalen;Kampagnenfinanzierung
de;307;5;campaign_financings;all;1;22.10.2023 Nationalratswahlen 2023;2023;campaign_financing;Natürliche Personen;315;Michel Simon, Solothurn;307;Michel Simon (Solothurn, FDP.Die Liberalen);Offenlegung der Schlussrechnung über die Einnahmen;/api/frontend/latest/de/downloads/campaigns/307/forms/5;Definitive Zahlen;Einzelperson;Solothurn;FDP.Die Liberalen;Kampagnenfinanzierung
de;308;1;campaign_financings;all;1;22.10.2023 Nationalratswahlen 2023;2023;campaign_financing;Juristische Personen oder Personengesellschaften;333;auto-schweiz VEREINIGUNG SCHWEIZER AUTOMOBIL-IMPORTEURE, Bern;308;Unterstützte Kandidierende: 24 (namentliche Auflistung in untenstehender Meldung der Einnahmen vorhanden);Offenlegung der budgetierten Einnahmen;/api/frontend/latest/de/downloads/campaigns/308/forms/1;Budgetzahlen;Gruppe von Kandidierenden (namentliche Auflistung in untenstehender Meldung der Einnahmen vorhanden);Aargau;FDP.Die Liberalen;Kampagnenfinanzierung
de;308;5;campaign_financings;all;1;22.10.2023 Nationalratswahlen 2023;2023;campaign_financing;Juristische Personen oder Personengesellschaften;333;auto-schweiz VEREINIGUNG SCHWEIZER AUTOMOBIL-IMPORTEURE, Bern;308;Unterstützte Kandidierende: 24 (namentliche Auflistung in untenstehender Meldung der Einnahmen vorhanden);Offenlegung der Schlussrechnung über die Einnahmen;/api/frontend/latest/de/downloads/campaigns/308/forms/5;Definitive Zahlen;Gruppe von Kandidierenden (namentliche Auflistung in untenstehender Meldung der Einnahmen vorhanden);Aargau;FDP.Die Liberalen;Kampagnenfinanzierung
de;310;1;campaign_financings;all;1;22.10.2023 Nationalratswahlen 2023;2023;campaign_financing;Natürliche Personen;335;Riem Katja, Kiesen;310;Riem Katja (Bern, Schweizerische Volkspartei);Offenlegung der budgetierten Einnahmen;/api/frontend/latest/de/downloads/campaigns/310/forms/1;Budgetzahlen;Einzelperson;Bern;Schweizerische Volkspartei;Kampagnenfinanzierung
de;310;5;campaign_financings;all;1;22.10.2023 Nationalratswahlen 2023;2023;campaign_financing;Natürliche Personen;335;Riem Katja, Kiesen;310;Riem Katja (Bern, Schweizerische Volkspartei);Offenlegung der Schlussrechnung über die Einnahmen;/api/frontend/latest/de/downloads/campaigns/310/forms/5;Definitive Zahlen;Einzelperson;Bern;Schweizerische Volkspartei;Kampagnenfinanzierung
de;311;1;campaign_financings;all;1;22.10.2023 Nationalratswahlen 2023;2023;campaign_financing;Natürliche Personen;326;Nause Reto, Bern;311;Unterstützte Kandidierende: 3 (namentliche Auflistung in untenstehender Meldung der Einnahmen vorhanden);Offenlegung der budgetierten Einnahmen;/api/frontend/latest/de/downloads/campaigns/311/forms/1;Budgetzahlen;Gruppe von Kandidierenden (namentliche Auflistung in untenstehender Meldung der Einnahmen vorhanden);Bern;Die Mitte;Kampagnenfinanzierung
de;311;5;campaign_financings;all;1;22.10.2023 Nationalratswahlen 2023;2023;campaign_financing;Natürliche Personen;326;Nause Reto, Bern;311;Unterstützte Kandidierende: 3 (namentliche Auflistung in untenstehender Meldung der Einnahmen vorhanden);Offenlegung der Schlussrechnung über die Einnahmen;/api/frontend/latest/de/downloads/campaigns/311/forms/5;Definitive Zahlen;Gruppe von Kandidierenden (namentliche Auflistung in untenstehender Meldung der Einnahmen vorhanden);Bern;Die Mitte;Kampagnenfinanzierung
de;312;1;campaign_financings;all;1;22.10.2023 Nationalratswahlen 2023;2023;campaign_financing;Juristische Personen oder Personengesellschaften;331;Eidgenössisch-Demokratische Union Schweiz (EDU Schweiz), Thun;312;Nationalratswahlen 2023 (schweizweit, Eidgenössisch-Demokratische Union);Offenlegung der budgetierten Einnahmen;/api/frontend/latest/de/downloads/campaigns/312/forms/1;Budgetzahlen;Gruppe von Kandidierenden (Einzelauflistung nicht möglich);schweizweit;Eidgenössisch-Demokratische Union;Kampagnenfinanzierung
de;312;5;campaign_financings;all;1;22.10.2023 Nationalratswahlen 2023;2023;campaign_financing;Juristische Personen oder Personengesellschaften;331;Eidgenössisch-Demokratische Union Schweiz (EDU Schweiz), Thun;312;Nationalratswahlen 2023 (schweizweit, Eidgenössisch-Demokratische Union);Offenlegung der Schlussrechnung über die Einnahmen;/api/frontend/latest/de/downloads/campaigns/312/forms/5;Definitive Zahlen;Gruppe von Kandidierenden (Einzelauflistung nicht möglich);schweizweit;Eidgenössisch-Demokratische Union;Kampagnenfinanzierung
de;313;1;campaign_financings;all;1;22.10.2023 Nationalratswahlen 2023;2023;campaign_financing;Juristische Personen oder Personengesellschaften;339;Hauseigentümer-Verband Kanton St. Gallen, St. Gallen;313;Unterstützte Kandidierende: 7 (namentliche Auflistung in untenstehender Meldung der Einnahmen vorhanden);Offenlegung der budgetierten Einnahmen;/api/frontend/latest/de/downloads/campaigns/313/forms/1;Budgetzahlen;Gruppe von Kandidierenden (namentliche Auflistung in untenstehender Meldung der Einnahmen vorhanden);St. Gallen;Die Mitte;Kampagnenfinanzierung
de;313;5;campaign_financings;all;1;22.10.2023 Nationalratswahlen 2023;2023;campaign_financing;Juristische Personen oder Personengesellschaften;339;Hauseigentümer-Verband Kanton St. Gallen, St. Gallen;313;Unterstützte Kandidierende: 7 (namentliche Auflistung in untenstehender Meldung der Einnahmen vorhanden);Offenlegung der Schlussrechnung über die Einnahmen;/api/frontend/latest/de/downloads/campaigns/313/forms/5;Definitive Zahlen;Gruppe von Kandidierenden (namentliche Auflistung in untenstehender Meldung der Einnahmen vorhanden);St. Gallen;Die Mitte;Kampagnenfinanzierung
de;315;1;campaign_financings;all;1;22.10.2023 Nationalratswahlen 2023;2023;campaign_financing;Juristische Personen oder Personengesellschaften;337;Piratenpartei Schweiz, Bern;315;Piratenpartei Schweiz Dachkampagne (schweizweit, Übrige politische Parteien);Offenlegung der budgetierten Einnahmen;/api/frontend/latest/de/downloads/campaigns/315/forms/1;Budgetzahlen;Gruppe von Kandidierenden (Einzelauflistung nicht möglich);schweizweit;Übrige politische Parteien;Kampagnenfinanzierung
de;315;2;campaign_financings;all;1;22.10.2023 Nationalratswahlen 2023;2023;campaign_financing;Juristische Personen oder Personengesellschaften;337;Piratenpartei Schweiz, Bern;315;Piratenpartei Schweiz Dachkampagne (schweizweit, Übrige politische Parteien);Offenlegung von Zuwendungen über 15 000 Franken;/api/frontend/latest/de/downloads/campaigns/315/forms/2;Budgetzahlen;Gruppe von Kandidierenden (Einzelauflistung nicht möglich);schweizweit;Übrige politische Parteien;Kampagnenfinanzierung
de;315;6;campaign_financings;all;1;22.10.2023 Nationalratswahlen 2023;2023;campaign_financing;Juristische Personen oder Personengesellschaften;337;Piratenpartei Schweiz, Bern;315;Piratenpartei Schweiz Dachkampagne (schweizweit, Übrige politische Parteien);Offenlegung von Zuwendungen über 15 000 Franken (Schlussrechnung);/api/frontend/latest/de/downloads/campaigns/315/forms/6;Definitive Zahlen;Gruppe von Kandidierenden (Einzelauflistung nicht möglich);schweizweit;Übrige politische Parteien;Kampagnenfinanzierung
de;316;1;campaign_financings;all;1;22.10.2023 Nationalratswahlen 2023;2023;campaign_financing;Juristische Personen oder Personengesellschaften;338;Piratenpartei Bern, Bern;316;Unterstützte Kandidierende: 16 (namentliche Auflistung in untenstehender Meldung der Einnahmen vorhanden);Offenlegung der budgetierten Einnahmen;/api/frontend/latest/de/downloads/campaigns/316/forms/1;Budgetzahlen;Gruppe von Kandidierenden (namentliche Auflistung in untenstehender Meldung der Einnahmen vorhanden);Bern;Übrige politische Parteien;Kampagnenfinanzierung
de;316;2;campaign_financings;all;1;22.10.2023 Nationalratswahlen 2023;2023;campaign_financing;Juristische Personen oder Personengesellschaften;338;Piratenpartei Bern, Bern;316;Unterstützte Kandidierende: 16 (namentliche Auflistung in untenstehender Meldung der Einnahmen vorhanden);Offenlegung von Zuwendungen über 15 000 Franken;/api/frontend/latest/de/downloads/campaigns/316/forms/2;Budgetzahlen;Gruppe von Kandidierenden (namentliche Auflistung in untenstehender Meldung der Einnahmen vorhanden);Bern;Übrige politische Parteien;Kampagnenfinanzierung
de;316;5;campaign_financings;all;1;22.10.2023 Nationalratswahlen 2023;2023;campaign_financing;Juristische Personen oder Personengesellschaften;338;Piratenpartei Bern, Bern;316;Unterstützte Kandidierende: 16 (namentliche Auflistung in untenstehender Meldung der Einnahmen vorhanden);Offenlegung der Schlussrechnung über die Einnahmen;/api/frontend/latest/de/downloads/campaigns/316/forms/5;Definitive Zahlen;Gruppe von Kandidierenden (namentliche Auflistung in untenstehender Meldung der Einnahmen vorhanden);Bern;Übrige politische Parteien;Kampagnenfinanzierung
de;316;6;campaign_financings;all;1;22.10.2023 Nationalratswahlen 2023;2023;campaign_financing;Juristische Personen oder Personengesellschaften;338;Piratenpartei Bern, Bern;316;Unterstützte Kandidierende: 16 (namentliche Auflistung in untenstehender Meldung der Einnahmen vorhanden);Offenlegung von Zuwendungen über 15 000 Franken (Schlussrechnung);/api/frontend/latest/de/downloads/campaigns/316/forms/6;Definitive Zahlen;Gruppe von Kandidierenden (namentliche Auflistung in untenstehender Meldung der Einnahmen vorhanden);Bern;Übrige politische Parteien;Kampagnenfinanzierung
de;318;1;campaign_financings;all;1;22.10.2023 Nationalratswahlen 2023;2023;campaign_financing;Juristische Personen oder Personengesellschaften;334;Gewerkschaftsbund des Kantons Bern, Bern;318;Unterstützte Kandidierende: 17 (namentliche Auflistung in untenstehender Meldung der Einnahmen vorhanden);Offenlegung der budgetierten Einnahmen;/api/frontend/latest/de/downloads/campaigns/318/forms/1;Budgetzahlen;Gruppe von Kandidierenden (namentliche Auflistung in untenstehender Meldung der Einnahmen vorhanden);Bern;GRÜNE Schweiz;Kampagnenfinanzierung
de;318;5;campaign_financings;all;1;22.10.2023 Nationalratswahlen 2023;2023;campaign_financing;Juristische Personen oder Personengesellschaften;334;Gewerkschaftsbund des Kantons Bern, Bern;318;Unterstützte Kandidierende: 17 (namentliche Auflistung in untenstehender Meldung der Einnahmen vorhanden);Offenlegung der Schlussrechnung über die Einnahmen;/api/frontend/latest/de/downloads/campaigns/318/forms/5;Definitive Zahlen;Gruppe von Kandidierenden (namentliche Auflistung in untenstehender Meldung der Einnahmen vorhanden);Bern;GRÜNE Schweiz;Kampagnenfinanzierung
de;319;1;campaign_financings;all;1;22.10.2023 Nationalratswahlen 2023;2023;campaign_financing;Natürliche Personen;336;Nicolet Jacques, Lignerolle;319;Nicolet Jacques (Waadt, Schweizerische Volkspartei);Offenlegung der budgetierten Einnahmen;/api/frontend/latest/de/downloads/campaigns/319/forms/1;Budgetzahlen;Einzelperson;Waadt;Schweizerische Volkspartei;Kampagnenfinanzierung
de;319;5;campaign_financings;all;1;22.10.2023 Nationalratswahlen 2023;2023;campaign_financing;Natürliche Personen;336;Nicolet Jacques, Lignerolle;319;Nicolet Jacques (Waadt, Schweizerische Volkspartei);Offenlegung der Schlussrechnung über die Einnahmen;/api/frontend/latest/de/downloads/campaigns/319/forms/5;Definitive Zahlen;Einzelperson;Waadt;Schweizerische Volkspartei;Kampagnenfinanzierung
de;32;1;campaign_financings;all;1;22.10.2023 Nationalratswahlen 2023;2023;campaign_financing;Juristische Personen oder Personengesellschaften;21;Evangelische Volkspartei Kanton Bern, Bern;32;Unterstützte Kandidierende: 24 (namentliche Auflistung in untenstehender Meldung der Einnahmen vorhanden);Offenlegung der budgetierten Einnahmen;/api/frontend/latest/de/downloads/campaigns/32/forms/1;Budgetzahlen;Gruppe von Kandidierenden (namentliche Auflistung in untenstehender Meldung der Einnahmen vorhanden);Bern;Evangelische Volkspartei der Schweiz;Kampagnenfinanzierung
de;32;2;campaign_financings;all;1;22.10.2023 Nationalratswahlen 2023;2023;campaign_financing;Juristische Personen oder Personengesellschaften;21;Evangelische Volkspartei Kanton Bern, Bern;32;Unterstützte Kandidierende: 24 (namentliche Auflistung in untenstehender Meldung der Einnahmen vorhanden);Offenlegung von Zuwendungen über 15 000 Franken;/api/frontend/latest/de/downloads/campaigns/32/forms/2;Budgetzahlen;Gruppe von Kandidierenden (namentliche Auflistung in untenstehender Meldung der Einnahmen vorhanden);Bern;Evangelische Volkspartei der Schweiz;Kampagnenfinanzierung
de;32;5;campaign_financings;all;1;22.10.2023 Nationalratswahlen 2023;2023;campaign_financing;Juristische Personen oder Personengesellschaften;21;Evangelische Volkspartei Kanton Bern, Bern;32;Unterstützte Kandidierende: 24 (namentliche Auflistung in untenstehender Meldung der Einnahmen vorhanden);Offenlegung der Schlussrechnung über die Einnahmen;/api/frontend/latest/de/downloads/campaigns/32/forms/5;Definitive Zahlen;Gruppe von Kandidierenden (namentliche Auflistung in untenstehender Meldung der Einnahmen vorhanden);Bern;Evangelische Volkspartei der Schweiz;Kampagnenfinanzierung
de;32;6;campaign_financings;all;1;22.10.2023 Nationalratswahlen 2023;2023;campaign_financing;Juristische Personen oder Personengesellschaften;21;Evangelische Volkspartei Kanton Bern, Bern;32;Unterstützte Kandidierende: 24 (namentliche Auflistung in untenstehender Meldung der Einnahmen vorhanden);Offenlegung von Zuwendungen über 15 000 Franken (Schlussrechnung);/api/frontend/latest/de/downloads/campaigns/32/forms/6;Definitive Zahlen;Gruppe von Kandidierenden (namentliche Auflistung in untenstehender Meldung der Einnahmen vorhanden);Bern;Evangelische Volkspartei der Schweiz;Kampagnenfinanzierung
de;320;1;campaign_financings;all;1;22.10.2023 Nationalratswahlen 2023;2023;campaign_financing;Juristische Personen oder Personengesellschaften;340;Union démocratique du Centre du Valais romand, Sion;320;Unterstützte Kandidierende: 8 (namentliche Auflistung in untenstehender Meldung der Einnahmen vorhanden);Offenlegung der budgetierten Einnahmen;/api/frontend/latest/de/downloads/campaigns/320/forms/1;Budgetzahlen;Gruppe von Kandidierenden (namentliche Auflistung in untenstehender Meldung der Einnahmen vorhanden);Wallis;Schweizerische Volkspartei;Kampagnenfinanzierung
de;320;5;campaign_financings;all;1;22.10.2023 Nationalratswahlen 2023;2023;campaign_financing;Juristische Personen oder Personengesellschaften;340;Union démocratique du Centre du Valais romand, Sion;320;Unterstützte Kandidierende: 8 (namentliche Auflistung in untenstehender Meldung der Einnahmen vorhanden);Offenlegung der Schlussrechnung über die Einnahmen;/api/frontend/latest/de/downloads/campaigns/320/forms/5;Definitive Zahlen;Gruppe von Kandidierenden (namentliche Auflistung in untenstehender Meldung der Einnahmen vorhanden);Wallis;Schweizerische Volkspartei;Kampagnenfinanzierung
de;321;1;campaign_financings;all;1;22.10.2023 Nationalratswahlen 2023;2023;campaign_financing;Natürliche Personen;343;Wasserfallen Christian, Bern;321;Wasserfallen Christian (Bern, FDP.Die Liberalen);Offenlegung der budgetierten Einnahmen;/api/frontend/latest/de/downloads/campaigns/321/forms/1;Budgetzahlen;Einzelperson;Bern;FDP.Die Liberalen;Kampagnenfinanzierung
de;321;5;campaign_financings;all;1;22.10.2023 Nationalratswahlen 2023;2023;campaign_financing;Natürliche Personen;343;Wasserfallen Christian, Bern;321;Wasserfallen Christian (Bern, FDP.Die Liberalen);Offenlegung der Schlussrechnung über die Einnahmen;/api/frontend/latest/de/downloads/campaigns/321/forms/5;Definitive Zahlen;Einzelperson;Bern;FDP.Die Liberalen;Kampagnenfinanzierung
de;322;1;campaign_financings;all;1;22.10.2023 Nationalratswahlen 2023;2023;campaign_financing;Juristische Personen oder Personengesellschaften;341;Zürcher Bauernverband (ZBV), Dübendorf;322;Unterstützte Kandidierende: 12 (namentliche Auflistung in untenstehender Meldung der Einnahmen vorhanden);Offenlegung der budgetierten Einnahmen;/api/frontend/latest/de/downloads/campaigns/322/forms/1;Budgetzahlen;Gruppe von Kandidierenden (namentliche Auflistung in untenstehender Meldung der Einnahmen vorhanden);Zürich;Die Mitte;Kampagnenfinanzierung
de;322;5;campaign_financings;all;1;22.10.2023 Nationalratswahlen 2023;2023;campaign_financing;Juristische Personen oder Personengesellschaften;341;Zürcher Bauernverband (ZBV), Dübendorf;322;Unterstützte Kandidierende: 12 (namentliche Auflistung in untenstehender Meldung der Einnahmen vorhanden);Offenlegung der Schlussrechnung über die Einnahmen;/api/frontend/latest/de/downloads/campaigns/322/forms/5;Definitive Zahlen;Gruppe von Kandidierenden (namentliche Auflistung in untenstehender Meldung der Einnahmen vorhanden);Zürich;Die Mitte;Kampagnenfinanzierung
de;323;1;campaign_financings;all;1;22.10.2023 Nationalratswahlen 2023;2023;campaign_financing;Natürliche Personen;344;Fischer Rudolf, Bätterkinden;323;Fischer Rudolf (Bern, Schweizerische Volkspartei);Offenlegung der budgetierten Einnahmen;/api/frontend/latest/de/downloads/campaigns/323/forms/1;Budgetzahlen;Einzelperson;Bern;Schweizerische Volkspartei;Kampagnenfinanzierung
de;324;1;campaign_financings;all;1;22.10.2023 Nationalratswahlen 2023;2023;campaign_financing;Juristische Personen oder Personengesellschaften;325;Parti vert'libéral neuchâtelois, Neuchâtel;324;Election au Conseil National 2023 (Neuenburg, Grünliberale Partei);Offenlegung der budgetierten Einnahmen;/api/frontend/latest/de/downloads/campaigns/324/forms/1;Budgetzahlen;Gruppe von Kandidierenden (Einzelauflistung nicht möglich);Neuenburg;Grünliberale Partei;Kampagnenfinanzierung
de;324;5;campaign_financings;all;1;22.10.2023 Nationalratswahlen 2023;2023;campaign_financing;Juristische Personen oder Personengesellschaften;325;Parti vert'libéral neuchâtelois, Neuchâtel;324;Election au Conseil National 2023 (Neuenburg, Grünliberale Partei);Offenlegung der Schlussrechnung über die Einnahmen;/api/frontend/latest/de/downloads/campaigns/324/forms/5;Definitive Zahlen;Gruppe von Kandidierenden (Einzelauflistung nicht möglich);Neuenburg;Grünliberale Partei;Kampagnenfinanzierung
de;325;1;campaign_financings;all;1;22.10.2023 Nationalratswahlen 2023;2023;campaign_financing;Juristische Personen oder Personengesellschaften;347;Unione Democratica di Centro del Canton Ticino, Pregassona;325;Unterstützte Kandidierende: 9 (namentliche Auflistung in untenstehender Meldung der Einnahmen vorhanden);Offenlegung der budgetierten Einnahmen;/api/frontend/latest/de/downloads/campaigns/325/forms/1;Budgetzahlen;Gruppe von Kandidierenden (namentliche Auflistung in untenstehender Meldung der Einnahmen vorhanden);Tessin;Schweizerische Volkspartei;Kampagnenfinanzierung
de;325;2;campaign_financings;all;1;22.10.2023 Nationalratswahlen 2023;2023;campaign_financing;Juristische Personen oder Personengesellschaften;347;Unione Democratica di Centro del Canton Ticino, Pregassona;325;Unterstützte Kandidierende: 9 (namentliche Auflistung in untenstehender Meldung der Einnahmen vorhanden);Offenlegung von Zuwendungen über 15 000 Franken;/api/frontend/latest/de/downloads/campaigns/325/forms/2;Budgetzahlen;Gruppe von Kandidierenden (namentliche Auflistung in untenstehender Meldung der Einnahmen vorhanden);Tessin;Schweizerische Volkspartei;Kampagnenfinanzierung
de;325;5;campaign_financings;all;1;22.10.2023 Nationalratswahlen 2023;2023;campaign_financing;Juristische Personen oder Personengesellschaften;347;Unione Democratica di Centro del Canton Ticino, Pregassona;325;Unterstützte Kandidierende: 9 (namentliche Auflistung in untenstehender Meldung der Einnahmen vorhanden);Offenlegung der Schlussrechnung über die Einnahmen;/api/frontend/latest/de/downloads/campaigns/325/forms/5;Definitive Zahlen;Gruppe von Kandidierenden (namentliche Auflistung in untenstehender Meldung der Einnahmen vorhanden);Tessin;Schweizerische Volkspartei;Kampagnenfinanzierung
de;325;6;campaign_financings;all;1;22.10.2023 Nationalratswahlen 2023;2023;campaign_financing;Juristische Personen oder Personengesellschaften;347;Unione Democratica di Centro del Canton Ticino, Pregassona;325;Unterstützte Kandidierende: 9 (namentliche Auflistung in untenstehender Meldung der Einnahmen vorhanden);Offenlegung von Zuwendungen über 15 000 Franken (Schlussrechnung);/api/frontend/latest/de/downloads/campaigns/325/forms/6;Definitive Zahlen;Gruppe von Kandidierenden (namentliche Auflistung in untenstehender Meldung der Einnahmen vorhanden);Tessin;Schweizerische Volkspartei;Kampagnenfinanzierung
de;326;1;campaign_financings;all;1;22.10.2023 Nationalratswahlen 2023;2023;campaign_financing;Natürliche Personen;349;Meier Andreas, Klingnau;326;Meier Andreas (Aargau, Die Mitte);Offenlegung der budgetierten Einnahmen;/api/frontend/latest/de/downloads/campaigns/326/forms/1;Budgetzahlen;Einzelperson;Aargau;Die Mitte;Kampagnenfinanzierung
de;326;5;campaign_financings;all;1;22.10.2023 Nationalratswahlen 2023;2023;campaign_financing;Natürliche Personen;349;Meier Andreas, Klingnau;326;Meier Andreas (Aargau, Die Mitte);Offenlegung der Schlussrechnung über die Einnahmen;/api/frontend/latest/de/downloads/campaigns/326/forms/5;Definitive Zahlen;Einzelperson;Aargau;Die Mitte;Kampagnenfinanzierung
de;327;1;campaign_financings;all;1;22.10.2023 Nationalratswahlen 2023;2023;campaign_financing;Juristische Personen oder Personengesellschaften;351;Hauseigentümerverband Zürich, Zürich;327;Unterstützte Kandidierende: 2 (namentliche Auflistung in untenstehender Meldung der Einnahmen vorhanden);Offenlegung der budgetierten Einnahmen;/api/frontend/latest/de/downloads/campaigns/327/forms/1;Budgetzahlen;Gruppe von Kandidierenden (namentliche Auflistung in untenstehender Meldung der Einnahmen vorhanden);Zürich;FDP.Die Liberalen;Kampagnenfinanzierung
de;327;5;campaign_financings;all;1;22.10.2023 Nationalratswahlen 2023;2023;campaign_financing;Juristische Personen oder Personengesellschaften;351;Hauseigentümerverband Zürich, Zürich;327;Unterstützte Kandidierende: 2 (namentliche Auflistung in untenstehender Meldung der Einnahmen vorhanden);Offenlegung der Schlussrechnung über die Einnahmen;/api/frontend/latest/de/downloads/campaigns/327/forms/5;Definitive Zahlen;Gruppe von Kandidierenden (namentliche Auflistung in untenstehender Meldung der Einnahmen vorhanden);Zürich;FDP.Die Liberalen;Kampagnenfinanzierung
de;328;1;campaign_financings;all;1;22.10.2023 Nationalratswahlen 2023;2023;campaign_financing;Natürliche Personen;353;Heimgartner Stefanie, Baden;328;Heimgartner Stefanie (Aargau, Schweizerische Volkspartei);Offenlegung der budgetierten Einnahmen;/api/frontend/latest/de/downloads/campaigns/328/forms/1;Budgetzahlen;Einzelperson;Aargau;Schweizerische Volkspartei;Kampagnenfinanzierung
de;328;5;campaign_financings;all;1;22.10.2023 Nationalratswahlen 2023;2023;campaign_financing;Natürliche Personen;353;Heimgartner Stefanie, Baden;328;Heimgartner Stefanie (Aargau, Schweizerische Volkspartei);Offenlegung der Schlussrechnung über die Einnahmen;/api/frontend/latest/de/downloads/campaigns/328/forms/5;Definitive Zahlen;Einzelperson;Aargau;Schweizerische Volkspartei;Kampagnenfinanzierung
de;33;1;campaign_financings;all;1;22.10.2023 Nationalratswahlen 2023;2023;campaign_financing;Juristische Personen oder Personengesellschaften;55;Les Vert-e-s Valais, Bramois (Sion);33;Unterstützte Kandidierende: 8 (namentliche Auflistung in untenstehender Meldung der Einnahmen vorhanden);Offenlegung der budgetierten Einnahmen;/api/frontend/latest/de/downloads/campaigns/33/forms/1;Budgetzahlen;Gruppe von Kandidierenden (namentliche Auflistung in untenstehender Meldung der Einnahmen vorhanden);Wallis;GRÜNE Schweiz;Kampagnenfinanzierung
de;33;5;campaign_financings;all;1;22.10.2023 Nationalratswahlen 2023;2023;campaign_financing;Juristische Personen oder Personengesellschaften;55;Les Vert-e-s Valais, Bramois (Sion);33;Unterstützte Kandidierende: 8 (namentliche Auflistung in untenstehender Meldung der Einnahmen vorhanden);Offenlegung der Schlussrechnung über die Einnahmen;/api/frontend/latest/de/downloads/campaigns/33/forms/5;Definitive Zahlen;Gruppe von Kandidierenden (namentliche Auflistung in untenstehender Meldung der Einnahmen vorhanden);Wallis;GRÜNE Schweiz;Kampagnenfinanzierung
de;330;1;campaign_financings;all;1;22.10.2023 Nationalratswahlen 2023;2023;campaign_financing;Juristische Personen oder Personengesellschaften;354;KMU- und Gewerbeverband Kanton Zürich, Zürich;330;Unterstützte Kandidierende: 59 (namentliche Auflistung in untenstehender Meldung der Einnahmen vorhanden);Offenlegung der budgetierten Einnahmen;/api/frontend/latest/de/downloads/campaigns/330/forms/1;Budgetzahlen;Gruppe von Kandidierenden (namentliche Auflistung in untenstehender Meldung der Einnahmen vorhanden);Zürich;Die Mitte;Kampagnenfinanzierung
de;330;5;campaign_financings;all;1;22.10.2023 Nationalratswahlen 2023;2023;campaign_financing;Juristische Personen oder Personengesellschaften;354;KMU- und Gewerbeverband Kanton Zürich, Zürich;330;Unterstützte Kandidierende: 59 (namentliche Auflistung in untenstehender Meldung der Einnahmen vorhanden);Offenlegung der Schlussrechnung über die Einnahmen;/api/frontend/latest/de/downloads/campaigns/330/forms/5;Definitive Zahlen;Gruppe von Kandidierenden (namentliche Auflistung in untenstehender Meldung der Einnahmen vorhanden);Zürich;Die Mitte;Kampagnenfinanzierung
de;331;1;campaign_financings;all;1;22.10.2023 Nationalratswahlen 2023;2023;campaign_financing;Juristische Personen oder Personengesellschaften;76;GRÜNE Thurgau, Sommeri;331;Unterstützte Kandidierende: 6 (namentliche Auflistung in untenstehender Meldung der Einnahmen vorhanden);Offenlegung der budgetierten Einnahmen;/api/frontend/latest/de/downloads/campaigns/331/forms/1;Budgetzahlen;Gruppe von Kandidierenden (namentliche Auflistung in untenstehender Meldung der Einnahmen vorhanden);Thurgau;GRÜNE Schweiz;Kampagnenfinanzierung
de;331;5;campaign_financings;all;1;22.10.2023 Nationalratswahlen 2023;2023;campaign_financing;Juristische Personen oder Personengesellschaften;76;GRÜNE Thurgau, Sommeri;331;Unterstützte Kandidierende: 6 (namentliche Auflistung in untenstehender Meldung der Einnahmen vorhanden);Offenlegung der Schlussrechnung über die Einnahmen;/api/frontend/latest/de/downloads/campaigns/331/forms/5;Definitive Zahlen;Gruppe von Kandidierenden (namentliche Auflistung in untenstehender Meldung der Einnahmen vorhanden);Thurgau;GRÜNE Schweiz;Kampagnenfinanzierung
de;332;1;campaign_financings;all;1;22.10.2023 Nationalratswahlen 2023;2023;campaign_financing;Juristische Personen oder Personengesellschaften;222;Grünliberale Kanton Basel-Landschaft, Liestal;332;Unterstützte Kandidierende: 7 (namentliche Auflistung in untenstehender Meldung der Einnahmen vorhanden);Offenlegung der budgetierten Einnahmen;/api/frontend/latest/de/downloads/campaigns/332/forms/1;Budgetzahlen;Gruppe von Kandidierenden (namentliche Auflistung in untenstehender Meldung der Einnahmen vorhanden);Basel-Landschaft;Grünliberale Partei;Kampagnenfinanzierung
de;332;5;campaign_financings;all;1;22.10.2023 Nationalratswahlen 2023;2023;campaign_financing;Juristische Personen oder Personengesellschaften;222;Grünliberale Kanton Basel-Landschaft, Liestal;332;Unterstützte Kandidierende: 7 (namentliche Auflistung in untenstehender Meldung der Einnahmen vorhanden);Offenlegung der Schlussrechnung über die Einnahmen;/api/frontend/latest/de/downloads/campaigns/332/forms/5;Definitive Zahlen;Gruppe von Kandidierenden (namentliche Auflistung in untenstehender Meldung der Einnahmen vorhanden);Basel-Landschaft;Grünliberale Partei;Kampagnenfinanzierung
de;333;1;campaign_financings;all;1;22.10.2023 Nationalratswahlen 2023;2023;campaign_financing;Juristische Personen oder Personengesellschaften;356;Sozialdemokratische Partei Bezirk Bülach, Bülach;333;Unterstützte Kandidierende: 2 (namentliche Auflistung in untenstehender Meldung der Einnahmen vorhanden);Offenlegung der budgetierten Einnahmen;/api/frontend/latest/de/downloads/campaigns/333/forms/1;Budgetzahlen;Gruppe von Kandidierenden (namentliche Auflistung in untenstehender Meldung der Einnahmen vorhanden);Zürich;Sozialdemokratische Partei der Schweiz;Kampagnenfinanzierung
de;333;5;campaign_financings;all;1;22.10.2023 Nationalratswahlen 2023;2023;campaign_financing;Juristische Personen oder Personengesellschaften;356;Sozialdemokratische Partei Bezirk Bülach, Bülach;333;Unterstützte Kandidierende: 2 (namentliche Auflistung in untenstehender Meldung der Einnahmen vorhanden);Offenlegung der Schlussrechnung über die Einnahmen;/api/frontend/latest/de/downloads/campaigns/333/forms/5;Definitive Zahlen;Gruppe von Kandidierenden (namentliche Auflistung in untenstehender Meldung der Einnahmen vorhanden);Zürich;Sozialdemokratische Partei der Schweiz;Kampagnenfinanzierung
de;334;1;campaign_financings;all;1;22.10.2023 Nationalratswahlen 2023;2023;campaign_financing;Natürliche Personen;306;Bäumle Martin, Dübendorf;334;Bäumle Martin (Zürich, Grünliberale Partei);Offenlegung der budgetierten Einnahmen;/api/frontend/latest/de/downloads/campaigns/334/forms/1;Budgetzahlen;Einzelperson;Zürich;Grünliberale Partei;Kampagnenfinanzierung
de;334;5;campaign_financings;all;1;22.10.2023 Nationalratswahlen 2023;2023;campaign_financing;Natürliche Personen;306;Bäumle Martin, Dübendorf;334;Bäumle Martin (Zürich, Grünliberale Partei);Offenlegung der Schlussrechnung über die Einnahmen;/api/frontend/latest/de/downloads/campaigns/334/forms/5;Definitive Zahlen;Einzelperson;Zürich;Grünliberale Partei;Kampagnenfinanzierung
de;337;1;campaign_financings;all;1;22.10.2023 Nationalratswahlen 2023;2023;campaign_financing;Juristische Personen oder Personengesellschaften;357;Operation Libero, Bern;337;"""Du hast die Wahl""-Kampagne (schweizweit, Unabhängig)";Offenlegung der budgetierten Einnahmen;/api/frontend/latest/de/downloads/campaigns/337/forms/1;Budgetzahlen;Gruppe von Kandidierenden (Einzelauflistung nicht möglich);schweizweit;Unabhängig;Kampagnenfinanzierung
de;337;5;campaign_financings;all;1;22.10.2023 Nationalratswahlen 2023;2023;campaign_financing;Juristische Personen oder Personengesellschaften;357;Operation Libero, Bern;337;"""Du hast die Wahl""-Kampagne (schweizweit, Unabhängig)";Offenlegung der Schlussrechnung über die Einnahmen;/api/frontend/latest/de/downloads/campaigns/337/forms/5;Definitive Zahlen;Gruppe von Kandidierenden (Einzelauflistung nicht möglich);schweizweit;Unabhängig;Kampagnenfinanzierung
de;34;1;campaign_financings;all;1;22.10.2023 Nationalratswahlen 2023;2023;campaign_financing;Juristische Personen oder Personengesellschaften;20;Alternative - die Grünen Zug, Zug;34;Unterstützte Kandidierende: 21 (namentliche Auflistung in untenstehender Meldung der Einnahmen vorhanden);Offenlegung der budgetierten Einnahmen;/api/frontend/latest/de/downloads/campaigns/34/forms/1;Budgetzahlen;Gruppe von Kandidierenden (namentliche Auflistung in untenstehender Meldung der Einnahmen vorhanden);Zug;GRÜNE Schweiz;Kampagnenfinanzierung
de;34;2;campaign_financings;all;1;22.10.2023 Nationalratswahlen 2023;2023;campaign_financing;Juristische Personen oder Personengesellschaften;20;Alternative - die Grünen Zug, Zug;34;Unterstützte Kandidierende: 21 (namentliche Auflistung in untenstehender Meldung der Einnahmen vorhanden);Offenlegung von Zuwendungen über 15 000 Franken;/api/frontend/latest/de/downloads/campaigns/34/forms/2;Budgetzahlen;Gruppe von Kandidierenden (namentliche Auflistung in untenstehender Meldung der Einnahmen vorhanden);Zug;GRÜNE Schweiz;Kampagnenfinanzierung
de;34;5;campaign_financings;all;1;22.10.2023 Nationalratswahlen 2023;2023;campaign_financing;Juristische Personen oder Personengesellschaften;20;Alternative - die Grünen Zug, Zug;34;Unterstützte Kandidierende: 21 (namentliche Auflistung in untenstehender Meldung der Einnahmen vorhanden);Offenlegung der Schlussrechnung über die Einnahmen;/api/frontend/latest/de/downloads/campaigns/34/forms/5;Definitive Zahlen;Gruppe von Kandidierenden (namentliche Auflistung in untenstehender Meldung der Einnahmen vorhanden);Zug;GRÜNE Schweiz;Kampagnenfinanzierung
de;34;6;campaign_financings;all;1;22.10.2023 Nationalratswahlen 2023;2023;campaign_financing;Juristische Personen oder Personengesellschaften;20;Alternative - die Grünen Zug, Zug;34;Unterstützte Kandidierende: 21 (namentliche Auflistung in untenstehender Meldung der Einnahmen vorhanden);Offenlegung von Zuwendungen über 15 000 Franken (Schlussrechnung);/api/frontend/latest/de/downloads/campaigns/34/forms/6;Definitive Zahlen;Gruppe von Kandidierenden (namentliche Auflistung in untenstehender Meldung der Einnahmen vorhanden);Zug;GRÜNE Schweiz;Kampagnenfinanzierung
de;342;3;campaign_financings;all;2;22.10.2023 Ständeratswahlen 2023;;campaign_financing;Natürliche Personen;360;Schmid Martin, Chur;342;Schmid Martin (Graubünden, FDP.Die Liberalen);Offenlegung der Schlussrechnung über die Einnahmen;/api/frontend/latest/de/downloads/campaigns/342/forms/3;Definitive Zahlen;Einzelperson;Graubünden;FDP.Die Liberalen;Kampagnenfinanzierung
de;343;3;campaign_financings;all;2;22.10.2023 Ständeratswahlen 2023;;campaign_financing;Juristische Personen oder Personengesellschaften;35;Donatorenverein Wahlkampf Ständerat Matthias Michel, Zug;343;Michel Matthias (Zug, FDP.Die Liberalen);Offenlegung der Schlussrechnung über die Einnahmen;/api/frontend/latest/de/downloads/campaigns/343/forms/3;Definitive Zahlen;Einzelperson;Zug;FDP.Die Liberalen;Kampagnenfinanzierung
de;344;3;campaign_financings;all;2;22.10.2023 Ständeratswahlen 2023;;campaign_financing;Natürliche Personen;361;Müller Damian, Hitzkirch;344;Müller Damian (Luzern, FDP.Die Liberalen);Offenlegung der Schlussrechnung über die Einnahmen;/api/frontend/latest/de/downloads/campaigns/344/forms/3;Definitive Zahlen;Einzelperson;Luzern;FDP.Die Liberalen;Kampagnenfinanzierung
de;345;3;campaign_financings;all;2;22.10.2023 Ständeratswahlen 2023;;campaign_financing;Juristische Personen oder Personengesellschaften;69;Kantonaler Gewerbeverband St. Gallen, St. Gallen;345;Unterstützte Kandidierende: 2 (namentliche Auflistung in untenstehender Meldung der Einnahmen vorhanden);Offenlegung der Schlussrechnung über die Einnahmen;/api/frontend/latest/de/downloads/campaigns/345/forms/3;Definitive Zahlen;Gruppe von Kandidierenden (namentliche Auflistung in untenstehender Meldung der Einnahmen vorhanden);St. Gallen;Die Mitte;Kampagnenfinanzierung
de;346;3;campaign_financings;all;2;22.10.2023 Ständeratswahlen 2023;;campaign_financing;Juristische Personen oder Personengesellschaften;146;GastroSuisse, Zürich;346;Unterstützte Kandidierende: 47 (namentliche Auflistung in untenstehender Meldung der Einnahmen vorhanden);Offenlegung der Schlussrechnung über die Einnahmen;/api/frontend/latest/de/downloads/campaigns/346/forms/3;Definitive Zahlen;Gruppe von Kandidierenden (namentliche Auflistung in untenstehender Meldung der Einnahmen vorhanden);Aargau;Die Mitte;Kampagnenfinanzierung
de;347;3;campaign_financings;all;2;22.10.2023 Ständeratswahlen 2023;;campaign_financing;Natürliche Personen;363;Burkart Thierry, Lengnau;347;Burkart Thierry (Aargau, FDP.Die Liberalen);Offenlegung der Schlussrechnung über die Einnahmen;/api/frontend/latest/de/downloads/campaigns/347/forms/3;Definitive Zahlen;Einzelperson;Aargau;FDP.Die Liberalen;Kampagnenfinanzierung
de;348;3;campaign_financings;all;2;22.10.2023 Ständeratswahlen 2023;;campaign_financing;Natürliche Personen;231;Gössi Petra, Küssnacht am Rigi;348;Gössi Petra (Schwyz, FDP.Die Liberalen);Offenlegung der Schlussrechnung über die Einnahmen;/api/frontend/latest/de/downloads/campaigns/348/forms/3;Definitive Zahlen;Einzelperson;Schwyz;FDP.Die Liberalen;Kampagnenfinanzierung
de;348;4;campaign_financings;all;2;22.10.2023 Ständeratswahlen 2023;;campaign_financing;Natürliche Personen;231;Gössi Petra, Küssnacht am Rigi;348;Gössi Petra (Schwyz, FDP.Die Liberalen);Offenlegung von Zuwendungen über 15 000 Franken (inkl. Ausland/anonym);/api/frontend/latest/de/downloads/campaigns/348/forms/4;Definitive Zahlen;Einzelperson;Schwyz;FDP.Die Liberalen;Kampagnenfinanzierung
de;35;1;campaign_financings;all;1;22.10.2023 Nationalratswahlen 2023;2023;campaign_financing;Juristische Personen oder Personengesellschaften;83;Die Mitte Basel-Stadt, Basel;35;Unterstützte Kandidierende: 12 (namentliche Auflistung in untenstehender Meldung der Einnahmen vorhanden);Offenlegung der budgetierten Einnahmen;/api/frontend/latest/de/downloads/campaigns/35/forms/1;Budgetzahlen;Gruppe von Kandidierenden (namentliche Auflistung in untenstehender Meldung der Einnahmen vorhanden);Basel-Stadt;Die Mitte;Kampagnenfinanzierung
de;35;5;campaign_financings;all;1;22.10.2023 Nationalratswahlen 2023;2023;campaign_financing;Juristische Personen oder Personengesellschaften;83;Die Mitte Basel-Stadt, Basel;35;Unterstützte Kandidierende: 12 (namentliche Auflistung in untenstehender Meldung der Einnahmen vorhanden);Offenlegung der Schlussrechnung über die Einnahmen;/api/frontend/latest/de/downloads/campaigns/35/forms/5;Definitive Zahlen;Gruppe von Kandidierenden (namentliche Auflistung in untenstehender Meldung der Einnahmen vorhanden);Basel-Stadt;Die Mitte;Kampagnenfinanzierung
de;351;3;campaign_financings;all;2;22.10.2023 Ständeratswahlen 2023;;campaign_financing;Natürliche Personen;262;Binder-Keller Marianne, Baden;351;Binder-Keller Marianne (Aargau, Die Mitte);Offenlegung der Schlussrechnung über die Einnahmen;/api/frontend/latest/de/downloads/campaigns/351/forms/3;Definitive Zahlen;Einzelperson;Aargau;Die Mitte;Kampagnenfinanzierung
de;352;3;campaign_financings;all;2;22.10.2023 Ständeratswahlen 2023;;campaign_financing;Juristische Personen oder Personengesellschaften;7;UNTERSTÜTZUNGSKOMITEE MAYA GRAF - UNSERE STÄNDERÄTIN WIEDER NACH BERN, Sissach;352;Graf Maya (Basel-Landschaft, GRÜNE Schweiz);Offenlegung der Schlussrechnung über die Einnahmen;/api/frontend/latest/de/downloads/campaigns/352/forms/3;Definitive Zahlen;Einzelperson;Basel-Landschaft;GRÜNE Schweiz;Kampagnenfinanzierung
de;352;4;campaign_financings;all;2;22.10.2023 Ständeratswahlen 2023;;campaign_financing;Juristische Personen oder Personengesellschaften;7;UNTERSTÜTZUNGSKOMITEE MAYA GRAF - UNSERE STÄNDERÄTIN WIEDER NACH BERN, Sissach;352;Graf Maya (Basel-Landschaft, GRÜNE Schweiz);Offenlegung von Zuwendungen über 15 000 Franken (inkl. Ausland/anonym);/api/frontend/latest/de/downloads/campaigns/352/forms/4;Definitive Zahlen;Einzelperson;Basel-Landschaft;GRÜNE Schweiz;Kampagnenfinanzierung
de;353;5;campaign_financings;all;1;22.10.2023 Nationalratswahlen 2023;2023;campaign_financing;Juristische Personen oder Personengesellschaften;121;Schweizerischer Baumeisterverband (SBV), Zürich;353;Unterstützte Kandidierende: 124 (namentliche Auflistung in untenstehender Meldung der Einnahmen vorhanden);Offenlegung der Schlussrechnung über die Einnahmen;/api/frontend/latest/de/downloads/campaigns/353/forms/5;Definitive Zahlen;Gruppe von Kandidierenden (namentliche Auflistung in untenstehender Meldung der Einnahmen vorhanden);Aargau;Die Mitte;Kampagnenfinanzierung
de;354;3;campaign_financings;all;2;22.10.2023 Ständeratswahlen 2023;;campaign_financing;Juristische Personen oder Personengesellschaften;232;Die Mitte Thurgau, Stettfurt;354;Häberli-Koller Brigitte (Thurgau, Die Mitte);Offenlegung der Schlussrechnung über die Einnahmen;/api/frontend/latest/de/downloads/campaigns/354/forms/3;Definitive Zahlen;Einzelperson;Thurgau;Die Mitte;Kampagnenfinanzierung
de;355;3;campaign_financings;all;2;22.10.2023 Ständeratswahlen 2023;;campaign_financing;Natürliche Personen;362;Jositsch Daniel, Stäfa;355;Jositsch Daniel (Zürich, Sozialdemokratische Partei der Schweiz);Offenlegung der Schlussrechnung über die Einnahmen;/api/frontend/latest/de/downloads/campaigns/355/forms/3;Definitive Zahlen;Einzelperson;Zürich;Sozialdemokratische Partei der Schweiz;Kampagnenfinanzierung
de;355;4;campaign_financings;all;2;22.10.2023 Ständeratswahlen 2023;;campaign_financing;Natürliche Personen;362;Jositsch Daniel, Stäfa;355;Jositsch Daniel (Zürich, Sozialdemokratische Partei der Schweiz);Offenlegung von Zuwendungen über 15 000 Franken (inkl. Ausland/anonym);/api/frontend/latest/de/downloads/campaigns/355/forms/4;Definitive Zahlen;Einzelperson;Zürich;Sozialdemokratische Partei der Schweiz;Kampagnenfinanzierung
de;356;3;campaign_financings;all;2;22.10.2023 Ständeratswahlen 2023;;campaign_financing;Natürliche Personen;157;Regazzi Fabio, Gordola;356;Regazzi Fabio (Tessin, Die Mitte);Offenlegung der Schlussrechnung über die Einnahmen;/api/frontend/latest/de/downloads/campaigns/356/forms/3;Definitive Zahlen;Einzelperson;Tessin;Die Mitte;Kampagnenfinanzierung
de;356;4;campaign_financings;all;2;22.10.2023 Ständeratswahlen 2023;;campaign_financing;Natürliche Personen;157;Regazzi Fabio, Gordola;356;Regazzi Fabio (Tessin, Die Mitte);Offenlegung von Zuwendungen über 15 000 Franken (inkl. Ausland/anonym);/api/frontend/latest/de/downloads/campaigns/356/forms/4;Definitive Zahlen;Einzelperson;Tessin;Die Mitte;Kampagnenfinanzierung
de;357;3;campaign_financings;all;2;22.10.2023 Ständeratswahlen 2023;;campaign_financing;Natürliche Personen;365;Gmür-Schönenberger Andrea, Luzern;357;Gmür-Schönenberger Andrea (Luzern, Die Mitte);Offenlegung der Schlussrechnung über die Einnahmen;/api/frontend/latest/de/downloads/campaigns/357/forms/3;Definitive Zahlen;Einzelperson;Luzern;Die Mitte;Kampagnenfinanzierung
de;358;3;campaign_financings;all;2;22.10.2023 Ständeratswahlen 2023;;campaign_financing;Juristische Personen oder Personengesellschaften;367;Komitee Flavia in den Ständerat, Bern;358;Wasserfallen Flavia (Bern, Sozialdemokratische Partei der Schweiz);Offenlegung der Schlussrechnung über die Einnahmen;/api/frontend/latest/de/downloads/campaigns/358/forms/3;Definitive Zahlen;Einzelperson;Bern;Sozialdemokratische Partei der Schweiz;Kampagnenfinanzierung
de;358;4;campaign_financings;all;2;22.10.2023 Ständeratswahlen 2023;;campaign_financing;Juristische Personen oder Personengesellschaften;367;Komitee Flavia in den Ständerat, Bern;358;Wasserfallen Flavia (Bern, Sozialdemokratische Partei der Schweiz);Offenlegung von Zuwendungen über 15 000 Franken (inkl. Ausland/anonym);/api/frontend/latest/de/downloads/campaigns/358/forms/4;Definitive Zahlen;Einzelperson;Bern;Sozialdemokratische Partei der Schweiz;Kampagnenfinanzierung
de;359;3;campaign_financings;all;2;22.10.2023 Ständeratswahlen 2023;;campaign_financing;Juristische Personen oder Personengesellschaften;214;Schweizerische Volkspartei Kanton Schwyz, Steinen;359;Schwander Pirmin (Schwyz, Schweizerische Volkspartei);Offenlegung der Schlussrechnung über die Einnahmen;/api/frontend/latest/de/downloads/campaigns/359/forms/3;Definitive Zahlen;Einzelperson;Schwyz;Schweizerische Volkspartei;Kampagnenfinanzierung
de;36;1;campaign_financings;all;1;22.10.2023 Nationalratswahlen 2023;2023;campaign_financing;Natürliche Personen;75;von Overbeck Jan Alfred, St-Prex;36;Von Overbeck Jan Alfred (Waadt, FDP.Die Liberalen);Offenlegung der budgetierten Einnahmen;/api/frontend/latest/de/downloads/campaigns/36/forms/1;Budgetzahlen;Einzelperson;Waadt;FDP.Die Liberalen;Kampagnenfinanzierung
de;36;5;campaign_financings;all;1;22.10.2023 Nationalratswahlen 2023;2023;campaign_financing;Natürliche Personen;75;von Overbeck Jan Alfred, St-Prex;36;Von Overbeck Jan Alfred (Waadt, FDP.Die Liberalen);Offenlegung der Schlussrechnung über die Einnahmen;/api/frontend/latest/de/downloads/campaigns/36/forms/5;Definitive Zahlen;Einzelperson;Waadt;FDP.Die Liberalen;Kampagnenfinanzierung
de;360;3;campaign_financings;all;2;22.10.2023 Ständeratswahlen 2023;;campaign_financing;Juristische Personen oder Personengesellschaften;45;FDP.Die Liberalen Kanton Schwyz, Gersau;360;Gössi Petra (Schwyz, FDP.Die Liberalen);Offenlegung der Schlussrechnung über die Einnahmen;/api/frontend/latest/de/downloads/campaigns/360/forms/3;Definitive Zahlen;Einzelperson;Schwyz;FDP.Die Liberalen;Kampagnenfinanzierung
de;360;4;campaign_financings;all;2;22.10.2023 Ständeratswahlen 2023;;campaign_financing;Juristische Personen oder Personengesellschaften;45;FDP.Die Liberalen Kanton Schwyz, Gersau;360;Gössi Petra (Schwyz, FDP.Die Liberalen);Offenlegung von Zuwendungen über 15 000 Franken (inkl. Ausland/anonym);/api/frontend/latest/de/downloads/campaigns/360/forms/4;Definitive Zahlen;Einzelperson;Schwyz;FDP.Die Liberalen;Kampagnenfinanzierung
de;361;3;campaign_financings;all;2;22.10.2023 Ständeratswahlen 2023;;campaign_financing;Juristische Personen oder Personengesellschaften;115;Sozialdemokratische Partei Basel-Stadt, Basel-Stadt;361;Herzog Eva (Basel-Stadt, Sozialdemokratische Partei der Schweiz);Offenlegung der Schlussrechnung über die Einnahmen;/api/frontend/latest/de/downloads/campaigns/361/forms/3;Definitive Zahlen;Einzelperson;Basel-Stadt;Sozialdemokratische Partei der Schweiz;Kampagnenfinanzierung
de;364;3;campaign_financings;all;2;22.10.2023 Ständeratswahlen 2023;;campaign_financing;Juristische Personen oder Personengesellschaften;18;Sozialdemokratische Partei des Kantons Solothurn, Solothurn;364;Roth Franziska (Solothurn, Sozialdemokratische Partei der Schweiz);Offenlegung der Schlussrechnung über die Einnahmen;/api/frontend/latest/de/downloads/campaigns/364/forms/3;Definitive Zahlen;Einzelperson;Solothurn;Sozialdemokratische Partei der Schweiz;Kampagnenfinanzierung
de;365;3;campaign_financings;all;2;22.10.2023 Ständeratswahlen 2023;;campaign_financing;Juristische Personen oder Personengesellschaften;141;Freisinnig-Demokratische Partei Graubünden, Chur;365;Schmid Martin (Graubünden, FDP.Die Liberalen);Offenlegung der Schlussrechnung über die Einnahmen;/api/frontend/latest/de/downloads/campaigns/365/forms/3;Definitive Zahlen;Einzelperson;Graubünden;FDP.Die Liberalen;Kampagnenfinanzierung
de;365;4;campaign_financings;all;2;22.10.2023 Ständeratswahlen 2023;;campaign_financing;Juristische Personen oder Personengesellschaften;141;Freisinnig-Demokratische Partei Graubünden, Chur;365;Schmid Martin (Graubünden, FDP.Die Liberalen);Offenlegung von Zuwendungen über 15 000 Franken (inkl. Ausland/anonym);/api/frontend/latest/de/downloads/campaigns/365/forms/4;Definitive Zahlen;Einzelperson;Graubünden;FDP.Die Liberalen;Kampagnenfinanzierung
de;366;3;campaign_financings;all;2;22.10.2023 Ständeratswahlen 2023;;campaign_financing;Natürliche Personen;177;Gapany Johanna, Bulle;366;Gapany Johanna (Freiburg, FDP.Die Liberalen);Offenlegung der Schlussrechnung über die Einnahmen;/api/frontend/latest/de/downloads/campaigns/366/forms/3;Definitive Zahlen;Einzelperson;Freiburg;FDP.Die Liberalen;Kampagnenfinanzierung
de;366;4;campaign_financings;all;2;22.10.2023 Ständeratswahlen 2023;;campaign_financing;Natürliche Personen;177;Gapany Johanna, Bulle;366;Gapany Johanna (Freiburg, FDP.Die Liberalen);Offenlegung von Zuwendungen über 15 000 Franken (inkl. Ausland/anonym);/api/frontend/latest/de/downloads/campaigns/366/forms/4;Definitive Zahlen;Einzelperson;Freiburg;FDP.Die Liberalen;Kampagnenfinanzierung
de;367;5;campaign_financings;all;1;22.10.2023 Nationalratswahlen 2023;2023;campaign_financing;Juristische Personen oder Personengesellschaften;136;Grüne Baselland, Liestal;367;Brenzikofer Florence (Basel-Landschaft, GRÜNE Schweiz);Offenlegung der Schlussrechnung über die Einnahmen;/api/frontend/latest/de/downloads/campaigns/367/forms/5;Definitive Zahlen;Einzelperson;Basel-Landschaft;GRÜNE Schweiz;Kampagnenfinanzierung
de;369;3;campaign_financings;all;2;22.10.2023 Ständeratswahlen 2023;;campaign_financing;Natürliche Personen;371;Stocker Simon, Schaffhausen;369;Stocker Simon (Schaffhausen, Sozialdemokratische Partei der Schweiz);Offenlegung der Schlussrechnung über die Einnahmen;/api/frontend/latest/de/downloads/campaigns/369/forms/3;Definitive Zahlen;Einzelperson;Schaffhausen;Sozialdemokratische Partei der Schweiz;Kampagnenfinanzierung
de;369;4;campaign_financings;all;2;22.10.2023 Ständeratswahlen 2023;;campaign_financing;Natürliche Personen;371;Stocker Simon, Schaffhausen;369;Stocker Simon (Schaffhausen, Sozialdemokratische Partei der Schweiz);Offenlegung von Zuwendungen über 15 000 Franken (inkl. Ausland/anonym);/api/frontend/latest/de/downloads/campaigns/369/forms/4;Definitive Zahlen;Einzelperson;Schaffhausen;Sozialdemokratische Partei der Schweiz;Kampagnenfinanzierung
de;37;1;campaign_financings;all;1;22.10.2023 Nationalratswahlen 2023;2023;campaign_financing;Natürliche Personen;87;Bellaïche Jäger Judith, Kilchberg;37;Bellaiche Judith (Zürich, Grünliberale Partei);Offenlegung der budgetierten Einnahmen;/api/frontend/latest/de/downloads/campaigns/37/forms/1;Budgetzahlen;Einzelperson;Zürich;Grünliberale Partei;Kampagnenfinanzierung
de;37;2;campaign_financings;all;1;22.10.2023 Nationalratswahlen 2023;2023;campaign_financing;Natürliche Personen;87;Bellaïche Jäger Judith, Kilchberg;37;Bellaiche Judith (Zürich, Grünliberale Partei);Offenlegung von Zuwendungen über 15 000 Franken;/api/frontend/latest/de/downloads/campaigns/37/forms/2;Budgetzahlen;Einzelperson;Zürich;Grünliberale Partei;Kampagnenfinanzierung
de;37;5;campaign_financings;all;1;22.10.2023 Nationalratswahlen 2023;2023;campaign_financing;Natürliche Personen;87;Bellaïche Jäger Judith, Kilchberg;37;Bellaiche Judith (Zürich, Grünliberale Partei);Offenlegung der Schlussrechnung über die Einnahmen;/api/frontend/latest/de/downloads/campaigns/37/forms/5;Definitive Zahlen;Einzelperson;Zürich;Grünliberale Partei;Kampagnenfinanzierung
de;37;6;campaign_financings;all;1;22.10.2023 Nationalratswahlen 2023;2023;campaign_financing;Natürliche Personen;87;Bellaïche Jäger Judith, Kilchberg;37;Bellaiche Judith (Zürich, Grünliberale Partei);Offenlegung von Zuwendungen über 15 000 Franken (Schlussrechnung);/api/frontend/latest/de/downloads/campaigns/37/forms/6;Definitive Zahlen;Einzelperson;Zürich;Grünliberale Partei;Kampagnenfinanzierung
de;370;3;campaign_financings;all;2;22.10.2023 Ständeratswahlen 2023;;campaign_financing;Juristische Personen oder Personengesellschaften;118;Überparteiliches Wahlkomitee Werner Salzmann in den Ständerat, Mülchi;370;Salzmann Werner (Bern, Schweizerische Volkspartei);Offenlegung der Schlussrechnung über die Einnahmen;/api/frontend/latest/de/downloads/campaigns/370/forms/3;Definitive Zahlen;Einzelperson;Bern;Schweizerische Volkspartei;Kampagnenfinanzierung
de;370;4;campaign_financings;all;2;22.10.2023 Ständeratswahlen 2023;;campaign_financing;Juristische Personen oder Personengesellschaften;118;Überparteiliches Wahlkomitee Werner Salzmann in den Ständerat, Mülchi;370;Salzmann Werner (Bern, Schweizerische Volkspartei);Offenlegung von Zuwendungen über 15 000 Franken (inkl. Ausland/anonym);/api/frontend/latest/de/downloads/campaigns/370/forms/4;Definitive Zahlen;Einzelperson;Bern;Schweizerische Volkspartei;Kampagnenfinanzierung
de;372;3;campaign_financings;all;2;22.10.2023 Ständeratswahlen 2023;;campaign_financing;Juristische Personen oder Personengesellschaften;224;Alliance Vaudoise, Lausanne;372;Unterstützte Kandidierende: 2 (namentliche Auflistung in untenstehender Meldung der Einnahmen vorhanden);Offenlegung der Schlussrechnung über die Einnahmen;/api/frontend/latest/de/downloads/campaigns/372/forms/3;Definitive Zahlen;Gruppe von Kandidierenden (namentliche Auflistung in untenstehender Meldung der Einnahmen vorhanden);Waadt;FDP.Die Liberalen;Kampagnenfinanzierung
de;372;4;campaign_financings;all;2;22.10.2023 Ständeratswahlen 2023;;campaign_financing;Juristische Personen oder Personengesellschaften;224;Alliance Vaudoise, Lausanne;372;Unterstützte Kandidierende: 2 (namentliche Auflistung in untenstehender Meldung der Einnahmen vorhanden);Offenlegung von Zuwendungen über 15 000 Franken (inkl. Ausland/anonym);/api/frontend/latest/de/downloads/campaigns/372/forms/4;Definitive Zahlen;Gruppe von Kandidierenden (namentliche Auflistung in untenstehender Meldung der Einnahmen vorhanden);Waadt;FDP.Die Liberalen;Kampagnenfinanzierung
de;373;3;campaign_financings;all;2;22.10.2023 Ständeratswahlen 2023;;campaign_financing;Natürliche Personen;368;Stark Jakob, Kradolf-Schönenberg;373;Stark Jakob (Thurgau, Schweizerische Volkspartei);Offenlegung der Schlussrechnung über die Einnahmen;/api/frontend/latest/de/downloads/campaigns/373/forms/3;Definitive Zahlen;Einzelperson;Thurgau;Schweizerische Volkspartei;Kampagnenfinanzierung
de;375;3;campaign_financings;all;2;22.10.2023 Ständeratswahlen 2023;;campaign_financing;Juristische Personen oder Personengesellschaften;122;Les Vert-e-s neuchâtelois-es, Neuchâtel;375;Unterstützte Kandidierende: 2 (namentliche Auflistung in untenstehender Meldung der Einnahmen vorhanden);Offenlegung der Schlussrechnung über die Einnahmen;/api/frontend/latest/de/downloads/campaigns/375/forms/3;Definitive Zahlen;Gruppe von Kandidierenden (namentliche Auflistung in untenstehender Meldung der Einnahmen vorhanden);Neuenburg;GRÜNE Schweiz;Kampagnenfinanzierung
de;375;4;campaign_financings;all;2;22.10.2023 Ständeratswahlen 2023;;campaign_financing;Juristische Personen oder Personengesellschaften;122;Les Vert-e-s neuchâtelois-es, Neuchâtel;375;Unterstützte Kandidierende: 2 (namentliche Auflistung in untenstehender Meldung der Einnahmen vorhanden);Offenlegung von Zuwendungen über 15 000 Franken (inkl. Ausland/anonym);/api/frontend/latest/de/downloads/campaigns/375/forms/4;Definitive Zahlen;Gruppe von Kandidierenden (namentliche Auflistung in untenstehender Meldung der Einnahmen vorhanden);Neuenburg;GRÜNE Schweiz;Kampagnenfinanzierung
de;376;3;campaign_financings;all;2;22.10.2023 Ständeratswahlen 2023;;campaign_financing;Juristische Personen oder Personengesellschaften;286;Schweizerische Volkspartei des Kantons Schaffhausen, Schaffhausen;376;Germann Hannes (Schaffhausen, Schweizerische Volkspartei);Offenlegung der Schlussrechnung über die Einnahmen;/api/frontend/latest/de/downloads/campaigns/376/forms/3;Definitive Zahlen;Einzelperson;Schaffhausen;Schweizerische Volkspartei;Kampagnenfinanzierung
de;376;4;campaign_financings;all;2;22.10.2023 Ständeratswahlen 2023;;campaign_financing;Juristische Personen oder Personengesellschaften;286;Schweizerische Volkspartei des Kantons Schaffhausen, Schaffhausen;376;Germann Hannes (Schaffhausen, Schweizerische Volkspartei);Offenlegung von Zuwendungen über 15 000 Franken (inkl. Ausland/anonym);/api/frontend/latest/de/downloads/campaigns/376/forms/4;Definitive Zahlen;Einzelperson;Schaffhausen;Schweizerische Volkspartei;Kampagnenfinanzierung
de;377;3;campaign_financings;all;2;22.10.2023 Ständeratswahlen 2023;;campaign_financing;Natürliche Personen;366;Moser Tiana Angelina, Zürich;377;Moser Tiana Angelina (Zürich, Grünliberale Partei);Offenlegung der Schlussrechnung über die Einnahmen;/api/frontend/latest/de/downloads/campaigns/377/forms/3;Definitive Zahlen;Einzelperson;Zürich;Grünliberale Partei;Kampagnenfinanzierung
de;377;4;campaign_financings;all;2;22.10.2023 Ständeratswahlen 2023;;campaign_financing;Natürliche Personen;366;Moser Tiana Angelina, Zürich;377;Moser Tiana Angelina (Zürich, Grünliberale Partei);Offenlegung von Zuwendungen über 15 000 Franken (inkl. Ausland/anonym);/api/frontend/latest/de/downloads/campaigns/377/forms/4;Definitive Zahlen;Einzelperson;Zürich;Grünliberale Partei;Kampagnenfinanzierung
de;378;3;campaign_financings;all;2;22.10.2023 Ständeratswahlen 2023;;campaign_financing;Natürliche Personen;369;Würth Benedikt, Rapperswil-Jona;378;Würth Benedikt (St. Gallen, Die Mitte);Offenlegung der Schlussrechnung über die Einnahmen;/api/frontend/latest/de/downloads/campaigns/378/forms/3;Definitive Zahlen;Einzelperson;St. Gallen;Die Mitte;Kampagnenfinanzierung
de;379;3;campaign_financings;all;2;22.10.2023 Ständeratswahlen 2023;;campaign_financing;Juristische Personen oder Personengesellschaften;373;Campagne commune des candidat-es PS et Vert-es à l'élection au Conseil des États - Genève, Genève;379;Unterstützte Kandidierende: 2 (namentliche Auflistung in untenstehender Meldung der Einnahmen vorhanden);Offenlegung der Schlussrechnung über die Einnahmen;/api/frontend/latest/de/downloads/campaigns/379/forms/3;Definitive Zahlen;Gruppe von Kandidierenden (namentliche Auflistung in untenstehender Meldung der Einnahmen vorhanden);Genf;GRÜNE Schweiz;Kampagnenfinanzierung
de;379;4;campaign_financings;all;2;22.10.2023 Ständeratswahlen 2023;;campaign_financing;Juristische Personen oder Personengesellschaften;373;Campagne commune des candidat-es PS et Vert-es à l'élection au Conseil des États - Genève, Genève;379;Unterstützte Kandidierende: 2 (namentliche Auflistung in untenstehender Meldung der Einnahmen vorhanden);Offenlegung von Zuwendungen über 15 000 Franken (inkl. Ausland/anonym);/api/frontend/latest/de/downloads/campaigns/379/forms/4;Definitive Zahlen;Gruppe von Kandidierenden (namentliche Auflistung in untenstehender Meldung der Einnahmen vorhanden);Genf;GRÜNE Schweiz;Kampagnenfinanzierung
de;38;1;campaign_financings;all;1;22.10.2023 Nationalratswahlen 2023;2023;campaign_financing;Juristische Personen oder Personengesellschaften;108;Partito Liberale Radicale Ticinese, Bellinzona;38;Unterstützte Kandidierende: 8 (namentliche Auflistung in untenstehender Meldung der Einnahmen vorhanden);Offenlegung der budgetierten Einnahmen;/api/frontend/latest/de/downloads/campaigns/38/forms/1;Budgetzahlen;Gruppe von Kandidierenden (namentliche Auflistung in untenstehender Meldung der Einnahmen vorhanden);Tessin;FDP.Die Liberalen;Kampagnenfinanzierung
de;38;2;campaign_financings;all;1;22.10.2023 Nationalratswahlen 2023;2023;campaign_financing;Juristische Personen oder Personengesellschaften;108;Partito Liberale Radicale Ticinese, Bellinzona;38;Unterstützte Kandidierende: 8 (namentliche Auflistung in untenstehender Meldung der Einnahmen vorhanden);Offenlegung von Zuwendungen über 15 000 Franken;/api/frontend/latest/de/downloads/campaigns/38/forms/2;Budgetzahlen;Gruppe von Kandidierenden (namentliche Auflistung in untenstehender Meldung der Einnahmen vorhanden);Tessin;FDP.Die Liberalen;Kampagnenfinanzierung
de;38;5;campaign_financings;all;1;22.10.2023 Nationalratswahlen 2023;2023;campaign_financing;Juristische Personen oder Personengesellschaften;108;Partito Liberale Radicale Ticinese, Bellinzona;38;Unterstützte Kandidierende: 8 (namentliche Auflistung in untenstehender Meldung der Einnahmen vorhanden);Offenlegung der Schlussrechnung über die Einnahmen;/api/frontend/latest/de/downloads/campaigns/38/forms/5;Definitive Zahlen;Gruppe von Kandidierenden (namentliche Auflistung in untenstehender Meldung der Einnahmen vorhanden);Tessin;FDP.Die Liberalen;Kampagnenfinanzierung
de;38;6;campaign_financings;all;1;22.10.2023 Nationalratswahlen 2023;2023;campaign_financing;Juristische Personen oder Personengesellschaften;108;Partito Liberale Radicale Ticinese, Bellinzona;38;Unterstützte Kandidierende: 8 (namentliche Auflistung in untenstehender Meldung der Einnahmen vorhanden);Offenlegung von Zuwendungen über 15 000 Franken (Schlussrechnung);/api/frontend/latest/de/downloads/campaigns/38/forms/6;Definitive Zahlen;Gruppe von Kandidierenden (namentliche Auflistung in untenstehender Meldung der Einnahmen vorhanden);Tessin;FDP.Die Liberalen;Kampagnenfinanzierung
de;380;5;campaign_financings;all;1;22.10.2023 Nationalratswahlen 2023;2023;campaign_financing;Juristische Personen oder Personengesellschaften;314;Grünliberale Partei Kanton Schwyz, Schwyz;380;Gasser Josias (Schwyz, Grünliberale Partei);Offenlegung der Schlussrechnung über die Einnahmen;/api/frontend/latest/de/downloads/campaigns/380/forms/5;Definitive Zahlen;Einzelperson;Schwyz;Grünliberale Partei;Kampagnenfinanzierung
de;381;3;campaign_financings;all;2;22.10.2023 Ständeratswahlen 2023;;campaign_financing;Juristische Personen oder Personengesellschaften;202;Die Mitte Graubünden, Chur;381;Engler Stefan (Graubünden, Die Mitte);Offenlegung der Schlussrechnung über die Einnahmen;/api/frontend/latest/de/downloads/campaigns/381/forms/3;Definitive Zahlen;Einzelperson;Graubünden;Die Mitte;Kampagnenfinanzierung
de;381;4;campaign_financings;all;2;22.10.2023 Ständeratswahlen 2023;;campaign_financing;Juristische Personen oder Personengesellschaften;202;Die Mitte Graubünden, Chur;381;Engler Stefan (Graubünden, Die Mitte);Offenlegung von Zuwendungen über 15 000 Franken (inkl. Ausland/anonym);/api/frontend/latest/de/downloads/campaigns/381/forms/4;Definitive Zahlen;Einzelperson;Graubünden;Die Mitte;Kampagnenfinanzierung
de;383;3;campaign_financings;all;2;22.10.2023 Ständeratswahlen 2023;;campaign_financing;Natürliche Personen;316;Vara Céline, Cressier;383;Vara Céline (Neuenburg, GRÜNE Schweiz);Offenlegung der Schlussrechnung über die Einnahmen;/api/frontend/latest/de/downloads/campaigns/383/forms/3;Definitive Zahlen;Einzelperson;Neuenburg;GRÜNE Schweiz;Kampagnenfinanzierung
de;384;5;campaign_financings;all;1;22.10.2023 Nationalratswahlen 2023;2023;campaign_financing;Natürliche Personen;375;Glarner Andreas, Oberwil-Lieli;384;Glarner Andreas (Aargau, Schweizerische Volkspartei);Offenlegung der Schlussrechnung über die Einnahmen;/api/frontend/latest/de/downloads/campaigns/384/forms/5;Definitive Zahlen;Einzelperson;Aargau;Schweizerische Volkspartei;Kampagnenfinanzierung
de;385;3;campaign_financings;all;2;22.10.2023 Ständeratswahlen 2023;;campaign_financing;Juristische Personen oder Personengesellschaften;271;Les Vert.e.s, mouvement écologiste vaudois, Lausanne;385;Unterstützte Kandidierende: 2 (namentliche Auflistung in untenstehender Meldung der Einnahmen vorhanden);Offenlegung der Schlussrechnung über die Einnahmen;/api/frontend/latest/de/downloads/campaigns/385/forms/3;Definitive Zahlen;Gruppe von Kandidierenden (namentliche Auflistung in untenstehender Meldung der Einnahmen vorhanden);Waadt;GRÜNE Schweiz;Kampagnenfinanzierung
de;385;4;campaign_financings;all;2;22.10.2023 Ständeratswahlen 2023;;campaign_financing;Juristische Personen oder Personengesellschaften;271;Les Vert.e.s, mouvement écologiste vaudois, Lausanne;385;Unterstützte Kandidierende: 2 (namentliche Auflistung in untenstehender Meldung der Einnahmen vorhanden);Offenlegung von Zuwendungen über 15 000 Franken (inkl. Ausland/anonym);/api/frontend/latest/de/downloads/campaigns/385/forms/4;Definitive Zahlen;Gruppe von Kandidierenden (namentliche Auflistung in untenstehender Meldung der Einnahmen vorhanden);Waadt;GRÜNE Schweiz;Kampagnenfinanzierung
de;386;3;campaign_financings;all;2;22.10.2023 Ständeratswahlen 2023;;campaign_financing;Natürliche Personen;372;Chiesa Marco, Ruvigliana;386;Chiesa Marco (Tessin, Schweizerische Volkspartei);Offenlegung der Schlussrechnung über die Einnahmen;/api/frontend/latest/de/downloads/campaigns/386/forms/3;Definitive Zahlen;Einzelperson;Tessin;Schweizerische Volkspartei;Kampagnenfinanzierung
de;386;4;campaign_financings;all;2;22.10.2023 Ständeratswahlen 2023;;campaign_financing;Natürliche Personen;372;Chiesa Marco, Ruvigliana;386;Chiesa Marco (Tessin, Schweizerische Volkspartei);Offenlegung von Zuwendungen über 15 000 Franken (inkl. Ausland/anonym);/api/frontend/latest/de/downloads/campaigns/386/forms/4;Definitive Zahlen;Einzelperson;Tessin;Schweizerische Volkspartei;Kampagnenfinanzierung
de;387;3;campaign_financings;all;2;22.10.2023 Ständeratswahlen 2023;;campaign_financing;Natürliche Personen;370;Friedli Esther, Ebnat-Kappel;387;Friedli Esther (St. Gallen, Schweizerische Volkspartei);Offenlegung der Schlussrechnung über die Einnahmen;/api/frontend/latest/de/downloads/campaigns/387/forms/3;Definitive Zahlen;Einzelperson;St. Gallen;Schweizerische Volkspartei;Kampagnenfinanzierung
de;387;4;campaign_financings;all;2;22.10.2023 Ständeratswahlen 2023;;campaign_financing;Natürliche Personen;370;Friedli Esther, Ebnat-Kappel;387;Friedli Esther (St. Gallen, Schweizerische Volkspartei);Offenlegung von Zuwendungen über 15 000 Franken (inkl. Ausland/anonym);/api/frontend/latest/de/downloads/campaigns/387/forms/4;Definitive Zahlen;Einzelperson;St. Gallen;Schweizerische Volkspartei;Kampagnenfinanzierung
de;388;3;campaign_financings;all;2;22.10.2023 Ständeratswahlen 2023;;campaign_financing;Natürliche Personen;364;Chassot Isabelle, Granges-Paccot;388;Chassot Isabelle (Freiburg, Die Mitte);Offenlegung der Schlussrechnung über die Einnahmen;/api/frontend/latest/de/downloads/campaigns/388/forms/3;Definitive Zahlen;Einzelperson;Freiburg;Die Mitte;Kampagnenfinanzierung
de;388;4;campaign_financings;all;2;22.10.2023 Ständeratswahlen 2023;;campaign_financing;Natürliche Personen;364;Chassot Isabelle, Granges-Paccot;388;Chassot Isabelle (Freiburg, Die Mitte);Offenlegung von Zuwendungen über 15 000 Franken (inkl. Ausland/anonym);/api/frontend/latest/de/downloads/campaigns/388/forms/4;Definitive Zahlen;Einzelperson;Freiburg;Die Mitte;Kampagnenfinanzierung
de;389;3;campaign_financings;all;2;22.10.2023 Ständeratswahlen 2023;;campaign_financing;Juristische Personen oder Personengesellschaften;217;Umweltallianz, Zürich;389;Moser Tiana  (Zürich, Grünliberale Partei);Offenlegung der Schlussrechnung über die Einnahmen;/api/frontend/latest/de/downloads/campaigns/389/forms/3;Definitive Zahlen;Einzelperson;Zürich;Grünliberale Partei;Kampagnenfinanzierung
de;389;4;campaign_financings;all;2;22.10.2023 Ständeratswahlen 2023;;campaign_financing;Juristische Personen oder Personengesellschaften;217;Umweltallianz, Zürich;389;Moser Tiana  (Zürich, Grünliberale Partei);Offenlegung von Zuwendungen über 15 000 Franken (inkl. Ausland/anonym);/api/frontend/latest/de/downloads/campaigns/389/forms/4;Definitive Zahlen;Einzelperson;Zürich;Grünliberale Partei;Kampagnenfinanzierung
de;39;1;campaign_financings;all;1;22.10.2023 Nationalratswahlen 2023;2023;campaign_financing;Juristische Personen oder Personengesellschaften;109;Sozialdemokratische Partei des Kantons Glarus, Netstal;39;Steinmann-Fehr Sabine (Glarus, Sozialdemokratische Partei der Schweiz);Offenlegung der budgetierten Einnahmen;/api/frontend/latest/de/downloads/campaigns/39/forms/1;Budgetzahlen;Einzelperson;Glarus;Sozialdemokratische Partei der Schweiz;Kampagnenfinanzierung
de;39;2;campaign_financings;all;1;22.10.2023 Nationalratswahlen 2023;2023;campaign_financing;Juristische Personen oder Personengesellschaften;109;Sozialdemokratische Partei des Kantons Glarus, Netstal;39;Steinmann-Fehr Sabine (Glarus, Sozialdemokratische Partei der Schweiz);Offenlegung von Zuwendungen über 15 000 Franken;/api/frontend/latest/de/downloads/campaigns/39/forms/2;Budgetzahlen;Einzelperson;Glarus;Sozialdemokratische Partei der Schweiz;Kampagnenfinanzierung
de;39;5;campaign_financings;all;1;22.10.2023 Nationalratswahlen 2023;2023;campaign_financing;Juristische Personen oder Personengesellschaften;109;Sozialdemokratische Partei des Kantons Glarus, Netstal;39;Steinmann-Fehr Sabine (Glarus, Sozialdemokratische Partei der Schweiz);Offenlegung der Schlussrechnung über die Einnahmen;/api/frontend/latest/de/downloads/campaigns/39/forms/5;Definitive Zahlen;Einzelperson;Glarus;Sozialdemokratische Partei der Schweiz;Kampagnenfinanzierung
de;392;3;campaign_financings;all;2;22.10.2023 Ständeratswahlen 2023;;campaign_financing;Natürliche Personen;378;Maret Marianne, Troistorrents;392;Maret Marianne (Wallis, Die Mitte);Offenlegung der Schlussrechnung über die Einnahmen;/api/frontend/latest/de/downloads/campaigns/392/forms/3;Definitive Zahlen;Einzelperson;Wallis;Die Mitte;Kampagnenfinanzierung
de;392;4;campaign_financings;all;2;22.10.2023 Ständeratswahlen 2023;;campaign_financing;Natürliche Personen;378;Maret Marianne, Troistorrents;392;Maret Marianne (Wallis, Die Mitte);Offenlegung von Zuwendungen über 15 000 Franken (inkl. Ausland/anonym);/api/frontend/latest/de/downloads/campaigns/392/forms/4;Definitive Zahlen;Einzelperson;Wallis;Die Mitte;Kampagnenfinanzierung
de;393;3;campaign_financings;all;2;22.10.2023 Ständeratswahlen 2023;;campaign_financing;Natürliche Personen;377;Rieder Beat, Wiler;393;Rieder Beat (Wallis, Die Mitte);Offenlegung der Schlussrechnung über die Einnahmen;/api/frontend/latest/de/downloads/campaigns/393/forms/3;Definitive Zahlen;Einzelperson;Wallis;Die Mitte;Kampagnenfinanzierung
de;394;3;campaign_financings;all;2;22.10.2023 Ständeratswahlen 2023;;campaign_financing;Juristische Personen oder Personengesellschaften;379;Alliance Genevoise (MCG-UDC), Genève;394;Unterstützte Kandidierende: 2 (namentliche Auflistung in untenstehender Meldung der Einnahmen vorhanden);Offenlegung der Schlussrechnung über die Einnahmen;/api/frontend/latest/de/downloads/campaigns/394/forms/3;Definitive Zahlen;Gruppe von Kandidierenden (namentliche Auflistung in untenstehender Meldung der Einnahmen vorhanden);Genf;Schweizerische Volkspartei;Kampagnenfinanzierung
de;394;4;campaign_financings;all;2;22.10.2023 Ständeratswahlen 2023;;campaign_financing;Juristische Personen oder Personengesellschaften;379;Alliance Genevoise (MCG-UDC), Genève;394;Unterstützte Kandidierende: 2 (namentliche Auflistung in untenstehender Meldung der Einnahmen vorhanden);Offenlegung von Zuwendungen über 15 000 Franken (inkl. Ausland/anonym);/api/frontend/latest/de/downloads/campaigns/394/forms/4;Definitive Zahlen;Gruppe von Kandidierenden (namentliche Auflistung in untenstehender Meldung der Einnahmen vorhanden);Genf;Schweizerische Volkspartei;Kampagnenfinanzierung
de;395;3;campaign_financings;all;2;22.10.2023 Ständeratswahlen 2023;;campaign_financing;Natürliche Personen;376;Bischof Pirmin, Solothurn;395;Bischof Pirmin (Solothurn, Die Mitte);Offenlegung der Schlussrechnung über die Einnahmen;/api/frontend/latest/de/downloads/campaigns/395/forms/3;Definitive Zahlen;Einzelperson;Solothurn;Die Mitte;Kampagnenfinanzierung
de;399;19;campaign_financings;all;3;03.03.2024 Für ein besseres Leben im Alter (Initiative für eine 13. AHV-Rente);;campaign_financing;Juristische Personen oder Personengesellschaften;8;Sozialdemokratische Partei der Schweiz, Bern;399;Annahme der Abstimmungsvorlage;Offenlegung der Schlussrechnung über die Einnahmen;/api/frontend/latest/de/downloads/campaigns/399/forms/19;;;schweizweit;;Kampagnenfinanzierung
de;399;7;campaign_financings;all;3;03.03.2024 Für ein besseres Leben im Alter (Initiative für eine 13. AHV-Rente);;campaign_financing;Juristische Personen oder Personengesellschaften;8;Sozialdemokratische Partei der Schweiz, Bern;399;Annahme der Abstimmungsvorlage;Offenlegung der budgetierten Einnahmen;/api/frontend/latest/de/downloads/campaigns/399/forms/7;;;schweizweit;;Kampagnenfinanzierung
de;4;1;campaign_financings;all;1;22.10.2023 Nationalratswahlen 2023;2023;campaign_financing;Natürliche Personen;64;Feller Olivier, Genolier;4;Feller Olivier (Waadt, FDP.Die Liberalen);Offenlegung der budgetierten Einnahmen;/api/frontend/latest/de/downloads/campaigns/4/forms/1;Budgetzahlen;Einzelperson;Waadt;FDP.Die Liberalen;Kampagnenfinanzierung
de;4;5;campaign_financings;all;1;22.10.2023 Nationalratswahlen 2023;2023;campaign_financing;Natürliche Personen;64;Feller Olivier, Genolier;4;Feller Olivier (Waadt, FDP.Die Liberalen);Offenlegung der Schlussrechnung über die Einnahmen;/api/frontend/latest/de/downloads/campaigns/4/forms/5;Definitive Zahlen;Einzelperson;Waadt;FDP.Die Liberalen;Kampagnenfinanzierung
de;40;1;campaign_financings;all;1;22.10.2023 Nationalratswahlen 2023;2023;campaign_financing;Natürliche Personen;110;Lanz Raphael, Thun;40;Lanz Raphael (Bern, Schweizerische Volkspartei);Offenlegung der budgetierten Einnahmen;/api/frontend/latest/de/downloads/campaigns/40/forms/1;Budgetzahlen;Einzelperson;Bern;Schweizerische Volkspartei;Kampagnenfinanzierung
de;40;5;campaign_financings;all;1;22.10.2023 Nationalratswahlen 2023;2023;campaign_financing;Natürliche Personen;110;Lanz Raphael, Thun;40;Lanz Raphael (Bern, Schweizerische Volkspartei);Offenlegung der Schlussrechnung über die Einnahmen;/api/frontend/latest/de/downloads/campaigns/40/forms/5;Definitive Zahlen;Einzelperson;Bern;Schweizerische Volkspartei;Kampagnenfinanzierung
de;400;19;campaign_financings;all;3;03.03.2024 Für ein besseres Leben im Alter (Initiative für eine 13. AHV-Rente);;campaign_financing;Juristische Personen oder Personengesellschaften;374;Schweizerischer Gewerkschaftsbund (SGB), Bern;400;Annahme der Abstimmungsvorlage;Offenlegung der Schlussrechnung über die Einnahmen;/api/frontend/latest/de/downloads/campaigns/400/forms/19;;;schweizweit;;Kampagnenfinanzierung
de;400;20;campaign_financings;all;3;03.03.2024 Für ein besseres Leben im Alter (Initiative für eine 13. AHV-Rente);;campaign_financing;Juristische Personen oder Personengesellschaften;374;Schweizerischer Gewerkschaftsbund (SGB), Bern;400;Annahme der Abstimmungsvorlage;Offenlegung von Zuwendungen über 15 000 Franken (Schlussrechnung);/api/frontend/latest/de/downloads/campaigns/400/forms/20;;;schweizweit;;Kampagnenfinanzierung
de;400;7;campaign_financings;all;3;03.03.2024 Für ein besseres Leben im Alter (Initiative für eine 13. AHV-Rente);;campaign_financing;Juristische Personen oder Personengesellschaften;374;Schweizerischer Gewerkschaftsbund (SGB), Bern;400;Annahme der Abstimmungsvorlage;Offenlegung der budgetierten Einnahmen;/api/frontend/latest/de/downloads/campaigns/400/forms/7;;;schweizweit;;Kampagnenfinanzierung
de;400;9;campaign_financings;all;3;03.03.2024 Für ein besseres Leben im Alter (Initiative für eine 13. AHV-Rente);;campaign_financing;Juristische Personen oder Personengesellschaften;374;Schweizerischer Gewerkschaftsbund (SGB), Bern;400;Annahme der Abstimmungsvorlage;Offenlegung von Zuwendungen über 15 000 Franken;/api/frontend/latest/de/downloads/campaigns/400/forms/9;;;schweizweit;;Kampagnenfinanzierung
de;401;21;campaign_financings;all;4;03.03.2024 Für eine sichere und nachhaltige Altersvorsorge (Renteninitiative);;campaign_financing;Juristische Personen oder Personengesellschaften;374;Schweizerischer Gewerkschaftsbund (SGB), Bern;401;Ablehnung der Abstimmungsvorlage;Offenlegung der Schlussrechnung über die Einnahmen;/api/frontend/latest/de/downloads/campaigns/401/forms/21;;;schweizweit;;Kampagnenfinanzierung
de;401;8;campaign_financings;all;4;03.03.2024 Für eine sichere und nachhaltige Altersvorsorge (Renteninitiative);;campaign_financing;Juristische Personen oder Personengesellschaften;374;Schweizerischer Gewerkschaftsbund (SGB), Bern;401;Ablehnung der Abstimmungsvorlage;Offenlegung der budgetierten Einnahmen;/api/frontend/latest/de/downloads/campaigns/401/forms/8;;;schweizweit;;Kampagnenfinanzierung
de;402;19;campaign_financings;all;3;03.03.2024 Für ein besseres Leben im Alter (Initiative für eine 13. AHV-Rente);;campaign_financing;Juristische Personen oder Personengesellschaften;380;Gewerkschaft Unia, Bern;402;Annahme der Abstimmungsvorlage;Offenlegung der Schlussrechnung über die Einnahmen;/api/frontend/latest/de/downloads/campaigns/402/forms/19;;;schweizweit;;Kampagnenfinanzierung
de;402;7;campaign_financings;all;3;03.03.2024 Für ein besseres Leben im Alter (Initiative für eine 13. AHV-Rente);;campaign_financing;Juristische Personen oder Personengesellschaften;380;Gewerkschaft Unia, Bern;402;Annahme der Abstimmungsvorlage;Offenlegung der budgetierten Einnahmen;/api/frontend/latest/de/downloads/campaigns/402/forms/7;;;schweizweit;;Kampagnenfinanzierung
de;403;19;campaign_financings;all;3;03.03.2024 Für ein besseres Leben im Alter (Initiative für eine 13. AHV-Rente);;campaign_financing;Juristische Personen oder Personengesellschaften;383;"Allianz ""Nein zur 13. AHV-Rente"", Zürich";403;Ablehnung der Abstimmungsvorlage;Offenlegung der Schlussrechnung über die Einnahmen;/api/frontend/latest/de/downloads/campaigns/403/forms/19;;;schweizweit;;Kampagnenfinanzierung
de;403;20;campaign_financings;all;3;03.03.2024 Für ein besseres Leben im Alter (Initiative für eine 13. AHV-Rente);;campaign_financing;Juristische Personen oder Personengesellschaften;383;"Allianz ""Nein zur 13. AHV-Rente"", Zürich";403;Ablehnung der Abstimmungsvorlage;Offenlegung von Zuwendungen über 15 000 Franken (Schlussrechnung);/api/frontend/latest/de/downloads/campaigns/403/forms/20;;;schweizweit;;Kampagnenfinanzierung
de;403;7;campaign_financings;all;3;03.03.2024 Für ein besseres Leben im Alter (Initiative für eine 13. AHV-Rente);;campaign_financing;Juristische Personen oder Personengesellschaften;383;"Allianz ""Nein zur 13. AHV-Rente"", Zürich";403;Ablehnung der Abstimmungsvorlage;Offenlegung der budgetierten Einnahmen;/api/frontend/latest/de/downloads/campaigns/403/forms/7;;;schweizweit;;Kampagnenfinanzierung
de;403;9;campaign_financings;all;3;03.03.2024 Für ein besseres Leben im Alter (Initiative für eine 13. AHV-Rente);;campaign_financing;Juristische Personen oder Personengesellschaften;383;"Allianz ""Nein zur 13. AHV-Rente"", Zürich";403;Ablehnung der Abstimmungsvorlage;Offenlegung von Zuwendungen über 15 000 Franken;/api/frontend/latest/de/downloads/campaigns/403/forms/9;;;schweizweit;;Kampagnenfinanzierung
de;404;21;campaign_financings;all;4;03.03.2024 Für eine sichere und nachhaltige Altersvorsorge (Renteninitiative);;campaign_financing;Juristische Personen oder Personengesellschaften;380;Gewerkschaft Unia, Bern;404;Ablehnung der Abstimmungsvorlage;Offenlegung der Schlussrechnung über die Einnahmen;/api/frontend/latest/de/downloads/campaigns/404/forms/21;;;schweizweit;;Kampagnenfinanzierung
de;404;8;campaign_financings;all;4;03.03.2024 Für eine sichere und nachhaltige Altersvorsorge (Renteninitiative);;campaign_financing;Juristische Personen oder Personengesellschaften;380;Gewerkschaft Unia, Bern;404;Ablehnung der Abstimmungsvorlage;Offenlegung der budgetierten Einnahmen;/api/frontend/latest/de/downloads/campaigns/404/forms/8;;;schweizweit;;Kampagnenfinanzierung
de;406;10;campaign_financings;all;4;03.03.2024 Für eine sichere und nachhaltige Altersvorsorge (Renteninitiative);;campaign_financing;Juristische Personen oder Personengesellschaften;382;Komitee Renteninitiative Ja, Zürich;406;Annahme der Abstimmungsvorlage;Offenlegung von Zuwendungen über 15 000 Franken;/api/frontend/latest/de/downloads/campaigns/406/forms/10;;;schweizweit;;Kampagnenfinanzierung
de;406;21;campaign_financings;all;4;03.03.2024 Für eine sichere und nachhaltige Altersvorsorge (Renteninitiative);;campaign_financing;Juristische Personen oder Personengesellschaften;382;Komitee Renteninitiative Ja, Zürich;406;Annahme der Abstimmungsvorlage;Offenlegung der Schlussrechnung über die Einnahmen;/api/frontend/latest/de/downloads/campaigns/406/forms/21;;;schweizweit;;Kampagnenfinanzierung
de;406;22;campaign_financings;all;4;03.03.2024 Für eine sichere und nachhaltige Altersvorsorge (Renteninitiative);;campaign_financing;Juristische Personen oder Personengesellschaften;382;Komitee Renteninitiative Ja, Zürich;406;Annahme der Abstimmungsvorlage;Offenlegung von Zuwendungen über 15 000 Franken (Schlussrechnung);/api/frontend/latest/de/downloads/campaigns/406/forms/22;;;schweizweit;;Kampagnenfinanzierung
de;406;8;campaign_financings;all;4;03.03.2024 Für eine sichere und nachhaltige Altersvorsorge (Renteninitiative);;campaign_financing;Juristische Personen oder Personengesellschaften;382;Komitee Renteninitiative Ja, Zürich;406;Annahme der Abstimmungsvorlage;Offenlegung der budgetierten Einnahmen;/api/frontend/latest/de/downloads/campaigns/406/forms/8;;;schweizweit;;Kampagnenfinanzierung
de;408;3;campaign_financings;all;2;22.10.2023 Ständeratswahlen 2023;;campaign_financing;Juristische Personen oder Personengesellschaften;256;FDP.Die Liberalen Zug, Zug;408;Michel Matthias (Zug, FDP.Die Liberalen);Offenlegung der Schlussrechnung über die Einnahmen;/api/frontend/latest/de/downloads/campaigns/408/forms/3;Definitive Zahlen;Einzelperson;Zug;FDP.Die Liberalen;Kampagnenfinanzierung
de;409;13;campaign_financings;all;6;09.06.2024 Für tiefere Prämien – Kostenbremse im Gesundheitswesen (Kostenbremse-Initiative);;campaign_financing;Juristische Personen oder Personengesellschaften;385;Gesundheitswesen mit Zukunft, Bern;409;Ablehnung der Abstimmungsvorlage;Offenlegung der budgetierten Einnahmen;/api/frontend/latest/de/downloads/campaigns/409/forms/13;;;schweizweit;;Kampagnenfinanzierung
de;409;14;campaign_financings;all;6;09.06.2024 Für tiefere Prämien – Kostenbremse im Gesundheitswesen (Kostenbremse-Initiative);;campaign_financing;Juristische Personen oder Personengesellschaften;385;Gesundheitswesen mit Zukunft, Bern;409;Ablehnung der Abstimmungsvorlage;Offenlegung von Zuwendungen über 15 000 Franken;/api/frontend/latest/de/downloads/campaigns/409/forms/14;;;schweizweit;;Kampagnenfinanzierung
de;409;31;campaign_financings;all;6;09.06.2024 Für tiefere Prämien – Kostenbremse im Gesundheitswesen (Kostenbremse-Initiative);;campaign_financing;Juristische Personen oder Personengesellschaften;385;Gesundheitswesen mit Zukunft, Bern;409;Ablehnung der Abstimmungsvorlage;Offenlegung der Schlussrechnung über die Einnahmen;/api/frontend/latest/de/downloads/campaigns/409/forms/31;;;schweizweit;;Kampagnenfinanzierung
de;409;32;campaign_financings;all;6;09.06.2024 Für tiefere Prämien – Kostenbremse im Gesundheitswesen (Kostenbremse-Initiative);;campaign_financing;Juristische Personen oder Personengesellschaften;385;Gesundheitswesen mit Zukunft, Bern;409;Ablehnung der Abstimmungsvorlage;Offenlegung von Zuwendungen über 15 000 Franken (Schlussrechnung);/api/frontend/latest/de/downloads/campaigns/409/forms/32;;;schweizweit;;Kampagnenfinanzierung
de;41;1;campaign_financings;all;1;22.10.2023 Nationalratswahlen 2023;2023;campaign_financing;Juristische Personen oder Personengesellschaften;117;Greenpeace Schweiz, Zürich;41;Wahlzeitung Nationalratswahlen 2023 (schweizweit, Unabhängig);Offenlegung der budgetierten Einnahmen;/api/frontend/latest/de/downloads/campaigns/41/forms/1;Budgetzahlen;Gruppe von Kandidierenden (Einzelauflistung nicht möglich);schweizweit;Unabhängig;Kampagnenfinanzierung
de;41;2;campaign_financings;all;1;22.10.2023 Nationalratswahlen 2023;2023;campaign_financing;Juristische Personen oder Personengesellschaften;117;Greenpeace Schweiz, Zürich;41;Wahlzeitung Nationalratswahlen 2023 (schweizweit, Unabhängig);Offenlegung von Zuwendungen über 15 000 Franken;/api/frontend/latest/de/downloads/campaigns/41/forms/2;Budgetzahlen;Gruppe von Kandidierenden (Einzelauflistung nicht möglich);schweizweit;Unabhängig;Kampagnenfinanzierung
de;41;5;campaign_financings;all;1;22.10.2023 Nationalratswahlen 2023;2023;campaign_financing;Juristische Personen oder Personengesellschaften;117;Greenpeace Schweiz, Zürich;41;Wahlzeitung Nationalratswahlen 2023 (schweizweit, Unabhängig);Offenlegung der Schlussrechnung über die Einnahmen;/api/frontend/latest/de/downloads/campaigns/41/forms/5;Definitive Zahlen;Gruppe von Kandidierenden (Einzelauflistung nicht möglich);schweizweit;Unabhängig;Kampagnenfinanzierung
de;41;6;campaign_financings;all;1;22.10.2023 Nationalratswahlen 2023;2023;campaign_financing;Juristische Personen oder Personengesellschaften;117;Greenpeace Schweiz, Zürich;41;Wahlzeitung Nationalratswahlen 2023 (schweizweit, Unabhängig);Offenlegung von Zuwendungen über 15 000 Franken (Schlussrechnung);/api/frontend/latest/de/downloads/campaigns/41/forms/6;Definitive Zahlen;Gruppe von Kandidierenden (Einzelauflistung nicht möglich);schweizweit;Unabhängig;Kampagnenfinanzierung
de;411;17;campaign_financings;all;8;09.06.2024 Bundesgesetz vom 29. September 2023 über eine sichere Stromversorgung mit erneuerbaren Energien (Änderung des Energiegesetzes und des Stromversorgungsgesetzes);;campaign_financing;Juristische Personen oder Personengesellschaften;387;Allianz für eine sichere Stromversorgung, Bern;411;Annahme der Abstimmungsvorlage;Offenlegung der budgetierten Einnahmen;/api/frontend/latest/de/downloads/campaigns/411/forms/17;;;schweizweit;;Kampagnenfinanzierung
de;411;18;campaign_financings;all;8;09.06.2024 Bundesgesetz vom 29. September 2023 über eine sichere Stromversorgung mit erneuerbaren Energien (Änderung des Energiegesetzes und des Stromversorgungsgesetzes);;campaign_financing;Juristische Personen oder Personengesellschaften;387;Allianz für eine sichere Stromversorgung, Bern;411;Annahme der Abstimmungsvorlage;Offenlegung von Zuwendungen über 15 000 Franken;/api/frontend/latest/de/downloads/campaigns/411/forms/18;;;schweizweit;;Kampagnenfinanzierung
de;411;35;campaign_financings;all;8;09.06.2024 Bundesgesetz vom 29. September 2023 über eine sichere Stromversorgung mit erneuerbaren Energien (Änderung des Energiegesetzes und des Stromversorgungsgesetzes);;campaign_financing;Juristische Personen oder Personengesellschaften;387;Allianz für eine sichere Stromversorgung, Bern;411;Annahme der Abstimmungsvorlage;Offenlegung der Schlussrechnung über die Einnahmen;/api/frontend/latest/de/downloads/campaigns/411/forms/35;;;schweizweit;;Kampagnenfinanzierung
de;411;36;campaign_financings;all;8;09.06.2024 Bundesgesetz vom 29. September 2023 über eine sichere Stromversorgung mit erneuerbaren Energien (Änderung des Energiegesetzes und des Stromversorgungsgesetzes);;campaign_financing;Juristische Personen oder Personengesellschaften;387;Allianz für eine sichere Stromversorgung, Bern;411;Annahme der Abstimmungsvorlage;Offenlegung von Zuwendungen über 15 000 Franken (Schlussrechnung);/api/frontend/latest/de/downloads/campaigns/411/forms/36;;;schweizweit;;Kampagnenfinanzierung
de;412;17;campaign_financings;all;8;09.06.2024 Bundesgesetz vom 29. September 2023 über eine sichere Stromversorgung mit erneuerbaren Energien (Änderung des Energiegesetzes und des Stromversorgungsgesetzes);;campaign_financing;Juristische Personen oder Personengesellschaften;328;Swissmem, Zürich;412;Annahme der Abstimmungsvorlage;Offenlegung der budgetierten Einnahmen;/api/frontend/latest/de/downloads/campaigns/412/forms/17;;;schweizweit;;Kampagnenfinanzierung
de;413;17;campaign_financings;all;8;09.06.2024 Bundesgesetz vom 29. September 2023 über eine sichere Stromversorgung mit erneuerbaren Energien (Änderung des Energiegesetzes und des Stromversorgungsgesetzes);;campaign_financing;Juristische Personen oder Personengesellschaften;389;FONDATION FRANZ WEBER, Bern;413;Ablehnung der Abstimmungsvorlage;Offenlegung der budgetierten Einnahmen;/api/frontend/latest/de/downloads/campaigns/413/forms/17;;;schweizweit;;Kampagnenfinanzierung
de;413;35;campaign_financings;all;8;09.06.2024 Bundesgesetz vom 29. September 2023 über eine sichere Stromversorgung mit erneuerbaren Energien (Änderung des Energiegesetzes und des Stromversorgungsgesetzes);;campaign_financing;Juristische Personen oder Personengesellschaften;389;FONDATION FRANZ WEBER, Bern;413;Ablehnung der Abstimmungsvorlage;Offenlegung der Schlussrechnung über die Einnahmen;/api/frontend/latest/de/downloads/campaigns/413/forms/35;;;schweizweit;;Kampagnenfinanzierung
de;414;23;party_financings;all;9;2023;;party_financing;Juristische Personen oder Personengesellschaften;219;Evangelische Volkspartei der Schweiz, Bern;;;Offenlegung der jährlichen Einnahmen;/api/frontend/latest/de/downloads/campaigns/414/forms/23;;;schweizweit;;Parteienfinanzierung
de;415;13;campaign_financings;all;6;09.06.2024 Für tiefere Prämien – Kostenbremse im Gesundheitswesen (Kostenbremse-Initiative);;campaign_financing;Juristische Personen oder Personengesellschaften;59;Die Mitte, Bern;415;Annahme der Abstimmungsvorlage;Offenlegung der budgetierten Einnahmen;/api/frontend/latest/de/downloads/campaigns/415/forms/13;;;schweizweit;;Kampagnenfinanzierung
de;415;31;campaign_financings;all;6;09.06.2024 Für tiefere Prämien – Kostenbremse im Gesundheitswesen (Kostenbremse-Initiative);;campaign_financing;Juristische Personen oder Personengesellschaften;59;Die Mitte, Bern;415;Annahme der Abstimmungsvorlage;Offenlegung der Schlussrechnung über die Einnahmen;/api/frontend/latest/de/downloads/campaigns/415/forms/31;;;schweizweit;;Kampagnenfinanzierung
de;416;11;campaign_financings;all;5;09.06.2024 Maximal 10 % des Einkommens für die Krankenkassenprämien (Prämien-Entlastungs-Initiative);;campaign_financing;Juristische Personen oder Personengesellschaften;8;Sozialdemokratische Partei der Schweiz, Bern;416;Annahme der Abstimmungsvorlage;Offenlegung der budgetierten Einnahmen;/api/frontend/latest/de/downloads/campaigns/416/forms/11;;;schweizweit;;Kampagnenfinanzierung
de;416;29;campaign_financings;all;5;09.06.2024 Maximal 10 % des Einkommens für die Krankenkassenprämien (Prämien-Entlastungs-Initiative);;campaign_financing;Juristische Personen oder Personengesellschaften;8;Sozialdemokratische Partei der Schweiz, Bern;416;Annahme der Abstimmungsvorlage;Offenlegung der Schlussrechnung über die Einnahmen;/api/frontend/latest/de/downloads/campaigns/416/forms/29;;;schweizweit;;Kampagnenfinanzierung
de;417;17;campaign_financings;all;8;09.06.2024 Bundesgesetz vom 29. September 2023 über eine sichere Stromversorgung mit erneuerbaren Energien (Änderung des Energiegesetzes und des Stromversorgungsgesetzes);;campaign_financing;Juristische Personen oder Personengesellschaften;8;Sozialdemokratische Partei der Schweiz, Bern;417;Annahme der Abstimmungsvorlage;Offenlegung der budgetierten Einnahmen;/api/frontend/latest/de/downloads/campaigns/417/forms/17;;;schweizweit;;Kampagnenfinanzierung
de;417;18;campaign_financings;all;8;09.06.2024 Bundesgesetz vom 29. September 2023 über eine sichere Stromversorgung mit erneuerbaren Energien (Änderung des Energiegesetzes und des Stromversorgungsgesetzes);;campaign_financing;Juristische Personen oder Personengesellschaften;8;Sozialdemokratische Partei der Schweiz, Bern;417;Annahme der Abstimmungsvorlage;Offenlegung von Zuwendungen über 15 000 Franken;/api/frontend/latest/de/downloads/campaigns/417/forms/18;;;schweizweit;;Kampagnenfinanzierung
de;417;35;campaign_financings;all;8;09.06.2024 Bundesgesetz vom 29. September 2023 über eine sichere Stromversorgung mit erneuerbaren Energien (Änderung des Energiegesetzes und des Stromversorgungsgesetzes);;campaign_financing;Juristische Personen oder Personengesellschaften;8;Sozialdemokratische Partei der Schweiz, Bern;417;Annahme der Abstimmungsvorlage;Offenlegung der Schlussrechnung über die Einnahmen;/api/frontend/latest/de/downloads/campaigns/417/forms/35;;;schweizweit;;Kampagnenfinanzierung
de;417;36;campaign_financings;all;8;09.06.2024 Bundesgesetz vom 29. September 2023 über eine sichere Stromversorgung mit erneuerbaren Energien (Änderung des Energiegesetzes und des Stromversorgungsgesetzes);;campaign_financing;Juristische Personen oder Personengesellschaften;8;Sozialdemokratische Partei der Schweiz, Bern;417;Annahme der Abstimmungsvorlage;Offenlegung von Zuwendungen über 15 000 Franken (Schlussrechnung);/api/frontend/latest/de/downloads/campaigns/417/forms/36;;;schweizweit;;Kampagnenfinanzierung
de;418;11;campaign_financings;all;5;09.06.2024 Maximal 10 % des Einkommens für die Krankenkassenprämien (Prämien-Entlastungs-Initiative);;campaign_financing;Juristische Personen oder Personengesellschaften;390;Allianz 2x Nein zu den Gesundheitsinitiativen, Bern;418;Ablehnung der Abstimmungsvorlage;Offenlegung der budgetierten Einnahmen;/api/frontend/latest/de/downloads/campaigns/418/forms/11;;;schweizweit;;Kampagnenfinanzierung
de;418;12;campaign_financings;all;5;09.06.2024 Maximal 10 % des Einkommens für die Krankenkassenprämien (Prämien-Entlastungs-Initiative);;campaign_financing;Juristische Personen oder Personengesellschaften;390;Allianz 2x Nein zu den Gesundheitsinitiativen, Bern;418;Ablehnung der Abstimmungsvorlage;Offenlegung von Zuwendungen über 15 000 Franken;/api/frontend/latest/de/downloads/campaigns/418/forms/12;;;schweizweit;;Kampagnenfinanzierung
de;418;29;campaign_financings;all;5;09.06.2024 Maximal 10 % des Einkommens für die Krankenkassenprämien (Prämien-Entlastungs-Initiative);;campaign_financing;Juristische Personen oder Personengesellschaften;390;Allianz 2x Nein zu den Gesundheitsinitiativen, Bern;418;Ablehnung der Abstimmungsvorlage;Offenlegung der Schlussrechnung über die Einnahmen;/api/frontend/latest/de/downloads/campaigns/418/forms/29;;;schweizweit;;Kampagnenfinanzierung
de;418;30;campaign_financings;all;5;09.06.2024 Maximal 10 % des Einkommens für die Krankenkassenprämien (Prämien-Entlastungs-Initiative);;campaign_financing;Juristische Personen oder Personengesellschaften;390;Allianz 2x Nein zu den Gesundheitsinitiativen, Bern;418;Ablehnung der Abstimmungsvorlage;Offenlegung von Zuwendungen über 15 000 Franken (Schlussrechnung);/api/frontend/latest/de/downloads/campaigns/418/forms/30;;;schweizweit;;Kampagnenfinanzierung
de;419;11;campaign_financings;all;5;09.06.2024 Maximal 10 % des Einkommens für die Krankenkassenprämien (Prämien-Entlastungs-Initiative);;campaign_financing;Juristische Personen oder Personengesellschaften;374;Schweizerischer Gewerkschaftsbund (SGB), Bern;419;Annahme der Abstimmungsvorlage;Offenlegung der budgetierten Einnahmen;/api/frontend/latest/de/downloads/campaigns/419/forms/11;;;schweizweit;;Kampagnenfinanzierung
de;419;29;campaign_financings;all;5;09.06.2024 Maximal 10 % des Einkommens für die Krankenkassenprämien (Prämien-Entlastungs-Initiative);;campaign_financing;Juristische Personen oder Personengesellschaften;374;Schweizerischer Gewerkschaftsbund (SGB), Bern;419;Annahme der Abstimmungsvorlage;Offenlegung der Schlussrechnung über die Einnahmen;/api/frontend/latest/de/downloads/campaigns/419/forms/29;;;schweizweit;;Kampagnenfinanzierung
de;42;1;campaign_financings;all;1;22.10.2023 Nationalratswahlen 2023;2023;campaign_financing;Natürliche Personen;60;Schoop Adrian, Turgi;42;Schoop Adrian (Aargau, FDP.Die Liberalen);Offenlegung der budgetierten Einnahmen;/api/frontend/latest/de/downloads/campaigns/42/forms/1;Budgetzahlen;Einzelperson;Aargau;FDP.Die Liberalen;Kampagnenfinanzierung
de;42;5;campaign_financings;all;1;22.10.2023 Nationalratswahlen 2023;2023;campaign_financing;Natürliche Personen;60;Schoop Adrian, Turgi;42;Schoop Adrian (Aargau, FDP.Die Liberalen);Offenlegung der Schlussrechnung über die Einnahmen;/api/frontend/latest/de/downloads/campaigns/42/forms/5;Definitive Zahlen;Einzelperson;Aargau;FDP.Die Liberalen;Kampagnenfinanzierung
de;42;6;campaign_financings;all;1;22.10.2023 Nationalratswahlen 2023;2023;campaign_financing;Natürliche Personen;60;Schoop Adrian, Turgi;42;Schoop Adrian (Aargau, FDP.Die Liberalen);Offenlegung von Zuwendungen über 15 000 Franken (Schlussrechnung);/api/frontend/latest/de/downloads/campaigns/42/forms/6;Definitive Zahlen;Einzelperson;Aargau;FDP.Die Liberalen;Kampagnenfinanzierung
de;420;17;campaign_financings;all;8;09.06.2024 Bundesgesetz vom 29. September 2023 über eine sichere Stromversorgung mit erneuerbaren Energien (Änderung des Energiegesetzes und des Stromversorgungsgesetzes);;campaign_financing;Juristische Personen oder Personengesellschaften;42;Schweizerische Volkspartei (SVP), Bern;420;Ablehnung der Abstimmungsvorlage;Offenlegung der budgetierten Einnahmen;/api/frontend/latest/de/downloads/campaigns/420/forms/17;;;schweizweit;;Kampagnenfinanzierung
de;420;35;campaign_financings;all;8;09.06.2024 Bundesgesetz vom 29. September 2023 über eine sichere Stromversorgung mit erneuerbaren Energien (Änderung des Energiegesetzes und des Stromversorgungsgesetzes);;campaign_financing;Juristische Personen oder Personengesellschaften;42;Schweizerische Volkspartei (SVP), Bern;420;Ablehnung der Abstimmungsvorlage;Offenlegung der Schlussrechnung über die Einnahmen;/api/frontend/latest/de/downloads/campaigns/420/forms/35;;;schweizweit;;Kampagnenfinanzierung
de;421;17;campaign_financings;all;8;09.06.2024 Bundesgesetz vom 29. September 2023 über eine sichere Stromversorgung mit erneuerbaren Energien (Änderung des Energiegesetzes und des Stromversorgungsgesetzes);;campaign_financing;Juristische Personen oder Personengesellschaften;9;GRÜNE Schweiz, Bern;421;Annahme der Abstimmungsvorlage;Offenlegung der budgetierten Einnahmen;/api/frontend/latest/de/downloads/campaigns/421/forms/17;;;schweizweit;;Kampagnenfinanzierung
de;421;35;campaign_financings;all;8;09.06.2024 Bundesgesetz vom 29. September 2023 über eine sichere Stromversorgung mit erneuerbaren Energien (Änderung des Energiegesetzes und des Stromversorgungsgesetzes);;campaign_financing;Juristische Personen oder Personengesellschaften;9;GRÜNE Schweiz, Bern;421;Annahme der Abstimmungsvorlage;Offenlegung der Schlussrechnung über die Einnahmen;/api/frontend/latest/de/downloads/campaigns/421/forms/35;;;schweizweit;;Kampagnenfinanzierung
de;422;17;campaign_financings;all;8;09.06.2024 Bundesgesetz vom 29. September 2023 über eine sichere Stromversorgung mit erneuerbaren Energien (Änderung des Energiegesetzes und des Stromversorgungsgesetzes);;campaign_financing;Juristische Personen oder Personengesellschaften;384;Schweizerische Energie-Stiftung, Zürich;422;Annahme der Abstimmungsvorlage;Offenlegung der budgetierten Einnahmen;/api/frontend/latest/de/downloads/campaigns/422/forms/17;;;schweizweit;;Kampagnenfinanzierung
de;422;18;campaign_financings;all;8;09.06.2024 Bundesgesetz vom 29. September 2023 über eine sichere Stromversorgung mit erneuerbaren Energien (Änderung des Energiegesetzes und des Stromversorgungsgesetzes);;campaign_financing;Juristische Personen oder Personengesellschaften;384;Schweizerische Energie-Stiftung, Zürich;422;Annahme der Abstimmungsvorlage;Offenlegung von Zuwendungen über 15 000 Franken;/api/frontend/latest/de/downloads/campaigns/422/forms/18;;;schweizweit;;Kampagnenfinanzierung
de;422;35;campaign_financings;all;8;09.06.2024 Bundesgesetz vom 29. September 2023 über eine sichere Stromversorgung mit erneuerbaren Energien (Änderung des Energiegesetzes und des Stromversorgungsgesetzes);;campaign_financing;Juristische Personen oder Personengesellschaften;384;Schweizerische Energie-Stiftung, Zürich;422;Annahme der Abstimmungsvorlage;Offenlegung der Schlussrechnung über die Einnahmen;/api/frontend/latest/de/downloads/campaigns/422/forms/35;;;schweizweit;;Kampagnenfinanzierung
de;422;36;campaign_financings;all;8;09.06.2024 Bundesgesetz vom 29. September 2023 über eine sichere Stromversorgung mit erneuerbaren Energien (Änderung des Energiegesetzes und des Stromversorgungsgesetzes);;campaign_financing;Juristische Personen oder Personengesellschaften;384;Schweizerische Energie-Stiftung, Zürich;422;Annahme der Abstimmungsvorlage;Offenlegung von Zuwendungen über 15 000 Franken (Schlussrechnung);/api/frontend/latest/de/downloads/campaigns/422/forms/36;;;schweizweit;;Kampagnenfinanzierung
de;423;13;campaign_financings;all;6;09.06.2024 Für tiefere Prämien – Kostenbremse im Gesundheitswesen (Kostenbremse-Initiative);;campaign_financing;Juristische Personen oder Personengesellschaften;390;Allianz 2x Nein zu den Gesundheitsinitiativen, Bern;423;Ablehnung der Abstimmungsvorlage;Offenlegung der budgetierten Einnahmen;/api/frontend/latest/de/downloads/campaigns/423/forms/13;;;schweizweit;;Kampagnenfinanzierung
de;423;14;campaign_financings;all;6;09.06.2024 Für tiefere Prämien – Kostenbremse im Gesundheitswesen (Kostenbremse-Initiative);;campaign_financing;Juristische Personen oder Personengesellschaften;390;Allianz 2x Nein zu den Gesundheitsinitiativen, Bern;423;Ablehnung der Abstimmungsvorlage;Offenlegung von Zuwendungen über 15 000 Franken;/api/frontend/latest/de/downloads/campaigns/423/forms/14;;;schweizweit;;Kampagnenfinanzierung
de;423;31;campaign_financings;all;6;09.06.2024 Für tiefere Prämien – Kostenbremse im Gesundheitswesen (Kostenbremse-Initiative);;campaign_financing;Juristische Personen oder Personengesellschaften;390;Allianz 2x Nein zu den Gesundheitsinitiativen, Bern;423;Ablehnung der Abstimmungsvorlage;Offenlegung der Schlussrechnung über die Einnahmen;/api/frontend/latest/de/downloads/campaigns/423/forms/31;;;schweizweit;;Kampagnenfinanzierung
de;423;32;campaign_financings;all;6;09.06.2024 Für tiefere Prämien – Kostenbremse im Gesundheitswesen (Kostenbremse-Initiative);;campaign_financing;Juristische Personen oder Personengesellschaften;390;Allianz 2x Nein zu den Gesundheitsinitiativen, Bern;423;Ablehnung der Abstimmungsvorlage;Offenlegung von Zuwendungen über 15 000 Franken (Schlussrechnung);/api/frontend/latest/de/downloads/campaigns/423/forms/32;;;schweizweit;;Kampagnenfinanzierung
de;424;17;campaign_financings;all;8;09.06.2024 Bundesgesetz vom 29. September 2023 über eine sichere Stromversorgung mit erneuerbaren Energien (Änderung des Energiegesetzes und des Stromversorgungsgesetzes);;campaign_financing;Juristische Personen oder Personengesellschaften;391;Bündnis für Natur und Landschaft Schweiz, Bern;424;Ablehnung der Abstimmungsvorlage;Offenlegung der budgetierten Einnahmen;/api/frontend/latest/de/downloads/campaigns/424/forms/17;;;schweizweit;;Kampagnenfinanzierung
de;424;18;campaign_financings;all;8;09.06.2024 Bundesgesetz vom 29. September 2023 über eine sichere Stromversorgung mit erneuerbaren Energien (Änderung des Energiegesetzes und des Stromversorgungsgesetzes);;campaign_financing;Juristische Personen oder Personengesellschaften;391;Bündnis für Natur und Landschaft Schweiz, Bern;424;Ablehnung der Abstimmungsvorlage;Offenlegung von Zuwendungen über 15 000 Franken;/api/frontend/latest/de/downloads/campaigns/424/forms/18;;;schweizweit;;Kampagnenfinanzierung
de;424;35;campaign_financings;all;8;09.06.2024 Bundesgesetz vom 29. September 2023 über eine sichere Stromversorgung mit erneuerbaren Energien (Änderung des Energiegesetzes und des Stromversorgungsgesetzes);;campaign_financing;Juristische Personen oder Personengesellschaften;391;Bündnis für Natur und Landschaft Schweiz, Bern;424;Ablehnung der Abstimmungsvorlage;Offenlegung der Schlussrechnung über die Einnahmen;/api/frontend/latest/de/downloads/campaigns/424/forms/35;;;schweizweit;;Kampagnenfinanzierung
de;424;36;campaign_financings;all;8;09.06.2024 Bundesgesetz vom 29. September 2023 über eine sichere Stromversorgung mit erneuerbaren Energien (Änderung des Energiegesetzes und des Stromversorgungsgesetzes);;campaign_financing;Juristische Personen oder Personengesellschaften;391;Bündnis für Natur und Landschaft Schweiz, Bern;424;Ablehnung der Abstimmungsvorlage;Offenlegung von Zuwendungen über 15 000 Franken (Schlussrechnung);/api/frontend/latest/de/downloads/campaigns/424/forms/36;;;schweizweit;;Kampagnenfinanzierung
de;425;15;campaign_financings;all;7;09.06.2024 Für Freiheit und körperliche Unversehrtheit;;campaign_financing;Juristische Personen oder Personengesellschaften;331;Eidgenössisch-Demokratische Union Schweiz (EDU Schweiz), Thun;425;Annahme der Abstimmungsvorlage;Offenlegung der budgetierten Einnahmen;/api/frontend/latest/de/downloads/campaigns/425/forms/15;;;schweizweit;;Kampagnenfinanzierung
de;425;33;campaign_financings;all;7;09.06.2024 Für Freiheit und körperliche Unversehrtheit;;campaign_financing;Juristische Personen oder Personengesellschaften;331;Eidgenössisch-Demokratische Union Schweiz (EDU Schweiz), Thun;425;Annahme der Abstimmungsvorlage;Offenlegung der Schlussrechnung über die Einnahmen;/api/frontend/latest/de/downloads/campaigns/425/forms/33;;;schweizweit;;Kampagnenfinanzierung
de;426;23;party_financings;all;9;2023;;party_financing;Juristische Personen oder Personengesellschaften;33;Grünliberale Partei Schweiz, Bern;;;Offenlegung der jährlichen Einnahmen;/api/frontend/latest/de/downloads/campaigns/426/forms/23;;;schweizweit;;Parteienfinanzierung
de;426;24;party_financings;all;9;2023;;party_financing;Juristische Personen oder Personengesellschaften;33;Grünliberale Partei Schweiz, Bern;;;Offenlegung von Zuwendungen über 15 000 Franken;/api/frontend/latest/de/downloads/campaigns/426/forms/24;;;schweizweit;;Parteienfinanzierung
de;427;23;party_financings;all;9;2023;;party_financing;Juristische Personen oder Personengesellschaften;8;Sozialdemokratische Partei der Schweiz, Bern;;;Offenlegung der jährlichen Einnahmen;/api/frontend/latest/de/downloads/campaigns/427/forms/23;;;schweizweit;;Parteienfinanzierung
de;427;24;party_financings;all;9;2023;;party_financing;Juristische Personen oder Personengesellschaften;8;Sozialdemokratische Partei der Schweiz, Bern;;;Offenlegung von Zuwendungen über 15 000 Franken;/api/frontend/latest/de/downloads/campaigns/427/forms/24;;;schweizweit;;Parteienfinanzierung
de;428;23;party_financings;all;9;2023;;party_financing;Juristische Personen oder Personengesellschaften;42;Schweizerische Volkspartei (SVP), Bern;;;Offenlegung der jährlichen Einnahmen;/api/frontend/latest/de/downloads/campaigns/428/forms/23;;;schweizweit;;Parteienfinanzierung
de;428;24;party_financings;all;9;2023;;party_financing;Juristische Personen oder Personengesellschaften;42;Schweizerische Volkspartei (SVP), Bern;;;Offenlegung von Zuwendungen über 15 000 Franken;/api/frontend/latest/de/downloads/campaigns/428/forms/24;;;schweizweit;;Parteienfinanzierung
de;429;17;campaign_financings;all;8;09.06.2024 Bundesgesetz vom 29. September 2023 über eine sichere Stromversorgung mit erneuerbaren Energien (Änderung des Energiegesetzes und des Stromversorgungsgesetzes);;campaign_financing;Juristische Personen oder Personengesellschaften;393;Allianz gegen das Stromgesetz, Zürich;429;Ablehnung der Abstimmungsvorlage;Offenlegung der budgetierten Einnahmen;/api/frontend/latest/de/downloads/campaigns/429/forms/17;;;schweizweit;;Kampagnenfinanzierung
de;429;18;campaign_financings;all;8;09.06.2024 Bundesgesetz vom 29. September 2023 über eine sichere Stromversorgung mit erneuerbaren Energien (Änderung des Energiegesetzes und des Stromversorgungsgesetzes);;campaign_financing;Juristische Personen oder Personengesellschaften;393;Allianz gegen das Stromgesetz, Zürich;429;Ablehnung der Abstimmungsvorlage;Offenlegung von Zuwendungen über 15 000 Franken;/api/frontend/latest/de/downloads/campaigns/429/forms/18;;;schweizweit;;Kampagnenfinanzierung
de;429;35;campaign_financings;all;8;09.06.2024 Bundesgesetz vom 29. September 2023 über eine sichere Stromversorgung mit erneuerbaren Energien (Änderung des Energiegesetzes und des Stromversorgungsgesetzes);;campaign_financing;Juristische Personen oder Personengesellschaften;393;Allianz gegen das Stromgesetz, Zürich;429;Ablehnung der Abstimmungsvorlage;Offenlegung der Schlussrechnung über die Einnahmen;/api/frontend/latest/de/downloads/campaigns/429/forms/35;;;schweizweit;;Kampagnenfinanzierung
de;429;36;campaign_financings;all;8;09.06.2024 Bundesgesetz vom 29. September 2023 über eine sichere Stromversorgung mit erneuerbaren Energien (Änderung des Energiegesetzes und des Stromversorgungsgesetzes);;campaign_financing;Juristische Personen oder Personengesellschaften;393;Allianz gegen das Stromgesetz, Zürich;429;Ablehnung der Abstimmungsvorlage;Offenlegung von Zuwendungen über 15 000 Franken (Schlussrechnung);/api/frontend/latest/de/downloads/campaigns/429/forms/36;;;schweizweit;;Kampagnenfinanzierung
de;43;1;campaign_financings;all;1;22.10.2023 Nationalratswahlen 2023;2023;campaign_financing;Juristische Personen oder Personengesellschaften;37;Sozialdemokratische Partei Kanton Aargau, Aarau;43;Unterstützte Kandidierende: 16 (namentliche Auflistung in untenstehender Meldung der Einnahmen vorhanden);Offenlegung der budgetierten Einnahmen;/api/frontend/latest/de/downloads/campaigns/43/forms/1;Budgetzahlen;Gruppe von Kandidierenden (namentliche Auflistung in untenstehender Meldung der Einnahmen vorhanden);Aargau;Sozialdemokratische Partei der Schweiz;Kampagnenfinanzierung
de;43;2;campaign_financings;all;1;22.10.2023 Nationalratswahlen 2023;2023;campaign_financing;Juristische Personen oder Personengesellschaften;37;Sozialdemokratische Partei Kanton Aargau, Aarau;43;Unterstützte Kandidierende: 16 (namentliche Auflistung in untenstehender Meldung der Einnahmen vorhanden);Offenlegung von Zuwendungen über 15 000 Franken;/api/frontend/latest/de/downloads/campaigns/43/forms/2;Budgetzahlen;Gruppe von Kandidierenden (namentliche Auflistung in untenstehender Meldung der Einnahmen vorhanden);Aargau;Sozialdemokratische Partei der Schweiz;Kampagnenfinanzierung
de;43;5;campaign_financings;all;1;22.10.2023 Nationalratswahlen 2023;2023;campaign_financing;Juristische Personen oder Personengesellschaften;37;Sozialdemokratische Partei Kanton Aargau, Aarau;43;Unterstützte Kandidierende: 16 (namentliche Auflistung in untenstehender Meldung der Einnahmen vorhanden);Offenlegung der Schlussrechnung über die Einnahmen;/api/frontend/latest/de/downloads/campaigns/43/forms/5;Definitive Zahlen;Gruppe von Kandidierenden (namentliche Auflistung in untenstehender Meldung der Einnahmen vorhanden);Aargau;Sozialdemokratische Partei der Schweiz;Kampagnenfinanzierung
de;43;6;campaign_financings;all;1;22.10.2023 Nationalratswahlen 2023;2023;campaign_financing;Juristische Personen oder Personengesellschaften;37;Sozialdemokratische Partei Kanton Aargau, Aarau;43;Unterstützte Kandidierende: 16 (namentliche Auflistung in untenstehender Meldung der Einnahmen vorhanden);Offenlegung von Zuwendungen über 15 000 Franken (Schlussrechnung);/api/frontend/latest/de/downloads/campaigns/43/forms/6;Definitive Zahlen;Gruppe von Kandidierenden (namentliche Auflistung in untenstehender Meldung der Einnahmen vorhanden);Aargau;Sozialdemokratische Partei der Schweiz;Kampagnenfinanzierung
de;430;25;campaign_financings;all;10;22.09.2024 Für die Zukunft unserer Natur und Landschaft (Biodiversitätsinitiative);;campaign_financing;Juristische Personen oder Personengesellschaften;386;Ja zu mehr Natur, Landschaft und Baukultur, Basel;430;Annahme der Abstimmungsvorlage;Offenlegung der budgetierten Einnahmen;/api/frontend/latest/de/downloads/campaigns/430/forms/25;;;schweizweit;;Kampagnenfinanzierung
de;430;26;campaign_financings;all;10;22.09.2024 Für die Zukunft unserer Natur und Landschaft (Biodiversitätsinitiative);;campaign_financing;Juristische Personen oder Personengesellschaften;386;Ja zu mehr Natur, Landschaft und Baukultur, Basel;430;Annahme der Abstimmungsvorlage;Offenlegung von Zuwendungen über 15 000 Franken;/api/frontend/latest/de/downloads/campaigns/430/forms/26;;;schweizweit;;Kampagnenfinanzierung
de;430;45;campaign_financings;all;10;22.09.2024 Für die Zukunft unserer Natur und Landschaft (Biodiversitätsinitiative);;campaign_financing;Juristische Personen oder Personengesellschaften;386;Ja zu mehr Natur, Landschaft und Baukultur, Basel;430;Annahme der Abstimmungsvorlage;Offenlegung der Schlussrechnung über die Einnahmen;/api/frontend/latest/de/downloads/campaigns/430/forms/45;;;schweizweit;;Kampagnenfinanzierung
de;430;46;campaign_financings;all;10;22.09.2024 Für die Zukunft unserer Natur und Landschaft (Biodiversitätsinitiative);;campaign_financing;Juristische Personen oder Personengesellschaften;386;Ja zu mehr Natur, Landschaft und Baukultur, Basel;430;Annahme der Abstimmungsvorlage;Offenlegung von Zuwendungen über 15 000 Franken (Schlussrechnung);/api/frontend/latest/de/downloads/campaigns/430/forms/46;;;schweizweit;;Kampagnenfinanzierung
de;431;23;party_financings;all;9;2023;;party_financing;Juristische Personen oder Personengesellschaften;331;Eidgenössisch-Demokratische Union Schweiz (EDU Schweiz), Thun;;;Offenlegung der jährlichen Einnahmen;/api/frontend/latest/de/downloads/campaigns/431/forms/23;;;schweizweit;;Parteienfinanzierung
de;432;23;party_financings;all;9;2023;;party_financing;Juristische Personen oder Personengesellschaften;59;Die Mitte, Bern;;;Offenlegung der jährlichen Einnahmen;/api/frontend/latest/de/downloads/campaigns/432/forms/23;;;schweizweit;;Parteienfinanzierung
de;432;24;party_financings;all;9;2023;;party_financing;Juristische Personen oder Personengesellschaften;59;Die Mitte, Bern;;;Offenlegung von Zuwendungen über 15 000 Franken;/api/frontend/latest/de/downloads/campaigns/432/forms/24;;;schweizweit;;Parteienfinanzierung
de;433;23;party_financings;all;9;2023;;party_financing;Juristische Personen oder Personengesellschaften;9;GRÜNE Schweiz, Bern;;;Offenlegung der jährlichen Einnahmen;/api/frontend/latest/de/downloads/campaigns/433/forms/23;;;schweizweit;;Parteienfinanzierung
de;433;24;party_financings;all;9;2023;;party_financing;Juristische Personen oder Personengesellschaften;9;GRÜNE Schweiz, Bern;;;Offenlegung von Zuwendungen über 15 000 Franken;/api/frontend/latest/de/downloads/campaigns/433/forms/24;;;schweizweit;;Parteienfinanzierung
de;434;25;campaign_financings;all;10;22.09.2024 Für die Zukunft unserer Natur und Landschaft (Biodiversitätsinitiative);;campaign_financing;Juristische Personen oder Personengesellschaften;263;Schweizer Bauernverband (SBV), Brugg;434;Ablehnung der Abstimmungsvorlage;Offenlegung der budgetierten Einnahmen;/api/frontend/latest/de/downloads/campaigns/434/forms/25;;;schweizweit;;Kampagnenfinanzierung
de;434;26;campaign_financings;all;10;22.09.2024 Für die Zukunft unserer Natur und Landschaft (Biodiversitätsinitiative);;campaign_financing;Juristische Personen oder Personengesellschaften;263;Schweizer Bauernverband (SBV), Brugg;434;Ablehnung der Abstimmungsvorlage;Offenlegung von Zuwendungen über 15 000 Franken;/api/frontend/latest/de/downloads/campaigns/434/forms/26;;;schweizweit;;Kampagnenfinanzierung
de;434;45;campaign_financings;all;10;22.09.2024 Für die Zukunft unserer Natur und Landschaft (Biodiversitätsinitiative);;campaign_financing;Juristische Personen oder Personengesellschaften;263;Schweizer Bauernverband (SBV), Brugg;434;Ablehnung der Abstimmungsvorlage;Offenlegung der Schlussrechnung über die Einnahmen;/api/frontend/latest/de/downloads/campaigns/434/forms/45;;;schweizweit;;Kampagnenfinanzierung
de;434;46;campaign_financings;all;10;22.09.2024 Für die Zukunft unserer Natur und Landschaft (Biodiversitätsinitiative);;campaign_financing;Juristische Personen oder Personengesellschaften;263;Schweizer Bauernverband (SBV), Brugg;434;Ablehnung der Abstimmungsvorlage;Offenlegung von Zuwendungen über 15 000 Franken (Schlussrechnung);/api/frontend/latest/de/downloads/campaigns/434/forms/46;;;schweizweit;;Kampagnenfinanzierung
de;436;27;campaign_financings;all;11;22.09.2024 Bundesgesetzes über die berufliche Alters-, Hinterlassenen- und Invalidenvorsorge (BVG) (Reform der beruflichen Vorsorge);;campaign_financing;Juristische Personen oder Personengesellschaften;328;Swissmem, Zürich;436;Annahme der Abstimmungsvorlage;Offenlegung der budgetierten Einnahmen;/api/frontend/latest/de/downloads/campaigns/436/forms/27;;;schweizweit;;Kampagnenfinanzierung
de;436;47;campaign_financings;all;11;22.09.2024 Bundesgesetzes über die berufliche Alters-, Hinterlassenen- und Invalidenvorsorge (BVG) (Reform der beruflichen Vorsorge);;campaign_financing;Juristische Personen oder Personengesellschaften;328;Swissmem, Zürich;436;Annahme der Abstimmungsvorlage;Offenlegung der Schlussrechnung über die Einnahmen;/api/frontend/latest/de/downloads/campaigns/436/forms/47;;;schweizweit;;Kampagnenfinanzierung
de;437;23;party_financings;all;9;2023;;party_financing;Juristische Personen oder Personengesellschaften;43;FDP.Die Liberalen, Bern;;;Offenlegung der jährlichen Einnahmen;/api/frontend/latest/de/downloads/campaigns/437/forms/23;;;schweizweit;;Parteienfinanzierung
de;437;24;party_financings;all;9;2023;;party_financing;Juristische Personen oder Personengesellschaften;43;FDP.Die Liberalen, Bern;;;Offenlegung von Zuwendungen über 15 000 Franken;/api/frontend/latest/de/downloads/campaigns/437/forms/24;;;schweizweit;;Parteienfinanzierung
de;438;23;party_financings;all;9;2023;;party_financing;Juristische Personen oder Personengesellschaften;394;Lega dei Ticinesi, Lugano;;;Offenlegung der jährlichen Einnahmen;/api/frontend/latest/de/downloads/campaigns/438/forms/23;;;Tessin;;Parteienfinanzierung
de;438;24;party_financings;all;9;2023;;party_financing;Juristische Personen oder Personengesellschaften;394;Lega dei Ticinesi, Lugano;;;Offenlegung von Zuwendungen über 15 000 Franken;/api/frontend/latest/de/downloads/campaigns/438/forms/24;;;Tessin;;Parteienfinanzierung
de;44;1;campaign_financings;all;1;22.10.2023 Nationalratswahlen 2023;2023;campaign_financing;Juristische Personen oder Personengesellschaften;115;Sozialdemokratische Partei Basel-Stadt, Basel-Stadt;44;Unterstützte Kandidierende: 8 (namentliche Auflistung in untenstehender Meldung der Einnahmen vorhanden);Offenlegung der budgetierten Einnahmen;/api/frontend/latest/de/downloads/campaigns/44/forms/1;Budgetzahlen;Gruppe von Kandidierenden (namentliche Auflistung in untenstehender Meldung der Einnahmen vorhanden);Basel-Stadt;Sozialdemokratische Partei der Schweiz;Kampagnenfinanzierung
de;44;2;campaign_financings;all;1;22.10.2023 Nationalratswahlen 2023;2023;campaign_financing;Juristische Personen oder Personengesellschaften;115;Sozialdemokratische Partei Basel-Stadt, Basel-Stadt;44;Unterstützte Kandidierende: 8 (namentliche Auflistung in untenstehender Meldung der Einnahmen vorhanden);Offenlegung von Zuwendungen über 15 000 Franken;/api/frontend/latest/de/downloads/campaigns/44/forms/2;Budgetzahlen;Gruppe von Kandidierenden (namentliche Auflistung in untenstehender Meldung der Einnahmen vorhanden);Basel-Stadt;Sozialdemokratische Partei der Schweiz;Kampagnenfinanzierung
de;44;5;campaign_financings;all;1;22.10.2023 Nationalratswahlen 2023;2023;campaign_financing;Juristische Personen oder Personengesellschaften;115;Sozialdemokratische Partei Basel-Stadt, Basel-Stadt;44;Unterstützte Kandidierende: 8 (namentliche Auflistung in untenstehender Meldung der Einnahmen vorhanden);Offenlegung der Schlussrechnung über die Einnahmen;/api/frontend/latest/de/downloads/campaigns/44/forms/5;Definitive Zahlen;Gruppe von Kandidierenden (namentliche Auflistung in untenstehender Meldung der Einnahmen vorhanden);Basel-Stadt;Sozialdemokratische Partei der Schweiz;Kampagnenfinanzierung
de;44;6;campaign_financings;all;1;22.10.2023 Nationalratswahlen 2023;2023;campaign_financing;Juristische Personen oder Personengesellschaften;115;Sozialdemokratische Partei Basel-Stadt, Basel-Stadt;44;Unterstützte Kandidierende: 8 (namentliche Auflistung in untenstehender Meldung der Einnahmen vorhanden);Offenlegung von Zuwendungen über 15 000 Franken (Schlussrechnung);/api/frontend/latest/de/downloads/campaigns/44/forms/6;Definitive Zahlen;Gruppe von Kandidierenden (namentliche Auflistung in untenstehender Meldung der Einnahmen vorhanden);Basel-Stadt;Sozialdemokratische Partei der Schweiz;Kampagnenfinanzierung
de;440;31;campaign_financings;all;6;09.06.2024 Für tiefere Prämien – Kostenbremse im Gesundheitswesen (Kostenbremse-Initiative);;campaign_financing;Juristische Personen oder Personengesellschaften;392;Ärztegesellschaft des Kantons St. Gallen, Oberuzwil;440;Ablehnung der Abstimmungsvorlage;Offenlegung der Schlussrechnung über die Einnahmen;/api/frontend/latest/de/downloads/campaigns/440/forms/31;;;St. Gallen;;Kampagnenfinanzierung
de;441;27;campaign_financings;all;11;22.09.2024 Bundesgesetzes über die berufliche Alters-, Hinterlassenen- und Invalidenvorsorge (BVG) (Reform der beruflichen Vorsorge);;campaign_financing;Juristische Personen oder Personengesellschaften;374;Schweizerischer Gewerkschaftsbund (SGB), Bern;441;Ablehnung der Abstimmungsvorlage;Offenlegung der budgetierten Einnahmen;/api/frontend/latest/de/downloads/campaigns/441/forms/27;;;schweizweit;;Kampagnenfinanzierung
de;441;28;campaign_financings;all;11;22.09.2024 Bundesgesetzes über die berufliche Alters-, Hinterlassenen- und Invalidenvorsorge (BVG) (Reform der beruflichen Vorsorge);;campaign_financing;Juristische Personen oder Personengesellschaften;374;Schweizerischer Gewerkschaftsbund (SGB), Bern;441;Ablehnung der Abstimmungsvorlage;Offenlegung von Zuwendungen über 15 000 Franken;/api/frontend/latest/de/downloads/campaigns/441/forms/28;;;schweizweit;;Kampagnenfinanzierung
de;441;47;campaign_financings;all;11;22.09.2024 Bundesgesetzes über die berufliche Alters-, Hinterlassenen- und Invalidenvorsorge (BVG) (Reform der beruflichen Vorsorge);;campaign_financing;Juristische Personen oder Personengesellschaften;374;Schweizerischer Gewerkschaftsbund (SGB), Bern;441;Ablehnung der Abstimmungsvorlage;Offenlegung der Schlussrechnung über die Einnahmen;/api/frontend/latest/de/downloads/campaigns/441/forms/47;;;schweizweit;;Kampagnenfinanzierung
de;441;48;campaign_financings;all;11;22.09.2024 Bundesgesetzes über die berufliche Alters-, Hinterlassenen- und Invalidenvorsorge (BVG) (Reform der beruflichen Vorsorge);;campaign_financing;Juristische Personen oder Personengesellschaften;374;Schweizerischer Gewerkschaftsbund (SGB), Bern;441;Ablehnung der Abstimmungsvorlage;Offenlegung von Zuwendungen über 15 000 Franken (Schlussrechnung);/api/frontend/latest/de/downloads/campaigns/441/forms/48;;;schweizweit;;Kampagnenfinanzierung
de;442;27;campaign_financings;all;11;22.09.2024 Bundesgesetzes über die berufliche Alters-, Hinterlassenen- und Invalidenvorsorge (BVG) (Reform der beruflichen Vorsorge);;campaign_financing;Juristische Personen oder Personengesellschaften;380;Gewerkschaft Unia, Bern;442;Ablehnung der Abstimmungsvorlage;Offenlegung der budgetierten Einnahmen;/api/frontend/latest/de/downloads/campaigns/442/forms/27;;;schweizweit;;Kampagnenfinanzierung
de;442;47;campaign_financings;all;11;22.09.2024 Bundesgesetzes über die berufliche Alters-, Hinterlassenen- und Invalidenvorsorge (BVG) (Reform der beruflichen Vorsorge);;campaign_financing;Juristische Personen oder Personengesellschaften;380;Gewerkschaft Unia, Bern;442;Ablehnung der Abstimmungsvorlage;Offenlegung der Schlussrechnung über die Einnahmen;/api/frontend/latest/de/downloads/campaigns/442/forms/47;;;schweizweit;;Kampagnenfinanzierung
de;443;23;party_financings;all;9;2023;;party_financing;Juristische Personen oder Personengesellschaften;268;Mouvement Citoyens Genevois, Genève;;;Offenlegung der jährlichen Einnahmen;/api/frontend/latest/de/downloads/campaigns/443/forms/23;;;Genf;;Parteienfinanzierung
de;444;23;party_financings;all;9;2023;;party_financing;Juristische Personen oder Personengesellschaften;395;Partei der Arbeit Schweiz (PdA), Genf;;;Offenlegung der jährlichen Einnahmen;/api/frontend/latest/de/downloads/campaigns/444/forms/23;;;schweizweit;;Parteienfinanzierung
de;445;23;party_financings;all;9;2023;;party_financing;Juristische Personen oder Personengesellschaften;396;Union Populaire, Genève;;;Offenlegung der jährlichen Einnahmen;/api/frontend/latest/de/downloads/campaigns/445/forms/23;;;Genf;;Parteienfinanzierung
de;447;27;campaign_financings;all;11;22.09.2024 Bundesgesetzes über die berufliche Alters-, Hinterlassenen- und Invalidenvorsorge (BVG) (Reform der beruflichen Vorsorge);;campaign_financing;Juristische Personen oder Personengesellschaften;397;Travail.Suisse, Bern;447;Ablehnung der Abstimmungsvorlage;Offenlegung der budgetierten Einnahmen;/api/frontend/latest/de/downloads/campaigns/447/forms/27;;;schweizweit;;Kampagnenfinanzierung
de;447;28;campaign_financings;all;11;22.09.2024 Bundesgesetzes über die berufliche Alters-, Hinterlassenen- und Invalidenvorsorge (BVG) (Reform der beruflichen Vorsorge);;campaign_financing;Juristische Personen oder Personengesellschaften;397;Travail.Suisse, Bern;447;Ablehnung der Abstimmungsvorlage;Offenlegung von Zuwendungen über 15 000 Franken;/api/frontend/latest/de/downloads/campaigns/447/forms/28;;;schweizweit;;Kampagnenfinanzierung
de;448;27;campaign_financings;all;11;22.09.2024 Bundesgesetzes über die berufliche Alters-, Hinterlassenen- und Invalidenvorsorge (BVG) (Reform der beruflichen Vorsorge);;campaign_financing;Juristische Personen oder Personengesellschaften;8;Sozialdemokratische Partei der Schweiz, Bern;448;Ablehnung der Abstimmungsvorlage;Offenlegung der budgetierten Einnahmen;/api/frontend/latest/de/downloads/campaigns/448/forms/27;;;schweizweit;;Kampagnenfinanzierung
de;448;47;campaign_financings;all;11;22.09.2024 Bundesgesetzes über die berufliche Alters-, Hinterlassenen- und Invalidenvorsorge (BVG) (Reform der beruflichen Vorsorge);;campaign_financing;Juristische Personen oder Personengesellschaften;8;Sozialdemokratische Partei der Schweiz, Bern;448;Ablehnung der Abstimmungsvorlage;Offenlegung der Schlussrechnung über die Einnahmen;/api/frontend/latest/de/downloads/campaigns/448/forms/47;;;schweizweit;;Kampagnenfinanzierung
de;449;27;campaign_financings;all;11;22.09.2024 Bundesgesetzes über die berufliche Alters-, Hinterlassenen- und Invalidenvorsorge (BVG) (Reform der beruflichen Vorsorge);;campaign_financing;Juristische Personen oder Personengesellschaften;398;"Allianz ""Ja zur BVG-Reform"", Zürich";449;Annahme der Abstimmungsvorlage;Offenlegung der budgetierten Einnahmen;/api/frontend/latest/de/downloads/campaigns/449/forms/27;;;schweizweit;;Kampagnenfinanzierung
de;449;28;campaign_financings;all;11;22.09.2024 Bundesgesetzes über die berufliche Alters-, Hinterlassenen- und Invalidenvorsorge (BVG) (Reform der beruflichen Vorsorge);;campaign_financing;Juristische Personen oder Personengesellschaften;398;"Allianz ""Ja zur BVG-Reform"", Zürich";449;Annahme der Abstimmungsvorlage;Offenlegung von Zuwendungen über 15 000 Franken;/api/frontend/latest/de/downloads/campaigns/449/forms/28;;;schweizweit;;Kampagnenfinanzierung
de;449;47;campaign_financings;all;11;22.09.2024 Bundesgesetzes über die berufliche Alters-, Hinterlassenen- und Invalidenvorsorge (BVG) (Reform der beruflichen Vorsorge);;campaign_financing;Juristische Personen oder Personengesellschaften;398;"Allianz ""Ja zur BVG-Reform"", Zürich";449;Annahme der Abstimmungsvorlage;Offenlegung der Schlussrechnung über die Einnahmen;/api/frontend/latest/de/downloads/campaigns/449/forms/47;;;schweizweit;;Kampagnenfinanzierung
de;449;48;campaign_financings;all;11;22.09.2024 Bundesgesetzes über die berufliche Alters-, Hinterlassenen- und Invalidenvorsorge (BVG) (Reform der beruflichen Vorsorge);;campaign_financing;Juristische Personen oder Personengesellschaften;398;"Allianz ""Ja zur BVG-Reform"", Zürich";449;Annahme der Abstimmungsvorlage;Offenlegung von Zuwendungen über 15 000 Franken (Schlussrechnung);/api/frontend/latest/de/downloads/campaigns/449/forms/48;;;schweizweit;;Kampagnenfinanzierung
de;450;25;campaign_financings;all;10;22.09.2024 Für die Zukunft unserer Natur und Landschaft (Biodiversitätsinitiative);;campaign_financing;Juristische Personen oder Personengesellschaften;341;Zürcher Bauernverband (ZBV), Dübendorf;450;Ablehnung der Abstimmungsvorlage;Offenlegung der budgetierten Einnahmen;/api/frontend/latest/de/downloads/campaigns/450/forms/25;;;Zürich;;Kampagnenfinanzierung
de;450;45;campaign_financings;all;10;22.09.2024 Für die Zukunft unserer Natur und Landschaft (Biodiversitätsinitiative);;campaign_financing;Juristische Personen oder Personengesellschaften;341;Zürcher Bauernverband (ZBV), Dübendorf;450;Ablehnung der Abstimmungsvorlage;Offenlegung der Schlussrechnung über die Einnahmen;/api/frontend/latest/de/downloads/campaigns/450/forms/45;;;Zürich;;Kampagnenfinanzierung
de;451;27;campaign_financings;all;11;22.09.2024 Bundesgesetzes über die berufliche Alters-, Hinterlassenen- und Invalidenvorsorge (BVG) (Reform der beruflichen Vorsorge);;campaign_financing;Juristische Personen oder Personengesellschaften;399;"Wirtschaftsallianz ""NEIN zur BVG-Scheinreform"", Zürich";451;Ablehnung der Abstimmungsvorlage;Offenlegung der budgetierten Einnahmen;/api/frontend/latest/de/downloads/campaigns/451/forms/27;;;schweizweit;;Kampagnenfinanzierung
de;451;28;campaign_financings;all;11;22.09.2024 Bundesgesetzes über die berufliche Alters-, Hinterlassenen- und Invalidenvorsorge (BVG) (Reform der beruflichen Vorsorge);;campaign_financing;Juristische Personen oder Personengesellschaften;399;"Wirtschaftsallianz ""NEIN zur BVG-Scheinreform"", Zürich";451;Ablehnung der Abstimmungsvorlage;Offenlegung von Zuwendungen über 15 000 Franken;/api/frontend/latest/de/downloads/campaigns/451/forms/28;;;schweizweit;;Kampagnenfinanzierung
de;451;47;campaign_financings;all;11;22.09.2024 Bundesgesetzes über die berufliche Alters-, Hinterlassenen- und Invalidenvorsorge (BVG) (Reform der beruflichen Vorsorge);;campaign_financing;Juristische Personen oder Personengesellschaften;399;"Wirtschaftsallianz ""NEIN zur BVG-Scheinreform"", Zürich";451;Ablehnung der Abstimmungsvorlage;Offenlegung der Schlussrechnung über die Einnahmen;/api/frontend/latest/de/downloads/campaigns/451/forms/47;;;schweizweit;;Kampagnenfinanzierung
de;451;48;campaign_financings;all;11;22.09.2024 Bundesgesetzes über die berufliche Alters-, Hinterlassenen- und Invalidenvorsorge (BVG) (Reform der beruflichen Vorsorge);;campaign_financing;Juristische Personen oder Personengesellschaften;399;"Wirtschaftsallianz ""NEIN zur BVG-Scheinreform"", Zürich";451;Ablehnung der Abstimmungsvorlage;Offenlegung von Zuwendungen über 15 000 Franken (Schlussrechnung);/api/frontend/latest/de/downloads/campaigns/451/forms/48;;;schweizweit;;Kampagnenfinanzierung
de;454;25;campaign_financings;all;10;22.09.2024 Für die Zukunft unserer Natur und Landschaft (Biodiversitätsinitiative);;campaign_financing;Juristische Personen oder Personengesellschaften;401;Luzerner Bäuerinnen- und Bauernverband, Sursee;454;Ablehnung der Abstimmungsvorlage;Offenlegung der budgetierten Einnahmen;/api/frontend/latest/de/downloads/campaigns/454/forms/25;;;Luzern;;Kampagnenfinanzierung
de;454;45;campaign_financings;all;10;22.09.2024 Für die Zukunft unserer Natur und Landschaft (Biodiversitätsinitiative);;campaign_financing;Juristische Personen oder Personengesellschaften;401;Luzerner Bäuerinnen- und Bauernverband, Sursee;454;Ablehnung der Abstimmungsvorlage;Offenlegung der Schlussrechnung über die Einnahmen;/api/frontend/latest/de/downloads/campaigns/454/forms/45;;;Luzern;;Kampagnenfinanzierung
de;454;46;campaign_financings;all;10;22.09.2024 Für die Zukunft unserer Natur und Landschaft (Biodiversitätsinitiative);;campaign_financing;Juristische Personen oder Personengesellschaften;401;Luzerner Bäuerinnen- und Bauernverband, Sursee;454;Ablehnung der Abstimmungsvorlage;Offenlegung von Zuwendungen über 15 000 Franken (Schlussrechnung);/api/frontend/latest/de/downloads/campaigns/454/forms/46;;;Luzern;;Kampagnenfinanzierung
de;455;37;campaign_financings;all;12;24.11.2024 Bundesbeschluss vom 29. September 2023 über den Ausbauschritt 2023 für die Nationalstrassen;2024;campaign_financing;Juristische Personen oder Personengesellschaften;400;VCS Verkehrs-Club der Schweiz, Bern;455;Ablehnung der Abstimmungsvorlage;Offenlegung der budgetierten Einnahmen;/api/frontend/latest/de/downloads/campaigns/455/forms/37;;;schweizweit;;Kampagnenfinanzierung
de;455;38;campaign_financings;all;12;24.11.2024 Bundesbeschluss vom 29. September 2023 über den Ausbauschritt 2023 für die Nationalstrassen;2024;campaign_financing;Juristische Personen oder Personengesellschaften;400;VCS Verkehrs-Club der Schweiz, Bern;455;Ablehnung der Abstimmungsvorlage;Offenlegung von Zuwendungen über 15 000 Franken;/api/frontend/latest/de/downloads/campaigns/455/forms/38;;;schweizweit;;Kampagnenfinanzierung
de;455;57;campaign_financings;all;12;24.11.2024 Bundesbeschluss vom 29. September 2023 über den Ausbauschritt 2023 für die Nationalstrassen;2024;campaign_financing;Juristische Personen oder Personengesellschaften;400;VCS Verkehrs-Club der Schweiz, Bern;455;Ablehnung der Abstimmungsvorlage;Offenlegung der Schlussrechnung über die Einnahmen;/api/frontend/latest/de/downloads/campaigns/455/forms/57;;;schweizweit;;Kampagnenfinanzierung
de;455;58;campaign_financings;all;12;24.11.2024 Bundesbeschluss vom 29. September 2023 über den Ausbauschritt 2023 für die Nationalstrassen;2024;campaign_financing;Juristische Personen oder Personengesellschaften;400;VCS Verkehrs-Club der Schweiz, Bern;455;Ablehnung der Abstimmungsvorlage;Offenlegung von Zuwendungen über 15 000 Franken (Schlussrechnung);/api/frontend/latest/de/downloads/campaigns/455/forms/58;;;schweizweit;;Kampagnenfinanzierung
de;456;43;campaign_financings;all;15;24.11.2024 Änderung vom 22. Dezember 2023 des Bundesgesetzes über die Krankenversicherung (Einheitliche Finanzierung der Leistungen);;campaign_financing;Juristische Personen oder Personengesellschaften;385;Gesundheitswesen mit Zukunft, Bern;456;Annahme der Abstimmungsvorlage;Offenlegung der budgetierten Einnahmen;/api/frontend/latest/de/downloads/campaigns/456/forms/43;;;schweizweit;;Kampagnenfinanzierung
de;456;44;campaign_financings;all;15;24.11.2024 Änderung vom 22. Dezember 2023 des Bundesgesetzes über die Krankenversicherung (Einheitliche Finanzierung der Leistungen);;campaign_financing;Juristische Personen oder Personengesellschaften;385;Gesundheitswesen mit Zukunft, Bern;456;Annahme der Abstimmungsvorlage;Offenlegung von Zuwendungen über 15 000 Franken;/api/frontend/latest/de/downloads/campaigns/456/forms/44;;;schweizweit;;Kampagnenfinanzierung
de;456;51;campaign_financings;all;15;24.11.2024 Änderung vom 22. Dezember 2023 des Bundesgesetzes über die Krankenversicherung (Einheitliche Finanzierung der Leistungen);;campaign_financing;Juristische Personen oder Personengesellschaften;385;Gesundheitswesen mit Zukunft, Bern;456;Annahme der Abstimmungsvorlage;Offenlegung der Schlussrechnung über die Einnahmen;/api/frontend/latest/de/downloads/campaigns/456/forms/51;;;schweizweit;;Kampagnenfinanzierung
de;456;52;campaign_financings;all;15;24.11.2024 Änderung vom 22. Dezember 2023 des Bundesgesetzes über die Krankenversicherung (Einheitliche Finanzierung der Leistungen);;campaign_financing;Juristische Personen oder Personengesellschaften;385;Gesundheitswesen mit Zukunft, Bern;456;Annahme der Abstimmungsvorlage;Offenlegung von Zuwendungen über 15 000 Franken (Schlussrechnung);/api/frontend/latest/de/downloads/campaigns/456/forms/52;;;schweizweit;;Kampagnenfinanzierung
de;457;37;campaign_financings;all;12;24.11.2024 Bundesbeschluss vom 29. September 2023 über den Ausbauschritt 2023 für die Nationalstrassen;2024;campaign_financing;Juristische Personen oder Personengesellschaften;403;"Überparteiliches Komitee ""Ja zur Sicherung der Nationalstrassen SG/TG"", St. Gallen";457;Annahme der Abstimmungsvorlage;Offenlegung der budgetierten Einnahmen;/api/frontend/latest/de/downloads/campaigns/457/forms/37;;;St. Gallen;;Kampagnenfinanzierung
de;457;38;campaign_financings;all;12;24.11.2024 Bundesbeschluss vom 29. September 2023 über den Ausbauschritt 2023 für die Nationalstrassen;2024;campaign_financing;Juristische Personen oder Personengesellschaften;403;"Überparteiliches Komitee ""Ja zur Sicherung der Nationalstrassen SG/TG"", St. Gallen";457;Annahme der Abstimmungsvorlage;Offenlegung von Zuwendungen über 15 000 Franken;/api/frontend/latest/de/downloads/campaigns/457/forms/38;;;St. Gallen;;Kampagnenfinanzierung
de;457;57;campaign_financings;all;12;24.11.2024 Bundesbeschluss vom 29. September 2023 über den Ausbauschritt 2023 für die Nationalstrassen;2024;campaign_financing;Juristische Personen oder Personengesellschaften;403;"Überparteiliches Komitee ""Ja zur Sicherung der Nationalstrassen SG/TG"", St. Gallen";457;Annahme der Abstimmungsvorlage;Offenlegung der Schlussrechnung über die Einnahmen;/api/frontend/latest/de/downloads/campaigns/457/forms/57;;;St. Gallen;;Kampagnenfinanzierung
de;457;58;campaign_financings;all;12;24.11.2024 Bundesbeschluss vom 29. September 2023 über den Ausbauschritt 2023 für die Nationalstrassen;2024;campaign_financing;Juristische Personen oder Personengesellschaften;403;"Überparteiliches Komitee ""Ja zur Sicherung der Nationalstrassen SG/TG"", St. Gallen";457;Annahme der Abstimmungsvorlage;Offenlegung von Zuwendungen über 15 000 Franken (Schlussrechnung);/api/frontend/latest/de/downloads/campaigns/457/forms/58;;;St. Gallen;;Kampagnenfinanzierung
de;458;39;campaign_financings;all;13;24.11.2024 Änderung vom 29. September 2023 des Obligationenrechts (Mietrecht: Untermiete);;campaign_financing;Juristische Personen oder Personengesellschaften;405;Hauseigentümerverband Aargau, Baden;458;Annahme der Abstimmungsvorlage;Offenlegung der budgetierten Einnahmen;/api/frontend/latest/de/downloads/campaigns/458/forms/39;;;Aargau;;Kampagnenfinanzierung
de;458;40;campaign_financings;all;13;24.11.2024 Änderung vom 29. September 2023 des Obligationenrechts (Mietrecht: Untermiete);;campaign_financing;Juristische Personen oder Personengesellschaften;405;Hauseigentümerverband Aargau, Baden;458;Annahme der Abstimmungsvorlage;Offenlegung von Zuwendungen über 15 000 Franken;/api/frontend/latest/de/downloads/campaigns/458/forms/40;;;Aargau;;Kampagnenfinanzierung
de;458;55;campaign_financings;all;13;24.11.2024 Änderung vom 29. September 2023 des Obligationenrechts (Mietrecht: Untermiete);;campaign_financing;Juristische Personen oder Personengesellschaften;405;Hauseigentümerverband Aargau, Baden;458;Annahme der Abstimmungsvorlage;Offenlegung der Schlussrechnung über die Einnahmen;/api/frontend/latest/de/downloads/campaigns/458/forms/55;;;Aargau;;Kampagnenfinanzierung
de;458;56;campaign_financings;all;13;24.11.2024 Änderung vom 29. September 2023 des Obligationenrechts (Mietrecht: Untermiete);;campaign_financing;Juristische Personen oder Personengesellschaften;405;Hauseigentümerverband Aargau, Baden;458;Annahme der Abstimmungsvorlage;Offenlegung von Zuwendungen über 15 000 Franken (Schlussrechnung);/api/frontend/latest/de/downloads/campaigns/458/forms/56;;;Aargau;;Kampagnenfinanzierung
de;459;41;campaign_financings;all;14;24.11.2024 Änderung vom 29. September 2023 des Obligationenrechts (Mietrecht: Kündigung wegen Eigenbedarfs);;campaign_financing;Juristische Personen oder Personengesellschaften;405;Hauseigentümerverband Aargau, Baden;459;Annahme der Abstimmungsvorlage;Offenlegung der budgetierten Einnahmen;/api/frontend/latest/de/downloads/campaigns/459/forms/41;;;Aargau;;Kampagnenfinanzierung
de;459;42;campaign_financings;all;14;24.11.2024 Änderung vom 29. September 2023 des Obligationenrechts (Mietrecht: Kündigung wegen Eigenbedarfs);;campaign_financing;Juristische Personen oder Personengesellschaften;405;Hauseigentümerverband Aargau, Baden;459;Annahme der Abstimmungsvorlage;Offenlegung von Zuwendungen über 15 000 Franken;/api/frontend/latest/de/downloads/campaigns/459/forms/42;;;Aargau;;Kampagnenfinanzierung
de;459;53;campaign_financings;all;14;24.11.2024 Änderung vom 29. September 2023 des Obligationenrechts (Mietrecht: Kündigung wegen Eigenbedarfs);;campaign_financing;Juristische Personen oder Personengesellschaften;405;Hauseigentümerverband Aargau, Baden;459;Annahme der Abstimmungsvorlage;Offenlegung der Schlussrechnung über die Einnahmen;/api/frontend/latest/de/downloads/campaigns/459/forms/53;;;Aargau;;Kampagnenfinanzierung
de;459;54;campaign_financings;all;14;24.11.2024 Änderung vom 29. September 2023 des Obligationenrechts (Mietrecht: Kündigung wegen Eigenbedarfs);;campaign_financing;Juristische Personen oder Personengesellschaften;405;Hauseigentümerverband Aargau, Baden;459;Annahme der Abstimmungsvorlage;Offenlegung von Zuwendungen über 15 000 Franken (Schlussrechnung);/api/frontend/latest/de/downloads/campaigns/459/forms/54;;;Aargau;;Kampagnenfinanzierung
de;46;1;campaign_financings;all;1;22.10.2023 Nationalratswahlen 2023;2023;campaign_financing;Natürliche Personen;120;Nussbaum Adrian, Hochdorf;46;Nussbaum Adrian (Luzern, Die Mitte);Offenlegung der budgetierten Einnahmen;/api/frontend/latest/de/downloads/campaigns/46/forms/1;Budgetzahlen;Einzelperson;Luzern;Die Mitte;Kampagnenfinanzierung
de;46;5;campaign_financings;all;1;22.10.2023 Nationalratswahlen 2023;2023;campaign_financing;Natürliche Personen;120;Nussbaum Adrian, Hochdorf;46;Nussbaum Adrian (Luzern, Die Mitte);Offenlegung der Schlussrechnung über die Einnahmen;/api/frontend/latest/de/downloads/campaigns/46/forms/5;Definitive Zahlen;Einzelperson;Luzern;Die Mitte;Kampagnenfinanzierung
de;460;37;campaign_financings;all;12;24.11.2024 Bundesbeschluss vom 29. September 2023 über den Ausbauschritt 2023 für die Nationalstrassen;2024;campaign_financing;Juristische Personen oder Personengesellschaften;117;Greenpeace Schweiz, Zürich;460;Ablehnung der Abstimmungsvorlage;Offenlegung der budgetierten Einnahmen;/api/frontend/latest/de/downloads/campaigns/460/forms/37;;;schweizweit;;Kampagnenfinanzierung
de;460;38;campaign_financings;all;12;24.11.2024 Bundesbeschluss vom 29. September 2023 über den Ausbauschritt 2023 für die Nationalstrassen;2024;campaign_financing;Juristische Personen oder Personengesellschaften;117;Greenpeace Schweiz, Zürich;460;Ablehnung der Abstimmungsvorlage;Offenlegung von Zuwendungen über 15 000 Franken;/api/frontend/latest/de/downloads/campaigns/460/forms/38;;;schweizweit;;Kampagnenfinanzierung
de;460;57;campaign_financings;all;12;24.11.2024 Bundesbeschluss vom 29. September 2023 über den Ausbauschritt 2023 für die Nationalstrassen;2024;campaign_financing;Juristische Personen oder Personengesellschaften;117;Greenpeace Schweiz, Zürich;460;Ablehnung der Abstimmungsvorlage;Offenlegung der Schlussrechnung über die Einnahmen;/api/frontend/latest/de/downloads/campaigns/460/forms/57;;;schweizweit;;Kampagnenfinanzierung
de;460;58;campaign_financings;all;12;24.11.2024 Bundesbeschluss vom 29. September 2023 über den Ausbauschritt 2023 für die Nationalstrassen;2024;campaign_financing;Juristische Personen oder Personengesellschaften;117;Greenpeace Schweiz, Zürich;460;Ablehnung der Abstimmungsvorlage;Offenlegung von Zuwendungen über 15 000 Franken (Schlussrechnung);/api/frontend/latest/de/downloads/campaigns/460/forms/58;;;schweizweit;;Kampagnenfinanzierung
de;461;39;campaign_financings;all;13;24.11.2024 Änderung vom 29. September 2023 des Obligationenrechts (Mietrecht: Untermiete);;campaign_financing;Juristische Personen oder Personengesellschaften;407;2 x Ja zum Mietrecht / Bund für mehr Wohnraum, Zürich;461;Annahme der Abstimmungsvorlage;Offenlegung der budgetierten Einnahmen;/api/frontend/latest/de/downloads/campaigns/461/forms/39;;;schweizweit;;Kampagnenfinanzierung
de;461;40;campaign_financings;all;13;24.11.2024 Änderung vom 29. September 2023 des Obligationenrechts (Mietrecht: Untermiete);;campaign_financing;Juristische Personen oder Personengesellschaften;407;2 x Ja zum Mietrecht / Bund für mehr Wohnraum, Zürich;461;Annahme der Abstimmungsvorlage;Offenlegung von Zuwendungen über 15 000 Franken;/api/frontend/latest/de/downloads/campaigns/461/forms/40;;;schweizweit;;Kampagnenfinanzierung
de;461;55;campaign_financings;all;13;24.11.2024 Änderung vom 29. September 2023 des Obligationenrechts (Mietrecht: Untermiete);;campaign_financing;Juristische Personen oder Personengesellschaften;407;2 x Ja zum Mietrecht / Bund für mehr Wohnraum, Zürich;461;Annahme der Abstimmungsvorlage;Offenlegung der Schlussrechnung über die Einnahmen;/api/frontend/latest/de/downloads/campaigns/461/forms/55;;;schweizweit;;Kampagnenfinanzierung
de;461;56;campaign_financings;all;13;24.11.2024 Änderung vom 29. September 2023 des Obligationenrechts (Mietrecht: Untermiete);;campaign_financing;Juristische Personen oder Personengesellschaften;407;2 x Ja zum Mietrecht / Bund für mehr Wohnraum, Zürich;461;Annahme der Abstimmungsvorlage;Offenlegung von Zuwendungen über 15 000 Franken (Schlussrechnung);/api/frontend/latest/de/downloads/campaigns/461/forms/56;;;schweizweit;;Kampagnenfinanzierung
de;462;41;campaign_financings;all;14;24.11.2024 Änderung vom 29. September 2023 des Obligationenrechts (Mietrecht: Kündigung wegen Eigenbedarfs);;campaign_financing;Juristische Personen oder Personengesellschaften;407;2 x Ja zum Mietrecht / Bund für mehr Wohnraum, Zürich;462;Annahme der Abstimmungsvorlage;Offenlegung der budgetierten Einnahmen;/api/frontend/latest/de/downloads/campaigns/462/forms/41;;;schweizweit;;Kampagnenfinanzierung
de;462;42;campaign_financings;all;14;24.11.2024 Änderung vom 29. September 2023 des Obligationenrechts (Mietrecht: Kündigung wegen Eigenbedarfs);;campaign_financing;Juristische Personen oder Personengesellschaften;407;2 x Ja zum Mietrecht / Bund für mehr Wohnraum, Zürich;462;Annahme der Abstimmungsvorlage;Offenlegung von Zuwendungen über 15 000 Franken;/api/frontend/latest/de/downloads/campaigns/462/forms/42;;;schweizweit;;Kampagnenfinanzierung
de;462;53;campaign_financings;all;14;24.11.2024 Änderung vom 29. September 2023 des Obligationenrechts (Mietrecht: Kündigung wegen Eigenbedarfs);;campaign_financing;Juristische Personen oder Personengesellschaften;407;2 x Ja zum Mietrecht / Bund für mehr Wohnraum, Zürich;462;Annahme der Abstimmungsvorlage;Offenlegung der Schlussrechnung über die Einnahmen;/api/frontend/latest/de/downloads/campaigns/462/forms/53;;;schweizweit;;Kampagnenfinanzierung
de;462;54;campaign_financings;all;14;24.11.2024 Änderung vom 29. September 2023 des Obligationenrechts (Mietrecht: Kündigung wegen Eigenbedarfs);;campaign_financing;Juristische Personen oder Personengesellschaften;407;2 x Ja zum Mietrecht / Bund für mehr Wohnraum, Zürich;462;Annahme der Abstimmungsvorlage;Offenlegung von Zuwendungen über 15 000 Franken (Schlussrechnung);/api/frontend/latest/de/downloads/campaigns/462/forms/54;;;schweizweit;;Kampagnenfinanzierung
de;463;37;campaign_financings;all;12;24.11.2024 Bundesbeschluss vom 29. September 2023 über den Ausbauschritt 2023 für die Nationalstrassen;2024;campaign_financing;Juristische Personen oder Personengesellschaften;9;GRÜNE Schweiz, Bern;463;Ablehnung der Abstimmungsvorlage;Offenlegung der budgetierten Einnahmen;/api/frontend/latest/de/downloads/campaigns/463/forms/37;;;schweizweit;;Kampagnenfinanzierung
de;463;57;campaign_financings;all;12;24.11.2024 Bundesbeschluss vom 29. September 2023 über den Ausbauschritt 2023 für die Nationalstrassen;2024;campaign_financing;Juristische Personen oder Personengesellschaften;9;GRÜNE Schweiz, Bern;463;Ablehnung der Abstimmungsvorlage;Offenlegung der Schlussrechnung über die Einnahmen;/api/frontend/latest/de/downloads/campaigns/463/forms/57;;;schweizweit;;Kampagnenfinanzierung
de;464;43;campaign_financings;all;15;24.11.2024 Änderung vom 22. Dezember 2023 des Bundesgesetzes über die Krankenversicherung (Einheitliche Finanzierung der Leistungen);;campaign_financing;Juristische Personen oder Personengesellschaften;374;Schweizerischer Gewerkschaftsbund (SGB), Bern;464;Ablehnung der Abstimmungsvorlage;Offenlegung der budgetierten Einnahmen;/api/frontend/latest/de/downloads/campaigns/464/forms/43;;;schweizweit;;Kampagnenfinanzierung
de;464;44;campaign_financings;all;15;24.11.2024 Änderung vom 22. Dezember 2023 des Bundesgesetzes über die Krankenversicherung (Einheitliche Finanzierung der Leistungen);;campaign_financing;Juristische Personen oder Personengesellschaften;374;Schweizerischer Gewerkschaftsbund (SGB), Bern;464;Ablehnung der Abstimmungsvorlage;Offenlegung von Zuwendungen über 15 000 Franken;/api/frontend/latest/de/downloads/campaigns/464/forms/44;;;schweizweit;;Kampagnenfinanzierung
de;464;51;campaign_financings;all;15;24.11.2024 Änderung vom 22. Dezember 2023 des Bundesgesetzes über die Krankenversicherung (Einheitliche Finanzierung der Leistungen);;campaign_financing;Juristische Personen oder Personengesellschaften;374;Schweizerischer Gewerkschaftsbund (SGB), Bern;464;Ablehnung der Abstimmungsvorlage;Offenlegung der Schlussrechnung über die Einnahmen;/api/frontend/latest/de/downloads/campaigns/464/forms/51;;;schweizweit;;Kampagnenfinanzierung
de;464;52;campaign_financings;all;15;24.11.2024 Änderung vom 22. Dezember 2023 des Bundesgesetzes über die Krankenversicherung (Einheitliche Finanzierung der Leistungen);;campaign_financing;Juristische Personen oder Personengesellschaften;374;Schweizerischer Gewerkschaftsbund (SGB), Bern;464;Ablehnung der Abstimmungsvorlage;Offenlegung von Zuwendungen über 15 000 Franken (Schlussrechnung);/api/frontend/latest/de/downloads/campaigns/464/forms/52;;;schweizweit;;Kampagnenfinanzierung
de;465;43;campaign_financings;all;15;24.11.2024 Änderung vom 22. Dezember 2023 des Bundesgesetzes über die Krankenversicherung (Einheitliche Finanzierung der Leistungen);;campaign_financing;Juristische Personen oder Personengesellschaften;8;Sozialdemokratische Partei der Schweiz, Bern;465;Ablehnung der Abstimmungsvorlage;Offenlegung der budgetierten Einnahmen;/api/frontend/latest/de/downloads/campaigns/465/forms/43;;;schweizweit;;Kampagnenfinanzierung
de;466;41;campaign_financings;all;14;24.11.2024 Änderung vom 29. September 2023 des Obligationenrechts (Mietrecht: Kündigung wegen Eigenbedarfs);;campaign_financing;Juristische Personen oder Personengesellschaften;8;Sozialdemokratische Partei der Schweiz, Bern;466;Ablehnung der Abstimmungsvorlage;Offenlegung der budgetierten Einnahmen;/api/frontend/latest/de/downloads/campaigns/466/forms/41;;;schweizweit;;Kampagnenfinanzierung
de;466;53;campaign_financings;all;14;24.11.2024 Änderung vom 29. September 2023 des Obligationenrechts (Mietrecht: Kündigung wegen Eigenbedarfs);;campaign_financing;Juristische Personen oder Personengesellschaften;8;Sozialdemokratische Partei der Schweiz, Bern;466;Ablehnung der Abstimmungsvorlage;Offenlegung der Schlussrechnung über die Einnahmen;/api/frontend/latest/de/downloads/campaigns/466/forms/53;;;schweizweit;;Kampagnenfinanzierung
de;467;39;campaign_financings;all;13;24.11.2024 Änderung vom 29. September 2023 des Obligationenrechts (Mietrecht: Untermiete);;campaign_financing;Juristische Personen oder Personengesellschaften;8;Sozialdemokratische Partei der Schweiz, Bern;467;Ablehnung der Abstimmungsvorlage;Offenlegung der budgetierten Einnahmen;/api/frontend/latest/de/downloads/campaigns/467/forms/39;;;schweizweit;;Kampagnenfinanzierung
de;467;55;campaign_financings;all;13;24.11.2024 Änderung vom 29. September 2023 des Obligationenrechts (Mietrecht: Untermiete);;campaign_financing;Juristische Personen oder Personengesellschaften;8;Sozialdemokratische Partei der Schweiz, Bern;467;Ablehnung der Abstimmungsvorlage;Offenlegung der Schlussrechnung über die Einnahmen;/api/frontend/latest/de/downloads/campaigns/467/forms/55;;;schweizweit;;Kampagnenfinanzierung
de;468;37;campaign_financings;all;12;24.11.2024 Bundesbeschluss vom 29. September 2023 über den Ausbauschritt 2023 für die Nationalstrassen;2024;campaign_financing;Juristische Personen oder Personengesellschaften;8;Sozialdemokratische Partei der Schweiz, Bern;468;Ablehnung der Abstimmungsvorlage;Offenlegung der budgetierten Einnahmen;/api/frontend/latest/de/downloads/campaigns/468/forms/37;;;schweizweit;;Kampagnenfinanzierung
de;468;57;campaign_financings;all;12;24.11.2024 Bundesbeschluss vom 29. September 2023 über den Ausbauschritt 2023 für die Nationalstrassen;2024;campaign_financing;Juristische Personen oder Personengesellschaften;8;Sozialdemokratische Partei der Schweiz, Bern;468;Ablehnung der Abstimmungsvorlage;Offenlegung der Schlussrechnung über die Einnahmen;/api/frontend/latest/de/downloads/campaigns/468/forms/57;;;schweizweit;;Kampagnenfinanzierung
de;469;43;campaign_financings;all;15;24.11.2024 Änderung vom 22. Dezember 2023 des Bundesgesetzes über die Krankenversicherung (Einheitliche Finanzierung der Leistungen);;campaign_financing;Juristische Personen oder Personengesellschaften;408;Schweizerischer Verband des Personals öffentlicher Dienste (V.P.O.D.), Zürich;469;Ablehnung der Abstimmungsvorlage;Offenlegung der budgetierten Einnahmen;/api/frontend/latest/de/downloads/campaigns/469/forms/43;;;schweizweit;;Kampagnenfinanzierung
de;469;44;campaign_financings;all;15;24.11.2024 Änderung vom 22. Dezember 2023 des Bundesgesetzes über die Krankenversicherung (Einheitliche Finanzierung der Leistungen);;campaign_financing;Juristische Personen oder Personengesellschaften;408;Schweizerischer Verband des Personals öffentlicher Dienste (V.P.O.D.), Zürich;469;Ablehnung der Abstimmungsvorlage;Offenlegung von Zuwendungen über 15 000 Franken;/api/frontend/latest/de/downloads/campaigns/469/forms/44;;;schweizweit;;Kampagnenfinanzierung
de;469;51;campaign_financings;all;15;24.11.2024 Änderung vom 22. Dezember 2023 des Bundesgesetzes über die Krankenversicherung (Einheitliche Finanzierung der Leistungen);;campaign_financing;Juristische Personen oder Personengesellschaften;408;Schweizerischer Verband des Personals öffentlicher Dienste (V.P.O.D.), Zürich;469;Ablehnung der Abstimmungsvorlage;Offenlegung der Schlussrechnung über die Einnahmen;/api/frontend/latest/de/downloads/campaigns/469/forms/51;;;schweizweit;;Kampagnenfinanzierung
de;469;52;campaign_financings;all;15;24.11.2024 Änderung vom 22. Dezember 2023 des Bundesgesetzes über die Krankenversicherung (Einheitliche Finanzierung der Leistungen);;campaign_financing;Juristische Personen oder Personengesellschaften;408;Schweizerischer Verband des Personals öffentlicher Dienste (V.P.O.D.), Zürich;469;Ablehnung der Abstimmungsvorlage;Offenlegung von Zuwendungen über 15 000 Franken (Schlussrechnung);/api/frontend/latest/de/downloads/campaigns/469/forms/52;;;schweizweit;;Kampagnenfinanzierung
de;47;1;campaign_financings;all;1;22.10.2023 Nationalratswahlen 2023;2023;campaign_financing;Juristische Personen oder Personengesellschaften;113;Schweizerische Volkspartei des Kantons Luzern, Aesch;47;Unterstützte Kandidierende: 9 (namentliche Auflistung in untenstehender Meldung der Einnahmen vorhanden);Offenlegung der budgetierten Einnahmen;/api/frontend/latest/de/downloads/campaigns/47/forms/1;Budgetzahlen;Gruppe von Kandidierenden (namentliche Auflistung in untenstehender Meldung der Einnahmen vorhanden);Luzern;Schweizerische Volkspartei;Kampagnenfinanzierung
de;47;5;campaign_financings;all;1;22.10.2023 Nationalratswahlen 2023;2023;campaign_financing;Juristische Personen oder Personengesellschaften;113;Schweizerische Volkspartei des Kantons Luzern, Aesch;47;Unterstützte Kandidierende: 9 (namentliche Auflistung in untenstehender Meldung der Einnahmen vorhanden);Offenlegung der Schlussrechnung über die Einnahmen;/api/frontend/latest/de/downloads/campaigns/47/forms/5;Definitive Zahlen;Gruppe von Kandidierenden (namentliche Auflistung in untenstehender Meldung der Einnahmen vorhanden);Luzern;Schweizerische Volkspartei;Kampagnenfinanzierung
de;472;41;campaign_financings;all;14;24.11.2024 Änderung vom 29. September 2023 des Obligationenrechts (Mietrecht: Kündigung wegen Eigenbedarfs);;campaign_financing;Juristische Personen oder Personengesellschaften;311;HEV Kanton Zürich, Zürich;472;Annahme der Abstimmungsvorlage;Offenlegung der budgetierten Einnahmen;/api/frontend/latest/de/downloads/campaigns/472/forms/41;;;Zürich;;Kampagnenfinanzierung
de;472;42;campaign_financings;all;14;24.11.2024 Änderung vom 29. September 2023 des Obligationenrechts (Mietrecht: Kündigung wegen Eigenbedarfs);;campaign_financing;Juristische Personen oder Personengesellschaften;311;HEV Kanton Zürich, Zürich;472;Annahme der Abstimmungsvorlage;Offenlegung von Zuwendungen über 15 000 Franken;/api/frontend/latest/de/downloads/campaigns/472/forms/42;;;Zürich;;Kampagnenfinanzierung
de;472;53;campaign_financings;all;14;24.11.2024 Änderung vom 29. September 2023 des Obligationenrechts (Mietrecht: Kündigung wegen Eigenbedarfs);;campaign_financing;Juristische Personen oder Personengesellschaften;311;HEV Kanton Zürich, Zürich;472;Annahme der Abstimmungsvorlage;Offenlegung der Schlussrechnung über die Einnahmen;/api/frontend/latest/de/downloads/campaigns/472/forms/53;;;Zürich;;Kampagnenfinanzierung
de;472;54;campaign_financings;all;14;24.11.2024 Änderung vom 29. September 2023 des Obligationenrechts (Mietrecht: Kündigung wegen Eigenbedarfs);;campaign_financing;Juristische Personen oder Personengesellschaften;311;HEV Kanton Zürich, Zürich;472;Annahme der Abstimmungsvorlage;Offenlegung von Zuwendungen über 15 000 Franken (Schlussrechnung);/api/frontend/latest/de/downloads/campaigns/472/forms/54;;;Zürich;;Kampagnenfinanzierung
de;473;41;campaign_financings;all;14;24.11.2024 Änderung vom 29. September 2023 des Obligationenrechts (Mietrecht: Kündigung wegen Eigenbedarfs);;campaign_financing;Juristische Personen oder Personengesellschaften;410;Hauseigentümerverband Kanton Bern, Bern;473;Annahme der Abstimmungsvorlage;Offenlegung der budgetierten Einnahmen;/api/frontend/latest/de/downloads/campaigns/473/forms/41;;;Bern;;Kampagnenfinanzierung
de;473;42;campaign_financings;all;14;24.11.2024 Änderung vom 29. September 2023 des Obligationenrechts (Mietrecht: Kündigung wegen Eigenbedarfs);;campaign_financing;Juristische Personen oder Personengesellschaften;410;Hauseigentümerverband Kanton Bern, Bern;473;Annahme der Abstimmungsvorlage;Offenlegung von Zuwendungen über 15 000 Franken;/api/frontend/latest/de/downloads/campaigns/473/forms/42;;;Bern;;Kampagnenfinanzierung
de;473;53;campaign_financings;all;14;24.11.2024 Änderung vom 29. September 2023 des Obligationenrechts (Mietrecht: Kündigung wegen Eigenbedarfs);;campaign_financing;Juristische Personen oder Personengesellschaften;410;Hauseigentümerverband Kanton Bern, Bern;473;Annahme der Abstimmungsvorlage;Offenlegung der Schlussrechnung über die Einnahmen;/api/frontend/latest/de/downloads/campaigns/473/forms/53;;;Bern;;Kampagnenfinanzierung
de;473;54;campaign_financings;all;14;24.11.2024 Änderung vom 29. September 2023 des Obligationenrechts (Mietrecht: Kündigung wegen Eigenbedarfs);;campaign_financing;Juristische Personen oder Personengesellschaften;410;Hauseigentümerverband Kanton Bern, Bern;473;Annahme der Abstimmungsvorlage;Offenlegung von Zuwendungen über 15 000 Franken (Schlussrechnung);/api/frontend/latest/de/downloads/campaigns/473/forms/54;;;Bern;;Kampagnenfinanzierung
de;474;39;campaign_financings;all;13;24.11.2024 Änderung vom 29. September 2023 des Obligationenrechts (Mietrecht: Untermiete);;campaign_financing;Juristische Personen oder Personengesellschaften;406;SMV Schweizerischer Mieterinnen- und Mieterverband, Bern;474;Ablehnung der Abstimmungsvorlage;Offenlegung der budgetierten Einnahmen;/api/frontend/latest/de/downloads/campaigns/474/forms/39;;;schweizweit;;Kampagnenfinanzierung
de;474;55;campaign_financings;all;13;24.11.2024 Änderung vom 29. September 2023 des Obligationenrechts (Mietrecht: Untermiete);;campaign_financing;Juristische Personen oder Personengesellschaften;406;SMV Schweizerischer Mieterinnen- und Mieterverband, Bern;474;Ablehnung der Abstimmungsvorlage;Offenlegung der Schlussrechnung über die Einnahmen;/api/frontend/latest/de/downloads/campaigns/474/forms/55;;;schweizweit;;Kampagnenfinanzierung
de;474;56;campaign_financings;all;13;24.11.2024 Änderung vom 29. September 2023 des Obligationenrechts (Mietrecht: Untermiete);;campaign_financing;Juristische Personen oder Personengesellschaften;406;SMV Schweizerischer Mieterinnen- und Mieterverband, Bern;474;Ablehnung der Abstimmungsvorlage;Offenlegung von Zuwendungen über 15 000 Franken (Schlussrechnung);/api/frontend/latest/de/downloads/campaigns/474/forms/56;;;schweizweit;;Kampagnenfinanzierung
de;475;41;campaign_financings;all;14;24.11.2024 Änderung vom 29. September 2023 des Obligationenrechts (Mietrecht: Kündigung wegen Eigenbedarfs);;campaign_financing;Juristische Personen oder Personengesellschaften;406;SMV Schweizerischer Mieterinnen- und Mieterverband, Bern;475;Ablehnung der Abstimmungsvorlage;Offenlegung der budgetierten Einnahmen;/api/frontend/latest/de/downloads/campaigns/475/forms/41;;;schweizweit;;Kampagnenfinanzierung
de;475;53;campaign_financings;all;14;24.11.2024 Änderung vom 29. September 2023 des Obligationenrechts (Mietrecht: Kündigung wegen Eigenbedarfs);;campaign_financing;Juristische Personen oder Personengesellschaften;406;SMV Schweizerischer Mieterinnen- und Mieterverband, Bern;475;Ablehnung der Abstimmungsvorlage;Offenlegung der Schlussrechnung über die Einnahmen;/api/frontend/latest/de/downloads/campaigns/475/forms/53;;;schweizweit;;Kampagnenfinanzierung
de;475;54;campaign_financings;all;14;24.11.2024 Änderung vom 29. September 2023 des Obligationenrechts (Mietrecht: Kündigung wegen Eigenbedarfs);;campaign_financing;Juristische Personen oder Personengesellschaften;406;SMV Schweizerischer Mieterinnen- und Mieterverband, Bern;475;Ablehnung der Abstimmungsvorlage;Offenlegung von Zuwendungen über 15 000 Franken (Schlussrechnung);/api/frontend/latest/de/downloads/campaigns/475/forms/54;;;schweizweit;;Kampagnenfinanzierung
de;476;39;campaign_financings;all;13;24.11.2024 Änderung vom 29. September 2023 des Obligationenrechts (Mietrecht: Untermiete);;campaign_financing;Juristische Personen oder Personengesellschaften;311;HEV Kanton Zürich, Zürich;476;Annahme der Abstimmungsvorlage;Offenlegung der budgetierten Einnahmen;/api/frontend/latest/de/downloads/campaigns/476/forms/39;;;Zürich;;Kampagnenfinanzierung
de;476;40;campaign_financings;all;13;24.11.2024 Änderung vom 29. September 2023 des Obligationenrechts (Mietrecht: Untermiete);;campaign_financing;Juristische Personen oder Personengesellschaften;311;HEV Kanton Zürich, Zürich;476;Annahme der Abstimmungsvorlage;Offenlegung von Zuwendungen über 15 000 Franken;/api/frontend/latest/de/downloads/campaigns/476/forms/40;;;Zürich;;Kampagnenfinanzierung
de;476;55;campaign_financings;all;13;24.11.2024 Änderung vom 29. September 2023 des Obligationenrechts (Mietrecht: Untermiete);;campaign_financing;Juristische Personen oder Personengesellschaften;311;HEV Kanton Zürich, Zürich;476;Annahme der Abstimmungsvorlage;Offenlegung der Schlussrechnung über die Einnahmen;/api/frontend/latest/de/downloads/campaigns/476/forms/55;;;Zürich;;Kampagnenfinanzierung
de;476;56;campaign_financings;all;13;24.11.2024 Änderung vom 29. September 2023 des Obligationenrechts (Mietrecht: Untermiete);;campaign_financing;Juristische Personen oder Personengesellschaften;311;HEV Kanton Zürich, Zürich;476;Annahme der Abstimmungsvorlage;Offenlegung von Zuwendungen über 15 000 Franken (Schlussrechnung);/api/frontend/latest/de/downloads/campaigns/476/forms/56;;;Zürich;;Kampagnenfinanzierung
de;477;37;campaign_financings;all;12;24.11.2024 Bundesbeschluss vom 29. September 2023 über den Ausbauschritt 2023 für die Nationalstrassen;2024;campaign_financing;Juristische Personen oder Personengesellschaften;409;umverkehR, Zürich;477;Ablehnung der Abstimmungsvorlage;Offenlegung der budgetierten Einnahmen;/api/frontend/latest/de/downloads/campaigns/477/forms/37;;;schweizweit;;Kampagnenfinanzierung
de;477;38;campaign_financings;all;12;24.11.2024 Bundesbeschluss vom 29. September 2023 über den Ausbauschritt 2023 für die Nationalstrassen;2024;campaign_financing;Juristische Personen oder Personengesellschaften;409;umverkehR, Zürich;477;Ablehnung der Abstimmungsvorlage;Offenlegung von Zuwendungen über 15 000 Franken;/api/frontend/latest/de/downloads/campaigns/477/forms/38;;;schweizweit;;Kampagnenfinanzierung
de;477;57;campaign_financings;all;12;24.11.2024 Bundesbeschluss vom 29. September 2023 über den Ausbauschritt 2023 für die Nationalstrassen;2024;campaign_financing;Juristische Personen oder Personengesellschaften;409;umverkehR, Zürich;477;Ablehnung der Abstimmungsvorlage;Offenlegung der Schlussrechnung über die Einnahmen;/api/frontend/latest/de/downloads/campaigns/477/forms/57;;;schweizweit;;Kampagnenfinanzierung
de;477;58;campaign_financings;all;12;24.11.2024 Bundesbeschluss vom 29. September 2023 über den Ausbauschritt 2023 für die Nationalstrassen;2024;campaign_financing;Juristische Personen oder Personengesellschaften;409;umverkehR, Zürich;477;Ablehnung der Abstimmungsvorlage;Offenlegung von Zuwendungen über 15 000 Franken (Schlussrechnung);/api/frontend/latest/de/downloads/campaigns/477/forms/58;;;schweizweit;;Kampagnenfinanzierung
de;478;37;campaign_financings;all;12;24.11.2024 Bundesbeschluss vom 29. September 2023 über den Ausbauschritt 2023 für die Nationalstrassen;2024;campaign_financing;Juristische Personen oder Personengesellschaften;412;Ja zur Sicherung der Nationalstrassen, Bern;478;Annahme der Abstimmungsvorlage;Offenlegung der budgetierten Einnahmen;/api/frontend/latest/de/downloads/campaigns/478/forms/37;;;schweizweit;;Kampagnenfinanzierung
de;478;38;campaign_financings;all;12;24.11.2024 Bundesbeschluss vom 29. September 2023 über den Ausbauschritt 2023 für die Nationalstrassen;2024;campaign_financing;Juristische Personen oder Personengesellschaften;412;Ja zur Sicherung der Nationalstrassen, Bern;478;Annahme der Abstimmungsvorlage;Offenlegung von Zuwendungen über 15 000 Franken;/api/frontend/latest/de/downloads/campaigns/478/forms/38;;;schweizweit;;Kampagnenfinanzierung
de;478;57;campaign_financings;all;12;24.11.2024 Bundesbeschluss vom 29. September 2023 über den Ausbauschritt 2023 für die Nationalstrassen;2024;campaign_financing;Juristische Personen oder Personengesellschaften;412;Ja zur Sicherung der Nationalstrassen, Bern;478;Annahme der Abstimmungsvorlage;Offenlegung der Schlussrechnung über die Einnahmen;/api/frontend/latest/de/downloads/campaigns/478/forms/57;;;schweizweit;;Kampagnenfinanzierung
de;478;58;campaign_financings;all;12;24.11.2024 Bundesbeschluss vom 29. September 2023 über den Ausbauschritt 2023 für die Nationalstrassen;2024;campaign_financing;Juristische Personen oder Personengesellschaften;412;Ja zur Sicherung der Nationalstrassen, Bern;478;Annahme der Abstimmungsvorlage;Offenlegung von Zuwendungen über 15 000 Franken (Schlussrechnung);/api/frontend/latest/de/downloads/campaigns/478/forms/58;;;schweizweit;;Kampagnenfinanzierung
de;479;39;campaign_financings;all;13;24.11.2024 Änderung vom 29. September 2023 des Obligationenrechts (Mietrecht: Untermiete);;campaign_financing;Juristische Personen oder Personengesellschaften;410;Hauseigentümerverband Kanton Bern, Bern;479;Annahme der Abstimmungsvorlage;Offenlegung der budgetierten Einnahmen;/api/frontend/latest/de/downloads/campaigns/479/forms/39;;;Bern;;Kampagnenfinanzierung
de;479;40;campaign_financings;all;13;24.11.2024 Änderung vom 29. September 2023 des Obligationenrechts (Mietrecht: Untermiete);;campaign_financing;Juristische Personen oder Personengesellschaften;410;Hauseigentümerverband Kanton Bern, Bern;479;Annahme der Abstimmungsvorlage;Offenlegung von Zuwendungen über 15 000 Franken;/api/frontend/latest/de/downloads/campaigns/479/forms/40;;;Bern;;Kampagnenfinanzierung
de;479;55;campaign_financings;all;13;24.11.2024 Änderung vom 29. September 2023 des Obligationenrechts (Mietrecht: Untermiete);;campaign_financing;Juristische Personen oder Personengesellschaften;410;Hauseigentümerverband Kanton Bern, Bern;479;Annahme der Abstimmungsvorlage;Offenlegung der Schlussrechnung über die Einnahmen;/api/frontend/latest/de/downloads/campaigns/479/forms/55;;;Bern;;Kampagnenfinanzierung
de;479;56;campaign_financings;all;13;24.11.2024 Änderung vom 29. September 2023 des Obligationenrechts (Mietrecht: Untermiete);;campaign_financing;Juristische Personen oder Personengesellschaften;410;Hauseigentümerverband Kanton Bern, Bern;479;Annahme der Abstimmungsvorlage;Offenlegung von Zuwendungen über 15 000 Franken (Schlussrechnung);/api/frontend/latest/de/downloads/campaigns/479/forms/56;;;Bern;;Kampagnenfinanzierung
de;48;1;campaign_financings;all;1;22.10.2023 Nationalratswahlen 2023;2023;campaign_financing;Juristische Personen oder Personengesellschaften;122;Les Vert-e-s neuchâtelois-es, Neuchâtel;48;Unterstützte Kandidierende: 4 (namentliche Auflistung in untenstehender Meldung der Einnahmen vorhanden);Offenlegung der budgetierten Einnahmen;/api/frontend/latest/de/downloads/campaigns/48/forms/1;Budgetzahlen;Gruppe von Kandidierenden (namentliche Auflistung in untenstehender Meldung der Einnahmen vorhanden);Neuenburg;GRÜNE Schweiz;Kampagnenfinanzierung
de;48;2;campaign_financings;all;1;22.10.2023 Nationalratswahlen 2023;2023;campaign_financing;Juristische Personen oder Personengesellschaften;122;Les Vert-e-s neuchâtelois-es, Neuchâtel;48;Unterstützte Kandidierende: 4 (namentliche Auflistung in untenstehender Meldung der Einnahmen vorhanden);Offenlegung von Zuwendungen über 15 000 Franken;/api/frontend/latest/de/downloads/campaigns/48/forms/2;Budgetzahlen;Gruppe von Kandidierenden (namentliche Auflistung in untenstehender Meldung der Einnahmen vorhanden);Neuenburg;GRÜNE Schweiz;Kampagnenfinanzierung
de;48;5;campaign_financings;all;1;22.10.2023 Nationalratswahlen 2023;2023;campaign_financing;Juristische Personen oder Personengesellschaften;122;Les Vert-e-s neuchâtelois-es, Neuchâtel;48;Unterstützte Kandidierende: 4 (namentliche Auflistung in untenstehender Meldung der Einnahmen vorhanden);Offenlegung der Schlussrechnung über die Einnahmen;/api/frontend/latest/de/downloads/campaigns/48/forms/5;Definitive Zahlen;Gruppe von Kandidierenden (namentliche Auflistung in untenstehender Meldung der Einnahmen vorhanden);Neuenburg;GRÜNE Schweiz;Kampagnenfinanzierung
de;48;6;campaign_financings;all;1;22.10.2023 Nationalratswahlen 2023;2023;campaign_financing;Juristische Personen oder Personengesellschaften;122;Les Vert-e-s neuchâtelois-es, Neuchâtel;48;Unterstützte Kandidierende: 4 (namentliche Auflistung in untenstehender Meldung der Einnahmen vorhanden);Offenlegung von Zuwendungen über 15 000 Franken (Schlussrechnung);/api/frontend/latest/de/downloads/campaigns/48/forms/6;Definitive Zahlen;Gruppe von Kandidierenden (namentliche Auflistung in untenstehender Meldung der Einnahmen vorhanden);Neuenburg;GRÜNE Schweiz;Kampagnenfinanzierung
de;480;37;campaign_financings;all;12;24.11.2024 Bundesbeschluss vom 29. September 2023 über den Ausbauschritt 2023 für die Nationalstrassen;2024;campaign_financing;Juristische Personen oder Personengesellschaften;354;KMU- und Gewerbeverband Kanton Zürich, Zürich;480;Annahme der Abstimmungsvorlage;Offenlegung der budgetierten Einnahmen;/api/frontend/latest/de/downloads/campaigns/480/forms/37;;;Zürich;;Kampagnenfinanzierung
de;480;38;campaign_financings;all;12;24.11.2024 Bundesbeschluss vom 29. September 2023 über den Ausbauschritt 2023 für die Nationalstrassen;2024;campaign_financing;Juristische Personen oder Personengesellschaften;354;KMU- und Gewerbeverband Kanton Zürich, Zürich;480;Annahme der Abstimmungsvorlage;Offenlegung von Zuwendungen über 15 000 Franken;/api/frontend/latest/de/downloads/campaigns/480/forms/38;;;Zürich;;Kampagnenfinanzierung
de;480;57;campaign_financings;all;12;24.11.2024 Bundesbeschluss vom 29. September 2023 über den Ausbauschritt 2023 für die Nationalstrassen;2024;campaign_financing;Juristische Personen oder Personengesellschaften;354;KMU- und Gewerbeverband Kanton Zürich, Zürich;480;Annahme der Abstimmungsvorlage;Offenlegung der Schlussrechnung über die Einnahmen;/api/frontend/latest/de/downloads/campaigns/480/forms/57;;;Zürich;;Kampagnenfinanzierung
de;480;58;campaign_financings;all;12;24.11.2024 Bundesbeschluss vom 29. September 2023 über den Ausbauschritt 2023 für die Nationalstrassen;2024;campaign_financing;Juristische Personen oder Personengesellschaften;354;KMU- und Gewerbeverband Kanton Zürich, Zürich;480;Annahme der Abstimmungsvorlage;Offenlegung von Zuwendungen über 15 000 Franken (Schlussrechnung);/api/frontend/latest/de/downloads/campaigns/480/forms/58;;;Zürich;;Kampagnenfinanzierung
de;481;37;campaign_financings;all;12;24.11.2024 Bundesbeschluss vom 29. September 2023 über den Ausbauschritt 2023 für die Nationalstrassen;2024;campaign_financing;Juristische Personen oder Personengesellschaften;414;Oui à la troisième voie – Assurer le futur des routes nationales, Paudex;481;Annahme der Abstimmungsvorlage;Offenlegung der budgetierten Einnahmen;/api/frontend/latest/de/downloads/campaigns/481/forms/37;;;schweizweit;;Kampagnenfinanzierung
de;481;38;campaign_financings;all;12;24.11.2024 Bundesbeschluss vom 29. September 2023 über den Ausbauschritt 2023 für die Nationalstrassen;2024;campaign_financing;Juristische Personen oder Personengesellschaften;414;Oui à la troisième voie – Assurer le futur des routes nationales, Paudex;481;Annahme der Abstimmungsvorlage;Offenlegung von Zuwendungen über 15 000 Franken;/api/frontend/latest/de/downloads/campaigns/481/forms/38;;;schweizweit;;Kampagnenfinanzierung
de;481;57;campaign_financings;all;12;24.11.2024 Bundesbeschluss vom 29. September 2023 über den Ausbauschritt 2023 für die Nationalstrassen;2024;campaign_financing;Juristische Personen oder Personengesellschaften;414;Oui à la troisième voie – Assurer le futur des routes nationales, Paudex;481;Annahme der Abstimmungsvorlage;Offenlegung der Schlussrechnung über die Einnahmen;/api/frontend/latest/de/downloads/campaigns/481/forms/57;;;schweizweit;;Kampagnenfinanzierung
de;481;58;campaign_financings;all;12;24.11.2024 Bundesbeschluss vom 29. September 2023 über den Ausbauschritt 2023 für die Nationalstrassen;2024;campaign_financing;Juristische Personen oder Personengesellschaften;414;Oui à la troisième voie – Assurer le futur des routes nationales, Paudex;481;Annahme der Abstimmungsvorlage;Offenlegung von Zuwendungen über 15 000 Franken (Schlussrechnung);/api/frontend/latest/de/downloads/campaigns/481/forms/58;;;schweizweit;;Kampagnenfinanzierung
de;482;27;campaign_financings;all;11;22.09.2024 Bundesgesetzes über die berufliche Alters-, Hinterlassenen- und Invalidenvorsorge (BVG) (Reform der beruflichen Vorsorge);;campaign_financing;Juristische Personen oder Personengesellschaften;413;Handel Schweiz, Basel;482;Annahme der Abstimmungsvorlage;Offenlegung der budgetierten Einnahmen;/api/frontend/latest/de/downloads/campaigns/482/forms/27;;;schweizweit;;Kampagnenfinanzierung
de;482;47;campaign_financings;all;11;22.09.2024 Bundesgesetzes über die berufliche Alters-, Hinterlassenen- und Invalidenvorsorge (BVG) (Reform der beruflichen Vorsorge);;campaign_financing;Juristische Personen oder Personengesellschaften;413;Handel Schweiz, Basel;482;Annahme der Abstimmungsvorlage;Offenlegung der Schlussrechnung über die Einnahmen;/api/frontend/latest/de/downloads/campaigns/482/forms/47;;;schweizweit;;Kampagnenfinanzierung
de;483;45;campaign_financings;all;10;22.09.2024 Für die Zukunft unserer Natur und Landschaft (Biodiversitätsinitiative);;campaign_financing;Juristische Personen oder Personengesellschaften;8;Sozialdemokratische Partei der Schweiz, Bern;483;Annahme der Abstimmungsvorlage;Offenlegung der Schlussrechnung über die Einnahmen;/api/frontend/latest/de/downloads/campaigns/483/forms/45;;;schweizweit;;Kampagnenfinanzierung
de;484;49;campaign_financings;all;16;09.02.2025 Für eine verantwortungsvolle Wirtschaft innerhalb der planetaren Grenzen (Umweltverantwortungsinitiative);;campaign_financing;Juristische Personen oder Personengesellschaften;117;Greenpeace Schweiz, Zürich;484;Annahme der Abstimmungsvorlage;Offenlegung der budgetierten Einnahmen;/api/frontend/latest/de/downloads/campaigns/484/forms/49;;;schweizweit;;Kampagnenfinanzierung
de;484;59;campaign_financings;all;16;09.02.2025 Für eine verantwortungsvolle Wirtschaft innerhalb der planetaren Grenzen (Umweltverantwortungsinitiative);;campaign_financing;Juristische Personen oder Personengesellschaften;117;Greenpeace Schweiz, Zürich;484;Annahme der Abstimmungsvorlage;Offenlegung der Schlussrechnung über die Einnahmen;/api/frontend/latest/de/downloads/campaigns/484/forms/59;;;schweizweit;;Kampagnenfinanzierung
de;485;49;campaign_financings;all;16;09.02.2025 Für eine verantwortungsvolle Wirtschaft innerhalb der planetaren Grenzen (Umweltverantwortungsinitiative);;campaign_financing;Juristische Personen oder Personengesellschaften;43;FDP.Die Liberalen, Bern;485;Ablehnung der Abstimmungsvorlage;Offenlegung der budgetierten Einnahmen;/api/frontend/latest/de/downloads/campaigns/485/forms/49;;;schweizweit;;Kampagnenfinanzierung
de;485;50;campaign_financings;all;16;09.02.2025 Für eine verantwortungsvolle Wirtschaft innerhalb der planetaren Grenzen (Umweltverantwortungsinitiative);;campaign_financing;Juristische Personen oder Personengesellschaften;43;FDP.Die Liberalen, Bern;485;Ablehnung der Abstimmungsvorlage;Offenlegung von Zuwendungen über 15 000 Franken;/api/frontend/latest/de/downloads/campaigns/485/forms/50;;;schweizweit;;Kampagnenfinanzierung
de;485;59;campaign_financings;all;16;09.02.2025 Für eine verantwortungsvolle Wirtschaft innerhalb der planetaren Grenzen (Umweltverantwortungsinitiative);;campaign_financing;Juristische Personen oder Personengesellschaften;43;FDP.Die Liberalen, Bern;485;Ablehnung der Abstimmungsvorlage;Offenlegung der Schlussrechnung über die Einnahmen;/api/frontend/latest/de/downloads/campaigns/485/forms/59;;;schweizweit;;Kampagnenfinanzierung
de;485;60;campaign_financings;all;16;09.02.2025 Für eine verantwortungsvolle Wirtschaft innerhalb der planetaren Grenzen (Umweltverantwortungsinitiative);;campaign_financing;Juristische Personen oder Personengesellschaften;43;FDP.Die Liberalen, Bern;485;Ablehnung der Abstimmungsvorlage;Offenlegung von Zuwendungen über 15 000 Franken (Schlussrechnung);/api/frontend/latest/de/downloads/campaigns/485/forms/60;;;schweizweit;;Kampagnenfinanzierung
de;486;49;campaign_financings;all;16;09.02.2025 Für eine verantwortungsvolle Wirtschaft innerhalb der planetaren Grenzen (Umweltverantwortungsinitiative);;campaign_financing;Juristische Personen oder Personengesellschaften;216;Junge Grüne Schweiz, Bern;486;Annahme der Abstimmungsvorlage;Offenlegung der budgetierten Einnahmen;/api/frontend/latest/de/downloads/campaigns/486/forms/49;;;Bern;;Kampagnenfinanzierung
de;486;50;campaign_financings;all;16;09.02.2025 Für eine verantwortungsvolle Wirtschaft innerhalb der planetaren Grenzen (Umweltverantwortungsinitiative);;campaign_financing;Juristische Personen oder Personengesellschaften;216;Junge Grüne Schweiz, Bern;486;Annahme der Abstimmungsvorlage;Offenlegung von Zuwendungen über 15 000 Franken;/api/frontend/latest/de/downloads/campaigns/486/forms/50;;;Bern;;Kampagnenfinanzierung
de;486;59;campaign_financings;all;16;09.02.2025 Für eine verantwortungsvolle Wirtschaft innerhalb der planetaren Grenzen (Umweltverantwortungsinitiative);;campaign_financing;Juristische Personen oder Personengesellschaften;216;Junge Grüne Schweiz, Bern;486;Annahme der Abstimmungsvorlage;Offenlegung der Schlussrechnung über die Einnahmen;/api/frontend/latest/de/downloads/campaigns/486/forms/59;;;Bern;;Kampagnenfinanzierung
de;486;60;campaign_financings;all;16;09.02.2025 Für eine verantwortungsvolle Wirtschaft innerhalb der planetaren Grenzen (Umweltverantwortungsinitiative);;campaign_financing;Juristische Personen oder Personengesellschaften;216;Junge Grüne Schweiz, Bern;486;Annahme der Abstimmungsvorlage;Offenlegung von Zuwendungen über 15 000 Franken (Schlussrechnung);/api/frontend/latest/de/downloads/campaigns/486/forms/60;;;Bern;;Kampagnenfinanzierung
de;488;55;campaign_financings;all;13;24.11.2024 Änderung vom 29. September 2023 des Obligationenrechts (Mietrecht: Untermiete);;campaign_financing;Juristische Personen oder Personengesellschaften;228;Schweizerischer Gewerbeverband, Bern;488;Annahme der Abstimmungsvorlage;Offenlegung der Schlussrechnung über die Einnahmen;/api/frontend/latest/de/downloads/campaigns/488/forms/55;;;schweizweit;;Kampagnenfinanzierung
de;488;56;campaign_financings;all;13;24.11.2024 Änderung vom 29. September 2023 des Obligationenrechts (Mietrecht: Untermiete);;campaign_financing;Juristische Personen oder Personengesellschaften;228;Schweizerischer Gewerbeverband, Bern;488;Annahme der Abstimmungsvorlage;Offenlegung von Zuwendungen über 15 000 Franken (Schlussrechnung);/api/frontend/latest/de/downloads/campaigns/488/forms/56;;;schweizweit;;Kampagnenfinanzierung
de;489;53;campaign_financings;all;14;24.11.2024 Änderung vom 29. September 2023 des Obligationenrechts (Mietrecht: Kündigung wegen Eigenbedarfs);;campaign_financing;Juristische Personen oder Personengesellschaften;228;Schweizerischer Gewerbeverband, Bern;489;Annahme der Abstimmungsvorlage;Offenlegung der Schlussrechnung über die Einnahmen;/api/frontend/latest/de/downloads/campaigns/489/forms/53;;;schweizweit;;Kampagnenfinanzierung
de;489;54;campaign_financings;all;14;24.11.2024 Änderung vom 29. September 2023 des Obligationenrechts (Mietrecht: Kündigung wegen Eigenbedarfs);;campaign_financing;Juristische Personen oder Personengesellschaften;228;Schweizerischer Gewerbeverband, Bern;489;Annahme der Abstimmungsvorlage;Offenlegung von Zuwendungen über 15 000 Franken (Schlussrechnung);/api/frontend/latest/de/downloads/campaigns/489/forms/54;;;schweizweit;;Kampagnenfinanzierung
de;490;51;campaign_financings;all;15;24.11.2024 Änderung vom 22. Dezember 2023 des Bundesgesetzes über die Krankenversicherung (Einheitliche Finanzierung der Leistungen);;campaign_financing;Juristische Personen oder Personengesellschaften;228;Schweizerischer Gewerbeverband, Bern;490;Annahme der Abstimmungsvorlage;Offenlegung der Schlussrechnung über die Einnahmen;/api/frontend/latest/de/downloads/campaigns/490/forms/51;;;schweizweit;;Kampagnenfinanzierung
de;490;52;campaign_financings;all;15;24.11.2024 Änderung vom 22. Dezember 2023 des Bundesgesetzes über die Krankenversicherung (Einheitliche Finanzierung der Leistungen);;campaign_financing;Juristische Personen oder Personengesellschaften;228;Schweizerischer Gewerbeverband, Bern;490;Annahme der Abstimmungsvorlage;Offenlegung von Zuwendungen über 15 000 Franken (Schlussrechnung);/api/frontend/latest/de/downloads/campaigns/490/forms/52;;;schweizweit;;Kampagnenfinanzierung
de;491;57;campaign_financings;all;12;24.11.2024 Bundesbeschluss vom 29. September 2023 über den Ausbauschritt 2023 für die Nationalstrassen;2024;campaign_financing;Juristische Personen oder Personengesellschaften;228;Schweizerischer Gewerbeverband, Bern;491;Annahme der Abstimmungsvorlage;Offenlegung der Schlussrechnung über die Einnahmen;/api/frontend/latest/de/downloads/campaigns/491/forms/57;;;schweizweit;;Kampagnenfinanzierung
de;491;58;campaign_financings;all;12;24.11.2024 Bundesbeschluss vom 29. September 2023 über den Ausbauschritt 2023 für die Nationalstrassen;2024;campaign_financing;Juristische Personen oder Personengesellschaften;228;Schweizerischer Gewerbeverband, Bern;491;Annahme der Abstimmungsvorlage;Offenlegung von Zuwendungen über 15 000 Franken (Schlussrechnung);/api/frontend/latest/de/downloads/campaigns/491/forms/58;;;schweizweit;;Kampagnenfinanzierung
de;492;61;party_financings;all;17;2024;;party_financing;Juristische Personen oder Personengesellschaften;33;Grünliberale Partei Schweiz, Bern;;;Offenlegung der jährlichen Einnahmen;/api/frontend/latest/de/downloads/campaigns/492/forms/61;;;schweizweit;;Parteienfinanzierung
de;492;62;party_financings;all;17;2024;;party_financing;Juristische Personen oder Personengesellschaften;33;Grünliberale Partei Schweiz, Bern;;;Offenlegung von Zuwendungen über 15 000 Franken;/api/frontend/latest/de/downloads/campaigns/492/forms/62;;;schweizweit;;Parteienfinanzierung
de;493;61;party_financings;all;17;2024;;party_financing;Juristische Personen oder Personengesellschaften;331;Eidgenössisch-Demokratische Union Schweiz (EDU Schweiz), Thun;;;Offenlegung der jährlichen Einnahmen;/api/frontend/latest/de/downloads/campaigns/493/forms/61;;;schweizweit;;Parteienfinanzierung
de;494;61;party_financings;all;17;2024;;party_financing;Juristische Personen oder Personengesellschaften;42;Schweizerische Volkspartei (SVP), Bern;;;Offenlegung der jährlichen Einnahmen;/api/frontend/latest/de/downloads/campaigns/494/forms/61;;;schweizweit;;Parteienfinanzierung
de;494;62;party_financings;all;17;2024;;party_financing;Juristische Personen oder Personengesellschaften;42;Schweizerische Volkspartei (SVP), Bern;;;Offenlegung von Zuwendungen über 15 000 Franken;/api/frontend/latest/de/downloads/campaigns/494/forms/62;;;schweizweit;;Parteienfinanzierung
de;495;61;party_financings;all;17;2024;;party_financing;Juristische Personen oder Personengesellschaften;8;Sozialdemokratische Partei der Schweiz, Bern;;;Offenlegung der jährlichen Einnahmen;/api/frontend/latest/de/downloads/campaigns/495/forms/61;;;schweizweit;;Parteienfinanzierung
de;495;62;party_financings;all;17;2024;;party_financing;Juristische Personen oder Personengesellschaften;8;Sozialdemokratische Partei der Schweiz, Bern;;;Offenlegung von Zuwendungen über 15 000 Franken;/api/frontend/latest/de/downloads/campaigns/495/forms/62;;;schweizweit;;Parteienfinanzierung
de;496;61;party_financings;all;17;2024;;party_financing;Juristische Personen oder Personengesellschaften;9;GRÜNE Schweiz, Bern;;;Offenlegung der jährlichen Einnahmen;/api/frontend/latest/de/downloads/campaigns/496/forms/61;;;schweizweit;;Parteienfinanzierung
de;496;62;party_financings;all;17;2024;;party_financing;Juristische Personen oder Personengesellschaften;9;GRÜNE Schweiz, Bern;;;Offenlegung von Zuwendungen über 15 000 Franken;/api/frontend/latest/de/downloads/campaigns/496/forms/62;;;schweizweit;;Parteienfinanzierung
de;497;61;party_financings;all;17;2024;;party_financing;Juristische Personen oder Personengesellschaften;59;Die Mitte, Bern;;;Offenlegung der jährlichen Einnahmen;/api/frontend/latest/de/downloads/campaigns/497/forms/61;;;schweizweit;;Parteienfinanzierung
de;497;62;party_financings;all;17;2024;;party_financing;Juristische Personen oder Personengesellschaften;59;Die Mitte, Bern;;;Offenlegung von Zuwendungen über 15 000 Franken;/api/frontend/latest/de/downloads/campaigns/497/forms/62;;;schweizweit;;Parteienfinanzierung
de;498;61;party_financings;all;17;2024;;party_financing;Juristische Personen oder Personengesellschaften;268;Mouvement Citoyens Genevois, Genève;;;Offenlegung der jährlichen Einnahmen;/api/frontend/latest/de/downloads/campaigns/498/forms/61;;;Genf;;Parteienfinanzierung
de;499;61;party_financings;all;17;2024;;party_financing;Juristische Personen oder Personengesellschaften;219;Evangelische Volkspartei der Schweiz, Bern;;;Offenlegung der jährlichen Einnahmen;/api/frontend/latest/de/downloads/campaigns/499/forms/61;;;schweizweit;;Parteienfinanzierung
de;499;62;party_financings;all;17;2024;;party_financing;Juristische Personen oder Personengesellschaften;219;Evangelische Volkspartei der Schweiz, Bern;;;Offenlegung von Zuwendungen über 15 000 Franken;/api/frontend/latest/de/downloads/campaigns/499/forms/62;;;schweizweit;;Parteienfinanzierung
de;5;1;campaign_financings;all;1;22.10.2023 Nationalratswahlen 2023;2023;campaign_financing;Juristische Personen oder Personengesellschaften;24;Schweizerische Volkspartei des Kantons Thurgau, Mettlen;5;Unterstützte Kandidierende: 7 (namentliche Auflistung in untenstehender Meldung der Einnahmen vorhanden);Offenlegung der budgetierten Einnahmen;/api/frontend/latest/de/downloads/campaigns/5/forms/1;Budgetzahlen;Gruppe von Kandidierenden (namentliche Auflistung in untenstehender Meldung der Einnahmen vorhanden);Thurgau;Schweizerische Volkspartei;Kampagnenfinanzierung
de;5;2;campaign_financings;all;1;22.10.2023 Nationalratswahlen 2023;2023;campaign_financing;Juristische Personen oder Personengesellschaften;24;Schweizerische Volkspartei des Kantons Thurgau, Mettlen;5;Unterstützte Kandidierende: 7 (namentliche Auflistung in untenstehender Meldung der Einnahmen vorhanden);Offenlegung von Zuwendungen über 15 000 Franken;/api/frontend/latest/de/downloads/campaigns/5/forms/2;Budgetzahlen;Gruppe von Kandidierenden (namentliche Auflistung in untenstehender Meldung der Einnahmen vorhanden);Thurgau;Schweizerische Volkspartei;Kampagnenfinanzierung
de;5;5;campaign_financings;all;1;22.10.2023 Nationalratswahlen 2023;2023;campaign_financing;Juristische Personen oder Personengesellschaften;24;Schweizerische Volkspartei des Kantons Thurgau, Mettlen;5;Unterstützte Kandidierende: 7 (namentliche Auflistung in untenstehender Meldung der Einnahmen vorhanden);Offenlegung der Schlussrechnung über die Einnahmen;/api/frontend/latest/de/downloads/campaigns/5/forms/5;Definitive Zahlen;Gruppe von Kandidierenden (namentliche Auflistung in untenstehender Meldung der Einnahmen vorhanden);Thurgau;Schweizerische Volkspartei;Kampagnenfinanzierung
de;5;6;campaign_financings;all;1;22.10.2023 Nationalratswahlen 2023;2023;campaign_financing;Juristische Personen oder Personengesellschaften;24;Schweizerische Volkspartei des Kantons Thurgau, Mettlen;5;Unterstützte Kandidierende: 7 (namentliche Auflistung in untenstehender Meldung der Einnahmen vorhanden);Offenlegung von Zuwendungen über 15 000 Franken (Schlussrechnung);/api/frontend/latest/de/downloads/campaigns/5/forms/6;Definitive Zahlen;Gruppe von Kandidierenden (namentliche Auflistung in untenstehender Meldung der Einnahmen vorhanden);Thurgau;Schweizerische Volkspartei;Kampagnenfinanzierung
de;50;1;campaign_financings;all;1;22.10.2023 Nationalratswahlen 2023;2023;campaign_financing;Juristische Personen oder Personengesellschaften;15;Grünliberale Kanton Luzern, Luzern;50;Unterstützte Kandidierende: 9 (namentliche Auflistung in untenstehender Meldung der Einnahmen vorhanden);Offenlegung der budgetierten Einnahmen;/api/frontend/latest/de/downloads/campaigns/50/forms/1;Budgetzahlen;Gruppe von Kandidierenden (namentliche Auflistung in untenstehender Meldung der Einnahmen vorhanden);Luzern;Grünliberale Partei;Kampagnenfinanzierung
de;50;5;campaign_financings;all;1;22.10.2023 Nationalratswahlen 2023;2023;campaign_financing;Juristische Personen oder Personengesellschaften;15;Grünliberale Kanton Luzern, Luzern;50;Unterstützte Kandidierende: 9 (namentliche Auflistung in untenstehender Meldung der Einnahmen vorhanden);Offenlegung der Schlussrechnung über die Einnahmen;/api/frontend/latest/de/downloads/campaigns/50/forms/5;Definitive Zahlen;Gruppe von Kandidierenden (namentliche Auflistung in untenstehender Meldung der Einnahmen vorhanden);Luzern;Grünliberale Partei;Kampagnenfinanzierung
de;500;61;party_financings;all;17;2024;;party_financing;Juristische Personen oder Personengesellschaften;43;FDP.Die Liberalen, Bern;;;Offenlegung der jährlichen Einnahmen;/api/frontend/latest/de/downloads/campaigns/500/forms/61;;;schweizweit;;Parteienfinanzierung
de;500;62;party_financings;all;17;2024;;party_financing;Juristische Personen oder Personengesellschaften;43;FDP.Die Liberalen, Bern;;;Offenlegung von Zuwendungen über 15 000 Franken;/api/frontend/latest/de/downloads/campaigns/500/forms/62;;;schweizweit;;Parteienfinanzierung
de;501;61;party_financings;all;17;2024;;party_financing;Juristische Personen oder Personengesellschaften;394;Lega dei Ticinesi, Lugano;;;Offenlegung der jährlichen Einnahmen;/api/frontend/latest/de/downloads/campaigns/501/forms/61;;;Tessin;;Parteienfinanzierung
de;502;63;campaign_financings;all;18;28.09.2025 Bundesbeschluss vom 20. Dezember 2024 über die kantonalen Liegenschaftssteuern auf Zweitliegenschaften;;campaign_financing;Juristische Personen oder Personengesellschaften;416;Hauseigentümerverband Kanton Luzern, Luzern;502;Annahme der Abstimmungsvorlage;Offenlegung der budgetierten Einnahmen;/api/frontend/latest/de/downloads/campaigns/502/forms/63;;;Luzern;;Kampagnenfinanzierung
de;502;64;campaign_financings;all;18;28.09.2025 Bundesbeschluss vom 20. Dezember 2024 über die kantonalen Liegenschaftssteuern auf Zweitliegenschaften;;campaign_financing;Juristische Personen oder Personengesellschaften;416;Hauseigentümerverband Kanton Luzern, Luzern;502;Annahme der Abstimmungsvorlage;Offenlegung von Zuwendungen über 15 000 Franken;/api/frontend/latest/de/downloads/campaigns/502/forms/64;;;Luzern;;Kampagnenfinanzierung
de;502;75;campaign_financings;all;18;28.09.2025 Bundesbeschluss vom 20. Dezember 2024 über die kantonalen Liegenschaftssteuern auf Zweitliegenschaften;;campaign_financing;Juristische Personen oder Personengesellschaften;416;Hauseigentümerverband Kanton Luzern, Luzern;502;Annahme der Abstimmungsvorlage;Offenlegung der Schlussrechnung über die Einnahmen;/api/frontend/latest/de/downloads/campaigns/502/forms/75;;;Luzern;;Kampagnenfinanzierung
de;502;76;campaign_financings;all;18;28.09.2025 Bundesbeschluss vom 20. Dezember 2024 über die kantonalen Liegenschaftssteuern auf Zweitliegenschaften;;campaign_financing;Juristische Personen oder Personengesellschaften;416;Hauseigentümerverband Kanton Luzern, Luzern;502;Annahme der Abstimmungsvorlage;Offenlegung von Zuwendungen über 15 000 Franken (Schlussrechnung);/api/frontend/latest/de/downloads/campaigns/502/forms/76;;;Luzern;;Kampagnenfinanzierung
de;503;63;campaign_financings;all;18;28.09.2025 Bundesbeschluss vom 20. Dezember 2024 über die kantonalen Liegenschaftssteuern auf Zweitliegenschaften;;campaign_financing;Juristische Personen oder Personengesellschaften;339;Hauseigentümer-Verband Kanton St. Gallen, St. Gallen;503;Annahme der Abstimmungsvorlage;Offenlegung der budgetierten Einnahmen;/api/frontend/latest/de/downloads/campaigns/503/forms/63;;;St. Gallen;;Kampagnenfinanzierung
de;503;64;campaign_financings;all;18;28.09.2025 Bundesbeschluss vom 20. Dezember 2024 über die kantonalen Liegenschaftssteuern auf Zweitliegenschaften;;campaign_financing;Juristische Personen oder Personengesellschaften;339;Hauseigentümer-Verband Kanton St. Gallen, St. Gallen;503;Annahme der Abstimmungsvorlage;Offenlegung von Zuwendungen über 15 000 Franken;/api/frontend/latest/de/downloads/campaigns/503/forms/64;;;St. Gallen;;Kampagnenfinanzierung
de;503;75;campaign_financings;all;18;28.09.2025 Bundesbeschluss vom 20. Dezember 2024 über die kantonalen Liegenschaftssteuern auf Zweitliegenschaften;;campaign_financing;Juristische Personen oder Personengesellschaften;339;Hauseigentümer-Verband Kanton St. Gallen, St. Gallen;503;Annahme der Abstimmungsvorlage;Offenlegung der Schlussrechnung über die Einnahmen;/api/frontend/latest/de/downloads/campaigns/503/forms/75;;;St. Gallen;;Kampagnenfinanzierung
de;503;76;campaign_financings;all;18;28.09.2025 Bundesbeschluss vom 20. Dezember 2024 über die kantonalen Liegenschaftssteuern auf Zweitliegenschaften;;campaign_financing;Juristische Personen oder Personengesellschaften;339;Hauseigentümer-Verband Kanton St. Gallen, St. Gallen;503;Annahme der Abstimmungsvorlage;Offenlegung von Zuwendungen über 15 000 Franken (Schlussrechnung);/api/frontend/latest/de/downloads/campaigns/503/forms/76;;;St. Gallen;;Kampagnenfinanzierung
de;504;63;campaign_financings;all;18;28.09.2025 Bundesbeschluss vom 20. Dezember 2024 über die kantonalen Liegenschaftssteuern auf Zweitliegenschaften;;campaign_financing;Juristische Personen oder Personengesellschaften;405;Hauseigentümerverband Aargau, Baden;504;Annahme der Abstimmungsvorlage;Offenlegung der budgetierten Einnahmen;/api/frontend/latest/de/downloads/campaigns/504/forms/63;;;Aargau;;Kampagnenfinanzierung
de;504;64;campaign_financings;all;18;28.09.2025 Bundesbeschluss vom 20. Dezember 2024 über die kantonalen Liegenschaftssteuern auf Zweitliegenschaften;;campaign_financing;Juristische Personen oder Personengesellschaften;405;Hauseigentümerverband Aargau, Baden;504;Annahme der Abstimmungsvorlage;Offenlegung von Zuwendungen über 15 000 Franken;/api/frontend/latest/de/downloads/campaigns/504/forms/64;;;Aargau;;Kampagnenfinanzierung
de;504;75;campaign_financings;all;18;28.09.2025 Bundesbeschluss vom 20. Dezember 2024 über die kantonalen Liegenschaftssteuern auf Zweitliegenschaften;;campaign_financing;Juristische Personen oder Personengesellschaften;405;Hauseigentümerverband Aargau, Baden;504;Annahme der Abstimmungsvorlage;Offenlegung der Schlussrechnung über die Einnahmen;/api/frontend/latest/de/downloads/campaigns/504/forms/75;;;Aargau;;Kampagnenfinanzierung
de;504;76;campaign_financings;all;18;28.09.2025 Bundesbeschluss vom 20. Dezember 2024 über die kantonalen Liegenschaftssteuern auf Zweitliegenschaften;;campaign_financing;Juristische Personen oder Personengesellschaften;405;Hauseigentümerverband Aargau, Baden;504;Annahme der Abstimmungsvorlage;Offenlegung von Zuwendungen über 15 000 Franken (Schlussrechnung);/api/frontend/latest/de/downloads/campaigns/504/forms/76;;;Aargau;;Kampagnenfinanzierung
de;505;65;campaign_financings;all;19;28.09.2025 Bundesgesetz vom 20. Dezember 2024 über den elektronischen Identitätsnachweis und andere elektronische Nachweise (E-ID-Gesetz, BGEID);;campaign_financing;Juristische Personen oder Personengesellschaften;329;MASS-VOLL!, Zürich;505;Ablehnung der Abstimmungsvorlage;Offenlegung der budgetierten Einnahmen;/api/frontend/latest/de/downloads/campaigns/505/forms/65;;;schweizweit;;Kampagnenfinanzierung
de;505;73;campaign_financings;all;19;28.09.2025 Bundesgesetz vom 20. Dezember 2024 über den elektronischen Identitätsnachweis und andere elektronische Nachweise (E-ID-Gesetz, BGEID);;campaign_financing;Juristische Personen oder Personengesellschaften;329;MASS-VOLL!, Zürich;505;Ablehnung der Abstimmungsvorlage;Offenlegung der Schlussrechnung über die Einnahmen;/api/frontend/latest/de/downloads/campaigns/505/forms/73;;;schweizweit;;Kampagnenfinanzierung
de;506;63;campaign_financings;all;18;28.09.2025 Bundesbeschluss vom 20. Dezember 2024 über die kantonalen Liegenschaftssteuern auf Zweitliegenschaften;;campaign_financing;Juristische Personen oder Personengesellschaften;421;Überparteiliches Komitee JA zur Abschaffung des Eigenmietwerts (HEV Schweiz), Zürich;506;Annahme der Abstimmungsvorlage;Offenlegung der budgetierten Einnahmen;/api/frontend/latest/de/downloads/campaigns/506/forms/63;;;schweizweit;;Kampagnenfinanzierung
de;506;64;campaign_financings;all;18;28.09.2025 Bundesbeschluss vom 20. Dezember 2024 über die kantonalen Liegenschaftssteuern auf Zweitliegenschaften;;campaign_financing;Juristische Personen oder Personengesellschaften;421;Überparteiliches Komitee JA zur Abschaffung des Eigenmietwerts (HEV Schweiz), Zürich;506;Annahme der Abstimmungsvorlage;Offenlegung von Zuwendungen über 15 000 Franken;/api/frontend/latest/de/downloads/campaigns/506/forms/64;;;schweizweit;;Kampagnenfinanzierung
de;506;75;campaign_financings;all;18;28.09.2025 Bundesbeschluss vom 20. Dezember 2024 über die kantonalen Liegenschaftssteuern auf Zweitliegenschaften;;campaign_financing;Juristische Personen oder Personengesellschaften;421;Überparteiliches Komitee JA zur Abschaffung des Eigenmietwerts (HEV Schweiz), Zürich;506;Annahme der Abstimmungsvorlage;Offenlegung der Schlussrechnung über die Einnahmen;/api/frontend/latest/de/downloads/campaigns/506/forms/75;;;schweizweit;;Kampagnenfinanzierung
de;506;76;campaign_financings;all;18;28.09.2025 Bundesbeschluss vom 20. Dezember 2024 über die kantonalen Liegenschaftssteuern auf Zweitliegenschaften;;campaign_financing;Juristische Personen oder Personengesellschaften;421;Überparteiliches Komitee JA zur Abschaffung des Eigenmietwerts (HEV Schweiz), Zürich;506;Annahme der Abstimmungsvorlage;Offenlegung von Zuwendungen über 15 000 Franken (Schlussrechnung);/api/frontend/latest/de/downloads/campaigns/506/forms/76;;;schweizweit;;Kampagnenfinanzierung
de;507;63;campaign_financings;all;18;28.09.2025 Bundesbeschluss vom 20. Dezember 2024 über die kantonalen Liegenschaftssteuern auf Zweitliegenschaften;;campaign_financing;Juristische Personen oder Personengesellschaften;424;aeesuisse - Dachverband der Wirtschaft für erneuerbare Energien und Energieeffizienz, Bern;507;Ablehnung der Abstimmungsvorlage;Offenlegung der budgetierten Einnahmen;/api/frontend/latest/de/downloads/campaigns/507/forms/63;;;schweizweit;;Kampagnenfinanzierung
de;507;64;campaign_financings;all;18;28.09.2025 Bundesbeschluss vom 20. Dezember 2024 über die kantonalen Liegenschaftssteuern auf Zweitliegenschaften;;campaign_financing;Juristische Personen oder Personengesellschaften;424;aeesuisse - Dachverband der Wirtschaft für erneuerbare Energien und Energieeffizienz, Bern;507;Ablehnung der Abstimmungsvorlage;Offenlegung von Zuwendungen über 15 000 Franken;/api/frontend/latest/de/downloads/campaigns/507/forms/64;;;schweizweit;;Kampagnenfinanzierung
de;507;75;campaign_financings;all;18;28.09.2025 Bundesbeschluss vom 20. Dezember 2024 über die kantonalen Liegenschaftssteuern auf Zweitliegenschaften;;campaign_financing;Juristische Personen oder Personengesellschaften;424;aeesuisse - Dachverband der Wirtschaft für erneuerbare Energien und Energieeffizienz, Bern;507;Ablehnung der Abstimmungsvorlage;Offenlegung der Schlussrechnung über die Einnahmen;/api/frontend/latest/de/downloads/campaigns/507/forms/75;;;schweizweit;;Kampagnenfinanzierung
de;507;76;campaign_financings;all;18;28.09.2025 Bundesbeschluss vom 20. Dezember 2024 über die kantonalen Liegenschaftssteuern auf Zweitliegenschaften;;campaign_financing;Juristische Personen oder Personengesellschaften;424;aeesuisse - Dachverband der Wirtschaft für erneuerbare Energien und Energieeffizienz, Bern;507;Ablehnung der Abstimmungsvorlage;Offenlegung von Zuwendungen über 15 000 Franken (Schlussrechnung);/api/frontend/latest/de/downloads/campaigns/507/forms/76;;;schweizweit;;Kampagnenfinanzierung
de;508;63;campaign_financings;all;18;28.09.2025 Bundesbeschluss vom 20. Dezember 2024 über die kantonalen Liegenschaftssteuern auf Zweitliegenschaften;;campaign_financing;Juristische Personen oder Personengesellschaften;420;Kantonales Komitee «JA zur Abschaffung des Eigenmietwerts» (HEV Basel-Stadt), Basel;508;Annahme der Abstimmungsvorlage;Offenlegung der budgetierten Einnahmen;/api/frontend/latest/de/downloads/campaigns/508/forms/63;;;Basel-Stadt;;Kampagnenfinanzierung
de;508;64;campaign_financings;all;18;28.09.2025 Bundesbeschluss vom 20. Dezember 2024 über die kantonalen Liegenschaftssteuern auf Zweitliegenschaften;;campaign_financing;Juristische Personen oder Personengesellschaften;420;Kantonales Komitee «JA zur Abschaffung des Eigenmietwerts» (HEV Basel-Stadt), Basel;508;Annahme der Abstimmungsvorlage;Offenlegung von Zuwendungen über 15 000 Franken;/api/frontend/latest/de/downloads/campaigns/508/forms/64;;;Basel-Stadt;;Kampagnenfinanzierung
de;508;75;campaign_financings;all;18;28.09.2025 Bundesbeschluss vom 20. Dezember 2024 über die kantonalen Liegenschaftssteuern auf Zweitliegenschaften;;campaign_financing;Juristische Personen oder Personengesellschaften;420;Kantonales Komitee «JA zur Abschaffung des Eigenmietwerts» (HEV Basel-Stadt), Basel;508;Annahme der Abstimmungsvorlage;Offenlegung der Schlussrechnung über die Einnahmen;/api/frontend/latest/de/downloads/campaigns/508/forms/75;;;Basel-Stadt;;Kampagnenfinanzierung
de;508;76;campaign_financings;all;18;28.09.2025 Bundesbeschluss vom 20. Dezember 2024 über die kantonalen Liegenschaftssteuern auf Zweitliegenschaften;;campaign_financing;Juristische Personen oder Personengesellschaften;420;Kantonales Komitee «JA zur Abschaffung des Eigenmietwerts» (HEV Basel-Stadt), Basel;508;Annahme der Abstimmungsvorlage;Offenlegung von Zuwendungen über 15 000 Franken (Schlussrechnung);/api/frontend/latest/de/downloads/campaigns/508/forms/76;;;Basel-Stadt;;Kampagnenfinanzierung
de;509;63;campaign_financings;all;18;28.09.2025 Bundesbeschluss vom 20. Dezember 2024 über die kantonalen Liegenschaftssteuern auf Zweitliegenschaften;;campaign_financing;Juristische Personen oder Personengesellschaften;417;Hauseigentümerverband Kanton Schwyz, Schwyz;509;Annahme der Abstimmungsvorlage;Offenlegung der budgetierten Einnahmen;/api/frontend/latest/de/downloads/campaigns/509/forms/63;;;Schwyz;;Kampagnenfinanzierung
de;509;64;campaign_financings;all;18;28.09.2025 Bundesbeschluss vom 20. Dezember 2024 über die kantonalen Liegenschaftssteuern auf Zweitliegenschaften;;campaign_financing;Juristische Personen oder Personengesellschaften;417;Hauseigentümerverband Kanton Schwyz, Schwyz;509;Annahme der Abstimmungsvorlage;Offenlegung von Zuwendungen über 15 000 Franken;/api/frontend/latest/de/downloads/campaigns/509/forms/64;;;Schwyz;;Kampagnenfinanzierung
de;509;75;campaign_financings;all;18;28.09.2025 Bundesbeschluss vom 20. Dezember 2024 über die kantonalen Liegenschaftssteuern auf Zweitliegenschaften;;campaign_financing;Juristische Personen oder Personengesellschaften;417;Hauseigentümerverband Kanton Schwyz, Schwyz;509;Annahme der Abstimmungsvorlage;Offenlegung der Schlussrechnung über die Einnahmen;/api/frontend/latest/de/downloads/campaigns/509/forms/75;;;Schwyz;;Kampagnenfinanzierung
de;509;76;campaign_financings;all;18;28.09.2025 Bundesbeschluss vom 20. Dezember 2024 über die kantonalen Liegenschaftssteuern auf Zweitliegenschaften;;campaign_financing;Juristische Personen oder Personengesellschaften;417;Hauseigentümerverband Kanton Schwyz, Schwyz;509;Annahme der Abstimmungsvorlage;Offenlegung von Zuwendungen über 15 000 Franken (Schlussrechnung);/api/frontend/latest/de/downloads/campaigns/509/forms/76;;;Schwyz;;Kampagnenfinanzierung
de;51;1;campaign_financings;all;1;22.10.2023 Nationalratswahlen 2023;2023;campaign_financing;Juristische Personen oder Personengesellschaften;121;Schweizerischer Baumeisterverband (SBV), Zürich;51;Unterstützte Kandidierende: 68 (namentliche Auflistung in untenstehender Meldung der Einnahmen vorhanden);Offenlegung der budgetierten Einnahmen;/api/frontend/latest/de/downloads/campaigns/51/forms/1;Budgetzahlen;Gruppe von Kandidierenden (namentliche Auflistung in untenstehender Meldung der Einnahmen vorhanden);Aargau;Die Mitte;Kampagnenfinanzierung
de;510;63;campaign_financings;all;18;28.09.2025 Bundesbeschluss vom 20. Dezember 2024 über die kantonalen Liegenschaftssteuern auf Zweitliegenschaften;;campaign_financing;Juristische Personen oder Personengesellschaften;311;HEV Kanton Zürich, Zürich;510;Annahme der Abstimmungsvorlage;Offenlegung der budgetierten Einnahmen;/api/frontend/latest/de/downloads/campaigns/510/forms/63;;;Zürich;;Kampagnenfinanzierung
de;510;75;campaign_financings;all;18;28.09.2025 Bundesbeschluss vom 20. Dezember 2024 über die kantonalen Liegenschaftssteuern auf Zweitliegenschaften;;campaign_financing;Juristische Personen oder Personengesellschaften;311;HEV Kanton Zürich, Zürich;510;Annahme der Abstimmungsvorlage;Offenlegung der Schlussrechnung über die Einnahmen;/api/frontend/latest/de/downloads/campaigns/510/forms/75;;;Zürich;;Kampagnenfinanzierung
de;511;63;campaign_financings;all;18;28.09.2025 Bundesbeschluss vom 20. Dezember 2024 über die kantonalen Liegenschaftssteuern auf Zweitliegenschaften;;campaign_financing;Juristische Personen oder Personengesellschaften;415;Hauseigentümerverband Graubünden, Chur;511;Annahme der Abstimmungsvorlage;Offenlegung der budgetierten Einnahmen;/api/frontend/latest/de/downloads/campaigns/511/forms/63;;;Graubünden;;Kampagnenfinanzierung
de;511;64;campaign_financings;all;18;28.09.2025 Bundesbeschluss vom 20. Dezember 2024 über die kantonalen Liegenschaftssteuern auf Zweitliegenschaften;;campaign_financing;Juristische Personen oder Personengesellschaften;415;Hauseigentümerverband Graubünden, Chur;511;Annahme der Abstimmungsvorlage;Offenlegung von Zuwendungen über 15 000 Franken;/api/frontend/latest/de/downloads/campaigns/511/forms/64;;;Graubünden;;Kampagnenfinanzierung
de;511;75;campaign_financings;all;18;28.09.2025 Bundesbeschluss vom 20. Dezember 2024 über die kantonalen Liegenschaftssteuern auf Zweitliegenschaften;;campaign_financing;Juristische Personen oder Personengesellschaften;415;Hauseigentümerverband Graubünden, Chur;511;Annahme der Abstimmungsvorlage;Offenlegung der Schlussrechnung über die Einnahmen;/api/frontend/latest/de/downloads/campaigns/511/forms/75;;;Graubünden;;Kampagnenfinanzierung
de;511;76;campaign_financings;all;18;28.09.2025 Bundesbeschluss vom 20. Dezember 2024 über die kantonalen Liegenschaftssteuern auf Zweitliegenschaften;;campaign_financing;Juristische Personen oder Personengesellschaften;415;Hauseigentümerverband Graubünden, Chur;511;Annahme der Abstimmungsvorlage;Offenlegung von Zuwendungen über 15 000 Franken (Schlussrechnung);/api/frontend/latest/de/downloads/campaigns/511/forms/76;;;Graubünden;;Kampagnenfinanzierung
de;512;65;campaign_financings;all;19;28.09.2025 Bundesgesetz vom 20. Dezember 2024 über den elektronischen Identitätsnachweis und andere elektronische Nachweise (E-ID-Gesetz, BGEID);;campaign_financing;Juristische Personen oder Personengesellschaften;425;Wirtschaftskomitee Schweizer e-ID, Bern;512;Annahme der Abstimmungsvorlage;Offenlegung der budgetierten Einnahmen;/api/frontend/latest/de/downloads/campaigns/512/forms/65;;;schweizweit;;Kampagnenfinanzierung
de;512;66;campaign_financings;all;19;28.09.2025 Bundesgesetz vom 20. Dezember 2024 über den elektronischen Identitätsnachweis und andere elektronische Nachweise (E-ID-Gesetz, BGEID);;campaign_financing;Juristische Personen oder Personengesellschaften;425;Wirtschaftskomitee Schweizer e-ID, Bern;512;Annahme der Abstimmungsvorlage;Offenlegung von Zuwendungen über 15 000 Franken;/api/frontend/latest/de/downloads/campaigns/512/forms/66;;;schweizweit;;Kampagnenfinanzierung
de;512;73;campaign_financings;all;19;28.09.2025 Bundesgesetz vom 20. Dezember 2024 über den elektronischen Identitätsnachweis und andere elektronische Nachweise (E-ID-Gesetz, BGEID);;campaign_financing;Juristische Personen oder Personengesellschaften;425;Wirtschaftskomitee Schweizer e-ID, Bern;512;Annahme der Abstimmungsvorlage;Offenlegung der Schlussrechnung über die Einnahmen;/api/frontend/latest/de/downloads/campaigns/512/forms/73;;;schweizweit;;Kampagnenfinanzierung
de;512;74;campaign_financings;all;19;28.09.2025 Bundesgesetz vom 20. Dezember 2024 über den elektronischen Identitätsnachweis und andere elektronische Nachweise (E-ID-Gesetz, BGEID);;campaign_financing;Juristische Personen oder Personengesellschaften;425;Wirtschaftskomitee Schweizer e-ID, Bern;512;Annahme der Abstimmungsvorlage;Offenlegung von Zuwendungen über 15 000 Franken (Schlussrechnung);/api/frontend/latest/de/downloads/campaigns/512/forms/74;;;schweizweit;;Kampagnenfinanzierung
de;513;63;campaign_financings;all;18;28.09.2025 Bundesbeschluss vom 20. Dezember 2024 über die kantonalen Liegenschaftssteuern auf Zweitliegenschaften;;campaign_financing;Juristische Personen oder Personengesellschaften;422;Hauseigentümerverband Thurgau, Kreuzlingen;513;Annahme der Abstimmungsvorlage;Offenlegung der budgetierten Einnahmen;/api/frontend/latest/de/downloads/campaigns/513/forms/63;;;Thurgau;;Kampagnenfinanzierung
de;513;64;campaign_financings;all;18;28.09.2025 Bundesbeschluss vom 20. Dezember 2024 über die kantonalen Liegenschaftssteuern auf Zweitliegenschaften;;campaign_financing;Juristische Personen oder Personengesellschaften;422;Hauseigentümerverband Thurgau, Kreuzlingen;513;Annahme der Abstimmungsvorlage;Offenlegung von Zuwendungen über 15 000 Franken;/api/frontend/latest/de/downloads/campaigns/513/forms/64;;;Thurgau;;Kampagnenfinanzierung
de;513;75;campaign_financings;all;18;28.09.2025 Bundesbeschluss vom 20. Dezember 2024 über die kantonalen Liegenschaftssteuern auf Zweitliegenschaften;;campaign_financing;Juristische Personen oder Personengesellschaften;422;Hauseigentümerverband Thurgau, Kreuzlingen;513;Annahme der Abstimmungsvorlage;Offenlegung der Schlussrechnung über die Einnahmen;/api/frontend/latest/de/downloads/campaigns/513/forms/75;;;Thurgau;;Kampagnenfinanzierung
de;513;76;campaign_financings;all;18;28.09.2025 Bundesbeschluss vom 20. Dezember 2024 über die kantonalen Liegenschaftssteuern auf Zweitliegenschaften;;campaign_financing;Juristische Personen oder Personengesellschaften;422;Hauseigentümerverband Thurgau, Kreuzlingen;513;Annahme der Abstimmungsvorlage;Offenlegung von Zuwendungen über 15 000 Franken (Schlussrechnung);/api/frontend/latest/de/downloads/campaigns/513/forms/76;;;Thurgau;;Kampagnenfinanzierung
de;514;65;campaign_financings;all;19;28.09.2025 Bundesgesetz vom 20. Dezember 2024 über den elektronischen Identitätsnachweis und andere elektronische Nachweise (E-ID-Gesetz, BGEID);;campaign_financing;Juristische Personen oder Personengesellschaften;426;Allianz Pro e-ID, Bern;514;Annahme der Abstimmungsvorlage;Offenlegung der budgetierten Einnahmen;/api/frontend/latest/de/downloads/campaigns/514/forms/65;;;schweizweit;;Kampagnenfinanzierung
de;514;66;campaign_financings;all;19;28.09.2025 Bundesgesetz vom 20. Dezember 2024 über den elektronischen Identitätsnachweis und andere elektronische Nachweise (E-ID-Gesetz, BGEID);;campaign_financing;Juristische Personen oder Personengesellschaften;426;Allianz Pro e-ID, Bern;514;Annahme der Abstimmungsvorlage;Offenlegung von Zuwendungen über 15 000 Franken;/api/frontend/latest/de/downloads/campaigns/514/forms/66;;;schweizweit;;Kampagnenfinanzierung
de;514;73;campaign_financings;all;19;28.09.2025 Bundesgesetz vom 20. Dezember 2024 über den elektronischen Identitätsnachweis und andere elektronische Nachweise (E-ID-Gesetz, BGEID);;campaign_financing;Juristische Personen oder Personengesellschaften;426;Allianz Pro e-ID, Bern;514;Annahme der Abstimmungsvorlage;Offenlegung der Schlussrechnung über die Einnahmen;/api/frontend/latest/de/downloads/campaigns/514/forms/73;;;schweizweit;;Kampagnenfinanzierung
de;514;74;campaign_financings;all;19;28.09.2025 Bundesgesetz vom 20. Dezember 2024 über den elektronischen Identitätsnachweis und andere elektronische Nachweise (E-ID-Gesetz, BGEID);;campaign_financing;Juristische Personen oder Personengesellschaften;426;Allianz Pro e-ID, Bern;514;Annahme der Abstimmungsvorlage;Offenlegung von Zuwendungen über 15 000 Franken (Schlussrechnung);/api/frontend/latest/de/downloads/campaigns/514/forms/74;;;schweizweit;;Kampagnenfinanzierung
de;515;65;campaign_financings;all;19;28.09.2025 Bundesgesetz vom 20. Dezember 2024 über den elektronischen Identitätsnachweis und andere elektronische Nachweise (E-ID-Gesetz, BGEID);;campaign_financing;Juristische Personen oder Personengesellschaften;427;Stiftung für direkte Demokratie, Basel;515;Annahme der Abstimmungsvorlage;Offenlegung der budgetierten Einnahmen;/api/frontend/latest/de/downloads/campaigns/515/forms/65;;;schweizweit;;Kampagnenfinanzierung
de;515;73;campaign_financings;all;19;28.09.2025 Bundesgesetz vom 20. Dezember 2024 über den elektronischen Identitätsnachweis und andere elektronische Nachweise (E-ID-Gesetz, BGEID);;campaign_financing;Juristische Personen oder Personengesellschaften;427;Stiftung für direkte Demokratie, Basel;515;Annahme der Abstimmungsvorlage;Offenlegung der Schlussrechnung über die Einnahmen;/api/frontend/latest/de/downloads/campaigns/515/forms/73;;;schweizweit;;Kampagnenfinanzierung
de;516;63;campaign_financings;all;18;28.09.2025 Bundesbeschluss vom 20. Dezember 2024 über die kantonalen Liegenschaftssteuern auf Zweitliegenschaften;;campaign_financing;Juristische Personen oder Personengesellschaften;8;Sozialdemokratische Partei der Schweiz, Bern;516;Ablehnung der Abstimmungsvorlage;Offenlegung der budgetierten Einnahmen;/api/frontend/latest/de/downloads/campaigns/516/forms/63;;;schweizweit;;Kampagnenfinanzierung
de;516;75;campaign_financings;all;18;28.09.2025 Bundesbeschluss vom 20. Dezember 2024 über die kantonalen Liegenschaftssteuern auf Zweitliegenschaften;;campaign_financing;Juristische Personen oder Personengesellschaften;8;Sozialdemokratische Partei der Schweiz, Bern;516;Ablehnung der Abstimmungsvorlage;Offenlegung der Schlussrechnung über die Einnahmen;/api/frontend/latest/de/downloads/campaigns/516/forms/75;;;schweizweit;;Kampagnenfinanzierung
de;517;63;campaign_financings;all;18;28.09.2025 Bundesbeschluss vom 20. Dezember 2024 über die kantonalen Liegenschaftssteuern auf Zweitliegenschaften;;campaign_financing;Juristische Personen oder Personengesellschaften;428;Hauseigentümerverband Baselland, Pratteln;517;Annahme der Abstimmungsvorlage;Offenlegung der budgetierten Einnahmen;/api/frontend/latest/de/downloads/campaigns/517/forms/63;;;Basel-Landschaft;;Kampagnenfinanzierung
de;517;64;campaign_financings;all;18;28.09.2025 Bundesbeschluss vom 20. Dezember 2024 über die kantonalen Liegenschaftssteuern auf Zweitliegenschaften;;campaign_financing;Juristische Personen oder Personengesellschaften;428;Hauseigentümerverband Baselland, Pratteln;517;Annahme der Abstimmungsvorlage;Offenlegung von Zuwendungen über 15 000 Franken;/api/frontend/latest/de/downloads/campaigns/517/forms/64;;;Basel-Landschaft;;Kampagnenfinanzierung
de;517;75;campaign_financings;all;18;28.09.2025 Bundesbeschluss vom 20. Dezember 2024 über die kantonalen Liegenschaftssteuern auf Zweitliegenschaften;;campaign_financing;Juristische Personen oder Personengesellschaften;428;Hauseigentümerverband Baselland, Pratteln;517;Annahme der Abstimmungsvorlage;Offenlegung der Schlussrechnung über die Einnahmen;/api/frontend/latest/de/downloads/campaigns/517/forms/75;;;Basel-Landschaft;;Kampagnenfinanzierung
de;517;76;campaign_financings;all;18;28.09.2025 Bundesbeschluss vom 20. Dezember 2024 über die kantonalen Liegenschaftssteuern auf Zweitliegenschaften;;campaign_financing;Juristische Personen oder Personengesellschaften;428;Hauseigentümerverband Baselland, Pratteln;517;Annahme der Abstimmungsvorlage;Offenlegung von Zuwendungen über 15 000 Franken (Schlussrechnung);/api/frontend/latest/de/downloads/campaigns/517/forms/76;;;Basel-Landschaft;;Kampagnenfinanzierung
de;518;63;campaign_financings;all;18;28.09.2025 Bundesbeschluss vom 20. Dezember 2024 über die kantonalen Liegenschaftssteuern auf Zweitliegenschaften;;campaign_financing;Juristische Personen oder Personengesellschaften;410;Hauseigentümerverband Kanton Bern, Bern;518;Annahme der Abstimmungsvorlage;Offenlegung der budgetierten Einnahmen;/api/frontend/latest/de/downloads/campaigns/518/forms/63;;;Bern;;Kampagnenfinanzierung
de;518;64;campaign_financings;all;18;28.09.2025 Bundesbeschluss vom 20. Dezember 2024 über die kantonalen Liegenschaftssteuern auf Zweitliegenschaften;;campaign_financing;Juristische Personen oder Personengesellschaften;410;Hauseigentümerverband Kanton Bern, Bern;518;Annahme der Abstimmungsvorlage;Offenlegung von Zuwendungen über 15 000 Franken;/api/frontend/latest/de/downloads/campaigns/518/forms/64;;;Bern;;Kampagnenfinanzierung
de;518;75;campaign_financings;all;18;28.09.2025 Bundesbeschluss vom 20. Dezember 2024 über die kantonalen Liegenschaftssteuern auf Zweitliegenschaften;;campaign_financing;Juristische Personen oder Personengesellschaften;410;Hauseigentümerverband Kanton Bern, Bern;518;Annahme der Abstimmungsvorlage;Offenlegung der Schlussrechnung über die Einnahmen;/api/frontend/latest/de/downloads/campaigns/518/forms/75;;;Bern;;Kampagnenfinanzierung
de;518;76;campaign_financings;all;18;28.09.2025 Bundesbeschluss vom 20. Dezember 2024 über die kantonalen Liegenschaftssteuern auf Zweitliegenschaften;;campaign_financing;Juristische Personen oder Personengesellschaften;410;Hauseigentümerverband Kanton Bern, Bern;518;Annahme der Abstimmungsvorlage;Offenlegung von Zuwendungen über 15 000 Franken (Schlussrechnung);/api/frontend/latest/de/downloads/campaigns/518/forms/76;;;Bern;;Kampagnenfinanzierung
de;519;65;campaign_financings;all;19;28.09.2025 Bundesgesetz vom 20. Dezember 2024 über den elektronischen Identitätsnachweis und andere elektronische Nachweise (E-ID-Gesetz, BGEID);;campaign_financing;Juristische Personen oder Personengesellschaften;337;Piratenpartei Schweiz, Bern;519;Ablehnung der Abstimmungsvorlage;Offenlegung der budgetierten Einnahmen;/api/frontend/latest/de/downloads/campaigns/519/forms/65;;;schweizweit;;Kampagnenfinanzierung
de;519;73;campaign_financings;all;19;28.09.2025 Bundesgesetz vom 20. Dezember 2024 über den elektronischen Identitätsnachweis und andere elektronische Nachweise (E-ID-Gesetz, BGEID);;campaign_financing;Juristische Personen oder Personengesellschaften;337;Piratenpartei Schweiz, Bern;519;Ablehnung der Abstimmungsvorlage;Offenlegung der Schlussrechnung über die Einnahmen;/api/frontend/latest/de/downloads/campaigns/519/forms/73;;;schweizweit;;Kampagnenfinanzierung
de;52;1;campaign_financings;all;1;22.10.2023 Nationalratswahlen 2023;2023;campaign_financing;Natürliche Personen;72;Walliser Bruno, Volketswil;52;Walliser Bruno (Zürich, Schweizerische Volkspartei);Offenlegung der budgetierten Einnahmen;/api/frontend/latest/de/downloads/campaigns/52/forms/1;Budgetzahlen;Einzelperson;Zürich;Schweizerische Volkspartei;Kampagnenfinanzierung
de;52;5;campaign_financings;all;1;22.10.2023 Nationalratswahlen 2023;2023;campaign_financing;Natürliche Personen;72;Walliser Bruno, Volketswil;52;Walliser Bruno (Zürich, Schweizerische Volkspartei);Offenlegung der Schlussrechnung über die Einnahmen;/api/frontend/latest/de/downloads/campaigns/52/forms/5;Definitive Zahlen;Einzelperson;Zürich;Schweizerische Volkspartei;Kampagnenfinanzierung
de;520;67;campaign_financings;all;20;30.11.2025 Für eine engagierte Schweiz (Service-citoyen-Initiative);2025;campaign_financing;Juristische Personen oder Personengesellschaften;337;Piratenpartei Schweiz, Bern;520;Annahme der Abstimmungsvorlage;Offenlegung der budgetierten Einnahmen;/api/frontend/latest/de/downloads/campaigns/520/forms/67;;;schweizweit;;Kampagnenfinanzierung
de;521;63;campaign_financings;all;18;28.09.2025 Bundesbeschluss vom 20. Dezember 2024 über die kantonalen Liegenschaftssteuern auf Zweitliegenschaften;;campaign_financing;Juristische Personen oder Personengesellschaften;423;"Schweizerischer Verband der Immobilienwirtschaft SVIT (""SVIT Schweiz""), Zürich";521;Annahme der Abstimmungsvorlage;Offenlegung der budgetierten Einnahmen;/api/frontend/latest/de/downloads/campaigns/521/forms/63;;;schweizweit;;Kampagnenfinanzierung
de;521;75;campaign_financings;all;18;28.09.2025 Bundesbeschluss vom 20. Dezember 2024 über die kantonalen Liegenschaftssteuern auf Zweitliegenschaften;;campaign_financing;Juristische Personen oder Personengesellschaften;423;"Schweizerischer Verband der Immobilienwirtschaft SVIT (""SVIT Schweiz""), Zürich";521;Annahme der Abstimmungsvorlage;Offenlegung der Schlussrechnung über die Einnahmen;/api/frontend/latest/de/downloads/campaigns/521/forms/75;;;schweizweit;;Kampagnenfinanzierung
de;523;69;campaign_financings;all;21;30.11.2025 Für eine soziale Klimapolitik – steuerlich gerecht finanziert (Initiative für eine Zukunft);;campaign_financing;Juristische Personen oder Personengesellschaften;328;Swissmem, Zürich;523;Ablehnung der Abstimmungsvorlage;Offenlegung der budgetierten Einnahmen;/api/frontend/latest/de/downloads/campaigns/523/forms/69;;;schweizweit;;Kampagnenfinanzierung
de;523;87;campaign_financings;all;21;30.11.2025 Für eine soziale Klimapolitik – steuerlich gerecht finanziert (Initiative für eine Zukunft);;campaign_financing;Juristische Personen oder Personengesellschaften;328;Swissmem, Zürich;523;Ablehnung der Abstimmungsvorlage;Offenlegung der Schlussrechnung über die Einnahmen;/api/frontend/latest/de/downloads/campaigns/523/forms/87;;;schweizweit;;Kampagnenfinanzierung
de;523;88;campaign_financings;all;21;30.11.2025 Für eine soziale Klimapolitik – steuerlich gerecht finanziert (Initiative für eine Zukunft);;campaign_financing;Juristische Personen oder Personengesellschaften;328;Swissmem, Zürich;523;Ablehnung der Abstimmungsvorlage;Offenlegung von Zuwendungen über 15 000 Franken (Schlussrechnung);/api/frontend/latest/de/downloads/campaigns/523/forms/88;;;schweizweit;;Kampagnenfinanzierung
de;524;65;campaign_financings;all;19;28.09.2025 Bundesgesetz vom 20. Dezember 2024 über den elektronischen Identitätsnachweis und andere elektronische Nachweise (E-ID-Gesetz, BGEID);;campaign_financing;Juristische Personen oder Personengesellschaften;429;Referendumskomitee E-ID 2.0, Zürich;524;Ablehnung der Abstimmungsvorlage;Offenlegung der budgetierten Einnahmen;/api/frontend/latest/de/downloads/campaigns/524/forms/65;;;schweizweit;;Kampagnenfinanzierung
de;524;66;campaign_financings;all;19;28.09.2025 Bundesgesetz vom 20. Dezember 2024 über den elektronischen Identitätsnachweis und andere elektronische Nachweise (E-ID-Gesetz, BGEID);;campaign_financing;Juristische Personen oder Personengesellschaften;429;Referendumskomitee E-ID 2.0, Zürich;524;Ablehnung der Abstimmungsvorlage;Offenlegung von Zuwendungen über 15 000 Franken;/api/frontend/latest/de/downloads/campaigns/524/forms/66;;;schweizweit;;Kampagnenfinanzierung
de;524;73;campaign_financings;all;19;28.09.2025 Bundesgesetz vom 20. Dezember 2024 über den elektronischen Identitätsnachweis und andere elektronische Nachweise (E-ID-Gesetz, BGEID);;campaign_financing;Juristische Personen oder Personengesellschaften;429;Referendumskomitee E-ID 2.0, Zürich;524;Ablehnung der Abstimmungsvorlage;Offenlegung der Schlussrechnung über die Einnahmen;/api/frontend/latest/de/downloads/campaigns/524/forms/73;;;schweizweit;;Kampagnenfinanzierung
de;524;74;campaign_financings;all;19;28.09.2025 Bundesgesetz vom 20. Dezember 2024 über den elektronischen Identitätsnachweis und andere elektronische Nachweise (E-ID-Gesetz, BGEID);;campaign_financing;Juristische Personen oder Personengesellschaften;429;Referendumskomitee E-ID 2.0, Zürich;524;Ablehnung der Abstimmungsvorlage;Offenlegung von Zuwendungen über 15 000 Franken (Schlussrechnung);/api/frontend/latest/de/downloads/campaigns/524/forms/74;;;schweizweit;;Kampagnenfinanzierung
de;525;71;campaign_financings;all;22;29.06.2025 Ständeratswahl (Schaffhausen);;campaign_financing;Juristische Personen oder Personengesellschaften;267;FDP.Die Liberalen Kanton Schaffhausen, Schaffhausen;525;Brüngger Severin (Schaffhausen, FDP.Die Liberalen);Offenlegung der Schlussrechnung über die Einnahmen;/api/frontend/latest/de/downloads/campaigns/525/forms/71;Definitive Zahlen;Einzelperson;Schaffhausen;FDP.Die Liberalen;Kampagnenfinanzierung
de;526;69;campaign_financings;all;21;30.11.2025 Für eine soziale Klimapolitik – steuerlich gerecht finanziert (Initiative für eine Zukunft);;campaign_financing;Juristische Personen oder Personengesellschaften;430;Chambre de commerce, d'industrie et des services de Genève, Genève;526;Ablehnung der Abstimmungsvorlage;Offenlegung der budgetierten Einnahmen;/api/frontend/latest/de/downloads/campaigns/526/forms/69;;;Genf;;Kampagnenfinanzierung
de;526;70;campaign_financings;all;21;30.11.2025 Für eine soziale Klimapolitik – steuerlich gerecht finanziert (Initiative für eine Zukunft);;campaign_financing;Juristische Personen oder Personengesellschaften;430;Chambre de commerce, d'industrie et des services de Genève, Genève;526;Ablehnung der Abstimmungsvorlage;Offenlegung von Zuwendungen über 15 000 Franken;/api/frontend/latest/de/downloads/campaigns/526/forms/70;;;Genf;;Kampagnenfinanzierung
de;526;87;campaign_financings;all;21;30.11.2025 Für eine soziale Klimapolitik – steuerlich gerecht finanziert (Initiative für eine Zukunft);;campaign_financing;Juristische Personen oder Personengesellschaften;430;Chambre de commerce, d'industrie et des services de Genève, Genève;526;Ablehnung der Abstimmungsvorlage;Offenlegung der Schlussrechnung über die Einnahmen;/api/frontend/latest/de/downloads/campaigns/526/forms/87;;;Genf;;Kampagnenfinanzierung
de;526;88;campaign_financings;all;21;30.11.2025 Für eine soziale Klimapolitik – steuerlich gerecht finanziert (Initiative für eine Zukunft);;campaign_financing;Juristische Personen oder Personengesellschaften;430;Chambre de commerce, d'industrie et des services de Genève, Genève;526;Ablehnung der Abstimmungsvorlage;Offenlegung von Zuwendungen über 15 000 Franken (Schlussrechnung);/api/frontend/latest/de/downloads/campaigns/526/forms/88;;;Genf;;Kampagnenfinanzierung
de;527;65;campaign_financings;all;19;28.09.2025 Bundesgesetz vom 20. Dezember 2024 über den elektronischen Identitätsnachweis und andere elektronische Nachweise (E-ID-Gesetz, BGEID);;campaign_financing;Juristische Personen oder Personengesellschaften;331;Eidgenössisch-Demokratische Union Schweiz (EDU Schweiz), Thun;527;Ablehnung der Abstimmungsvorlage;Offenlegung der budgetierten Einnahmen;/api/frontend/latest/de/downloads/campaigns/527/forms/65;;;schweizweit;;Kampagnenfinanzierung
de;527;73;campaign_financings;all;19;28.09.2025 Bundesgesetz vom 20. Dezember 2024 über den elektronischen Identitätsnachweis und andere elektronische Nachweise (E-ID-Gesetz, BGEID);;campaign_financing;Juristische Personen oder Personengesellschaften;331;Eidgenössisch-Demokratische Union Schweiz (EDU Schweiz), Thun;527;Ablehnung der Abstimmungsvorlage;Offenlegung der Schlussrechnung über die Einnahmen;/api/frontend/latest/de/downloads/campaigns/527/forms/73;;;schweizweit;;Kampagnenfinanzierung
de;528;69;campaign_financings;all;21;30.11.2025 Für eine soziale Klimapolitik – steuerlich gerecht finanziert (Initiative für eine Zukunft);;campaign_financing;Juristische Personen oder Personengesellschaften;93;Jungsozialist*innen Schweiz, Bern;528;Annahme der Abstimmungsvorlage;Offenlegung der budgetierten Einnahmen;/api/frontend/latest/de/downloads/campaigns/528/forms/69;;;schweizweit;;Kampagnenfinanzierung
de;528;70;campaign_financings;all;21;30.11.2025 Für eine soziale Klimapolitik – steuerlich gerecht finanziert (Initiative für eine Zukunft);;campaign_financing;Juristische Personen oder Personengesellschaften;93;Jungsozialist*innen Schweiz, Bern;528;Annahme der Abstimmungsvorlage;Offenlegung von Zuwendungen über 15 000 Franken;/api/frontend/latest/de/downloads/campaigns/528/forms/70;;;schweizweit;;Kampagnenfinanzierung
de;528;87;campaign_financings;all;21;30.11.2025 Für eine soziale Klimapolitik – steuerlich gerecht finanziert (Initiative für eine Zukunft);;campaign_financing;Juristische Personen oder Personengesellschaften;93;Jungsozialist*innen Schweiz, Bern;528;Annahme der Abstimmungsvorlage;Offenlegung der Schlussrechnung über die Einnahmen;/api/frontend/latest/de/downloads/campaigns/528/forms/87;;;schweizweit;;Kampagnenfinanzierung
de;528;88;campaign_financings;all;21;30.11.2025 Für eine soziale Klimapolitik – steuerlich gerecht finanziert (Initiative für eine Zukunft);;campaign_financing;Juristische Personen oder Personengesellschaften;93;Jungsozialist*innen Schweiz, Bern;528;Annahme der Abstimmungsvorlage;Offenlegung von Zuwendungen über 15 000 Franken (Schlussrechnung);/api/frontend/latest/de/downloads/campaigns/528/forms/88;;;schweizweit;;Kampagnenfinanzierung
de;529;69;campaign_financings;all;21;30.11.2025 Für eine soziale Klimapolitik – steuerlich gerecht finanziert (Initiative für eine Zukunft);;campaign_financing;Juristische Personen oder Personengesellschaften;431;Industrie und Handelskammer St. Gallen-Appenzell, St. Gallen;529;Ablehnung der Abstimmungsvorlage;Offenlegung der budgetierten Einnahmen;/api/frontend/latest/de/downloads/campaigns/529/forms/69;;;schweizweit;;Kampagnenfinanzierung
de;529;70;campaign_financings;all;21;30.11.2025 Für eine soziale Klimapolitik – steuerlich gerecht finanziert (Initiative für eine Zukunft);;campaign_financing;Juristische Personen oder Personengesellschaften;431;Industrie und Handelskammer St. Gallen-Appenzell, St. Gallen;529;Ablehnung der Abstimmungsvorlage;Offenlegung von Zuwendungen über 15 000 Franken;/api/frontend/latest/de/downloads/campaigns/529/forms/70;;;schweizweit;;Kampagnenfinanzierung
de;529;87;campaign_financings;all;21;30.11.2025 Für eine soziale Klimapolitik – steuerlich gerecht finanziert (Initiative für eine Zukunft);;campaign_financing;Juristische Personen oder Personengesellschaften;431;Industrie und Handelskammer St. Gallen-Appenzell, St. Gallen;529;Ablehnung der Abstimmungsvorlage;Offenlegung der Schlussrechnung über die Einnahmen;/api/frontend/latest/de/downloads/campaigns/529/forms/87;;;schweizweit;;Kampagnenfinanzierung
de;529;88;campaign_financings;all;21;30.11.2025 Für eine soziale Klimapolitik – steuerlich gerecht finanziert (Initiative für eine Zukunft);;campaign_financing;Juristische Personen oder Personengesellschaften;431;Industrie und Handelskammer St. Gallen-Appenzell, St. Gallen;529;Ablehnung der Abstimmungsvorlage;Offenlegung von Zuwendungen über 15 000 Franken (Schlussrechnung);/api/frontend/latest/de/downloads/campaigns/529/forms/88;;;schweizweit;;Kampagnenfinanzierung
de;53;1;campaign_financings;all;1;22.10.2023 Nationalratswahlen 2023;2023;campaign_financing;Juristische Personen oder Personengesellschaften;41;Grünliberale Partei des Kantons Solothurn, Solothurn;53;Unterstützte Kandidierende: 12 (namentliche Auflistung in untenstehender Meldung der Einnahmen vorhanden);Offenlegung der budgetierten Einnahmen;/api/frontend/latest/de/downloads/campaigns/53/forms/1;Budgetzahlen;Gruppe von Kandidierenden (namentliche Auflistung in untenstehender Meldung der Einnahmen vorhanden);Solothurn;Grünliberale Partei;Kampagnenfinanzierung
de;53;2;campaign_financings;all;1;22.10.2023 Nationalratswahlen 2023;2023;campaign_financing;Juristische Personen oder Personengesellschaften;41;Grünliberale Partei des Kantons Solothurn, Solothurn;53;Unterstützte Kandidierende: 12 (namentliche Auflistung in untenstehender Meldung der Einnahmen vorhanden);Offenlegung von Zuwendungen über 15 000 Franken;/api/frontend/latest/de/downloads/campaigns/53/forms/2;Budgetzahlen;Gruppe von Kandidierenden (namentliche Auflistung in untenstehender Meldung der Einnahmen vorhanden);Solothurn;Grünliberale Partei;Kampagnenfinanzierung
de;530;69;campaign_financings;all;21;30.11.2025 Für eine soziale Klimapolitik – steuerlich gerecht finanziert (Initiative für eine Zukunft);;campaign_financing;Juristische Personen oder Personengesellschaften;433;Swiss Family Business, Zürich;530;Ablehnung der Abstimmungsvorlage;Offenlegung der budgetierten Einnahmen;/api/frontend/latest/de/downloads/campaigns/530/forms/69;;;schweizweit;;Kampagnenfinanzierung
de;530;70;campaign_financings;all;21;30.11.2025 Für eine soziale Klimapolitik – steuerlich gerecht finanziert (Initiative für eine Zukunft);;campaign_financing;Juristische Personen oder Personengesellschaften;433;Swiss Family Business, Zürich;530;Ablehnung der Abstimmungsvorlage;Offenlegung von Zuwendungen über 15 000 Franken;/api/frontend/latest/de/downloads/campaigns/530/forms/70;;;schweizweit;;Kampagnenfinanzierung
de;530;87;campaign_financings;all;21;30.11.2025 Für eine soziale Klimapolitik – steuerlich gerecht finanziert (Initiative für eine Zukunft);;campaign_financing;Juristische Personen oder Personengesellschaften;433;Swiss Family Business, Zürich;530;Ablehnung der Abstimmungsvorlage;Offenlegung der Schlussrechnung über die Einnahmen;/api/frontend/latest/de/downloads/campaigns/530/forms/87;;;schweizweit;;Kampagnenfinanzierung
de;530;88;campaign_financings;all;21;30.11.2025 Für eine soziale Klimapolitik – steuerlich gerecht finanziert (Initiative für eine Zukunft);;campaign_financing;Juristische Personen oder Personengesellschaften;433;Swiss Family Business, Zürich;530;Ablehnung der Abstimmungsvorlage;Offenlegung von Zuwendungen über 15 000 Franken (Schlussrechnung);/api/frontend/latest/de/downloads/campaigns/530/forms/88;;;schweizweit;;Kampagnenfinanzierung
de;532;67;campaign_financings;all;20;30.11.2025 Für eine engagierte Schweiz (Service-citoyen-Initiative);2025;campaign_financing;Juristische Personen oder Personengesellschaften;436;Association suisse pour la promotion de l'engagement de milice, Genève;532;Annahme der Abstimmungsvorlage;Offenlegung der budgetierten Einnahmen;/api/frontend/latest/de/downloads/campaigns/532/forms/67;;;schweizweit;;Kampagnenfinanzierung
de;532;68;campaign_financings;all;20;30.11.2025 Für eine engagierte Schweiz (Service-citoyen-Initiative);2025;campaign_financing;Juristische Personen oder Personengesellschaften;436;Association suisse pour la promotion de l'engagement de milice, Genève;532;Annahme der Abstimmungsvorlage;Offenlegung von Zuwendungen über 15 000 Franken;/api/frontend/latest/de/downloads/campaigns/532/forms/68;;;schweizweit;;Kampagnenfinanzierung
de;532;85;campaign_financings;all;20;30.11.2025 Für eine engagierte Schweiz (Service-citoyen-Initiative);2025;campaign_financing;Juristische Personen oder Personengesellschaften;436;Association suisse pour la promotion de l'engagement de milice, Genève;532;Annahme der Abstimmungsvorlage;Offenlegung der Schlussrechnung über die Einnahmen;/api/frontend/latest/de/downloads/campaigns/532/forms/85;;;schweizweit;;Kampagnenfinanzierung
de;532;86;campaign_financings;all;20;30.11.2025 Für eine engagierte Schweiz (Service-citoyen-Initiative);2025;campaign_financing;Juristische Personen oder Personengesellschaften;436;Association suisse pour la promotion de l'engagement de milice, Genève;532;Annahme der Abstimmungsvorlage;Offenlegung von Zuwendungen über 15 000 Franken (Schlussrechnung);/api/frontend/latest/de/downloads/campaigns/532/forms/86;;;schweizweit;;Kampagnenfinanzierung
de;533;67;campaign_financings;all;20;30.11.2025 Für eine engagierte Schweiz (Service-citoyen-Initiative);2025;campaign_financing;Juristische Personen oder Personengesellschaften;437;Amicale Populaire et Patriotique pour un Service Citoyen, Villarzel;533;Annahme der Abstimmungsvorlage;Offenlegung der budgetierten Einnahmen;/api/frontend/latest/de/downloads/campaigns/533/forms/67;;;schweizweit;;Kampagnenfinanzierung
de;533;68;campaign_financings;all;20;30.11.2025 Für eine engagierte Schweiz (Service-citoyen-Initiative);2025;campaign_financing;Juristische Personen oder Personengesellschaften;437;Amicale Populaire et Patriotique pour un Service Citoyen, Villarzel;533;Annahme der Abstimmungsvorlage;Offenlegung von Zuwendungen über 15 000 Franken;/api/frontend/latest/de/downloads/campaigns/533/forms/68;;;schweizweit;;Kampagnenfinanzierung
de;533;85;campaign_financings;all;20;30.11.2025 Für eine engagierte Schweiz (Service-citoyen-Initiative);2025;campaign_financing;Juristische Personen oder Personengesellschaften;437;Amicale Populaire et Patriotique pour un Service Citoyen, Villarzel;533;Annahme der Abstimmungsvorlage;Offenlegung der Schlussrechnung über die Einnahmen;/api/frontend/latest/de/downloads/campaigns/533/forms/85;;;schweizweit;;Kampagnenfinanzierung
de;533;86;campaign_financings;all;20;30.11.2025 Für eine engagierte Schweiz (Service-citoyen-Initiative);2025;campaign_financing;Juristische Personen oder Personengesellschaften;437;Amicale Populaire et Patriotique pour un Service Citoyen, Villarzel;533;Annahme der Abstimmungsvorlage;Offenlegung von Zuwendungen über 15 000 Franken (Schlussrechnung);/api/frontend/latest/de/downloads/campaigns/533/forms/86;;;schweizweit;;Kampagnenfinanzierung
de;534;69;campaign_financings;all;21;30.11.2025 Für eine soziale Klimapolitik – steuerlich gerecht finanziert (Initiative für eine Zukunft);;campaign_financing;Juristische Personen oder Personengesellschaften;434;"Allianz ""Nein zur extremen Juso-Initiative"", Bern";534;Ablehnung der Abstimmungsvorlage;Offenlegung der budgetierten Einnahmen;/api/frontend/latest/de/downloads/campaigns/534/forms/69;;;schweizweit;;Kampagnenfinanzierung
de;534;70;campaign_financings;all;21;30.11.2025 Für eine soziale Klimapolitik – steuerlich gerecht finanziert (Initiative für eine Zukunft);;campaign_financing;Juristische Personen oder Personengesellschaften;434;"Allianz ""Nein zur extremen Juso-Initiative"", Bern";534;Ablehnung der Abstimmungsvorlage;Offenlegung von Zuwendungen über 15 000 Franken;/api/frontend/latest/de/downloads/campaigns/534/forms/70;;;schweizweit;;Kampagnenfinanzierung
de;534;87;campaign_financings;all;21;30.11.2025 Für eine soziale Klimapolitik – steuerlich gerecht finanziert (Initiative für eine Zukunft);;campaign_financing;Juristische Personen oder Personengesellschaften;434;"Allianz ""Nein zur extremen Juso-Initiative"", Bern";534;Ablehnung der Abstimmungsvorlage;Offenlegung der Schlussrechnung über die Einnahmen;/api/frontend/latest/de/downloads/campaigns/534/forms/87;;;schweizweit;;Kampagnenfinanzierung
de;534;88;campaign_financings;all;21;30.11.2025 Für eine soziale Klimapolitik – steuerlich gerecht finanziert (Initiative für eine Zukunft);;campaign_financing;Juristische Personen oder Personengesellschaften;434;"Allianz ""Nein zur extremen Juso-Initiative"", Bern";534;Ablehnung der Abstimmungsvorlage;Offenlegung von Zuwendungen über 15 000 Franken (Schlussrechnung);/api/frontend/latest/de/downloads/campaigns/534/forms/88;;;schweizweit;;Kampagnenfinanzierung
de;535;69;campaign_financings;all;21;30.11.2025 Für eine soziale Klimapolitik – steuerlich gerecht finanziert (Initiative für eine Zukunft);;campaign_financing;Juristische Personen oder Personengesellschaften;43;FDP.Die Liberalen, Bern;535;Ablehnung der Abstimmungsvorlage;Offenlegung der budgetierten Einnahmen;/api/frontend/latest/de/downloads/campaigns/535/forms/69;;;schweizweit;;Kampagnenfinanzierung
de;535;70;campaign_financings;all;21;30.11.2025 Für eine soziale Klimapolitik – steuerlich gerecht finanziert (Initiative für eine Zukunft);;campaign_financing;Juristische Personen oder Personengesellschaften;43;FDP.Die Liberalen, Bern;535;Ablehnung der Abstimmungsvorlage;Offenlegung von Zuwendungen über 15 000 Franken;/api/frontend/latest/de/downloads/campaigns/535/forms/70;;;schweizweit;;Kampagnenfinanzierung
de;535;87;campaign_financings;all;21;30.11.2025 Für eine soziale Klimapolitik – steuerlich gerecht finanziert (Initiative für eine Zukunft);;campaign_financing;Juristische Personen oder Personengesellschaften;43;FDP.Die Liberalen, Bern;535;Ablehnung der Abstimmungsvorlage;Offenlegung der Schlussrechnung über die Einnahmen;/api/frontend/latest/de/downloads/campaigns/535/forms/87;;;schweizweit;;Kampagnenfinanzierung
de;535;88;campaign_financings;all;21;30.11.2025 Für eine soziale Klimapolitik – steuerlich gerecht finanziert (Initiative für eine Zukunft);;campaign_financing;Juristische Personen oder Personengesellschaften;43;FDP.Die Liberalen, Bern;535;Ablehnung der Abstimmungsvorlage;Offenlegung von Zuwendungen über 15 000 Franken (Schlussrechnung);/api/frontend/latest/de/downloads/campaigns/535/forms/88;;;schweizweit;;Kampagnenfinanzierung
de;536;69;campaign_financings;all;21;30.11.2025 Für eine soziale Klimapolitik – steuerlich gerecht finanziert (Initiative für eine Zukunft);;campaign_financing;Juristische Personen oder Personengesellschaften;432;economiesuisse, Zürich;536;Ablehnung der Abstimmungsvorlage;Offenlegung der budgetierten Einnahmen;/api/frontend/latest/de/downloads/campaigns/536/forms/69;;;schweizweit;;Kampagnenfinanzierung
de;536;87;campaign_financings;all;21;30.11.2025 Für eine soziale Klimapolitik – steuerlich gerecht finanziert (Initiative für eine Zukunft);;campaign_financing;Juristische Personen oder Personengesellschaften;432;economiesuisse, Zürich;536;Ablehnung der Abstimmungsvorlage;Offenlegung der Schlussrechnung über die Einnahmen;/api/frontend/latest/de/downloads/campaigns/536/forms/87;;;schweizweit;;Kampagnenfinanzierung
de;537;67;campaign_financings;all;20;30.11.2025 Für eine engagierte Schweiz (Service-citoyen-Initiative);2025;campaign_financing;Juristische Personen oder Personengesellschaften;435;Allianz Sicherheit Schweiz, Zürich;537;Ablehnung der Abstimmungsvorlage;Offenlegung der budgetierten Einnahmen;/api/frontend/latest/de/downloads/campaigns/537/forms/67;;;schweizweit;;Kampagnenfinanzierung
de;537;68;campaign_financings;all;20;30.11.2025 Für eine engagierte Schweiz (Service-citoyen-Initiative);2025;campaign_financing;Juristische Personen oder Personengesellschaften;435;Allianz Sicherheit Schweiz, Zürich;537;Ablehnung der Abstimmungsvorlage;Offenlegung von Zuwendungen über 15 000 Franken;/api/frontend/latest/de/downloads/campaigns/537/forms/68;;;schweizweit;;Kampagnenfinanzierung
de;537;85;campaign_financings;all;20;30.11.2025 Für eine engagierte Schweiz (Service-citoyen-Initiative);2025;campaign_financing;Juristische Personen oder Personengesellschaften;435;Allianz Sicherheit Schweiz, Zürich;537;Ablehnung der Abstimmungsvorlage;Offenlegung der Schlussrechnung über die Einnahmen;/api/frontend/latest/de/downloads/campaigns/537/forms/85;;;schweizweit;;Kampagnenfinanzierung
de;537;86;campaign_financings;all;20;30.11.2025 Für eine engagierte Schweiz (Service-citoyen-Initiative);2025;campaign_financing;Juristische Personen oder Personengesellschaften;435;Allianz Sicherheit Schweiz, Zürich;537;Ablehnung der Abstimmungsvorlage;Offenlegung von Zuwendungen über 15 000 Franken (Schlussrechnung);/api/frontend/latest/de/downloads/campaigns/537/forms/86;;;schweizweit;;Kampagnenfinanzierung
de;538;69;campaign_financings;all;21;30.11.2025 Für eine soziale Klimapolitik – steuerlich gerecht finanziert (Initiative für eine Zukunft);;campaign_financing;Juristische Personen oder Personengesellschaften;228;Schweizerischer Gewerbeverband, Bern;538;Ablehnung der Abstimmungsvorlage;Offenlegung der budgetierten Einnahmen;/api/frontend/latest/de/downloads/campaigns/538/forms/69;;;schweizweit;;Kampagnenfinanzierung
de;538;70;campaign_financings;all;21;30.11.2025 Für eine soziale Klimapolitik – steuerlich gerecht finanziert (Initiative für eine Zukunft);;campaign_financing;Juristische Personen oder Personengesellschaften;228;Schweizerischer Gewerbeverband, Bern;538;Ablehnung der Abstimmungsvorlage;Offenlegung von Zuwendungen über 15 000 Franken;/api/frontend/latest/de/downloads/campaigns/538/forms/70;;;schweizweit;;Kampagnenfinanzierung
de;538;87;campaign_financings;all;21;30.11.2025 Für eine soziale Klimapolitik – steuerlich gerecht finanziert (Initiative für eine Zukunft);;campaign_financing;Juristische Personen oder Personengesellschaften;228;Schweizerischer Gewerbeverband, Bern;538;Ablehnung der Abstimmungsvorlage;Offenlegung der Schlussrechnung über die Einnahmen;/api/frontend/latest/de/downloads/campaigns/538/forms/87;;;schweizweit;;Kampagnenfinanzierung
de;538;88;campaign_financings;all;21;30.11.2025 Für eine soziale Klimapolitik – steuerlich gerecht finanziert (Initiative für eine Zukunft);;campaign_financing;Juristische Personen oder Personengesellschaften;228;Schweizerischer Gewerbeverband, Bern;538;Ablehnung der Abstimmungsvorlage;Offenlegung von Zuwendungen über 15 000 Franken (Schlussrechnung);/api/frontend/latest/de/downloads/campaigns/538/forms/88;;;schweizweit;;Kampagnenfinanzierung
de;539;79;campaign_financings;all;24;08.03.2026 200 Franken sind genug! (SRG-Initiative);;campaign_financing;Juristische Personen oder Personengesellschaften;357;Operation Libero, Bern;539;Ablehnung der Abstimmungsvorlage;Offenlegung der budgetierten Einnahmen;/api/frontend/latest/de/downloads/campaigns/539/forms/79;;;schweizweit;;Kampagnenfinanzierung
de;539;99;campaign_financings;all;24;08.03.2026 200 Franken sind genug! (SRG-Initiative);;campaign_financing;Juristische Personen oder Personengesellschaften;357;Operation Libero, Bern;539;Ablehnung der Abstimmungsvorlage;Offenlegung der Schlussrechnung über die Einnahmen;/api/frontend/latest/de/downloads/campaigns/539/forms/99;;;schweizweit;;Kampagnenfinanzierung
de;54;1;campaign_financings;all;1;22.10.2023 Nationalratswahlen 2023;2023;campaign_financing;Juristische Personen oder Personengesellschaften;91;Die Mitte Kanton St. Gallen, St. Gallen;54;Unterstützte Kandidierende: 24 (namentliche Auflistung in untenstehender Meldung der Einnahmen vorhanden);Offenlegung der budgetierten Einnahmen;/api/frontend/latest/de/downloads/campaigns/54/forms/1;Budgetzahlen;Gruppe von Kandidierenden (namentliche Auflistung in untenstehender Meldung der Einnahmen vorhanden);St. Gallen;Die Mitte;Kampagnenfinanzierung
de;54;5;campaign_financings;all;1;22.10.2023 Nationalratswahlen 2023;2023;campaign_financing;Juristische Personen oder Personengesellschaften;91;Die Mitte Kanton St. Gallen, St. Gallen;54;Unterstützte Kandidierende: 24 (namentliche Auflistung in untenstehender Meldung der Einnahmen vorhanden);Offenlegung der Schlussrechnung über die Einnahmen;/api/frontend/latest/de/downloads/campaigns/54/forms/5;Definitive Zahlen;Gruppe von Kandidierenden (namentliche Auflistung in untenstehender Meldung der Einnahmen vorhanden);St. Gallen;Die Mitte;Kampagnenfinanzierung
de;540;83;campaign_financings;all;26;08.03.2026 Bundesgesetz vom 20. Juni 2025 über die Individualbesteuerung;;campaign_financing;Juristische Personen oder Personengesellschaften;59;Die Mitte, Bern;540;Ablehnung der Abstimmungsvorlage;Offenlegung der budgetierten Einnahmen;/api/frontend/latest/de/downloads/campaigns/540/forms/83;;;schweizweit;;Kampagnenfinanzierung
de;540;84;campaign_financings;all;26;08.03.2026 Bundesgesetz vom 20. Juni 2025 über die Individualbesteuerung;;campaign_financing;Juristische Personen oder Personengesellschaften;59;Die Mitte, Bern;540;Ablehnung der Abstimmungsvorlage;Offenlegung von Zuwendungen über 15 000 Franken;/api/frontend/latest/de/downloads/campaigns/540/forms/84;;;schweizweit;;Kampagnenfinanzierung
de;540;97;campaign_financings;all;26;08.03.2026 Bundesgesetz vom 20. Juni 2025 über die Individualbesteuerung;;campaign_financing;Juristische Personen oder Personengesellschaften;59;Die Mitte, Bern;540;Ablehnung der Abstimmungsvorlage;Offenlegung der Schlussrechnung über die Einnahmen;/api/frontend/latest/de/downloads/campaigns/540/forms/97;;;schweizweit;;Kampagnenfinanzierung
de;540;98;campaign_financings;all;26;08.03.2026 Bundesgesetz vom 20. Juni 2025 über die Individualbesteuerung;;campaign_financing;Juristische Personen oder Personengesellschaften;59;Die Mitte, Bern;540;Ablehnung der Abstimmungsvorlage;Offenlegung von Zuwendungen über 15 000 Franken (Schlussrechnung);/api/frontend/latest/de/downloads/campaigns/540/forms/98;;;schweizweit;;Kampagnenfinanzierung
de;541;79;campaign_financings;all;24;08.03.2026 200 Franken sind genug! (SRG-Initiative);;campaign_financing;Juristische Personen oder Personengesellschaften;331;Eidgenössisch-Demokratische Union Schweiz (EDU Schweiz), Thun;541;Annahme der Abstimmungsvorlage;Offenlegung der budgetierten Einnahmen;/api/frontend/latest/de/downloads/campaigns/541/forms/79;;;schweizweit;;Kampagnenfinanzierung
de;541;99;campaign_financings;all;24;08.03.2026 200 Franken sind genug! (SRG-Initiative);;campaign_financing;Juristische Personen oder Personengesellschaften;331;Eidgenössisch-Demokratische Union Schweiz (EDU Schweiz), Thun;541;Annahme der Abstimmungsvorlage;Offenlegung der Schlussrechnung über die Einnahmen;/api/frontend/latest/de/downloads/campaigns/541/forms/99;;;schweizweit;;Kampagnenfinanzierung
de;542;83;campaign_financings;all;26;08.03.2026 Bundesgesetz vom 20. Juni 2025 über die Individualbesteuerung;;campaign_financing;Juristische Personen oder Personengesellschaften;439;JA zur Individualbesteuerung, Bern;542;Annahme der Abstimmungsvorlage;Offenlegung der budgetierten Einnahmen;/api/frontend/latest/de/downloads/campaigns/542/forms/83;;;schweizweit;;Kampagnenfinanzierung
de;542;84;campaign_financings;all;26;08.03.2026 Bundesgesetz vom 20. Juni 2025 über die Individualbesteuerung;;campaign_financing;Juristische Personen oder Personengesellschaften;439;JA zur Individualbesteuerung, Bern;542;Annahme der Abstimmungsvorlage;Offenlegung von Zuwendungen über 15 000 Franken;/api/frontend/latest/de/downloads/campaigns/542/forms/84;;;schweizweit;;Kampagnenfinanzierung
de;542;97;campaign_financings;all;26;08.03.2026 Bundesgesetz vom 20. Juni 2025 über die Individualbesteuerung;;campaign_financing;Juristische Personen oder Personengesellschaften;439;JA zur Individualbesteuerung, Bern;542;Annahme der Abstimmungsvorlage;Offenlegung der Schlussrechnung über die Einnahmen;/api/frontend/latest/de/downloads/campaigns/542/forms/97;;;schweizweit;;Kampagnenfinanzierung
de;542;98;campaign_financings;all;26;08.03.2026 Bundesgesetz vom 20. Juni 2025 über die Individualbesteuerung;;campaign_financing;Juristische Personen oder Personengesellschaften;439;JA zur Individualbesteuerung, Bern;542;Annahme der Abstimmungsvorlage;Offenlegung von Zuwendungen über 15 000 Franken (Schlussrechnung);/api/frontend/latest/de/downloads/campaigns/542/forms/98;;;schweizweit;;Kampagnenfinanzierung
de;543;100;campaign_financings;all;24;08.03.2026 200 Franken sind genug! (SRG-Initiative);;campaign_financing;Juristische Personen oder Personengesellschaften;438;Souveräne Medien Schweiz, Zürich;543;Ablehnung der Abstimmungsvorlage;Offenlegung von Zuwendungen über 15 000 Franken (Schlussrechnung);/api/frontend/latest/de/downloads/campaigns/543/forms/100;;;schweizweit;;Kampagnenfinanzierung
de;543;79;campaign_financings;all;24;08.03.2026 200 Franken sind genug! (SRG-Initiative);;campaign_financing;Juristische Personen oder Personengesellschaften;438;Souveräne Medien Schweiz, Zürich;543;Ablehnung der Abstimmungsvorlage;Offenlegung der budgetierten Einnahmen;/api/frontend/latest/de/downloads/campaigns/543/forms/79;;;schweizweit;;Kampagnenfinanzierung
de;543;80;campaign_financings;all;24;08.03.2026 200 Franken sind genug! (SRG-Initiative);;campaign_financing;Juristische Personen oder Personengesellschaften;438;Souveräne Medien Schweiz, Zürich;543;Ablehnung der Abstimmungsvorlage;Offenlegung von Zuwendungen über 15 000 Franken;/api/frontend/latest/de/downloads/campaigns/543/forms/80;;;schweizweit;;Kampagnenfinanzierung
de;543;99;campaign_financings;all;24;08.03.2026 200 Franken sind genug! (SRG-Initiative);;campaign_financing;Juristische Personen oder Personengesellschaften;438;Souveräne Medien Schweiz, Zürich;543;Ablehnung der Abstimmungsvorlage;Offenlegung der Schlussrechnung über die Einnahmen;/api/frontend/latest/de/downloads/campaigns/543/forms/99;;;schweizweit;;Kampagnenfinanzierung
de;544;83;campaign_financings;all;26;08.03.2026 Bundesgesetz vom 20. Juni 2025 über die Individualbesteuerung;;campaign_financing;Juristische Personen oder Personengesellschaften;42;Schweizerische Volkspartei (SVP), Bern;544;Ablehnung der Abstimmungsvorlage;Offenlegung der budgetierten Einnahmen;/api/frontend/latest/de/downloads/campaigns/544/forms/83;;;schweizweit;;Kampagnenfinanzierung
de;544;97;campaign_financings;all;26;08.03.2026 Bundesgesetz vom 20. Juni 2025 über die Individualbesteuerung;;campaign_financing;Juristische Personen oder Personengesellschaften;42;Schweizerische Volkspartei (SVP), Bern;544;Ablehnung der Abstimmungsvorlage;Offenlegung der Schlussrechnung über die Einnahmen;/api/frontend/latest/de/downloads/campaigns/544/forms/97;;;schweizweit;;Kampagnenfinanzierung
de;545;100;campaign_financings;all;24;08.03.2026 200 Franken sind genug! (SRG-Initiative);;campaign_financing;Juristische Personen oder Personengesellschaften;419;IG SRG-Initiative «200 Franken sind genug!», Dübendorf;545;Annahme der Abstimmungsvorlage;Offenlegung von Zuwendungen über 15 000 Franken (Schlussrechnung);/api/frontend/latest/de/downloads/campaigns/545/forms/100;;;schweizweit;;Kampagnenfinanzierung
de;545;79;campaign_financings;all;24;08.03.2026 200 Franken sind genug! (SRG-Initiative);;campaign_financing;Juristische Personen oder Personengesellschaften;419;IG SRG-Initiative «200 Franken sind genug!», Dübendorf;545;Annahme der Abstimmungsvorlage;Offenlegung der budgetierten Einnahmen;/api/frontend/latest/de/downloads/campaigns/545/forms/79;;;schweizweit;;Kampagnenfinanzierung
de;545;80;campaign_financings;all;24;08.03.2026 200 Franken sind genug! (SRG-Initiative);;campaign_financing;Juristische Personen oder Personengesellschaften;419;IG SRG-Initiative «200 Franken sind genug!», Dübendorf;545;Annahme der Abstimmungsvorlage;Offenlegung von Zuwendungen über 15 000 Franken;/api/frontend/latest/de/downloads/campaigns/545/forms/80;;;schweizweit;;Kampagnenfinanzierung
de;545;99;campaign_financings;all;24;08.03.2026 200 Franken sind genug! (SRG-Initiative);;campaign_financing;Juristische Personen oder Personengesellschaften;419;IG SRG-Initiative «200 Franken sind genug!», Dübendorf;545;Annahme der Abstimmungsvorlage;Offenlegung der Schlussrechnung über die Einnahmen;/api/frontend/latest/de/downloads/campaigns/545/forms/99;;;schweizweit;;Kampagnenfinanzierung
de;546;100;campaign_financings;all;24;08.03.2026 200 Franken sind genug! (SRG-Initiative);;campaign_financing;Juristische Personen oder Personengesellschaften;228;Schweizerischer Gewerbeverband, Bern;546;Annahme der Abstimmungsvorlage;Offenlegung von Zuwendungen über 15 000 Franken (Schlussrechnung);/api/frontend/latest/de/downloads/campaigns/546/forms/100;;;schweizweit;;Kampagnenfinanzierung
de;546;79;campaign_financings;all;24;08.03.2026 200 Franken sind genug! (SRG-Initiative);;campaign_financing;Juristische Personen oder Personengesellschaften;228;Schweizerischer Gewerbeverband, Bern;546;Annahme der Abstimmungsvorlage;Offenlegung der budgetierten Einnahmen;/api/frontend/latest/de/downloads/campaigns/546/forms/79;;;schweizweit;;Kampagnenfinanzierung
de;546;80;campaign_financings;all;24;08.03.2026 200 Franken sind genug! (SRG-Initiative);;campaign_financing;Juristische Personen oder Personengesellschaften;228;Schweizerischer Gewerbeverband, Bern;546;Annahme der Abstimmungsvorlage;Offenlegung von Zuwendungen über 15 000 Franken;/api/frontend/latest/de/downloads/campaigns/546/forms/80;;;schweizweit;;Kampagnenfinanzierung
de;546;99;campaign_financings;all;24;08.03.2026 200 Franken sind genug! (SRG-Initiative);;campaign_financing;Juristische Personen oder Personengesellschaften;228;Schweizerischer Gewerbeverband, Bern;546;Annahme der Abstimmungsvorlage;Offenlegung der Schlussrechnung über die Einnahmen;/api/frontend/latest/de/downloads/campaigns/546/forms/99;;;schweizweit;;Kampagnenfinanzierung
de;547;100;campaign_financings;all;24;08.03.2026 200 Franken sind genug! (SRG-Initiative);;campaign_financing;Juristische Personen oder Personengesellschaften;427;Stiftung für direkte Demokratie, Basel;547;Ablehnung der Abstimmungsvorlage;Offenlegung von Zuwendungen über 15 000 Franken (Schlussrechnung);/api/frontend/latest/de/downloads/campaigns/547/forms/100;;;schweizweit;;Kampagnenfinanzierung
de;547;79;campaign_financings;all;24;08.03.2026 200 Franken sind genug! (SRG-Initiative);;campaign_financing;Juristische Personen oder Personengesellschaften;427;Stiftung für direkte Demokratie, Basel;547;Ablehnung der Abstimmungsvorlage;Offenlegung der budgetierten Einnahmen;/api/frontend/latest/de/downloads/campaigns/547/forms/79;;;schweizweit;;Kampagnenfinanzierung
de;547;80;campaign_financings;all;24;08.03.2026 200 Franken sind genug! (SRG-Initiative);;campaign_financing;Juristische Personen oder Personengesellschaften;427;Stiftung für direkte Demokratie, Basel;547;Ablehnung der Abstimmungsvorlage;Offenlegung von Zuwendungen über 15 000 Franken;/api/frontend/latest/de/downloads/campaigns/547/forms/80;;;schweizweit;;Kampagnenfinanzierung
de;547;99;campaign_financings;all;24;08.03.2026 200 Franken sind genug! (SRG-Initiative);;campaign_financing;Juristische Personen oder Personengesellschaften;427;Stiftung für direkte Demokratie, Basel;547;Ablehnung der Abstimmungsvorlage;Offenlegung der Schlussrechnung über die Einnahmen;/api/frontend/latest/de/downloads/campaigns/547/forms/99;;;schweizweit;;Kampagnenfinanzierung
de;548;89;campaign_financings;all;27;08.03.2026 Nationalratswahl (Appenzell Ausserrhoden);;campaign_financing;Juristische Personen oder Personengesellschaften;16;Schweizerische Volkspartei von Appenzell Ausserrhoden, Schönengrund;548;Bischof Edgar (Appenzell Ausserrhoden, Schweizerische Volkspartei);Offenlegung der budgetierten Einnahmen;/api/frontend/latest/de/downloads/campaigns/548/forms/89;Budgetzahlen;Einzelperson;Appenzell Ausserrhoden;Schweizerische Volkspartei;Kampagnenfinanzierung
de;548;90;campaign_financings;all;27;08.03.2026 Nationalratswahl (Appenzell Ausserrhoden);;campaign_financing;Juristische Personen oder Personengesellschaften;16;Schweizerische Volkspartei von Appenzell Ausserrhoden, Schönengrund;548;Bischof Edgar (Appenzell Ausserrhoden, Schweizerische Volkspartei);Offenlegung von Zuwendungen über 15 000 Franken;/api/frontend/latest/de/downloads/campaigns/548/forms/90;Budgetzahlen;Einzelperson;Appenzell Ausserrhoden;Schweizerische Volkspartei;Kampagnenfinanzierung
de;548;95;campaign_financings;all;27;08.03.2026 Nationalratswahl (Appenzell Ausserrhoden);;campaign_financing;Juristische Personen oder Personengesellschaften;16;Schweizerische Volkspartei von Appenzell Ausserrhoden, Schönengrund;548;Bischof Edgar (Appenzell Ausserrhoden, Schweizerische Volkspartei);Offenlegung der Schlussrechnung über die Einnahmen;/api/frontend/latest/de/downloads/campaigns/548/forms/95;Definitive Zahlen;Einzelperson;Appenzell Ausserrhoden;Schweizerische Volkspartei;Kampagnenfinanzierung
de;548;96;campaign_financings;all;27;08.03.2026 Nationalratswahl (Appenzell Ausserrhoden);;campaign_financing;Juristische Personen oder Personengesellschaften;16;Schweizerische Volkspartei von Appenzell Ausserrhoden, Schönengrund;548;Bischof Edgar (Appenzell Ausserrhoden, Schweizerische Volkspartei);Offenlegung von Zuwendungen über 15 000 Franken (Schlussrechnung);/api/frontend/latest/de/downloads/campaigns/548/forms/96;Definitive Zahlen;Einzelperson;Appenzell Ausserrhoden;Schweizerische Volkspartei;Kampagnenfinanzierung
de;549;100;campaign_financings;all;24;08.03.2026 200 Franken sind genug! (SRG-Initiative);;campaign_financing;Juristische Personen oder Personengesellschaften;441;Sportkomitee gegen die Halbierungsinitiative, Gstaad;549;Ablehnung der Abstimmungsvorlage;Offenlegung von Zuwendungen über 15 000 Franken (Schlussrechnung);/api/frontend/latest/de/downloads/campaigns/549/forms/100;;;schweizweit;;Kampagnenfinanzierung
de;549;79;campaign_financings;all;24;08.03.2026 200 Franken sind genug! (SRG-Initiative);;campaign_financing;Juristische Personen oder Personengesellschaften;441;Sportkomitee gegen die Halbierungsinitiative, Gstaad;549;Ablehnung der Abstimmungsvorlage;Offenlegung der budgetierten Einnahmen;/api/frontend/latest/de/downloads/campaigns/549/forms/79;;;schweizweit;;Kampagnenfinanzierung
de;549;80;campaign_financings;all;24;08.03.2026 200 Franken sind genug! (SRG-Initiative);;campaign_financing;Juristische Personen oder Personengesellschaften;441;Sportkomitee gegen die Halbierungsinitiative, Gstaad;549;Ablehnung der Abstimmungsvorlage;Offenlegung von Zuwendungen über 15 000 Franken;/api/frontend/latest/de/downloads/campaigns/549/forms/80;;;schweizweit;;Kampagnenfinanzierung
de;549;99;campaign_financings;all;24;08.03.2026 200 Franken sind genug! (SRG-Initiative);;campaign_financing;Juristische Personen oder Personengesellschaften;441;Sportkomitee gegen die Halbierungsinitiative, Gstaad;549;Ablehnung der Abstimmungsvorlage;Offenlegung der Schlussrechnung über die Einnahmen;/api/frontend/latest/de/downloads/campaigns/549/forms/99;;;schweizweit;;Kampagnenfinanzierung
de;55;1;campaign_financings;all;1;22.10.2023 Nationalratswahlen 2023;2023;campaign_financing;Juristische Personen oder Personengesellschaften;118;Überparteiliches Wahlkomitee Werner Salzmann in den Ständerat, Mülchi;55;Salzmann Werner (Bern, Schweizerische Volkspartei);Offenlegung der budgetierten Einnahmen;/api/frontend/latest/de/downloads/campaigns/55/forms/1;Budgetzahlen;Einzelperson;Bern;Schweizerische Volkspartei;Kampagnenfinanzierung
de;55;2;campaign_financings;all;1;22.10.2023 Nationalratswahlen 2023;2023;campaign_financing;Juristische Personen oder Personengesellschaften;118;Überparteiliches Wahlkomitee Werner Salzmann in den Ständerat, Mülchi;55;Salzmann Werner (Bern, Schweizerische Volkspartei);Offenlegung von Zuwendungen über 15 000 Franken;/api/frontend/latest/de/downloads/campaigns/55/forms/2;Budgetzahlen;Einzelperson;Bern;Schweizerische Volkspartei;Kampagnenfinanzierung
de;550;101;campaign_financings;all;25;08.03.2026 Für eine gerechte Energie- und Klimapolitik: Investieren für Wohlstand, Arbeit und Umwelt (Klimafonds-Initiative);;campaign_financing;Juristische Personen oder Personengesellschaften;442;"Allianz ""NEIN zum Klima-Schuldenfonds"", Bern";550;Ablehnung der Abstimmungsvorlage;Offenlegung der Schlussrechnung über die Einnahmen;/api/frontend/latest/de/downloads/campaigns/550/forms/101;;;schweizweit;;Kampagnenfinanzierung
de;550;102;campaign_financings;all;25;08.03.2026 Für eine gerechte Energie- und Klimapolitik: Investieren für Wohlstand, Arbeit und Umwelt (Klimafonds-Initiative);;campaign_financing;Juristische Personen oder Personengesellschaften;442;"Allianz ""NEIN zum Klima-Schuldenfonds"", Bern";550;Ablehnung der Abstimmungsvorlage;Offenlegung von Zuwendungen über 15 000 Franken (Schlussrechnung);/api/frontend/latest/de/downloads/campaigns/550/forms/102;;;schweizweit;;Kampagnenfinanzierung
de;550;81;campaign_financings;all;25;08.03.2026 Für eine gerechte Energie- und Klimapolitik: Investieren für Wohlstand, Arbeit und Umwelt (Klimafonds-Initiative);;campaign_financing;Juristische Personen oder Personengesellschaften;442;"Allianz ""NEIN zum Klima-Schuldenfonds"", Bern";550;Ablehnung der Abstimmungsvorlage;Offenlegung der budgetierten Einnahmen;/api/frontend/latest/de/downloads/campaigns/550/forms/81;;;schweizweit;;Kampagnenfinanzierung
de;550;82;campaign_financings;all;25;08.03.2026 Für eine gerechte Energie- und Klimapolitik: Investieren für Wohlstand, Arbeit und Umwelt (Klimafonds-Initiative);;campaign_financing;Juristische Personen oder Personengesellschaften;442;"Allianz ""NEIN zum Klima-Schuldenfonds"", Bern";550;Ablehnung der Abstimmungsvorlage;Offenlegung von Zuwendungen über 15 000 Franken;/api/frontend/latest/de/downloads/campaigns/550/forms/82;;;schweizweit;;Kampagnenfinanzierung
de;551;101;campaign_financings;all;25;08.03.2026 Für eine gerechte Energie- und Klimapolitik: Investieren für Wohlstand, Arbeit und Umwelt (Klimafonds-Initiative);;campaign_financing;Juristische Personen oder Personengesellschaften;9;GRÜNE Schweiz, Bern;551;Annahme der Abstimmungsvorlage;Offenlegung der Schlussrechnung über die Einnahmen;/api/frontend/latest/de/downloads/campaigns/551/forms/101;;;schweizweit;;Kampagnenfinanzierung
de;551;81;campaign_financings;all;25;08.03.2026 Für eine gerechte Energie- und Klimapolitik: Investieren für Wohlstand, Arbeit und Umwelt (Klimafonds-Initiative);;campaign_financing;Juristische Personen oder Personengesellschaften;9;GRÜNE Schweiz, Bern;551;Annahme der Abstimmungsvorlage;Offenlegung der budgetierten Einnahmen;/api/frontend/latest/de/downloads/campaigns/551/forms/81;;;schweizweit;;Kampagnenfinanzierung
de;552;100;campaign_financings;all;24;08.03.2026 200 Franken sind genug! (SRG-Initiative);;campaign_financing;Juristische Personen oder Personengesellschaften;443;Allianz Pro Medienvielfalt, Bern;552;Ablehnung der Abstimmungsvorlage;Offenlegung von Zuwendungen über 15 000 Franken (Schlussrechnung);/api/frontend/latest/de/downloads/campaigns/552/forms/100;;;schweizweit;;Kampagnenfinanzierung
de;552;79;campaign_financings;all;24;08.03.2026 200 Franken sind genug! (SRG-Initiative);;campaign_financing;Juristische Personen oder Personengesellschaften;443;Allianz Pro Medienvielfalt, Bern;552;Ablehnung der Abstimmungsvorlage;Offenlegung der budgetierten Einnahmen;/api/frontend/latest/de/downloads/campaigns/552/forms/79;;;schweizweit;;Kampagnenfinanzierung
de;552;80;campaign_financings;all;24;08.03.2026 200 Franken sind genug! (SRG-Initiative);;campaign_financing;Juristische Personen oder Personengesellschaften;443;Allianz Pro Medienvielfalt, Bern;552;Ablehnung der Abstimmungsvorlage;Offenlegung von Zuwendungen über 15 000 Franken;/api/frontend/latest/de/downloads/campaigns/552/forms/80;;;schweizweit;;Kampagnenfinanzierung
de;552;99;campaign_financings;all;24;08.03.2026 200 Franken sind genug! (SRG-Initiative);;campaign_financing;Juristische Personen oder Personengesellschaften;443;Allianz Pro Medienvielfalt, Bern;552;Ablehnung der Abstimmungsvorlage;Offenlegung der Schlussrechnung über die Einnahmen;/api/frontend/latest/de/downloads/campaigns/552/forms/99;;;schweizweit;;Kampagnenfinanzierung
de;553;79;campaign_financings;all;24;08.03.2026 200 Franken sind genug! (SRG-Initiative);;campaign_financing;Juristische Personen oder Personengesellschaften;8;Sozialdemokratische Partei der Schweiz, Bern;553;Ablehnung der Abstimmungsvorlage;Offenlegung der budgetierten Einnahmen;/api/frontend/latest/de/downloads/campaigns/553/forms/79;;;schweizweit;;Kampagnenfinanzierung
de;553;99;campaign_financings;all;24;08.03.2026 200 Franken sind genug! (SRG-Initiative);;campaign_financing;Juristische Personen oder Personengesellschaften;8;Sozialdemokratische Partei der Schweiz, Bern;553;Ablehnung der Abstimmungsvorlage;Offenlegung der Schlussrechnung über die Einnahmen;/api/frontend/latest/de/downloads/campaigns/553/forms/99;;;schweizweit;;Kampagnenfinanzierung
de;554;101;campaign_financings;all;25;08.03.2026 Für eine gerechte Energie- und Klimapolitik: Investieren für Wohlstand, Arbeit und Umwelt (Klimafonds-Initiative);;campaign_financing;Juristische Personen oder Personengesellschaften;8;Sozialdemokratische Partei der Schweiz, Bern;554;Annahme der Abstimmungsvorlage;Offenlegung der Schlussrechnung über die Einnahmen;/api/frontend/latest/de/downloads/campaigns/554/forms/101;;;schweizweit;;Kampagnenfinanzierung
de;554;81;campaign_financings;all;25;08.03.2026 Für eine gerechte Energie- und Klimapolitik: Investieren für Wohlstand, Arbeit und Umwelt (Klimafonds-Initiative);;campaign_financing;Juristische Personen oder Personengesellschaften;8;Sozialdemokratische Partei der Schweiz, Bern;554;Annahme der Abstimmungsvorlage;Offenlegung der budgetierten Einnahmen;/api/frontend/latest/de/downloads/campaigns/554/forms/81;;;schweizweit;;Kampagnenfinanzierung
de;555;101;campaign_financings;all;25;08.03.2026 Für eine gerechte Energie- und Klimapolitik: Investieren für Wohlstand, Arbeit und Umwelt (Klimafonds-Initiative);;campaign_financing;Juristische Personen oder Personengesellschaften;440;Komitee Klimafonds-Initiative, Bern;555;Annahme der Abstimmungsvorlage;Offenlegung der Schlussrechnung über die Einnahmen;/api/frontend/latest/de/downloads/campaigns/555/forms/101;;;schweizweit;;Kampagnenfinanzierung
de;555;102;campaign_financings;all;25;08.03.2026 Für eine gerechte Energie- und Klimapolitik: Investieren für Wohlstand, Arbeit und Umwelt (Klimafonds-Initiative);;campaign_financing;Juristische Personen oder Personengesellschaften;440;Komitee Klimafonds-Initiative, Bern;555;Annahme der Abstimmungsvorlage;Offenlegung von Zuwendungen über 15 000 Franken (Schlussrechnung);/api/frontend/latest/de/downloads/campaigns/555/forms/102;;;schweizweit;;Kampagnenfinanzierung
de;555;81;campaign_financings;all;25;08.03.2026 Für eine gerechte Energie- und Klimapolitik: Investieren für Wohlstand, Arbeit und Umwelt (Klimafonds-Initiative);;campaign_financing;Juristische Personen oder Personengesellschaften;440;Komitee Klimafonds-Initiative, Bern;555;Annahme der Abstimmungsvorlage;Offenlegung der budgetierten Einnahmen;/api/frontend/latest/de/downloads/campaigns/555/forms/81;;;schweizweit;;Kampagnenfinanzierung
de;555;82;campaign_financings;all;25;08.03.2026 Für eine gerechte Energie- und Klimapolitik: Investieren für Wohlstand, Arbeit und Umwelt (Klimafonds-Initiative);;campaign_financing;Juristische Personen oder Personengesellschaften;440;Komitee Klimafonds-Initiative, Bern;555;Annahme der Abstimmungsvorlage;Offenlegung von Zuwendungen über 15 000 Franken;/api/frontend/latest/de/downloads/campaigns/555/forms/82;;;schweizweit;;Kampagnenfinanzierung
de;556;100;campaign_financings;all;24;08.03.2026 200 Franken sind genug! (SRG-Initiative);;campaign_financing;Juristische Personen oder Personengesellschaften;444;Schweizer Musikrat SMR, Aarau;556;Ablehnung der Abstimmungsvorlage;Offenlegung von Zuwendungen über 15 000 Franken (Schlussrechnung);/api/frontend/latest/de/downloads/campaigns/556/forms/100;;;schweizweit;;Kampagnenfinanzierung
de;556;79;campaign_financings;all;24;08.03.2026 200 Franken sind genug! (SRG-Initiative);;campaign_financing;Juristische Personen oder Personengesellschaften;444;Schweizer Musikrat SMR, Aarau;556;Ablehnung der Abstimmungsvorlage;Offenlegung der budgetierten Einnahmen;/api/frontend/latest/de/downloads/campaigns/556/forms/79;;;schweizweit;;Kampagnenfinanzierung
de;556;80;campaign_financings;all;24;08.03.2026 200 Franken sind genug! (SRG-Initiative);;campaign_financing;Juristische Personen oder Personengesellschaften;444;Schweizer Musikrat SMR, Aarau;556;Ablehnung der Abstimmungsvorlage;Offenlegung von Zuwendungen über 15 000 Franken;/api/frontend/latest/de/downloads/campaigns/556/forms/80;;;schweizweit;;Kampagnenfinanzierung
de;556;99;campaign_financings;all;24;08.03.2026 200 Franken sind genug! (SRG-Initiative);;campaign_financing;Juristische Personen oder Personengesellschaften;444;Schweizer Musikrat SMR, Aarau;556;Ablehnung der Abstimmungsvorlage;Offenlegung der Schlussrechnung über die Einnahmen;/api/frontend/latest/de/downloads/campaigns/556/forms/99;;;schweizweit;;Kampagnenfinanzierung
de;557;79;campaign_financings;all;24;08.03.2026 200 Franken sind genug! (SRG-Initiative);;campaign_financing;Juristische Personen oder Personengesellschaften;354;KMU- und Gewerbeverband Kanton Zürich, Zürich;557;Annahme der Abstimmungsvorlage;Offenlegung der budgetierten Einnahmen;/api/frontend/latest/de/downloads/campaigns/557/forms/79;;;Zürich;;Kampagnenfinanzierung
de;557;99;campaign_financings;all;24;08.03.2026 200 Franken sind genug! (SRG-Initiative);;campaign_financing;Juristische Personen oder Personengesellschaften;354;KMU- und Gewerbeverband Kanton Zürich, Zürich;557;Annahme der Abstimmungsvorlage;Offenlegung der Schlussrechnung über die Einnahmen;/api/frontend/latest/de/downloads/campaigns/557/forms/99;;;Zürich;;Kampagnenfinanzierung
de;558;100;campaign_financings;all;24;08.03.2026 200 Franken sind genug! (SRG-Initiative);;campaign_financing;Juristische Personen oder Personengesellschaften;445;Unsere Filme retten, Bern;558;Ablehnung der Abstimmungsvorlage;Offenlegung von Zuwendungen über 15 000 Franken (Schlussrechnung);/api/frontend/latest/de/downloads/campaigns/558/forms/100;;;schweizweit;;Kampagnenfinanzierung
de;558;79;campaign_financings;all;24;08.03.2026 200 Franken sind genug! (SRG-Initiative);;campaign_financing;Juristische Personen oder Personengesellschaften;445;Unsere Filme retten, Bern;558;Ablehnung der Abstimmungsvorlage;Offenlegung der budgetierten Einnahmen;/api/frontend/latest/de/downloads/campaigns/558/forms/79;;;schweizweit;;Kampagnenfinanzierung
de;558;80;campaign_financings;all;24;08.03.2026 200 Franken sind genug! (SRG-Initiative);;campaign_financing;Juristische Personen oder Personengesellschaften;445;Unsere Filme retten, Bern;558;Ablehnung der Abstimmungsvorlage;Offenlegung von Zuwendungen über 15 000 Franken;/api/frontend/latest/de/downloads/campaigns/558/forms/80;;;schweizweit;;Kampagnenfinanzierung
de;558;99;campaign_financings;all;24;08.03.2026 200 Franken sind genug! (SRG-Initiative);;campaign_financing;Juristische Personen oder Personengesellschaften;445;Unsere Filme retten, Bern;558;Ablehnung der Abstimmungsvorlage;Offenlegung der Schlussrechnung über die Einnahmen;/api/frontend/latest/de/downloads/campaigns/558/forms/99;;;schweizweit;;Kampagnenfinanzierung
de;559;83;campaign_financings;all;26;08.03.2026 Bundesgesetz vom 20. Juni 2025 über die Individualbesteuerung;;campaign_financing;Juristische Personen oder Personengesellschaften;43;FDP.Die Liberalen, Bern;559;Annahme der Abstimmungsvorlage;Offenlegung der budgetierten Einnahmen;/api/frontend/latest/de/downloads/campaigns/559/forms/83;;;schweizweit;;Kampagnenfinanzierung
de;559;84;campaign_financings;all;26;08.03.2026 Bundesgesetz vom 20. Juni 2025 über die Individualbesteuerung;;campaign_financing;Juristische Personen oder Personengesellschaften;43;FDP.Die Liberalen, Bern;559;Annahme der Abstimmungsvorlage;Offenlegung von Zuwendungen über 15 000 Franken;/api/frontend/latest/de/downloads/campaigns/559/forms/84;;;schweizweit;;Kampagnenfinanzierung
de;559;97;campaign_financings;all;26;08.03.2026 Bundesgesetz vom 20. Juni 2025 über die Individualbesteuerung;;campaign_financing;Juristische Personen oder Personengesellschaften;43;FDP.Die Liberalen, Bern;559;Annahme der Abstimmungsvorlage;Offenlegung der Schlussrechnung über die Einnahmen;/api/frontend/latest/de/downloads/campaigns/559/forms/97;;;schweizweit;;Kampagnenfinanzierung
de;559;98;campaign_financings;all;26;08.03.2026 Bundesgesetz vom 20. Juni 2025 über die Individualbesteuerung;;campaign_financing;Juristische Personen oder Personengesellschaften;43;FDP.Die Liberalen, Bern;559;Annahme der Abstimmungsvorlage;Offenlegung von Zuwendungen über 15 000 Franken (Schlussrechnung);/api/frontend/latest/de/downloads/campaigns/559/forms/98;;;schweizweit;;Kampagnenfinanzierung
de;56;1;campaign_financings;all;1;22.10.2023 Nationalratswahlen 2023;2023;campaign_financing;Juristische Personen oder Personengesellschaften;8;Sozialdemokratische Partei der Schweiz, Bern;56;SP Schweiz Nationalratswahlen 2023 (schweizweit, Sozialdemokratische Partei der Schweiz);Offenlegung der budgetierten Einnahmen;/api/frontend/latest/de/downloads/campaigns/56/forms/1;Budgetzahlen;Gruppe von Kandidierenden (Einzelauflistung nicht möglich);schweizweit;Sozialdemokratische Partei der Schweiz;Kampagnenfinanzierung
de;56;5;campaign_financings;all;1;22.10.2023 Nationalratswahlen 2023;2023;campaign_financing;Juristische Personen oder Personengesellschaften;8;Sozialdemokratische Partei der Schweiz, Bern;56;SP Schweiz Nationalratswahlen 2023 (schweizweit, Sozialdemokratische Partei der Schweiz);Offenlegung der Schlussrechnung über die Einnahmen;/api/frontend/latest/de/downloads/campaigns/56/forms/5;Definitive Zahlen;Gruppe von Kandidierenden (Einzelauflistung nicht möglich);schweizweit;Sozialdemokratische Partei der Schweiz;Kampagnenfinanzierung
de;560;101;campaign_financings;all;25;08.03.2026 Für eine gerechte Energie- und Klimapolitik: Investieren für Wohlstand, Arbeit und Umwelt (Klimafonds-Initiative);;campaign_financing;Juristische Personen oder Personengesellschaften;447;Clima Now, Zürich;560;Annahme der Abstimmungsvorlage;Offenlegung der Schlussrechnung über die Einnahmen;/api/frontend/latest/de/downloads/campaigns/560/forms/101;;;schweizweit;;Kampagnenfinanzierung
de;560;81;campaign_financings;all;25;08.03.2026 Für eine gerechte Energie- und Klimapolitik: Investieren für Wohlstand, Arbeit und Umwelt (Klimafonds-Initiative);;campaign_financing;Juristische Personen oder Personengesellschaften;447;Clima Now, Zürich;560;Annahme der Abstimmungsvorlage;Offenlegung der budgetierten Einnahmen;/api/frontend/latest/de/downloads/campaigns/560/forms/81;;;schweizweit;;Kampagnenfinanzierung
de;561;100;campaign_financings;all;24;08.03.2026 200 Franken sind genug! (SRG-Initiative);;campaign_financing;Juristische Personen oder Personengesellschaften;449;Associazione Pro Servizio Pubblico Radiotelevisivo, Comano;561;Ablehnung der Abstimmungsvorlage;Offenlegung von Zuwendungen über 15 000 Franken (Schlussrechnung);/api/frontend/latest/de/downloads/campaigns/561/forms/100;;;schweizweit;;Kampagnenfinanzierung
de;561;79;campaign_financings;all;24;08.03.2026 200 Franken sind genug! (SRG-Initiative);;campaign_financing;Juristische Personen oder Personengesellschaften;449;Associazione Pro Servizio Pubblico Radiotelevisivo, Comano;561;Ablehnung der Abstimmungsvorlage;Offenlegung der budgetierten Einnahmen;/api/frontend/latest/de/downloads/campaigns/561/forms/79;;;schweizweit;;Kampagnenfinanzierung
de;561;80;campaign_financings;all;24;08.03.2026 200 Franken sind genug! (SRG-Initiative);;campaign_financing;Juristische Personen oder Personengesellschaften;449;Associazione Pro Servizio Pubblico Radiotelevisivo, Comano;561;Ablehnung der Abstimmungsvorlage;Offenlegung von Zuwendungen über 15 000 Franken;/api/frontend/latest/de/downloads/campaigns/561/forms/80;;;schweizweit;;Kampagnenfinanzierung
de;561;99;campaign_financings;all;24;08.03.2026 200 Franken sind genug! (SRG-Initiative);;campaign_financing;Juristische Personen oder Personengesellschaften;449;Associazione Pro Servizio Pubblico Radiotelevisivo, Comano;561;Ablehnung der Abstimmungsvorlage;Offenlegung der Schlussrechnung über die Einnahmen;/api/frontend/latest/de/downloads/campaigns/561/forms/99;;;schweizweit;;Kampagnenfinanzierung
de;562;83;campaign_financings;all;26;08.03.2026 Bundesgesetz vom 20. Juni 2025 über die Individualbesteuerung;;campaign_financing;Juristische Personen oder Personengesellschaften;448;IG Familie 3plus, Wolhusen;562;Ablehnung der Abstimmungsvorlage;Offenlegung der budgetierten Einnahmen;/api/frontend/latest/de/downloads/campaigns/562/forms/83;;;schweizweit;;Kampagnenfinanzierung
de;562;84;campaign_financings;all;26;08.03.2026 Bundesgesetz vom 20. Juni 2025 über die Individualbesteuerung;;campaign_financing;Juristische Personen oder Personengesellschaften;448;IG Familie 3plus, Wolhusen;562;Ablehnung der Abstimmungsvorlage;Offenlegung von Zuwendungen über 15 000 Franken;/api/frontend/latest/de/downloads/campaigns/562/forms/84;;;schweizweit;;Kampagnenfinanzierung
de;562;97;campaign_financings;all;26;08.03.2026 Bundesgesetz vom 20. Juni 2025 über die Individualbesteuerung;;campaign_financing;Juristische Personen oder Personengesellschaften;448;IG Familie 3plus, Wolhusen;562;Ablehnung der Abstimmungsvorlage;Offenlegung der Schlussrechnung über die Einnahmen;/api/frontend/latest/de/downloads/campaigns/562/forms/97;;;schweizweit;;Kampagnenfinanzierung
de;562;98;campaign_financings;all;26;08.03.2026 Bundesgesetz vom 20. Juni 2025 über die Individualbesteuerung;;campaign_financing;Juristische Personen oder Personengesellschaften;448;IG Familie 3plus, Wolhusen;562;Ablehnung der Abstimmungsvorlage;Offenlegung von Zuwendungen über 15 000 Franken (Schlussrechnung);/api/frontend/latest/de/downloads/campaigns/562/forms/98;;;schweizweit;;Kampagnenfinanzierung
de;563;79;campaign_financings;all;24;08.03.2026 200 Franken sind genug! (SRG-Initiative);;campaign_financing;Juristische Personen oder Personengesellschaften;446;SRG SSR Svizra Rumantscha (SRG.R), Chur;563;Ablehnung der Abstimmungsvorlage;Offenlegung der budgetierten Einnahmen;/api/frontend/latest/de/downloads/campaigns/563/forms/79;;;schweizweit;;Kampagnenfinanzierung
de;563;99;campaign_financings;all;24;08.03.2026 200 Franken sind genug! (SRG-Initiative);;campaign_financing;Juristische Personen oder Personengesellschaften;446;SRG SSR Svizra Rumantscha (SRG.R), Chur;563;Ablehnung der Abstimmungsvorlage;Offenlegung der Schlussrechnung über die Einnahmen;/api/frontend/latest/de/downloads/campaigns/563/forms/99;;;schweizweit;;Kampagnenfinanzierung
de;564;89;campaign_financings;all;27;08.03.2026 Nationalratswahl (Appenzell Ausserrhoden);;campaign_financing;Juristische Personen oder Personengesellschaften;84;FDP.Die Liberalen des Kantons Appenzell Ausserrhoden, Heiden;564;Abderhalden Jennifer (Appenzell Ausserrhoden, FDP.Die Liberalen);Offenlegung der budgetierten Einnahmen;/api/frontend/latest/de/downloads/campaigns/564/forms/89;Budgetzahlen;Einzelperson;Appenzell Ausserrhoden;FDP.Die Liberalen;Kampagnenfinanzierung
de;564;90;campaign_financings;all;27;08.03.2026 Nationalratswahl (Appenzell Ausserrhoden);;campaign_financing;Juristische Personen oder Personengesellschaften;84;FDP.Die Liberalen des Kantons Appenzell Ausserrhoden, Heiden;564;Abderhalden Jennifer (Appenzell Ausserrhoden, FDP.Die Liberalen);Offenlegung von Zuwendungen über 15 000 Franken;/api/frontend/latest/de/downloads/campaigns/564/forms/90;Budgetzahlen;Einzelperson;Appenzell Ausserrhoden;FDP.Die Liberalen;Kampagnenfinanzierung
de;564;95;campaign_financings;all;27;08.03.2026 Nationalratswahl (Appenzell Ausserrhoden);;campaign_financing;Juristische Personen oder Personengesellschaften;84;FDP.Die Liberalen des Kantons Appenzell Ausserrhoden, Heiden;564;Abderhalden Jennifer (Appenzell Ausserrhoden, FDP.Die Liberalen);Offenlegung der Schlussrechnung über die Einnahmen;/api/frontend/latest/de/downloads/campaigns/564/forms/95;Definitive Zahlen;Einzelperson;Appenzell Ausserrhoden;FDP.Die Liberalen;Kampagnenfinanzierung
de;564;96;campaign_financings;all;27;08.03.2026 Nationalratswahl (Appenzell Ausserrhoden);;campaign_financing;Juristische Personen oder Personengesellschaften;84;FDP.Die Liberalen des Kantons Appenzell Ausserrhoden, Heiden;564;Abderhalden Jennifer (Appenzell Ausserrhoden, FDP.Die Liberalen);Offenlegung von Zuwendungen über 15 000 Franken (Schlussrechnung);/api/frontend/latest/de/downloads/campaigns/564/forms/96;Definitive Zahlen;Einzelperson;Appenzell Ausserrhoden;FDP.Die Liberalen;Kampagnenfinanzierung
de;565;91;campaign_financings;all;28;14.06.2026 Keine 10-Millionen-Schweiz! (Nachhaltigkeitsinitiative);;campaign_financing;Juristische Personen oder Personengesellschaften;431;Industrie und Handelskammer St. Gallen-Appenzell, St. Gallen;565;Ablehnung der Abstimmungsvorlage;Offenlegung der budgetierten Einnahmen;/api/frontend/latest/de/downloads/campaigns/565/forms/91;;;schweizweit;;Kampagnenfinanzierung
de;566;99;campaign_financings;all;24;08.03.2026 200 Franken sind genug! (SRG-Initiative);;campaign_financing;Juristische Personen oder Personengesellschaften;451;IG Musik Basel, Basel;566;Ablehnung der Abstimmungsvorlage;Offenlegung der Schlussrechnung über die Einnahmen;/api/frontend/latest/de/downloads/campaigns/566/forms/99;;;schweizweit;;Kampagnenfinanzierung
de;567;93;campaign_financings;all;29;14.06.2026 Änderung vom 26. September 2025 des Bundesgesetzes über den zivilen Ersatzdienst (Zivildienstgesetz, ZDG);;campaign_financing;Juristische Personen oder Personengesellschaften;435;Allianz Sicherheit Schweiz, Zürich;567;Annahme der Abstimmungsvorlage;Offenlegung der budgetierten Einnahmen;/api/frontend/latest/de/downloads/campaigns/567/forms/93;;;schweizweit;;Kampagnenfinanzierung
de;567;94;campaign_financings;all;29;14.06.2026 Änderung vom 26. September 2025 des Bundesgesetzes über den zivilen Ersatzdienst (Zivildienstgesetz, ZDG);;campaign_financing;Juristische Personen oder Personengesellschaften;435;Allianz Sicherheit Schweiz, Zürich;567;Annahme der Abstimmungsvorlage;Offenlegung von Zuwendungen über 15 000 Franken;/api/frontend/latest/de/downloads/campaigns/567/forms/94;;;schweizweit;;Kampagnenfinanzierung
de;568;91;campaign_financings;all;28;14.06.2026 Keine 10-Millionen-Schweiz! (Nachhaltigkeitsinitiative);;campaign_financing;Juristische Personen oder Personengesellschaften;397;Travail.Suisse, Bern;568;Ablehnung der Abstimmungsvorlage;Offenlegung der budgetierten Einnahmen;/api/frontend/latest/de/downloads/campaigns/568/forms/91;;;schweizweit;;Kampagnenfinanzierung
de;569;91;campaign_financings;all;28;14.06.2026 Keine 10-Millionen-Schweiz! (Nachhaltigkeitsinitiative);;campaign_financing;Juristische Personen oder Personengesellschaften;374;Schweizerischer Gewerkschaftsbund (SGB), Bern;569;Ablehnung der Abstimmungsvorlage;Offenlegung der budgetierten Einnahmen;/api/frontend/latest/de/downloads/campaigns/569/forms/91;;;schweizweit;;Kampagnenfinanzierung
de;569;92;campaign_financings;all;28;14.06.2026 Keine 10-Millionen-Schweiz! (Nachhaltigkeitsinitiative);;campaign_financing;Juristische Personen oder Personengesellschaften;374;Schweizerischer Gewerkschaftsbund (SGB), Bern;569;Ablehnung der Abstimmungsvorlage;Offenlegung von Zuwendungen über 15 000 Franken;/api/frontend/latest/de/downloads/campaigns/569/forms/92;;;schweizweit;;Kampagnenfinanzierung
de;57;1;campaign_financings;all;1;22.10.2023 Nationalratswahlen 2023;2023;campaign_financing;Natürliche Personen;104;Brunner Susanne, Zürich;57;Brunner Susanne (Zürich, Schweizerische Volkspartei);Offenlegung der budgetierten Einnahmen;/api/frontend/latest/de/downloads/campaigns/57/forms/1;Budgetzahlen;Einzelperson;Zürich;Schweizerische Volkspartei;Kampagnenfinanzierung
de;57;5;campaign_financings;all;1;22.10.2023 Nationalratswahlen 2023;2023;campaign_financing;Natürliche Personen;104;Brunner Susanne, Zürich;57;Brunner Susanne (Zürich, Schweizerische Volkspartei);Offenlegung der Schlussrechnung über die Einnahmen;/api/frontend/latest/de/downloads/campaigns/57/forms/5;Definitive Zahlen;Einzelperson;Zürich;Schweizerische Volkspartei;Kampagnenfinanzierung
de;570;91;campaign_financings;all;28;14.06.2026 Keine 10-Millionen-Schweiz! (Nachhaltigkeitsinitiative);;campaign_financing;Juristische Personen oder Personengesellschaften;6;Schweizerische Volkspartei des Kantons Zürich, Dübendorf;570;Annahme der Abstimmungsvorlage;Offenlegung der budgetierten Einnahmen;/api/frontend/latest/de/downloads/campaigns/570/forms/91;;;Zürich;;Kampagnenfinanzierung
de;571;91;campaign_financings;all;28;14.06.2026 Keine 10-Millionen-Schweiz! (Nachhaltigkeitsinitiative);;campaign_financing;Juristische Personen oder Personengesellschaften;452;Allianz für eine funktionierende Schweiz, Bern;571;Ablehnung der Abstimmungsvorlage;Offenlegung der budgetierten Einnahmen;/api/frontend/latest/de/downloads/campaigns/571/forms/91;;;schweizweit;;Kampagnenfinanzierung
de;571;92;campaign_financings;all;28;14.06.2026 Keine 10-Millionen-Schweiz! (Nachhaltigkeitsinitiative);;campaign_financing;Juristische Personen oder Personengesellschaften;452;Allianz für eine funktionierende Schweiz, Bern;571;Ablehnung der Abstimmungsvorlage;Offenlegung von Zuwendungen über 15 000 Franken;/api/frontend/latest/de/downloads/campaigns/571/forms/92;;;schweizweit;;Kampagnenfinanzierung
de;572;91;campaign_financings;all;28;14.06.2026 Keine 10-Millionen-Schweiz! (Nachhaltigkeitsinitiative);;campaign_financing;Juristische Personen oder Personengesellschaften;380;Gewerkschaft Unia, Bern;572;Ablehnung der Abstimmungsvorlage;Offenlegung der budgetierten Einnahmen;/api/frontend/latest/de/downloads/campaigns/572/forms/91;;;schweizweit;;Kampagnenfinanzierung
de;572;92;campaign_financings;all;28;14.06.2026 Keine 10-Millionen-Schweiz! (Nachhaltigkeitsinitiative);;campaign_financing;Juristische Personen oder Personengesellschaften;380;Gewerkschaft Unia, Bern;572;Ablehnung der Abstimmungsvorlage;Offenlegung von Zuwendungen über 15 000 Franken;/api/frontend/latest/de/downloads/campaigns/572/forms/92;;;schweizweit;;Kampagnenfinanzierung
de;573;91;campaign_financings;all;28;14.06.2026 Keine 10-Millionen-Schweiz! (Nachhaltigkeitsinitiative);;campaign_financing;Juristische Personen oder Personengesellschaften;453;Tourismuskomitee, Bern;573;Ablehnung der Abstimmungsvorlage;Offenlegung der budgetierten Einnahmen;/api/frontend/latest/de/downloads/campaigns/573/forms/91;;;schweizweit;;Kampagnenfinanzierung
de;573;92;campaign_financings;all;28;14.06.2026 Keine 10-Millionen-Schweiz! (Nachhaltigkeitsinitiative);;campaign_financing;Juristische Personen oder Personengesellschaften;453;Tourismuskomitee, Bern;573;Ablehnung der Abstimmungsvorlage;Offenlegung von Zuwendungen über 15 000 Franken;/api/frontend/latest/de/downloads/campaigns/573/forms/92;;;schweizweit;;Kampagnenfinanzierung
de;574;91;campaign_financings;all;28;14.06.2026 Keine 10-Millionen-Schweiz! (Nachhaltigkeitsinitiative);;campaign_financing;Juristische Personen oder Personengesellschaften;146;GastroSuisse, Zürich;574;Ablehnung der Abstimmungsvorlage;Offenlegung der budgetierten Einnahmen;/api/frontend/latest/de/downloads/campaigns/574/forms/91;;;schweizweit;;Kampagnenfinanzierung
de;575;91;campaign_financings;all;28;14.06.2026 Keine 10-Millionen-Schweiz! (Nachhaltigkeitsinitiative);;campaign_financing;Juristische Personen oder Personengesellschaften;357;Operation Libero, Bern;575;Ablehnung der Abstimmungsvorlage;Offenlegung der budgetierten Einnahmen;/api/frontend/latest/de/downloads/campaigns/575/forms/91;;;schweizweit;;Kampagnenfinanzierung
de;576;91;campaign_financings;all;28;14.06.2026 Keine 10-Millionen-Schweiz! (Nachhaltigkeitsinitiative);;campaign_financing;Juristische Personen oder Personengesellschaften;406;SMV Schweizerischer Mieterinnen- und Mieterverband, Bern;576;Ablehnung der Abstimmungsvorlage;Offenlegung der budgetierten Einnahmen;/api/frontend/latest/de/downloads/campaigns/576/forms/91;;;schweizweit;;Kampagnenfinanzierung
de;577;91;campaign_financings;all;28;14.06.2026 Keine 10-Millionen-Schweiz! (Nachhaltigkeitsinitiative);;campaign_financing;Juristische Personen oder Personengesellschaften;43;FDP.Die Liberalen, Bern;577;Ablehnung der Abstimmungsvorlage;Offenlegung der budgetierten Einnahmen;/api/frontend/latest/de/downloads/campaigns/577/forms/91;;;schweizweit;;Kampagnenfinanzierung
de;577;92;campaign_financings;all;28;14.06.2026 Keine 10-Millionen-Schweiz! (Nachhaltigkeitsinitiative);;campaign_financing;Juristische Personen oder Personengesellschaften;43;FDP.Die Liberalen, Bern;577;Ablehnung der Abstimmungsvorlage;Offenlegung von Zuwendungen über 15 000 Franken;/api/frontend/latest/de/downloads/campaigns/577/forms/92;;;schweizweit;;Kampagnenfinanzierung
de;578;91;campaign_financings;all;28;14.06.2026 Keine 10-Millionen-Schweiz! (Nachhaltigkeitsinitiative);;campaign_financing;Juristische Personen oder Personengesellschaften;454;"Allianz ""Nein zur Chaos-Initiative"", Bern";578;Ablehnung der Abstimmungsvorlage;Offenlegung der budgetierten Einnahmen;/api/frontend/latest/de/downloads/campaigns/578/forms/91;;;schweizweit;;Kampagnenfinanzierung
de;578;92;campaign_financings;all;28;14.06.2026 Keine 10-Millionen-Schweiz! (Nachhaltigkeitsinitiative);;campaign_financing;Juristische Personen oder Personengesellschaften;454;"Allianz ""Nein zur Chaos-Initiative"", Bern";578;Ablehnung der Abstimmungsvorlage;Offenlegung von Zuwendungen über 15 000 Franken;/api/frontend/latest/de/downloads/campaigns/578/forms/92;;;schweizweit;;Kampagnenfinanzierung
de;579;91;campaign_financings;all;28;14.06.2026 Keine 10-Millionen-Schweiz! (Nachhaltigkeitsinitiative);;campaign_financing;Juristische Personen oder Personengesellschaften;418;IG Nachhaltigkeitsinitiative, Dübendorf;579;Annahme der Abstimmungsvorlage;Offenlegung der budgetierten Einnahmen;/api/frontend/latest/de/downloads/campaigns/579/forms/91;;;schweizweit;;Kampagnenfinanzierung
de;579;92;campaign_financings;all;28;14.06.2026 Keine 10-Millionen-Schweiz! (Nachhaltigkeitsinitiative);;campaign_financing;Juristische Personen oder Personengesellschaften;418;IG Nachhaltigkeitsinitiative, Dübendorf;579;Annahme der Abstimmungsvorlage;Offenlegung von Zuwendungen über 15 000 Franken;/api/frontend/latest/de/downloads/campaigns/579/forms/92;;;schweizweit;;Kampagnenfinanzierung
de;58;1;campaign_financings;all;1;22.10.2023 Nationalratswahlen 2023;2023;campaign_financing;Juristische Personen oder Personengesellschaften;137;Mike Egger und Sascha Schmid in den Nationalrat, Au;58;Unterstützte Kandidierende: 2 (namentliche Auflistung in untenstehender Meldung der Einnahmen vorhanden);Offenlegung der budgetierten Einnahmen;/api/frontend/latest/de/downloads/campaigns/58/forms/1;Budgetzahlen;Gruppe von Kandidierenden (namentliche Auflistung in untenstehender Meldung der Einnahmen vorhanden);St. Gallen;Schweizerische Volkspartei;Kampagnenfinanzierung
de;58;2;campaign_financings;all;1;22.10.2023 Nationalratswahlen 2023;2023;campaign_financing;Juristische Personen oder Personengesellschaften;137;Mike Egger und Sascha Schmid in den Nationalrat, Au;58;Unterstützte Kandidierende: 2 (namentliche Auflistung in untenstehender Meldung der Einnahmen vorhanden);Offenlegung von Zuwendungen über 15 000 Franken;/api/frontend/latest/de/downloads/campaigns/58/forms/2;Budgetzahlen;Gruppe von Kandidierenden (namentliche Auflistung in untenstehender Meldung der Einnahmen vorhanden);St. Gallen;Schweizerische Volkspartei;Kampagnenfinanzierung
de;58;5;campaign_financings;all;1;22.10.2023 Nationalratswahlen 2023;2023;campaign_financing;Juristische Personen oder Personengesellschaften;137;Mike Egger und Sascha Schmid in den Nationalrat, Au;58;Unterstützte Kandidierende: 2 (namentliche Auflistung in untenstehender Meldung der Einnahmen vorhanden);Offenlegung der Schlussrechnung über die Einnahmen;/api/frontend/latest/de/downloads/campaigns/58/forms/5;Definitive Zahlen;Gruppe von Kandidierenden (namentliche Auflistung in untenstehender Meldung der Einnahmen vorhanden);St. Gallen;Schweizerische Volkspartei;Kampagnenfinanzierung
de;58;6;campaign_financings;all;1;22.10.2023 Nationalratswahlen 2023;2023;campaign_financing;Juristische Personen oder Personengesellschaften;137;Mike Egger und Sascha Schmid in den Nationalrat, Au;58;Unterstützte Kandidierende: 2 (namentliche Auflistung in untenstehender Meldung der Einnahmen vorhanden);Offenlegung von Zuwendungen über 15 000 Franken (Schlussrechnung);/api/frontend/latest/de/downloads/campaigns/58/forms/6;Definitive Zahlen;Gruppe von Kandidierenden (namentliche Auflistung in untenstehender Meldung der Einnahmen vorhanden);St. Gallen;Schweizerische Volkspartei;Kampagnenfinanzierung
de;580;91;campaign_financings;all;28;14.06.2026 Keine 10-Millionen-Schweiz! (Nachhaltigkeitsinitiative);;campaign_financing;Juristische Personen oder Personengesellschaften;8;Sozialdemokratische Partei der Schweiz, Bern;580;Ablehnung der Abstimmungsvorlage;Offenlegung der budgetierten Einnahmen;/api/frontend/latest/de/downloads/campaigns/580/forms/91;;;schweizweit;;Kampagnenfinanzierung
de;580;92;campaign_financings;all;28;14.06.2026 Keine 10-Millionen-Schweiz! (Nachhaltigkeitsinitiative);;campaign_financing;Juristische Personen oder Personengesellschaften;8;Sozialdemokratische Partei der Schweiz, Bern;580;Ablehnung der Abstimmungsvorlage;Offenlegung von Zuwendungen über 15 000 Franken;/api/frontend/latest/de/downloads/campaigns/580/forms/92;;;schweizweit;;Kampagnenfinanzierung
de;581;93;campaign_financings;all;29;14.06.2026 Änderung vom 26. September 2025 des Bundesgesetzes über den zivilen Ersatzdienst (Zivildienstgesetz, ZDG);;campaign_financing;Juristische Personen oder Personengesellschaften;8;Sozialdemokratische Partei der Schweiz, Bern;581;Ablehnung der Abstimmungsvorlage;Offenlegung der budgetierten Einnahmen;/api/frontend/latest/de/downloads/campaigns/581/forms/93;;;schweizweit;;Kampagnenfinanzierung
de;582;91;campaign_financings;all;28;14.06.2026 Keine 10-Millionen-Schweiz! (Nachhaltigkeitsinitiative);;campaign_financing;Juristische Personen oder Personengesellschaften;59;Die Mitte, Bern;582;Ablehnung der Abstimmungsvorlage;Offenlegung der budgetierten Einnahmen;/api/frontend/latest/de/downloads/campaigns/582/forms/91;;;schweizweit;;Kampagnenfinanzierung
de;582;92;campaign_financings;all;28;14.06.2026 Keine 10-Millionen-Schweiz! (Nachhaltigkeitsinitiative);;campaign_financing;Juristische Personen oder Personengesellschaften;59;Die Mitte, Bern;582;Ablehnung der Abstimmungsvorlage;Offenlegung von Zuwendungen über 15 000 Franken;/api/frontend/latest/de/downloads/campaigns/582/forms/92;;;schweizweit;;Kampagnenfinanzierung
de;583;93;campaign_financings;all;29;14.06.2026 Änderung vom 26. September 2025 des Bundesgesetzes über den zivilen Ersatzdienst (Zivildienstgesetz, ZDG);;campaign_financing;Juristische Personen oder Personengesellschaften;455;Allianz Zivildienstgesetz-nein, Bern;583;Ablehnung der Abstimmungsvorlage;Offenlegung der budgetierten Einnahmen;/api/frontend/latest/de/downloads/campaigns/583/forms/93;;;schweizweit;;Kampagnenfinanzierung
de;583;94;campaign_financings;all;29;14.06.2026 Änderung vom 26. September 2025 des Bundesgesetzes über den zivilen Ersatzdienst (Zivildienstgesetz, ZDG);;campaign_financing;Juristische Personen oder Personengesellschaften;455;Allianz Zivildienstgesetz-nein, Bern;583;Ablehnung der Abstimmungsvorlage;Offenlegung von Zuwendungen über 15 000 Franken;/api/frontend/latest/de/downloads/campaigns/583/forms/94;;;schweizweit;;Kampagnenfinanzierung
de;584;91;campaign_financings;all;28;14.06.2026 Keine 10-Millionen-Schweiz! (Nachhaltigkeitsinitiative);;campaign_financing;Juristische Personen oder Personengesellschaften;456;Schweizerische Flüchtlingshilfe SFH, Bern;584;Ablehnung der Abstimmungsvorlage;Offenlegung der budgetierten Einnahmen;/api/frontend/latest/de/downloads/campaigns/584/forms/91;;;schweizweit;;Kampagnenfinanzierung
de;585;91;campaign_financings;all;28;14.06.2026 Keine 10-Millionen-Schweiz! (Nachhaltigkeitsinitiative);;campaign_financing;Juristische Personen oder Personengesellschaften;457;Junge Schweizerische Volkspartei, Oberwil im Simmental;585;Annahme der Abstimmungsvorlage;Offenlegung der budgetierten Einnahmen;/api/frontend/latest/de/downloads/campaigns/585/forms/91;;;schweizweit;;Kampagnenfinanzierung
de;586;91;campaign_financings;all;28;14.06.2026 Keine 10-Millionen-Schweiz! (Nachhaltigkeitsinitiative);;campaign_financing;Juristische Personen oder Personengesellschaften;413;Handel Schweiz, Basel;586;Ablehnung der Abstimmungsvorlage;Offenlegung der budgetierten Einnahmen;/api/frontend/latest/de/downloads/campaigns/586/forms/91;;;schweizweit;;Kampagnenfinanzierung
de;587;91;campaign_financings;all;28;14.06.2026 Keine 10-Millionen-Schweiz! (Nachhaltigkeitsinitiative);;campaign_financing;Juristische Personen oder Personengesellschaften;458;Schweizer Hotelier-Verein (SHV), Bern;587;Ablehnung der Abstimmungsvorlage;Offenlegung der budgetierten Einnahmen;/api/frontend/latest/de/downloads/campaigns/587/forms/91;;;schweizweit;;Kampagnenfinanzierung
de;588;91;campaign_financings;all;28;14.06.2026 Keine 10-Millionen-Schweiz! (Nachhaltigkeitsinitiative);;campaign_financing;Juristische Personen oder Personengesellschaften;36;Sozialdemokratische Partei des Kantons Zürich, Zürich;588;Ablehnung der Abstimmungsvorlage;Offenlegung der budgetierten Einnahmen;/api/frontend/latest/de/downloads/campaigns/588/forms/91;;;Zürich;;Kampagnenfinanzierung
de;59;1;campaign_financings;all;1;22.10.2023 Nationalratswahlen 2023;2023;campaign_financing;Juristische Personen oder Personengesellschaften;92;FDP.Die Liberalen Kanton Zürich, Zürich;59;Unterstützte Kandidierende: 36 (namentliche Auflistung in untenstehender Meldung der Einnahmen vorhanden);Offenlegung der budgetierten Einnahmen;/api/frontend/latest/de/downloads/campaigns/59/forms/1;Budgetzahlen;Gruppe von Kandidierenden (namentliche Auflistung in untenstehender Meldung der Einnahmen vorhanden);Zürich;FDP.Die Liberalen;Kampagnenfinanzierung
de;59;2;campaign_financings;all;1;22.10.2023 Nationalratswahlen 2023;2023;campaign_financing;Juristische Personen oder Personengesellschaften;92;FDP.Die Liberalen Kanton Zürich, Zürich;59;Unterstützte Kandidierende: 36 (namentliche Auflistung in untenstehender Meldung der Einnahmen vorhanden);Offenlegung von Zuwendungen über 15 000 Franken;/api/frontend/latest/de/downloads/campaigns/59/forms/2;Budgetzahlen;Gruppe von Kandidierenden (namentliche Auflistung in untenstehender Meldung der Einnahmen vorhanden);Zürich;FDP.Die Liberalen;Kampagnenfinanzierung
de;59;5;campaign_financings;all;1;22.10.2023 Nationalratswahlen 2023;2023;campaign_financing;Juristische Personen oder Personengesellschaften;92;FDP.Die Liberalen Kanton Zürich, Zürich;59;Unterstützte Kandidierende: 36 (namentliche Auflistung in untenstehender Meldung der Einnahmen vorhanden);Offenlegung der Schlussrechnung über die Einnahmen;/api/frontend/latest/de/downloads/campaigns/59/forms/5;Definitive Zahlen;Gruppe von Kandidierenden (namentliche Auflistung in untenstehender Meldung der Einnahmen vorhanden);Zürich;FDP.Die Liberalen;Kampagnenfinanzierung
de;59;6;campaign_financings;all;1;22.10.2023 Nationalratswahlen 2023;2023;campaign_financing;Juristische Personen oder Personengesellschaften;92;FDP.Die Liberalen Kanton Zürich, Zürich;59;Unterstützte Kandidierende: 36 (namentliche Auflistung in untenstehender Meldung der Einnahmen vorhanden);Offenlegung von Zuwendungen über 15 000 Franken (Schlussrechnung);/api/frontend/latest/de/downloads/campaigns/59/forms/6;Definitive Zahlen;Gruppe von Kandidierenden (namentliche Auflistung in untenstehender Meldung der Einnahmen vorhanden);Zürich;FDP.Die Liberalen;Kampagnenfinanzierung
de;6;1;campaign_financings;all;1;22.10.2023 Nationalratswahlen 2023;2023;campaign_financing;Natürliche Personen;34;Schmid Pascal, Weinfelden;6;Schmid Pascal (Thurgau, Schweizerische Volkspartei);Offenlegung der budgetierten Einnahmen;/api/frontend/latest/de/downloads/campaigns/6/forms/1;Budgetzahlen;Einzelperson;Thurgau;Schweizerische Volkspartei;Kampagnenfinanzierung
de;6;5;campaign_financings;all;1;22.10.2023 Nationalratswahlen 2023;2023;campaign_financing;Natürliche Personen;34;Schmid Pascal, Weinfelden;6;Schmid Pascal (Thurgau, Schweizerische Volkspartei);Offenlegung der Schlussrechnung über die Einnahmen;/api/frontend/latest/de/downloads/campaigns/6/forms/5;Definitive Zahlen;Einzelperson;Thurgau;Schweizerische Volkspartei;Kampagnenfinanzierung
de;60;1;campaign_financings;all;1;22.10.2023 Nationalratswahlen 2023;2023;campaign_financing;Juristische Personen oder Personengesellschaften;107;Freisinnig-Demokratische Partei der Stadt Zürich, Zürich;60;Unterstützte Kandidierende: 19 (namentliche Auflistung in untenstehender Meldung der Einnahmen vorhanden);Offenlegung der budgetierten Einnahmen;/api/frontend/latest/de/downloads/campaigns/60/forms/1;Budgetzahlen;Gruppe von Kandidierenden (namentliche Auflistung in untenstehender Meldung der Einnahmen vorhanden);Zürich;FDP.Die Liberalen;Kampagnenfinanzierung
de;60;2;campaign_financings;all;1;22.10.2023 Nationalratswahlen 2023;2023;campaign_financing;Juristische Personen oder Personengesellschaften;107;Freisinnig-Demokratische Partei der Stadt Zürich, Zürich;60;Unterstützte Kandidierende: 19 (namentliche Auflistung in untenstehender Meldung der Einnahmen vorhanden);Offenlegung von Zuwendungen über 15 000 Franken;/api/frontend/latest/de/downloads/campaigns/60/forms/2;Budgetzahlen;Gruppe von Kandidierenden (namentliche Auflistung in untenstehender Meldung der Einnahmen vorhanden);Zürich;FDP.Die Liberalen;Kampagnenfinanzierung
de;60;5;campaign_financings;all;1;22.10.2023 Nationalratswahlen 2023;2023;campaign_financing;Juristische Personen oder Personengesellschaften;107;Freisinnig-Demokratische Partei der Stadt Zürich, Zürich;60;Unterstützte Kandidierende: 19 (namentliche Auflistung in untenstehender Meldung der Einnahmen vorhanden);Offenlegung der Schlussrechnung über die Einnahmen;/api/frontend/latest/de/downloads/campaigns/60/forms/5;Definitive Zahlen;Gruppe von Kandidierenden (namentliche Auflistung in untenstehender Meldung der Einnahmen vorhanden);Zürich;FDP.Die Liberalen;Kampagnenfinanzierung
de;60;6;campaign_financings;all;1;22.10.2023 Nationalratswahlen 2023;2023;campaign_financing;Juristische Personen oder Personengesellschaften;107;Freisinnig-Demokratische Partei der Stadt Zürich, Zürich;60;Unterstützte Kandidierende: 19 (namentliche Auflistung in untenstehender Meldung der Einnahmen vorhanden);Offenlegung von Zuwendungen über 15 000 Franken (Schlussrechnung);/api/frontend/latest/de/downloads/campaigns/60/forms/6;Definitive Zahlen;Gruppe von Kandidierenden (namentliche Auflistung in untenstehender Meldung der Einnahmen vorhanden);Zürich;FDP.Die Liberalen;Kampagnenfinanzierung
de;61;1;campaign_financings;all;1;22.10.2023 Nationalratswahlen 2023;2023;campaign_financing;Juristische Personen oder Personengesellschaften;123;FDP.Die Liberalen Luzern, Luzern;61;Unterstützte Kandidierende: 9 (namentliche Auflistung in untenstehender Meldung der Einnahmen vorhanden);Offenlegung der budgetierten Einnahmen;/api/frontend/latest/de/downloads/campaigns/61/forms/1;Budgetzahlen;Gruppe von Kandidierenden (namentliche Auflistung in untenstehender Meldung der Einnahmen vorhanden);Luzern;FDP.Die Liberalen;Kampagnenfinanzierung
de;61;2;campaign_financings;all;1;22.10.2023 Nationalratswahlen 2023;2023;campaign_financing;Juristische Personen oder Personengesellschaften;123;FDP.Die Liberalen Luzern, Luzern;61;Unterstützte Kandidierende: 9 (namentliche Auflistung in untenstehender Meldung der Einnahmen vorhanden);Offenlegung von Zuwendungen über 15 000 Franken;/api/frontend/latest/de/downloads/campaigns/61/forms/2;Budgetzahlen;Gruppe von Kandidierenden (namentliche Auflistung in untenstehender Meldung der Einnahmen vorhanden);Luzern;FDP.Die Liberalen;Kampagnenfinanzierung
de;61;5;campaign_financings;all;1;22.10.2023 Nationalratswahlen 2023;2023;campaign_financing;Juristische Personen oder Personengesellschaften;123;FDP.Die Liberalen Luzern, Luzern;61;Unterstützte Kandidierende: 9 (namentliche Auflistung in untenstehender Meldung der Einnahmen vorhanden);Offenlegung der Schlussrechnung über die Einnahmen;/api/frontend/latest/de/downloads/campaigns/61/forms/5;Definitive Zahlen;Gruppe von Kandidierenden (namentliche Auflistung in untenstehender Meldung der Einnahmen vorhanden);Luzern;FDP.Die Liberalen;Kampagnenfinanzierung
de;61;6;campaign_financings;all;1;22.10.2023 Nationalratswahlen 2023;2023;campaign_financing;Juristische Personen oder Personengesellschaften;123;FDP.Die Liberalen Luzern, Luzern;61;Unterstützte Kandidierende: 9 (namentliche Auflistung in untenstehender Meldung der Einnahmen vorhanden);Offenlegung von Zuwendungen über 15 000 Franken (Schlussrechnung);/api/frontend/latest/de/downloads/campaigns/61/forms/6;Definitive Zahlen;Gruppe von Kandidierenden (namentliche Auflistung in untenstehender Meldung der Einnahmen vorhanden);Luzern;FDP.Die Liberalen;Kampagnenfinanzierung
de;63;1;campaign_financings;all;1;22.10.2023 Nationalratswahlen 2023;2023;campaign_financing;Juristische Personen oder Personengesellschaften;50;Les Vert-e-s genevoi-es (parti écologiste genevois), Genève 4;63;Unterstützte Kandidierende: 12 (namentliche Auflistung in untenstehender Meldung der Einnahmen vorhanden);Offenlegung der budgetierten Einnahmen;/api/frontend/latest/de/downloads/campaigns/63/forms/1;Budgetzahlen;Gruppe von Kandidierenden (namentliche Auflistung in untenstehender Meldung der Einnahmen vorhanden);Genf;GRÜNE Schweiz;Kampagnenfinanzierung
de;63;2;campaign_financings;all;1;22.10.2023 Nationalratswahlen 2023;2023;campaign_financing;Juristische Personen oder Personengesellschaften;50;Les Vert-e-s genevoi-es (parti écologiste genevois), Genève 4;63;Unterstützte Kandidierende: 12 (namentliche Auflistung in untenstehender Meldung der Einnahmen vorhanden);Offenlegung von Zuwendungen über 15 000 Franken;/api/frontend/latest/de/downloads/campaigns/63/forms/2;Budgetzahlen;Gruppe von Kandidierenden (namentliche Auflistung in untenstehender Meldung der Einnahmen vorhanden);Genf;GRÜNE Schweiz;Kampagnenfinanzierung
de;63;5;campaign_financings;all;1;22.10.2023 Nationalratswahlen 2023;2023;campaign_financing;Juristische Personen oder Personengesellschaften;50;Les Vert-e-s genevoi-es (parti écologiste genevois), Genève 4;63;Unterstützte Kandidierende: 12 (namentliche Auflistung in untenstehender Meldung der Einnahmen vorhanden);Offenlegung der Schlussrechnung über die Einnahmen;/api/frontend/latest/de/downloads/campaigns/63/forms/5;Definitive Zahlen;Gruppe von Kandidierenden (namentliche Auflistung in untenstehender Meldung der Einnahmen vorhanden);Genf;GRÜNE Schweiz;Kampagnenfinanzierung
de;63;6;campaign_financings;all;1;22.10.2023 Nationalratswahlen 2023;2023;campaign_financing;Juristische Personen oder Personengesellschaften;50;Les Vert-e-s genevoi-es (parti écologiste genevois), Genève 4;63;Unterstützte Kandidierende: 12 (namentliche Auflistung in untenstehender Meldung der Einnahmen vorhanden);Offenlegung von Zuwendungen über 15 000 Franken (Schlussrechnung);/api/frontend/latest/de/downloads/campaigns/63/forms/6;Definitive Zahlen;Gruppe von Kandidierenden (namentliche Auflistung in untenstehender Meldung der Einnahmen vorhanden);Genf;GRÜNE Schweiz;Kampagnenfinanzierung
de;64;1;campaign_financings;all;1;22.10.2023 Nationalratswahlen 2023;2023;campaign_financing;Juristische Personen oder Personengesellschaften;94;PLR.Les Libéraux-Radicaux Vaud, Lausanne;64;Unterstützte Kandidierende: 57 (namentliche Auflistung in untenstehender Meldung der Einnahmen vorhanden);Offenlegung der budgetierten Einnahmen;/api/frontend/latest/de/downloads/campaigns/64/forms/1;Budgetzahlen;Gruppe von Kandidierenden (namentliche Auflistung in untenstehender Meldung der Einnahmen vorhanden);Waadt;FDP.Die Liberalen;Kampagnenfinanzierung
de;64;2;campaign_financings;all;1;22.10.2023 Nationalratswahlen 2023;2023;campaign_financing;Juristische Personen oder Personengesellschaften;94;PLR.Les Libéraux-Radicaux Vaud, Lausanne;64;Unterstützte Kandidierende: 57 (namentliche Auflistung in untenstehender Meldung der Einnahmen vorhanden);Offenlegung von Zuwendungen über 15 000 Franken;/api/frontend/latest/de/downloads/campaigns/64/forms/2;Budgetzahlen;Gruppe von Kandidierenden (namentliche Auflistung in untenstehender Meldung der Einnahmen vorhanden);Waadt;FDP.Die Liberalen;Kampagnenfinanzierung
de;64;5;campaign_financings;all;1;22.10.2023 Nationalratswahlen 2023;2023;campaign_financing;Juristische Personen oder Personengesellschaften;94;PLR.Les Libéraux-Radicaux Vaud, Lausanne;64;Unterstützte Kandidierende: 57 (namentliche Auflistung in untenstehender Meldung der Einnahmen vorhanden);Offenlegung der Schlussrechnung über die Einnahmen;/api/frontend/latest/de/downloads/campaigns/64/forms/5;Definitive Zahlen;Gruppe von Kandidierenden (namentliche Auflistung in untenstehender Meldung der Einnahmen vorhanden);Waadt;FDP.Die Liberalen;Kampagnenfinanzierung
de;64;6;campaign_financings;all;1;22.10.2023 Nationalratswahlen 2023;2023;campaign_financing;Juristische Personen oder Personengesellschaften;94;PLR.Les Libéraux-Radicaux Vaud, Lausanne;64;Unterstützte Kandidierende: 57 (namentliche Auflistung in untenstehender Meldung der Einnahmen vorhanden);Offenlegung von Zuwendungen über 15 000 Franken (Schlussrechnung);/api/frontend/latest/de/downloads/campaigns/64/forms/6;Definitive Zahlen;Gruppe von Kandidierenden (namentliche Auflistung in untenstehender Meldung der Einnahmen vorhanden);Waadt;FDP.Die Liberalen;Kampagnenfinanzierung
de;66;1;campaign_financings;all;1;22.10.2023 Nationalratswahlen 2023;2023;campaign_financing;Natürliche Personen;132;Josi Barbara, Wimmis;66;Josi Barbara (Bern, Schweizerische Volkspartei);Offenlegung der budgetierten Einnahmen;/api/frontend/latest/de/downloads/campaigns/66/forms/1;Budgetzahlen;Einzelperson;Bern;Schweizerische Volkspartei;Kampagnenfinanzierung
de;66;5;campaign_financings;all;1;22.10.2023 Nationalratswahlen 2023;2023;campaign_financing;Natürliche Personen;132;Josi Barbara, Wimmis;66;Josi Barbara (Bern, Schweizerische Volkspartei);Offenlegung der Schlussrechnung über die Einnahmen;/api/frontend/latest/de/downloads/campaigns/66/forms/5;Definitive Zahlen;Einzelperson;Bern;Schweizerische Volkspartei;Kampagnenfinanzierung
de;67;1;campaign_financings;all;1;22.10.2023 Nationalratswahlen 2023;2023;campaign_financing;Juristische Personen oder Personengesellschaften;141;Freisinnig-Demokratische Partei Graubünden, Chur;67;Unterstützte Kandidierende: 14 (namentliche Auflistung in untenstehender Meldung der Einnahmen vorhanden);Offenlegung der budgetierten Einnahmen;/api/frontend/latest/de/downloads/campaigns/67/forms/1;Budgetzahlen;Gruppe von Kandidierenden (namentliche Auflistung in untenstehender Meldung der Einnahmen vorhanden);Graubünden;FDP.Die Liberalen;Kampagnenfinanzierung
de;67;2;campaign_financings;all;1;22.10.2023 Nationalratswahlen 2023;2023;campaign_financing;Juristische Personen oder Personengesellschaften;141;Freisinnig-Demokratische Partei Graubünden, Chur;67;Unterstützte Kandidierende: 14 (namentliche Auflistung in untenstehender Meldung der Einnahmen vorhanden);Offenlegung von Zuwendungen über 15 000 Franken;/api/frontend/latest/de/downloads/campaigns/67/forms/2;Budgetzahlen;Gruppe von Kandidierenden (namentliche Auflistung in untenstehender Meldung der Einnahmen vorhanden);Graubünden;FDP.Die Liberalen;Kampagnenfinanzierung
de;67;5;campaign_financings;all;1;22.10.2023 Nationalratswahlen 2023;2023;campaign_financing;Juristische Personen oder Personengesellschaften;141;Freisinnig-Demokratische Partei Graubünden, Chur;67;Unterstützte Kandidierende: 14 (namentliche Auflistung in untenstehender Meldung der Einnahmen vorhanden);Offenlegung der Schlussrechnung über die Einnahmen;/api/frontend/latest/de/downloads/campaigns/67/forms/5;Definitive Zahlen;Gruppe von Kandidierenden (namentliche Auflistung in untenstehender Meldung der Einnahmen vorhanden);Graubünden;FDP.Die Liberalen;Kampagnenfinanzierung
de;67;6;campaign_financings;all;1;22.10.2023 Nationalratswahlen 2023;2023;campaign_financing;Juristische Personen oder Personengesellschaften;141;Freisinnig-Demokratische Partei Graubünden, Chur;67;Unterstützte Kandidierende: 14 (namentliche Auflistung in untenstehender Meldung der Einnahmen vorhanden);Offenlegung von Zuwendungen über 15 000 Franken (Schlussrechnung);/api/frontend/latest/de/downloads/campaigns/67/forms/6;Definitive Zahlen;Gruppe von Kandidierenden (namentliche Auflistung in untenstehender Meldung der Einnahmen vorhanden);Graubünden;FDP.Die Liberalen;Kampagnenfinanzierung
de;68;1;campaign_financings;all;1;22.10.2023 Nationalratswahlen 2023;2023;campaign_financing;Natürliche Personen;153;Hess Lorenz, Stettlen;68;Hess Lorenz (Bern, Die Mitte);Offenlegung der budgetierten Einnahmen;/api/frontend/latest/de/downloads/campaigns/68/forms/1;Budgetzahlen;Einzelperson;Bern;Die Mitte;Kampagnenfinanzierung
de;68;5;campaign_financings;all;1;22.10.2023 Nationalratswahlen 2023;2023;campaign_financing;Natürliche Personen;153;Hess Lorenz, Stettlen;68;Hess Lorenz (Bern, Die Mitte);Offenlegung der Schlussrechnung über die Einnahmen;/api/frontend/latest/de/downloads/campaigns/68/forms/5;Definitive Zahlen;Einzelperson;Bern;Die Mitte;Kampagnenfinanzierung
de;7;1;campaign_financings;all;1;22.10.2023 Nationalratswahlen 2023;2023;campaign_financing;Juristische Personen oder Personengesellschaften;11;Le Centre Jura, Glovelier;7;Unterstützte Kandidierende: 8 (namentliche Auflistung in untenstehender Meldung der Einnahmen vorhanden);Offenlegung der budgetierten Einnahmen;/api/frontend/latest/de/downloads/campaigns/7/forms/1;Budgetzahlen;Gruppe von Kandidierenden (namentliche Auflistung in untenstehender Meldung der Einnahmen vorhanden);Jura;Die Mitte;Kampagnenfinanzierung
de;7;5;campaign_financings;all;1;22.10.2023 Nationalratswahlen 2023;2023;campaign_financing;Juristische Personen oder Personengesellschaften;11;Le Centre Jura, Glovelier;7;Unterstützte Kandidierende: 8 (namentliche Auflistung in untenstehender Meldung der Einnahmen vorhanden);Offenlegung der Schlussrechnung über die Einnahmen;/api/frontend/latest/de/downloads/campaigns/7/forms/5;Definitive Zahlen;Gruppe von Kandidierenden (namentliche Auflistung in untenstehender Meldung der Einnahmen vorhanden);Jura;Die Mitte;Kampagnenfinanzierung
de;70;1;campaign_financings;all;1;22.10.2023 Nationalratswahlen 2023;2023;campaign_financing;Natürliche Personen;140;Götte Michael, Tübach;70;Götte Michael (St. Gallen, Schweizerische Volkspartei);Offenlegung der budgetierten Einnahmen;/api/frontend/latest/de/downloads/campaigns/70/forms/1;Budgetzahlen;Einzelperson;St. Gallen;Schweizerische Volkspartei;Kampagnenfinanzierung
de;70;5;campaign_financings;all;1;22.10.2023 Nationalratswahlen 2023;2023;campaign_financing;Natürliche Personen;140;Götte Michael, Tübach;70;Götte Michael (St. Gallen, Schweizerische Volkspartei);Offenlegung der Schlussrechnung über die Einnahmen;/api/frontend/latest/de/downloads/campaigns/70/forms/5;Definitive Zahlen;Einzelperson;St. Gallen;Schweizerische Volkspartei;Kampagnenfinanzierung
de;71;1;campaign_financings;all;1;22.10.2023 Nationalratswahlen 2023;2023;campaign_financing;Juristische Personen oder Personengesellschaften;146;GastroSuisse, Zürich;71;Unterstützte Kandidierende: 160 (namentliche Auflistung in untenstehender Meldung der Einnahmen vorhanden);Offenlegung der budgetierten Einnahmen;/api/frontend/latest/de/downloads/campaigns/71/forms/1;Budgetzahlen;Gruppe von Kandidierenden (namentliche Auflistung in untenstehender Meldung der Einnahmen vorhanden);Aargau;Die Mitte;Kampagnenfinanzierung
de;71;5;campaign_financings;all;1;22.10.2023 Nationalratswahlen 2023;2023;campaign_financing;Juristische Personen oder Personengesellschaften;146;GastroSuisse, Zürich;71;Unterstützte Kandidierende: 160 (namentliche Auflistung in untenstehender Meldung der Einnahmen vorhanden);Offenlegung der Schlussrechnung über die Einnahmen;/api/frontend/latest/de/downloads/campaigns/71/forms/5;Definitive Zahlen;Gruppe von Kandidierenden (namentliche Auflistung in untenstehender Meldung der Einnahmen vorhanden);Aargau;Die Mitte;Kampagnenfinanzierung
de;72;5;campaign_financings;all;1;22.10.2023 Nationalratswahlen 2023;2023;campaign_financing;Natürliche Personen;88;Gianini Simone, Bellinzona;72;Gianini Simone (Tessin, FDP.Die Liberalen);Offenlegung der Schlussrechnung über die Einnahmen;/api/frontend/latest/de/downloads/campaigns/72/forms/5;Definitive Zahlen;Einzelperson;Tessin;FDP.Die Liberalen;Kampagnenfinanzierung
de;73;1;campaign_financings;all;1;22.10.2023 Nationalratswahlen 2023;2023;campaign_financing;Natürliche Personen;32;Wehrli Laurent, Glion;73;Wehrli Laurent (Waadt, FDP.Die Liberalen);Offenlegung der budgetierten Einnahmen;/api/frontend/latest/de/downloads/campaigns/73/forms/1;Budgetzahlen;Einzelperson;Waadt;FDP.Die Liberalen;Kampagnenfinanzierung
de;73;5;campaign_financings;all;1;22.10.2023 Nationalratswahlen 2023;2023;campaign_financing;Natürliche Personen;32;Wehrli Laurent, Glion;73;Wehrli Laurent (Waadt, FDP.Die Liberalen);Offenlegung der Schlussrechnung über die Einnahmen;/api/frontend/latest/de/downloads/campaigns/73/forms/5;Definitive Zahlen;Einzelperson;Waadt;FDP.Die Liberalen;Kampagnenfinanzierung
de;75;1;campaign_financings;all;1;22.10.2023 Nationalratswahlen 2023;2023;campaign_financing;Juristische Personen oder Personengesellschaften;19;Sozialdemokratische Partei des Kantons Bern, Bern;75;Unterstützte Kandidierende: 48 (namentliche Auflistung in untenstehender Meldung der Einnahmen vorhanden);Offenlegung der budgetierten Einnahmen;/api/frontend/latest/de/downloads/campaigns/75/forms/1;Budgetzahlen;Gruppe von Kandidierenden (namentliche Auflistung in untenstehender Meldung der Einnahmen vorhanden);Bern;Sozialdemokratische Partei der Schweiz;Kampagnenfinanzierung
de;75;2;campaign_financings;all;1;22.10.2023 Nationalratswahlen 2023;2023;campaign_financing;Juristische Personen oder Personengesellschaften;19;Sozialdemokratische Partei des Kantons Bern, Bern;75;Unterstützte Kandidierende: 48 (namentliche Auflistung in untenstehender Meldung der Einnahmen vorhanden);Offenlegung von Zuwendungen über 15 000 Franken;/api/frontend/latest/de/downloads/campaigns/75/forms/2;Budgetzahlen;Gruppe von Kandidierenden (namentliche Auflistung in untenstehender Meldung der Einnahmen vorhanden);Bern;Sozialdemokratische Partei der Schweiz;Kampagnenfinanzierung
de;75;5;campaign_financings;all;1;22.10.2023 Nationalratswahlen 2023;2023;campaign_financing;Juristische Personen oder Personengesellschaften;19;Sozialdemokratische Partei des Kantons Bern, Bern;75;Unterstützte Kandidierende: 48 (namentliche Auflistung in untenstehender Meldung der Einnahmen vorhanden);Offenlegung der Schlussrechnung über die Einnahmen;/api/frontend/latest/de/downloads/campaigns/75/forms/5;Definitive Zahlen;Gruppe von Kandidierenden (namentliche Auflistung in untenstehender Meldung der Einnahmen vorhanden);Bern;Sozialdemokratische Partei der Schweiz;Kampagnenfinanzierung
de;75;6;campaign_financings;all;1;22.10.2023 Nationalratswahlen 2023;2023;campaign_financing;Juristische Personen oder Personengesellschaften;19;Sozialdemokratische Partei des Kantons Bern, Bern;75;Unterstützte Kandidierende: 48 (namentliche Auflistung in untenstehender Meldung der Einnahmen vorhanden);Offenlegung von Zuwendungen über 15 000 Franken (Schlussrechnung);/api/frontend/latest/de/downloads/campaigns/75/forms/6;Definitive Zahlen;Gruppe von Kandidierenden (namentliche Auflistung in untenstehender Meldung der Einnahmen vorhanden);Bern;Sozialdemokratische Partei der Schweiz;Kampagnenfinanzierung
de;76;1;campaign_financings;all;1;22.10.2023 Nationalratswahlen 2023;2023;campaign_financing;Juristische Personen oder Personengesellschaften;150;Parti libéral-radical genevois, Genève;76;Simone de Montmollin, Cyril Aellen, Diane Barbier-Mueller, Lionel Halpérin, Véronique Kämpfen, Alexandre de Senarclens (Genf, FDP.Die Liberalen);Offenlegung der budgetierten Einnahmen;/api/frontend/latest/de/downloads/campaigns/76/forms/1;Budgetzahlen;Gruppe von Kandidierenden (Einzelauflistung nicht möglich);Genf;FDP.Die Liberalen;Kampagnenfinanzierung
de;76;2;campaign_financings;all;1;22.10.2023 Nationalratswahlen 2023;2023;campaign_financing;Juristische Personen oder Personengesellschaften;150;Parti libéral-radical genevois, Genève;76;Simone de Montmollin, Cyril Aellen, Diane Barbier-Mueller, Lionel Halpérin, Véronique Kämpfen, Alexandre de Senarclens (Genf, FDP.Die Liberalen);Offenlegung von Zuwendungen über 15 000 Franken;/api/frontend/latest/de/downloads/campaigns/76/forms/2;Budgetzahlen;Gruppe von Kandidierenden (Einzelauflistung nicht möglich);Genf;FDP.Die Liberalen;Kampagnenfinanzierung
de;76;5;campaign_financings;all;1;22.10.2023 Nationalratswahlen 2023;2023;campaign_financing;Juristische Personen oder Personengesellschaften;150;Parti libéral-radical genevois, Genève;76;Simone de Montmollin, Cyril Aellen, Diane Barbier-Mueller, Lionel Halpérin, Véronique Kämpfen, Alexandre de Senarclens (Genf, FDP.Die Liberalen);Offenlegung der Schlussrechnung über die Einnahmen;/api/frontend/latest/de/downloads/campaigns/76/forms/5;Definitive Zahlen;Gruppe von Kandidierenden (Einzelauflistung nicht möglich);Genf;FDP.Die Liberalen;Kampagnenfinanzierung
de;76;6;campaign_financings;all;1;22.10.2023 Nationalratswahlen 2023;2023;campaign_financing;Juristische Personen oder Personengesellschaften;150;Parti libéral-radical genevois, Genève;76;Simone de Montmollin, Cyril Aellen, Diane Barbier-Mueller, Lionel Halpérin, Véronique Kämpfen, Alexandre de Senarclens (Genf, FDP.Die Liberalen);Offenlegung von Zuwendungen über 15 000 Franken (Schlussrechnung);/api/frontend/latest/de/downloads/campaigns/76/forms/6;Definitive Zahlen;Gruppe von Kandidierenden (Einzelauflistung nicht möglich);Genf;FDP.Die Liberalen;Kampagnenfinanzierung
de;77;1;campaign_financings;all;1;22.10.2023 Nationalratswahlen 2023;2023;campaign_financing;Natürliche Personen;162;Stadelmann Karin, Luzern;77;Stadelmann Karin (Luzern, Die Mitte);Offenlegung der budgetierten Einnahmen;/api/frontend/latest/de/downloads/campaigns/77/forms/1;Budgetzahlen;Einzelperson;Luzern;Die Mitte;Kampagnenfinanzierung
de;77;5;campaign_financings;all;1;22.10.2023 Nationalratswahlen 2023;2023;campaign_financing;Natürliche Personen;162;Stadelmann Karin, Luzern;77;Stadelmann Karin (Luzern, Die Mitte);Offenlegung der Schlussrechnung über die Einnahmen;/api/frontend/latest/de/downloads/campaigns/77/forms/5;Definitive Zahlen;Einzelperson;Luzern;Die Mitte;Kampagnenfinanzierung
de;78;1;campaign_financings;all;1;22.10.2023 Nationalratswahlen 2023;2023;campaign_financing;Natürliche Personen;161;Dobler Marcel, Jona;78;Dobler Marcel  (St. Gallen, FDP.Die Liberalen);Offenlegung der budgetierten Einnahmen;/api/frontend/latest/de/downloads/campaigns/78/forms/1;Budgetzahlen;Einzelperson;St. Gallen;FDP.Die Liberalen;Kampagnenfinanzierung
de;78;5;campaign_financings;all;1;22.10.2023 Nationalratswahlen 2023;2023;campaign_financing;Natürliche Personen;161;Dobler Marcel, Jona;78;Dobler Marcel  (St. Gallen, FDP.Die Liberalen);Offenlegung der Schlussrechnung über die Einnahmen;/api/frontend/latest/de/downloads/campaigns/78/forms/5;Definitive Zahlen;Einzelperson;St. Gallen;FDP.Die Liberalen;Kampagnenfinanzierung
de;79;1;campaign_financings;all;1;22.10.2023 Nationalratswahlen 2023;2023;campaign_financing;Natürliche Personen;160;Umbricht-Pieren Nadja, Kaltacker (Gemeinde Heimiswil);79;Umbricht Pieren Nadja (Bern, Schweizerische Volkspartei);Offenlegung der budgetierten Einnahmen;/api/frontend/latest/de/downloads/campaigns/79/forms/1;Budgetzahlen;Einzelperson;Bern;Schweizerische Volkspartei;Kampagnenfinanzierung
de;79;5;campaign_financings;all;1;22.10.2023 Nationalratswahlen 2023;2023;campaign_financing;Natürliche Personen;160;Umbricht-Pieren Nadja, Kaltacker (Gemeinde Heimiswil);79;Umbricht Pieren Nadja (Bern, Schweizerische Volkspartei);Offenlegung der Schlussrechnung über die Einnahmen;/api/frontend/latest/de/downloads/campaigns/79/forms/5;Definitive Zahlen;Einzelperson;Bern;Schweizerische Volkspartei;Kampagnenfinanzierung
de;80;1;campaign_financings;all;1;22.10.2023 Nationalratswahlen 2023;2023;campaign_financing;Juristische Personen oder Personengesellschaften;57;Evangelische Volkspartei des Kantons Aargau, Aarau;80;Unterstützte Kandidierende: 16 (namentliche Auflistung in untenstehender Meldung der Einnahmen vorhanden);Offenlegung der budgetierten Einnahmen;/api/frontend/latest/de/downloads/campaigns/80/forms/1;Budgetzahlen;Gruppe von Kandidierenden (namentliche Auflistung in untenstehender Meldung der Einnahmen vorhanden);Aargau;Evangelische Volkspartei der Schweiz;Kampagnenfinanzierung
de;80;2;campaign_financings;all;1;22.10.2023 Nationalratswahlen 2023;2023;campaign_financing;Juristische Personen oder Personengesellschaften;57;Evangelische Volkspartei des Kantons Aargau, Aarau;80;Unterstützte Kandidierende: 16 (namentliche Auflistung in untenstehender Meldung der Einnahmen vorhanden);Offenlegung von Zuwendungen über 15 000 Franken;/api/frontend/latest/de/downloads/campaigns/80/forms/2;Budgetzahlen;Gruppe von Kandidierenden (namentliche Auflistung in untenstehender Meldung der Einnahmen vorhanden);Aargau;Evangelische Volkspartei der Schweiz;Kampagnenfinanzierung
de;80;5;campaign_financings;all;1;22.10.2023 Nationalratswahlen 2023;2023;campaign_financing;Juristische Personen oder Personengesellschaften;57;Evangelische Volkspartei des Kantons Aargau, Aarau;80;Unterstützte Kandidierende: 16 (namentliche Auflistung in untenstehender Meldung der Einnahmen vorhanden);Offenlegung der Schlussrechnung über die Einnahmen;/api/frontend/latest/de/downloads/campaigns/80/forms/5;Definitive Zahlen;Gruppe von Kandidierenden (namentliche Auflistung in untenstehender Meldung der Einnahmen vorhanden);Aargau;Evangelische Volkspartei der Schweiz;Kampagnenfinanzierung
de;80;6;campaign_financings;all;1;22.10.2023 Nationalratswahlen 2023;2023;campaign_financing;Juristische Personen oder Personengesellschaften;57;Evangelische Volkspartei des Kantons Aargau, Aarau;80;Unterstützte Kandidierende: 16 (namentliche Auflistung in untenstehender Meldung der Einnahmen vorhanden);Offenlegung von Zuwendungen über 15 000 Franken (Schlussrechnung);/api/frontend/latest/de/downloads/campaigns/80/forms/6;Definitive Zahlen;Gruppe von Kandidierenden (namentliche Auflistung in untenstehender Meldung der Einnahmen vorhanden);Aargau;Evangelische Volkspartei der Schweiz;Kampagnenfinanzierung
de;81;1;campaign_financings;all;1;22.10.2023 Nationalratswahlen 2023;2023;campaign_financing;Natürliche Personen;142;Pfister Gerhard, Oberägeri;81;Pfister Gerhard (Zug, Die Mitte);Offenlegung der budgetierten Einnahmen;/api/frontend/latest/de/downloads/campaigns/81/forms/1;Budgetzahlen;Einzelperson;Zug;Die Mitte;Kampagnenfinanzierung
de;82;1;campaign_financings;all;1;22.10.2023 Nationalratswahlen 2023;2023;campaign_financing;Natürliche Personen;152;Guggisberg Lars, Kirchlindach;82;Guggisberg Lars (Bern, Schweizerische Volkspartei);Offenlegung der budgetierten Einnahmen;/api/frontend/latest/de/downloads/campaigns/82/forms/1;Budgetzahlen;Einzelperson;Bern;Schweizerische Volkspartei;Kampagnenfinanzierung
de;82;2;campaign_financings;all;1;22.10.2023 Nationalratswahlen 2023;2023;campaign_financing;Natürliche Personen;152;Guggisberg Lars, Kirchlindach;82;Guggisberg Lars (Bern, Schweizerische Volkspartei);Offenlegung von Zuwendungen über 15 000 Franken;/api/frontend/latest/de/downloads/campaigns/82/forms/2;Budgetzahlen;Einzelperson;Bern;Schweizerische Volkspartei;Kampagnenfinanzierung
de;82;5;campaign_financings;all;1;22.10.2023 Nationalratswahlen 2023;2023;campaign_financing;Natürliche Personen;152;Guggisberg Lars, Kirchlindach;82;Guggisberg Lars (Bern, Schweizerische Volkspartei);Offenlegung der Schlussrechnung über die Einnahmen;/api/frontend/latest/de/downloads/campaigns/82/forms/5;Definitive Zahlen;Einzelperson;Bern;Schweizerische Volkspartei;Kampagnenfinanzierung
de;82;6;campaign_financings;all;1;22.10.2023 Nationalratswahlen 2023;2023;campaign_financing;Natürliche Personen;152;Guggisberg Lars, Kirchlindach;82;Guggisberg Lars (Bern, Schweizerische Volkspartei);Offenlegung von Zuwendungen über 15 000 Franken (Schlussrechnung);/api/frontend/latest/de/downloads/campaigns/82/forms/6;Definitive Zahlen;Einzelperson;Bern;Schweizerische Volkspartei;Kampagnenfinanzierung
de;83;1;campaign_financings;all;1;22.10.2023 Nationalratswahlen 2023;2023;campaign_financing;Juristische Personen oder Personengesellschaften;17;Sozialdemokratische Partei Kanton Baselland, Liestal;83;Unterstützte Kandidierende: 7 (namentliche Auflistung in untenstehender Meldung der Einnahmen vorhanden);Offenlegung der budgetierten Einnahmen;/api/frontend/latest/de/downloads/campaigns/83/forms/1;Budgetzahlen;Gruppe von Kandidierenden (namentliche Auflistung in untenstehender Meldung der Einnahmen vorhanden);Basel-Landschaft;Sozialdemokratische Partei der Schweiz;Kampagnenfinanzierung
de;83;2;campaign_financings;all;1;22.10.2023 Nationalratswahlen 2023;2023;campaign_financing;Juristische Personen oder Personengesellschaften;17;Sozialdemokratische Partei Kanton Baselland, Liestal;83;Unterstützte Kandidierende: 7 (namentliche Auflistung in untenstehender Meldung der Einnahmen vorhanden);Offenlegung von Zuwendungen über 15 000 Franken;/api/frontend/latest/de/downloads/campaigns/83/forms/2;Budgetzahlen;Gruppe von Kandidierenden (namentliche Auflistung in untenstehender Meldung der Einnahmen vorhanden);Basel-Landschaft;Sozialdemokratische Partei der Schweiz;Kampagnenfinanzierung
de;83;5;campaign_financings;all;1;22.10.2023 Nationalratswahlen 2023;2023;campaign_financing;Juristische Personen oder Personengesellschaften;17;Sozialdemokratische Partei Kanton Baselland, Liestal;83;Unterstützte Kandidierende: 7 (namentliche Auflistung in untenstehender Meldung der Einnahmen vorhanden);Offenlegung der Schlussrechnung über die Einnahmen;/api/frontend/latest/de/downloads/campaigns/83/forms/5;Definitive Zahlen;Gruppe von Kandidierenden (namentliche Auflistung in untenstehender Meldung der Einnahmen vorhanden);Basel-Landschaft;Sozialdemokratische Partei der Schweiz;Kampagnenfinanzierung
de;83;6;campaign_financings;all;1;22.10.2023 Nationalratswahlen 2023;2023;campaign_financing;Juristische Personen oder Personengesellschaften;17;Sozialdemokratische Partei Kanton Baselland, Liestal;83;Unterstützte Kandidierende: 7 (namentliche Auflistung in untenstehender Meldung der Einnahmen vorhanden);Offenlegung von Zuwendungen über 15 000 Franken (Schlussrechnung);/api/frontend/latest/de/downloads/campaigns/83/forms/6;Definitive Zahlen;Gruppe von Kandidierenden (namentliche Auflistung in untenstehender Meldung der Einnahmen vorhanden);Basel-Landschaft;Sozialdemokratische Partei der Schweiz;Kampagnenfinanzierung
de;84;1;campaign_financings;all;1;22.10.2023 Nationalratswahlen 2023;2023;campaign_financing;Juristische Personen oder Personengesellschaften;84;FDP.Die Liberalen des Kantons Appenzell Ausserrhoden, Heiden;84;Tischhauser Matthias (Appenzell Ausserrhoden, FDP.Die Liberalen);Offenlegung der budgetierten Einnahmen;/api/frontend/latest/de/downloads/campaigns/84/forms/1;Budgetzahlen;Einzelperson;Appenzell Ausserrhoden;FDP.Die Liberalen;Kampagnenfinanzierung
de;84;2;campaign_financings;all;1;22.10.2023 Nationalratswahlen 2023;2023;campaign_financing;Juristische Personen oder Personengesellschaften;84;FDP.Die Liberalen des Kantons Appenzell Ausserrhoden, Heiden;84;Tischhauser Matthias (Appenzell Ausserrhoden, FDP.Die Liberalen);Offenlegung von Zuwendungen über 15 000 Franken;/api/frontend/latest/de/downloads/campaigns/84/forms/2;Budgetzahlen;Einzelperson;Appenzell Ausserrhoden;FDP.Die Liberalen;Kampagnenfinanzierung
de;84;5;campaign_financings;all;1;22.10.2023 Nationalratswahlen 2023;2023;campaign_financing;Juristische Personen oder Personengesellschaften;84;FDP.Die Liberalen des Kantons Appenzell Ausserrhoden, Heiden;84;Tischhauser Matthias (Appenzell Ausserrhoden, FDP.Die Liberalen);Offenlegung der Schlussrechnung über die Einnahmen;/api/frontend/latest/de/downloads/campaigns/84/forms/5;Definitive Zahlen;Einzelperson;Appenzell Ausserrhoden;FDP.Die Liberalen;Kampagnenfinanzierung
de;84;6;campaign_financings;all;1;22.10.2023 Nationalratswahlen 2023;2023;campaign_financing;Juristische Personen oder Personengesellschaften;84;FDP.Die Liberalen des Kantons Appenzell Ausserrhoden, Heiden;84;Tischhauser Matthias (Appenzell Ausserrhoden, FDP.Die Liberalen);Offenlegung von Zuwendungen über 15 000 Franken (Schlussrechnung);/api/frontend/latest/de/downloads/campaigns/84/forms/6;Definitive Zahlen;Einzelperson;Appenzell Ausserrhoden;FDP.Die Liberalen;Kampagnenfinanzierung
de;85;1;campaign_financings;all;1;22.10.2023 Nationalratswahlen 2023;2023;campaign_financing;Juristische Personen oder Personengesellschaften;171;Junge Grünliberale Partei Schweiz, Bern;85;Dachkampagne jglp Schweiz (schweizweit, Grünliberale Partei);Offenlegung der budgetierten Einnahmen;/api/frontend/latest/de/downloads/campaigns/85/forms/1;Budgetzahlen;Gruppe von Kandidierenden (Einzelauflistung nicht möglich);schweizweit;Grünliberale Partei;Kampagnenfinanzierung
de;85;2;campaign_financings;all;1;22.10.2023 Nationalratswahlen 2023;2023;campaign_financing;Juristische Personen oder Personengesellschaften;171;Junge Grünliberale Partei Schweiz, Bern;85;Dachkampagne jglp Schweiz (schweizweit, Grünliberale Partei);Offenlegung von Zuwendungen über 15 000 Franken;/api/frontend/latest/de/downloads/campaigns/85/forms/2;Budgetzahlen;Gruppe von Kandidierenden (Einzelauflistung nicht möglich);schweizweit;Grünliberale Partei;Kampagnenfinanzierung
de;85;5;campaign_financings;all;1;22.10.2023 Nationalratswahlen 2023;2023;campaign_financing;Juristische Personen oder Personengesellschaften;171;Junge Grünliberale Partei Schweiz, Bern;85;Dachkampagne jglp Schweiz (schweizweit, Grünliberale Partei);Offenlegung der Schlussrechnung über die Einnahmen;/api/frontend/latest/de/downloads/campaigns/85/forms/5;Definitive Zahlen;Gruppe von Kandidierenden (Einzelauflistung nicht möglich);schweizweit;Grünliberale Partei;Kampagnenfinanzierung
de;85;6;campaign_financings;all;1;22.10.2023 Nationalratswahlen 2023;2023;campaign_financing;Juristische Personen oder Personengesellschaften;171;Junge Grünliberale Partei Schweiz, Bern;85;Dachkampagne jglp Schweiz (schweizweit, Grünliberale Partei);Offenlegung von Zuwendungen über 15 000 Franken (Schlussrechnung);/api/frontend/latest/de/downloads/campaigns/85/forms/6;Definitive Zahlen;Gruppe von Kandidierenden (Einzelauflistung nicht möglich);schweizweit;Grünliberale Partei;Kampagnenfinanzierung
de;86;1;campaign_financings;all;1;22.10.2023 Nationalratswahlen 2023;2023;campaign_financing;Natürliche Personen;163;Jauslin Matthias Samuel, Wohlen;86;Jauslin Matthias Samuel (Aargau, FDP.Die Liberalen);Offenlegung der budgetierten Einnahmen;/api/frontend/latest/de/downloads/campaigns/86/forms/1;Budgetzahlen;Einzelperson;Aargau;FDP.Die Liberalen;Kampagnenfinanzierung
de;86;2;campaign_financings;all;1;22.10.2023 Nationalratswahlen 2023;2023;campaign_financing;Natürliche Personen;163;Jauslin Matthias Samuel, Wohlen;86;Jauslin Matthias Samuel (Aargau, FDP.Die Liberalen);Offenlegung von Zuwendungen über 15 000 Franken;/api/frontend/latest/de/downloads/campaigns/86/forms/2;Budgetzahlen;Einzelperson;Aargau;FDP.Die Liberalen;Kampagnenfinanzierung
de;86;5;campaign_financings;all;1;22.10.2023 Nationalratswahlen 2023;2023;campaign_financing;Natürliche Personen;163;Jauslin Matthias Samuel, Wohlen;86;Jauslin Matthias Samuel (Aargau, FDP.Die Liberalen);Offenlegung der Schlussrechnung über die Einnahmen;/api/frontend/latest/de/downloads/campaigns/86/forms/5;Definitive Zahlen;Einzelperson;Aargau;FDP.Die Liberalen;Kampagnenfinanzierung
de;86;6;campaign_financings;all;1;22.10.2023 Nationalratswahlen 2023;2023;campaign_financing;Natürliche Personen;163;Jauslin Matthias Samuel, Wohlen;86;Jauslin Matthias Samuel (Aargau, FDP.Die Liberalen);Offenlegung von Zuwendungen über 15 000 Franken (Schlussrechnung);/api/frontend/latest/de/downloads/campaigns/86/forms/6;Definitive Zahlen;Einzelperson;Aargau;FDP.Die Liberalen;Kampagnenfinanzierung
de;87;1;campaign_financings;all;1;22.10.2023 Nationalratswahlen 2023;2023;campaign_financing;Natürliche Personen;168;Bregy Philipp Matthias, Naters;87;Bregy Philipp Matthias (Wallis, Die Mitte);Offenlegung der budgetierten Einnahmen;/api/frontend/latest/de/downloads/campaigns/87/forms/1;Budgetzahlen;Einzelperson;Wallis;Die Mitte;Kampagnenfinanzierung
de;87;2;campaign_financings;all;1;22.10.2023 Nationalratswahlen 2023;2023;campaign_financing;Natürliche Personen;168;Bregy Philipp Matthias, Naters;87;Bregy Philipp Matthias (Wallis, Die Mitte);Offenlegung von Zuwendungen über 15 000 Franken;/api/frontend/latest/de/downloads/campaigns/87/forms/2;Budgetzahlen;Einzelperson;Wallis;Die Mitte;Kampagnenfinanzierung
de;87;5;campaign_financings;all;1;22.10.2023 Nationalratswahlen 2023;2023;campaign_financing;Natürliche Personen;168;Bregy Philipp Matthias, Naters;87;Bregy Philipp Matthias (Wallis, Die Mitte);Offenlegung der Schlussrechnung über die Einnahmen;/api/frontend/latest/de/downloads/campaigns/87/forms/5;Definitive Zahlen;Einzelperson;Wallis;Die Mitte;Kampagnenfinanzierung
de;88;1;campaign_financings;all;1;22.10.2023 Nationalratswahlen 2023;2023;campaign_financing;Juristische Personen oder Personengesellschaften;43;FDP.Die Liberalen, Bern;88;Elections fédérales 2023 / Eidgenössische Wahlen 2023 (schweizweit, FDP.Die Liberalen);Offenlegung der budgetierten Einnahmen;/api/frontend/latest/de/downloads/campaigns/88/forms/1;Budgetzahlen;Gruppe von Kandidierenden (Einzelauflistung nicht möglich);schweizweit;FDP.Die Liberalen;Kampagnenfinanzierung
de;88;2;campaign_financings;all;1;22.10.2023 Nationalratswahlen 2023;2023;campaign_financing;Juristische Personen oder Personengesellschaften;43;FDP.Die Liberalen, Bern;88;Elections fédérales 2023 / Eidgenössische Wahlen 2023 (schweizweit, FDP.Die Liberalen);Offenlegung von Zuwendungen über 15 000 Franken;/api/frontend/latest/de/downloads/campaigns/88/forms/2;Budgetzahlen;Gruppe von Kandidierenden (Einzelauflistung nicht möglich);schweizweit;FDP.Die Liberalen;Kampagnenfinanzierung
de;88;5;campaign_financings;all;1;22.10.2023 Nationalratswahlen 2023;2023;campaign_financing;Juristische Personen oder Personengesellschaften;43;FDP.Die Liberalen, Bern;88;Elections fédérales 2023 / Eidgenössische Wahlen 2023 (schweizweit, FDP.Die Liberalen);Offenlegung der Schlussrechnung über die Einnahmen;/api/frontend/latest/de/downloads/campaigns/88/forms/5;Definitive Zahlen;Gruppe von Kandidierenden (Einzelauflistung nicht möglich);schweizweit;FDP.Die Liberalen;Kampagnenfinanzierung
de;88;6;campaign_financings;all;1;22.10.2023 Nationalratswahlen 2023;2023;campaign_financing;Juristische Personen oder Personengesellschaften;43;FDP.Die Liberalen, Bern;88;Elections fédérales 2023 / Eidgenössische Wahlen 2023 (schweizweit, FDP.Die Liberalen);Offenlegung von Zuwendungen über 15 000 Franken (Schlussrechnung);/api/frontend/latest/de/downloads/campaigns/88/forms/6;Definitive Zahlen;Gruppe von Kandidierenden (Einzelauflistung nicht möglich);schweizweit;FDP.Die Liberalen;Kampagnenfinanzierung
de;89;1;campaign_financings;all;1;22.10.2023 Nationalratswahlen 2023;2023;campaign_financing;Natürliche Personen;167;Addor Jean-Luc, Savièse;89;Addor Jean-Luc (Wallis, Schweizerische Volkspartei);Offenlegung der budgetierten Einnahmen;/api/frontend/latest/de/downloads/campaigns/89/forms/1;Budgetzahlen;Einzelperson;Wallis;Schweizerische Volkspartei;Kampagnenfinanzierung
de;89;5;campaign_financings;all;1;22.10.2023 Nationalratswahlen 2023;2023;campaign_financing;Natürliche Personen;167;Addor Jean-Luc, Savièse;89;Addor Jean-Luc (Wallis, Schweizerische Volkspartei);Offenlegung der Schlussrechnung über die Einnahmen;/api/frontend/latest/de/downloads/campaigns/89/forms/5;Definitive Zahlen;Einzelperson;Wallis;Schweizerische Volkspartei;Kampagnenfinanzierung
de;90;1;campaign_financings;all;1;22.10.2023 Nationalratswahlen 2023;2023;campaign_financing;Natürliche Personen;134;Gobet Nadine, Bulle;90;Gobet Nadine (Freiburg, FDP.Die Liberalen);Offenlegung der budgetierten Einnahmen;/api/frontend/latest/de/downloads/campaigns/90/forms/1;Budgetzahlen;Einzelperson;Freiburg;FDP.Die Liberalen;Kampagnenfinanzierung
de;90;5;campaign_financings;all;1;22.10.2023 Nationalratswahlen 2023;2023;campaign_financing;Natürliche Personen;134;Gobet Nadine, Bulle;90;Gobet Nadine (Freiburg, FDP.Die Liberalen);Offenlegung der Schlussrechnung über die Einnahmen;/api/frontend/latest/de/downloads/campaigns/90/forms/5;Definitive Zahlen;Einzelperson;Freiburg;FDP.Die Liberalen;Kampagnenfinanzierung
de;91;1;campaign_financings;all;1;22.10.2023 Nationalratswahlen 2023;2023;campaign_financing;Juristische Personen oder Personengesellschaften;28;Grünliberale Kanton Zürich, Zürich;91;Unterstützte Kandidierende: 36 (namentliche Auflistung in untenstehender Meldung der Einnahmen vorhanden);Offenlegung der budgetierten Einnahmen;/api/frontend/latest/de/downloads/campaigns/91/forms/1;Budgetzahlen;Gruppe von Kandidierenden (namentliche Auflistung in untenstehender Meldung der Einnahmen vorhanden);Zürich;Grünliberale Partei;Kampagnenfinanzierung
de;91;2;campaign_financings;all;1;22.10.2023 Nationalratswahlen 2023;2023;campaign_financing;Juristische Personen oder Personengesellschaften;28;Grünliberale Kanton Zürich, Zürich;91;Unterstützte Kandidierende: 36 (namentliche Auflistung in untenstehender Meldung der Einnahmen vorhanden);Offenlegung von Zuwendungen über 15 000 Franken;/api/frontend/latest/de/downloads/campaigns/91/forms/2;Budgetzahlen;Gruppe von Kandidierenden (namentliche Auflistung in untenstehender Meldung der Einnahmen vorhanden);Zürich;Grünliberale Partei;Kampagnenfinanzierung
de;91;5;campaign_financings;all;1;22.10.2023 Nationalratswahlen 2023;2023;campaign_financing;Juristische Personen oder Personengesellschaften;28;Grünliberale Kanton Zürich, Zürich;91;Unterstützte Kandidierende: 36 (namentliche Auflistung in untenstehender Meldung der Einnahmen vorhanden);Offenlegung der Schlussrechnung über die Einnahmen;/api/frontend/latest/de/downloads/campaigns/91/forms/5;Definitive Zahlen;Gruppe von Kandidierenden (namentliche Auflistung in untenstehender Meldung der Einnahmen vorhanden);Zürich;Grünliberale Partei;Kampagnenfinanzierung
de;91;6;campaign_financings;all;1;22.10.2023 Nationalratswahlen 2023;2023;campaign_financing;Juristische Personen oder Personengesellschaften;28;Grünliberale Kanton Zürich, Zürich;91;Unterstützte Kandidierende: 36 (namentliche Auflistung in untenstehender Meldung der Einnahmen vorhanden);Offenlegung von Zuwendungen über 15 000 Franken (Schlussrechnung);/api/frontend/latest/de/downloads/campaigns/91/forms/6;Definitive Zahlen;Gruppe von Kandidierenden (namentliche Auflistung in untenstehender Meldung der Einnahmen vorhanden);Zürich;Grünliberale Partei;Kampagnenfinanzierung
de;92;1;campaign_financings;all;1;22.10.2023 Nationalratswahlen 2023;2023;campaign_financing;Juristische Personen oder Personengesellschaften;95;Partito Socialista Ticino, Bellinzona;92;Unterstützte Kandidierende: 8 (namentliche Auflistung in untenstehender Meldung der Einnahmen vorhanden);Offenlegung der budgetierten Einnahmen;/api/frontend/latest/de/downloads/campaigns/92/forms/1;Budgetzahlen;Gruppe von Kandidierenden (namentliche Auflistung in untenstehender Meldung der Einnahmen vorhanden);Tessin;Sozialdemokratische Partei der Schweiz;Kampagnenfinanzierung
de;92;5;campaign_financings;all;1;22.10.2023 Nationalratswahlen 2023;2023;campaign_financing;Juristische Personen oder Personengesellschaften;95;Partito Socialista Ticino, Bellinzona;92;Unterstützte Kandidierende: 8 (namentliche Auflistung in untenstehender Meldung der Einnahmen vorhanden);Offenlegung der Schlussrechnung über die Einnahmen;/api/frontend/latest/de/downloads/campaigns/92/forms/5;Definitive Zahlen;Gruppe von Kandidierenden (namentliche Auflistung in untenstehender Meldung der Einnahmen vorhanden);Tessin;Sozialdemokratische Partei der Schweiz;Kampagnenfinanzierung
de;92;6;campaign_financings;all;1;22.10.2023 Nationalratswahlen 2023;2023;campaign_financing;Juristische Personen oder Personengesellschaften;95;Partito Socialista Ticino, Bellinzona;92;Unterstützte Kandidierende: 8 (namentliche Auflistung in untenstehender Meldung der Einnahmen vorhanden);Offenlegung von Zuwendungen über 15 000 Franken (Schlussrechnung);/api/frontend/latest/de/downloads/campaigns/92/forms/6;Definitive Zahlen;Gruppe von Kandidierenden (namentliche Auflistung in untenstehender Meldung der Einnahmen vorhanden);Tessin;Sozialdemokratische Partei der Schweiz;Kampagnenfinanzierung
de;93;1;campaign_financings;all;1;22.10.2023 Nationalratswahlen 2023;2023;campaign_financing;Juristische Personen oder Personengesellschaften;159;Die Mitte Kanton Luzern, Luzern;93;Unterstützte Kandidierende: 10 (namentliche Auflistung in untenstehender Meldung der Einnahmen vorhanden);Offenlegung der budgetierten Einnahmen;/api/frontend/latest/de/downloads/campaigns/93/forms/1;Budgetzahlen;Gruppe von Kandidierenden (namentliche Auflistung in untenstehender Meldung der Einnahmen vorhanden);Luzern;Die Mitte;Kampagnenfinanzierung
de;93;5;campaign_financings;all;1;22.10.2023 Nationalratswahlen 2023;2023;campaign_financing;Juristische Personen oder Personengesellschaften;159;Die Mitte Kanton Luzern, Luzern;93;Unterstützte Kandidierende: 10 (namentliche Auflistung in untenstehender Meldung der Einnahmen vorhanden);Offenlegung der Schlussrechnung über die Einnahmen;/api/frontend/latest/de/downloads/campaigns/93/forms/5;Definitive Zahlen;Gruppe von Kandidierenden (namentliche Auflistung in untenstehender Meldung der Einnahmen vorhanden);Luzern;Die Mitte;Kampagnenfinanzierung
de;94;1;campaign_financings;all;1;22.10.2023 Nationalratswahlen 2023;2023;campaign_financing;Juristische Personen oder Personengesellschaften;102;Campax, Zürich;94;Unterstützte Kandidierende: 8 (namentliche Auflistung in untenstehender Meldung der Einnahmen vorhanden);Offenlegung der budgetierten Einnahmen;/api/frontend/latest/de/downloads/campaigns/94/forms/1;Budgetzahlen;Gruppe von Kandidierenden (namentliche Auflistung in untenstehender Meldung der Einnahmen vorhanden);Aargau;GRÜNE Schweiz;Kampagnenfinanzierung
de;94;5;campaign_financings;all;1;22.10.2023 Nationalratswahlen 2023;2023;campaign_financing;Juristische Personen oder Personengesellschaften;102;Campax, Zürich;94;Unterstützte Kandidierende: 8 (namentliche Auflistung in untenstehender Meldung der Einnahmen vorhanden);Offenlegung der Schlussrechnung über die Einnahmen;/api/frontend/latest/de/downloads/campaigns/94/forms/5;Definitive Zahlen;Gruppe von Kandidierenden (namentliche Auflistung in untenstehender Meldung der Einnahmen vorhanden);Aargau;GRÜNE Schweiz;Kampagnenfinanzierung
de;96;1;campaign_financings;all;1;22.10.2023 Nationalratswahlen 2023;2023;campaign_financing;Natürliche Personen;78;Alijaj Islam, Zürich;96;Alijaj Islam (Zürich, Sozialdemokratische Partei der Schweiz);Offenlegung der budgetierten Einnahmen;/api/frontend/latest/de/downloads/campaigns/96/forms/1;Budgetzahlen;Einzelperson;Zürich;Sozialdemokratische Partei der Schweiz;Kampagnenfinanzierung
de;96;2;campaign_financings;all;1;22.10.2023 Nationalratswahlen 2023;2023;campaign_financing;Natürliche Personen;78;Alijaj Islam, Zürich;96;Alijaj Islam (Zürich, Sozialdemokratische Partei der Schweiz);Offenlegung von Zuwendungen über 15 000 Franken;/api/frontend/latest/de/downloads/campaigns/96/forms/2;Budgetzahlen;Einzelperson;Zürich;Sozialdemokratische Partei der Schweiz;Kampagnenfinanzierung
de;96;5;campaign_financings;all;1;22.10.2023 Nationalratswahlen 2023;2023;campaign_financing;Natürliche Personen;78;Alijaj Islam, Zürich;96;Alijaj Islam (Zürich, Sozialdemokratische Partei der Schweiz);Offenlegung der Schlussrechnung über die Einnahmen;/api/frontend/latest/de/downloads/campaigns/96/forms/5;Definitive Zahlen;Einzelperson;Zürich;Sozialdemokratische Partei der Schweiz;Kampagnenfinanzierung
de;96;6;campaign_financings;all;1;22.10.2023 Nationalratswahlen 2023;2023;campaign_financing;Natürliche Personen;78;Alijaj Islam, Zürich;96;Alijaj Islam (Zürich, Sozialdemokratische Partei der Schweiz);Offenlegung von Zuwendungen über 15 000 Franken (Schlussrechnung);/api/frontend/latest/de/downloads/campaigns/96/forms/6;Definitive Zahlen;Einzelperson;Zürich;Sozialdemokratische Partei der Schweiz;Kampagnenfinanzierung
de;97;1;campaign_financings;all;1;22.10.2023 Nationalratswahlen 2023;2023;campaign_financing;Juristische Personen oder Personengesellschaften;52;Wahlkomitee Nationalratswahlen 2023 von Diana Gutjahr, Amriswil;97;Gutjahr Diana (Thurgau, Schweizerische Volkspartei);Offenlegung der budgetierten Einnahmen;/api/frontend/latest/de/downloads/campaigns/97/forms/1;Budgetzahlen;Einzelperson;Thurgau;Schweizerische Volkspartei;Kampagnenfinanzierung
de;97;2;campaign_financings;all;1;22.10.2023 Nationalratswahlen 2023;2023;campaign_financing;Juristische Personen oder Personengesellschaften;52;Wahlkomitee Nationalratswahlen 2023 von Diana Gutjahr, Amriswil;97;Gutjahr Diana (Thurgau, Schweizerische Volkspartei);Offenlegung von Zuwendungen über 15 000 Franken;/api/frontend/latest/de/downloads/campaigns/97/forms/2;Budgetzahlen;Einzelperson;Thurgau;Schweizerische Volkspartei;Kampagnenfinanzierung
de;97;5;campaign_financings;all;1;22.10.2023 Nationalratswahlen 2023;2023;campaign_financing;Juristische Personen oder Personengesellschaften;52;Wahlkomitee Nationalratswahlen 2023 von Diana Gutjahr, Amriswil;97;Gutjahr Diana (Thurgau, Schweizerische Volkspartei);Offenlegung der Schlussrechnung über die Einnahmen;/api/frontend/latest/de/downloads/campaigns/97/forms/5;Definitive Zahlen;Einzelperson;Thurgau;Schweizerische Volkspartei;Kampagnenfinanzierung
de;98;1;campaign_financings;all;1;22.10.2023 Nationalratswahlen 2023;2023;campaign_financing;Juristische Personen oder Personengesellschaften;176;Komitee Thomas de Courten in den Nationalrat, Rünenberg;98;de Courten Thomas (Basel-Landschaft, Schweizerische Volkspartei);Offenlegung der budgetierten Einnahmen;/api/frontend/latest/de/downloads/campaigns/98/forms/1;Budgetzahlen;Einzelperson;Basel-Landschaft;Schweizerische Volkspartei;Kampagnenfinanzierung
de;98;2;campaign_financings;all;1;22.10.2023 Nationalratswahlen 2023;2023;campaign_financing;Juristische Personen oder Personengesellschaften;176;Komitee Thomas de Courten in den Nationalrat, Rünenberg;98;de Courten Thomas (Basel-Landschaft, Schweizerische Volkspartei);Offenlegung von Zuwendungen über 15 000 Franken;/api/frontend/latest/de/downloads/campaigns/98/forms/2;Budgetzahlen;Einzelperson;Basel-Landschaft;Schweizerische Volkspartei;Kampagnenfinanzierung
de;98;5;campaign_financings;all;1;22.10.2023 Nationalratswahlen 2023;2023;campaign_financing;Juristische Personen oder Personengesellschaften;176;Komitee Thomas de Courten in den Nationalrat, Rünenberg;98;de Courten Thomas (Basel-Landschaft, Schweizerische Volkspartei);Offenlegung der Schlussrechnung über die Einnahmen;/api/frontend/latest/de/downloads/campaigns/98/forms/5;Definitive Zahlen;Einzelperson;Basel-Landschaft;Schweizerische Volkspartei;Kampagnenfinanzierung
de;98;6;campaign_financings;all;1;22.10.2023 Nationalratswahlen 2023;2023;campaign_financing;Juristische Personen oder Personengesellschaften;176;Komitee Thomas de Courten in den Nationalrat, Rünenberg;98;de Courten Thomas (Basel-Landschaft, Schweizerische Volkspartei);Offenlegung von Zuwendungen über 15 000 Franken (Schlussrechnung);/api/frontend/latest/de/downloads/campaigns/98/forms/6;Definitive Zahlen;Einzelperson;Basel-Landschaft;Schweizerische Volkspartei;Kampagnenfinanzierung
de;99;1;campaign_financings;all;1;22.10.2023 Nationalratswahlen 2023;2023;campaign_financing;Juristische Personen oder Personengesellschaften;179;Thomas Knutti in den Nationalrat!, Oberwil im Simmental;99;Knutti Thomas (Bern, Schweizerische Volkspartei);Offenlegung der budgetierten Einnahmen;/api/frontend/latest/de/downloads/campaigns/99/forms/1;Budgetzahlen;Einzelperson;Bern;Schweizerische Volkspartei;Kampagnenfinanzierung
de;99;5;campaign_financings;all;1;22.10.2023 Nationalratswahlen 2023;2023;campaign_financing;Juristische Personen oder Personengesellschaften;179;Thomas Knutti in den Nationalrat!, Oberwil im Simmental;99;Knutti Thomas (Bern, Schweizerische Volkspartei);Offenlegung der Schlussrechnung über die Einnahmen;/api/frontend/latest/de/downloads/campaigns/99/forms/5;Definitive Zahlen;Einzelperson;Bern;Schweizerische Volkspartei;Kampagnenfinanzierung
